github_pr,merged,state,draft,base,head,head_sha,commits,title,url,lineage_role
2,true,closed,false,research/pr04-multicomponent,agent/ma01-clean-clone-harness,8b9cd38edb074046d8ca8bb2a45203959c14baff,1,MA-01: make harness runtime state clone-safe,https://github.com/cosmosapjw-quantum/htt_base/pull/2,accepted_target_history
3,true,closed,false,research/pr04-multicomponent,agent/ma02-required-baseline-ci,8368611597d4000bca19652795a398d98e0a8e36,2,MA-02: add required repository integrity CI,https://github.com/cosmosapjw-quantum/htt_base/pull/3,accepted_target_history
4,true,closed,false,research/pr04-multicomponent,agent/egs3-endpoint-integrity,e7a52865b7828a429a42879cdd28f831d4f6bf87,3,EGS3: harden rank-2 identified-set endpoint integrity,https://github.com/cosmosapjw-quantum/htt_base/pull/4,accepted_target_history
5,true,closed,false,research/pr04-multicomponent,agent/ma03-unified-strict-result-validation,74cc247c54f71d35cb621389f1f2d0d4d126af17,2,MA-03: unify strict harness result validation,https://github.com/cosmosapjw-quantum/htt_base/pull/5,accepted_target_history
6,true,closed,false,agent/new-task-ma03-integration,research/pr04-multicomponent,83aac7b6e2275905741fe1a76fbc76ed9884caff,6,Sync canonical MA-01–03 baseline into new_task integration,https://github.com/cosmosapjw-quantum/htt_base/pull/6,merged_non_target_history
7,true,closed,false,agent/new-task-ma03-integration,agent/pr251-lowell-pole-identifiability,e2d70f8807e653d01f8c4990579c982d502513bc,4,[PR-251] Add identifiability-aware low-ell pole kernel,https://github.com/cosmosapjw-quantum/htt_base/pull/7,merged_non_target_history
8,true,closed,false,agent/new-task-ma03-integration,agent/ma04-cas-execution-evidence,46389f651d8f946881e4d2e416381106c69c19a7,4,MA-04: require runner-observed CAS execution,https://github.com/cosmosapjw-quantum/htt_base/pull/8,merged_non_target_history
9,true,closed,false,agent/new-task-ma03-integration,agent/ma05-live-context-authority,6e2b728ae70ec11960a85a83e6e9d2a0af213bbf,1,MA-05: bind live context and narrow authority,https://github.com/cosmosapjw-quantum/htt_base/pull/9,merged_non_target_history
10,true,closed,false,agent/new-task-ma03-integration,agent/pr251-alignment-minislice,88422a43dab41f8052e5c2a6c4e33103f824224a,1,[science interleave] Add mean-squared multipole alignment,https://github.com/cosmosapjw-quantum/htt_base/pull/10,merged_non_target_history
11,true,closed,false,agent/new-task-ma03-integration,agent/ma06-claim-evidence-refs,ddf4f164ca779a732038e596a7c6b55841b46644,2,[MA-06] Repair claim evidence references,https://github.com/cosmosapjw-quantum/htt_base/pull/11,merged_non_target_history
12,true,closed,false,agent/new-task-ma03-integration,agent/ma07-zero-s-novelty,5ff951407a54822445c509b564003c5eb7906ec9,4,[MA-07] Preserve honest zero-S novelty outcomes,https://github.com/cosmosapjw-quantum/htt_base/pull/12,merged_non_target_history
13,true,closed,false,agent/new-task-ma03-integration,agent/pr252-shell-alm-minislice,91e0b125bdde8696b34a9441534d7112c9a32df5,6,[PR-252] Add correlated real-sky shell alm generator,https://github.com/cosmosapjw-quantum/htt_base/pull/13,merged_non_target_history
14,true,closed,false,agent/new-task-ma03-integration,agent/ma08-import-boundaries,3d43ace737499bf2bf3c6a6b185b1eb8f9b9a03c,8,[MA-08] Freeze current major-package import boundaries,https://github.com/cosmosapjw-quantum/htt_base/pull/14,merged_non_target_history
15,true,closed,false,agent/new-task-ma03-integration,agent/ma09-common-scc-reduction,485c01dd35f7c9ac071c37924b7491b21c363008,38,[MA-09] Remove common from the major-package SCC,https://github.com/cosmosapjw-quantum/htt_base/pull/15,merged_non_target_history
16,true,closed,false,research/pr04-multicomponent,agent/final-adversarial-audit,5f34722b9ee8bdae97d0df4d7f32eca23f53129a,74,Integrate new-task science slices and MA-01–09 hardening,https://github.com/cosmosapjw-quantum/htt_base/pull/16,accepted_target_history
17,false,closed,true,agent/pr122-reject-evidence-path-aliases,agent/fix-clean-wheel-receipt-coupling,be16478033b15f6db22fc4b8b3ae14bb74e73912,11,PR-121 follow-up: decouple wheel imports from repository receipts,https://github.com/cosmosapjw-quantum/htt_base/pull/17,failed_or_nonaccepting_publication_attempt
18,false,closed,true,research/pr04-multicomponent,fix/operator-scales-branch-cache,2f22ce91e8c4487417974fd40ac787e018fe8311,1,Fix branch-sensitive operator-scale cache reuse,https://github.com/cosmosapjw-quantum/htt_base/pull/18,failed_or_nonaccepting_publication_attempt
19,false,closed,true,research/pr04-multicomponent,fix/pr182-sys-executable,dc39a67fcb5d29a854550d989e580d54161014ce,1,Make PR-182 tests use the invoking Python,https://github.com/cosmosapjw-quantum/htt_base/pull/19,failed_or_nonaccepting_publication_attempt
20,false,closed,true,research/pr04-multicomponent,fix/theta4-audit-fail-closed,46abb8b7475061279013a1432153d51b0d1d20c5,1,Fail closed when a requested theta4 HTT audit is unavailable,https://github.com/cosmosapjw-quantum/htt_base/pull/20,failed_or_nonaccepting_publication_attempt
21,false,closed,true,research/pr04-multicomponent,fix/codex-installer-spec-assets,bf5c807b96a3fea752f59e1b7c789cf33e6a2e12,1,Install specs referenced by the Codex harness context,https://github.com/cosmosapjw-quantum/htt_base/pull/21,failed_or_nonaccepting_publication_attempt
22,false,closed,true,research/pr04-multicomponent,fix/family-source-neutral-contract,d3fc5daed81ce55b94726d6e4a83583fc52582b8,1,Align family-kernel test with scalar-source neutrality,https://github.com/cosmosapjw-quantum/htt_base/pull/22,failed_or_nonaccepting_publication_attempt
23,false,closed,true,research/pr04-multicomponent,fix/python313-docstring-pins,9b5e721c3b83008c1c57d29f8d9c83e9e8c787f9,1,Stabilize observer authority docstrings on Python 3.13,https://github.com/cosmosapjw-quantum/htt_base/pull/23,failed_or_nonaccepting_publication_attempt
24,false,closed,true,research/pr04-multicomponent,fix/camb-layout-phi-expectations,ee99abb97a76e09fb9dc4ef701a7322932dc6e84,1,Fix CAMB layout expectations for the Phi state,https://github.com/cosmosapjw-quantum/htt_base/pull/24,failed_or_nonaccepting_publication_attempt
25,false,closed,true,research/pr04-multicomponent,fix/rust-benchmark-temp-output,d621810c943b14a9576ef8e24d9b86724c4c793c,1,Remove the developer-home path from the Rust C_l benchmark,https://github.com/cosmosapjw-quantum/htt_base/pull/25,failed_or_nonaccepting_publication_attempt
26,true,closed,false,research/pr04-multicomponent,fix/pr151-portable-background-resume,c0269bf5fc731081a0486a53036056d4ab786c12,3,PR-151: make finalize watcher portable,https://github.com/cosmosapjw-quantum/htt_base/pull/26,accepted_target_history
27,false,closed,true,research/pr04-multicomponent,agent/pr190-dynamical-attainability,4a2004645cad30a9583d7d9af020c651007b8941,2,PR-190: reject shear-only endpoint substitution,https://github.com/cosmosapjw-quantum/htt_base/pull/27,failed_or_nonaccepting_publication_attempt
28,false,closed,true,research/pr04-multicomponent,agent/pr204-act-inband-closure,ea7ca1fbb7749a2cf4f435f5830aca8cb91baf47,1,PR-204: preserve ACT strict-band coverage failure,https://github.com/cosmosapjw-quantum/htt_base/pull/28,failed_or_nonaccepting_publication_attempt
29,false,closed,true,research/pr04-multicomponent,agent/pr228-v10-historical-qualifier,e49903205ba180d90491a2e66ff9830be7db6c86,1,PR-228: qualify superseded v10 authority surfaces,https://github.com/cosmosapjw-quantum/htt_base/pull/29,failed_or_nonaccepting_publication_attempt
30,false,closed,true,research/pr04-multicomponent,agent/pr227-live-reproduction-check,6983e5da8c6f21bc59149133172d4d8cbf1e4a94,1,PR-227: fail closed on live reproduction drift,https://github.com/cosmosapjw-quantum/htt_base/pull/30,failed_or_nonaccepting_publication_attempt
31,false,closed,true,research/pr04-multicomponent,agent/pr226-require-complete-receipt-set,81b336c54d48dbd60038252ced63305df17f76fe,1,PR-226: fail closed on incomplete lane receipts,https://github.com/cosmosapjw-quantum/htt_base/pull/31,failed_or_nonaccepting_publication_attempt
32,false,closed,true,research/pr04-multicomponent,agent/pr225-require-upstream-terminals,a0eb792423696176c87faa09330b0c791a45bb28,1,PR-225: fail closed on missing upstream terminals,https://github.com/cosmosapjw-quantum/htt_base/pull/32,failed_or_nonaccepting_publication_attempt
33,false,closed,true,research/pr04-multicomponent,agent/pr224-kill-guard-mutations,c06025a2bced75a02dff24171ca36dc5cab5e41b,1,PR-224: make anti-drift guards observe their outputs,https://github.com/cosmosapjw-quantum/htt_base/pull/33,failed_or_nonaccepting_publication_attempt
34,false,closed,true,research/pr04-multicomponent,agent/pr223-block-stored-cas-authority,d432a7e6e8e28af9df0f13d64328939a492ab030,1,PR-223: block stored CAS status as current authority,https://github.com/cosmosapjw-quantum/htt_base/pull/34,failed_or_nonaccepting_publication_attempt
35,false,closed,true,research/pr04-multicomponent,agent/pr222-block-stored-cas-authority,8d343865630c5c9e70f055124e6636020c8ceb6b,1,PR-222: block stored CAS status as current authority,https://github.com/cosmosapjw-quantum/htt_base/pull/35,failed_or_nonaccepting_publication_attempt
36,false,closed,true,research/pr04-multicomponent,agent/pr221-symmetric-abstention-gap,d60ff7493880ed1a9ac074d4a9b9019fa84751e2,1,PR-221: apply the abstention gap symmetrically,https://github.com/cosmosapjw-quantum/htt_base/pull/36,failed_or_nonaccepting_publication_attempt
37,false,closed,true,research/pr04-multicomponent,agent/pr220-compute-duplicate-response-bf,ab5fccfc71aa2c5a8702156d31b6d56ccac3ea8c,1,PR-220: compute the duplicate-response evidence check,https://github.com/cosmosapjw-quantum/htt_base/pull/37,failed_or_nonaccepting_publication_attempt
38,false,closed,true,research/pr04-multicomponent,agent/pr219-add-observable-column,090f53024262041ffa4351740a301ddfef446988,1,PR-219: add observables on the response axis,https://github.com/cosmosapjw-quantum/htt_base/pull/38,failed_or_nonaccepting_publication_attempt
39,false,closed,true,research/pr04-multicomponent,agent/pr218-detect-copied-split-overlap,8102937890197aa48ab879da83e03a325c3ac333,1,PR-218: detect copied calibration overlap,https://github.com/cosmosapjw-quantum/htt_base/pull/39,failed_or_nonaccepting_publication_attempt
40,false,closed,true,research/pr04-multicomponent,agent/pr217-bind-live-ceiling-authority,ccbe687f02357a78059269cdba6c55753b41b765,1,PR-217: bind live ceilings to MES authority,https://github.com/cosmosapjw-quantum/htt_base/pull/40,failed_or_nonaccepting_publication_attempt
41,false,closed,true,research/pr04-multicomponent,agent/pr216-block-unverified-global-sharpness,e3df85ce198d279f461dbe90f20f2f0e4259bacb,1,PR-216: block unverified global sharpness,https://github.com/cosmosapjw-quantum/htt_base/pull/41,failed_or_nonaccepting_publication_attempt
42,false,closed,true,research/pr04-multicomponent,agent/pr215-block-stored-cas-authority,86c187be977e3ee8c77a136c224dd070b3dfaac9,1,PR-215: block stored CAS authority,https://github.com/cosmosapjw-quantum/htt_base/pull/42,failed_or_nonaccepting_publication_attempt
43,false,closed,true,research/pr04-multicomponent,agent/pr214-execute-inactive-occam-mutation,502d14fee292e48612844bed73d31a4c7ed92664,1,PR-214: execute inactive Occam mutation,https://github.com/cosmosapjw-quantum/htt_base/pull/43,failed_or_nonaccepting_publication_attempt
44,false,closed,true,research/pr04-multicomponent,agent/pr213-block-self-asserted-receipt,0b04047dca68f87ba55d615a2027b626d13c0326,1,PR-213: block self-asserted receipt authority,https://github.com/cosmosapjw-quantum/htt_base/pull/44,failed_or_nonaccepting_publication_attempt
45,false,closed,true,research/pr04-multicomponent,agent/pr212-require-registered-frame-bridge,3ac05aefcf548ad33af125516bda72dc40bac496,1,PR-212: require registered frame bridges,https://github.com/cosmosapjw-quantum/htt_base/pull/45,failed_or_nonaccepting_publication_attempt
46,false,closed,true,research/pr04-multicomponent,agent/pr211-block-stored-cas-authority,151533afcc7acbedd596de5c2c2cc582a8a07f54,1,PR-211: block stored CAS authority,https://github.com/cosmosapjw-quantum/htt_base/pull/46,failed_or_nonaccepting_publication_attempt
47,false,closed,true,research/pr04-multicomponent,agent/pr210-block-self-asserted-bridge,c37a71aa262524496f99cebbf09aeacf31be4230,1,PR-210: block self-asserted bridge authority,https://github.com/cosmosapjw-quantum/htt_base/pull/47,failed_or_nonaccepting_publication_attempt
48,false,closed,true,research/pr04-multicomponent,agent/pr209-contain-inventory-paths,68250c3874a888a72c246a0e4e6cacb3583773de,1,PR-209: contain legacy inventory paths,https://github.com/cosmosapjw-quantum/htt_base/pull/48,failed_or_nonaccepting_publication_attempt
49,false,closed,true,research/pr04-multicomponent,agent/pr200-measure-never-empty-gate,4460f67ebf79b42f39e19741a5a0c3a84e9d1315,1,PR-200: measure pseudotrue interval validity,https://github.com/cosmosapjw-quantum/htt_base/pull/49,failed_or_nonaccepting_publication_attempt
50,false,closed,true,research/pr04-multicomponent,agent/pr197-reject-training-row-reuse,ae33e2d81467e06ea4f32ecac7c6d6fc87e45e96,1,PR-197: reject leaked evaluation rows,https://github.com/cosmosapjw-quantum/htt_base/pull/50,failed_or_nonaccepting_publication_attempt
51,false,closed,true,research/pr04-multicomponent,agent/pr189-classify-unbounded-polytope,dd2c39784397537201b4e2cc5eefa2f89c14376d,1,PR-189: reject unbounded feasible sets,https://github.com/cosmosapjw-quantum/htt_base/pull/51,failed_or_nonaccepting_publication_attempt
52,false,closed,true,research/pr04-multicomponent,agent/pr189-block-stored-cas-authority,ef9427217c26113436bed57f2e0b54b3e6e53b79,1,PR-189: block stored CAS authority,https://github.com/cosmosapjw-quantum/htt_base/pull/52,failed_or_nonaccepting_publication_attempt
53,false,closed,true,research/pr04-multicomponent,agent/pr188-block-missing-external-data,60faa22634b8a54cba8e8e4bf319afc9c5188a86,1,PR-188: block missing external data,https://github.com/cosmosapjw-quantum/htt_base/pull/53,failed_or_nonaccepting_publication_attempt
54,false,closed,true,research/pr04-multicomponent,agent/pr188-count-unique-mutations,197fef51859f7db02f06911cdaf6c2a67ab1d710,1,PR-188: count unique load-bearing mutations,https://github.com/cosmosapjw-quantum/htt_base/pull/54,failed_or_nonaccepting_publication_attempt
55,false,closed,true,research/pr04-multicomponent,agent/pr187-block-stored-cas-authority,56979a86b3979bb80ecc7e0c4fbb5c3ce86a927f,1,PR-187: block stored CAS authority,https://github.com/cosmosapjw-quantum/htt_base/pull/55,failed_or_nonaccepting_publication_attempt
56,false,closed,true,research/pr04-multicomponent,agent/pr187-freeze-bridge-registry,dcf25450485a32fd6fe37ddf4c52aa0890667f10,1,PR-187: freeze canonical bridge registry,https://github.com/cosmosapjw-quantum/htt_base/pull/56,failed_or_nonaccepting_publication_attempt
57,false,closed,true,research/pr04-multicomponent,agent/pr186-block-stored-cas-authority,d788b2971174d3e718d73c0531a83975d960d70b,1,PR-186: block stored CAS authority,https://github.com/cosmosapjw-quantum/htt_base/pull/57,failed_or_nonaccepting_publication_attempt
58,false,closed,true,research/pr04-multicomponent,agent/pr185-block-self-issued-receipt,91339c02c38bbb8d437fd6640c3c6acad1dab6a5,1,PR-185: block self-issued adjudication receipts,https://github.com/cosmosapjw-quantum/htt_base/pull/58,failed_or_nonaccepting_publication_attempt
59,false,closed,true,research/pr04-multicomponent,agent/pr184-validate-premise-shapes,1cdafddd18e69f3323b881184d35c9d1a6543af0,1,PR-184: validate projector premise shapes,https://github.com/cosmosapjw-quantum/htt_base/pull/59,failed_or_nonaccepting_publication_attempt
60,false,closed,true,research/pr04-multicomponent,agent/pr182-block-stored-cas-authority,9ed637e735b36d3cd4c9a9b9479e58967c27ac13,1,PR-182: block stored CAS authority,https://github.com/cosmosapjw-quantum/htt_base/pull/60,failed_or_nonaccepting_publication_attempt
61,false,closed,true,research/pr04-multicomponent,agent/pr180-align-dipole-frame,7922a511f257f7b5d1f80628a6620d71e8da3332,1,PR-180: align the solar dipole frame,https://github.com/cosmosapjw-quantum/htt_base/pull/61,failed_or_nonaccepting_publication_attempt
62,false,closed,true,research/pr04-multicomponent,agent/pr177-pin-test-thread-env,1b1b07e97326942539bb59141bab4fa25efd6240,1,PR-177: pin validator test thread environment,https://github.com/cosmosapjw-quantum/htt_base/pull/62,failed_or_nonaccepting_publication_attempt
63,false,closed,true,research/pr04-multicomponent,agent/pr176-expect-retired-authority-block,45c1d11109d6d19b45a7c6f14de04429823764a8,1,PR-176: expect retired authority blocking,https://github.com/cosmosapjw-quantum/htt_base/pull/63,failed_or_nonaccepting_publication_attempt
64,false,closed,true,research/pr04-multicomponent,agent/pr175-block-stored-cas-authority,f9b44d512690c49678a39e24faa6fc6395647377,1,PR-175: block stored CAS authority,https://github.com/cosmosapjw-quantum/htt_base/pull/64,failed_or_nonaccepting_publication_attempt
65,false,closed,true,research/pr04-multicomponent,agent/pr172-block-retired-source-authority,23962427b247b81247ba7aebc5ee3343e6d02931,1,PR-172: block retired source authority,https://github.com/cosmosapjw-quantum/htt_base/pull/65,failed_or_nonaccepting_publication_attempt
66,false,closed,true,research/pr04-multicomponent,agent/pr171-block-stored-cas-authority,ad30d5fd2a4075c9375008b8bc444384fd67efa1,1,PR-171: block stored CAS authority,https://github.com/cosmosapjw-quantum/htt_base/pull/66,failed_or_nonaccepting_publication_attempt
67,false,closed,true,agent/pr171-block-stored-cas-authority,agent/pr171-clean-clone-evidence,142aec62575fb6646f63ca0f1fffbeb291d803c2,1,PR-171: remove local evidence test dependency,https://github.com/cosmosapjw-quantum/htt_base/pull/67,failed_or_nonaccepting_publication_attempt
68,false,closed,true,research/pr04-multicomponent,agent/pr170-scope-candidate-source,6c176674296ebae4f7184333979bbd647b2d20c4,1,PR-170: Scope candidate source verification,https://github.com/cosmosapjw-quantum/htt_base/pull/68,failed_or_nonaccepting_publication_attempt
69,false,closed,true,agent/pr170-scope-candidate-source,agent/pr170-clean-clone-cas-fixtures,629b0ac10f919319a811cbb2c49a96c0fc177c60,1,PR-170: Replay tracked CAS fixtures in clean tests,https://github.com/cosmosapjw-quantum/htt_base/pull/69,failed_or_nonaccepting_publication_attempt
70,false,closed,true,research/pr04-multicomponent,agent/pr169-block-stored-cas-authority,43a10d37f35de4fb278cd8ad084a3b5cc9fe1850,1,PR-169: Block stored CAS authority,https://github.com/cosmosapjw-quantum/htt_base/pull/70,failed_or_nonaccepting_publication_attempt
71,false,closed,true,agent/pr169-block-stored-cas-authority,agent/pr169-clean-clone-cas-fixtures,e69ef3b98e309bee6c0bebbfcb7d846b6453beb8,1,PR-169: Replay tracked CAS fixtures in clean checks,https://github.com/cosmosapjw-quantum/htt_base/pull/71,failed_or_nonaccepting_publication_attempt
72,false,closed,true,research/pr04-multicomponent,agent/pr167-decouple-intake-snapshot,84cf6fff86aa956f6a8033e7819d3268aafcd0b0,1,PR-167: Decouple intake checks from later DAG progress,https://github.com/cosmosapjw-quantum/htt_base/pull/72,failed_or_nonaccepting_publication_attempt
73,false,closed,true,agent/pr121-scope-root-ownership-check,agent/pr119-decouple-intake-snapshot,1771e659585f4284691506c7865137e1ae4ad5aa,3,PR-119: decouple intake checks from later DAG progress,https://github.com/cosmosapjw-quantum/htt_base/pull/73,failed_or_nonaccepting_publication_attempt
74,false,closed,true,research/pr04-multicomponent,agent/pr152-clean-clone-heavy-card-tests,4b1bfbe232b5e40019ea8c0b15d2a91e7426739c,1,PR-152: isolate heavy-card validator tests,https://github.com/cosmosapjw-quantum/htt_base/pull/74,failed_or_nonaccepting_publication_attempt
75,false,closed,true,research/pr04-multicomponent,agent/pr150-clean-clone-runner-test,207cbe3a4e233328bf45b6ea57afd1f75a4ae7e8,1,PR-150: verify clean-clone runner failure,https://github.com/cosmosapjw-quantum/htt_base/pull/75,failed_or_nonaccepting_publication_attempt
76,false,closed,true,research/pr04-multicomponent,agent/pr148-scan-relocated-owner,ed1e7e225a627824455428dc61c99a514ca96919,1,PR-148: Resolve relocated live scan target,https://github.com/cosmosapjw-quantum/htt_base/pull/76,failed_or_nonaccepting_publication_attempt
77,false,closed,true,research/pr04-multicomponent,agent/pr147-scan-relocated-owner,b36762eef1dca52b90836f7715ee29ea9cc6b46c,1,PR-147: Resolve relocated live scan target,https://github.com/cosmosapjw-quantum/htt_base/pull/77,failed_or_nonaccepting_publication_attempt
78,false,closed,true,research/pr04-multicomponent,agent/pr146-scan-relocated-owner,b46598d282a186d599e373b6b3ffc34fbb1b6dc2,1,PR-146: Resolve relocated live scan target,https://github.com/cosmosapjw-quantum/htt_base/pull/78,failed_or_nonaccepting_publication_attempt
79,false,closed,true,research/pr04-multicomponent,agent/pr145-scan-relocated-owner,86bb32924ecc813dadc9c3bf51665f63b1c0e18d,1,PR-145: Resolve relocated live scan target,https://github.com/cosmosapjw-quantum/htt_base/pull/79,failed_or_nonaccepting_publication_attempt
80,false,closed,true,research/pr04-multicomponent,agent/pr124-decouple-historical-consumer-hashes,3765235be28af424ced8563e4d1245efcb3aaacb,1,PR-124: Decouple live scans from historical hashes,https://github.com/cosmosapjw-quantum/htt_base/pull/80,failed_or_nonaccepting_publication_attempt
81,false,closed,true,agent/pr124-decouple-historical-consumer-hashes,agent/pr124-block-historical-cas-authority,1f75096267de80b1f3d04ad0677891a53a98ae8d,1,PR-124: Block stored CAS replay authority,https://github.com/cosmosapjw-quantum/htt_base/pull/81,failed_or_nonaccepting_publication_attempt
82,false,closed,true,agent/pr124-use-invoking-python,agent/pr123-decouple-historical-source-hashes,aa25d0f721546f331db56582f917278a5ffcea99,2,PR-123: Decouple live checks from historical source hashes,https://github.com/cosmosapjw-quantum/htt_base/pull/82,failed_or_nonaccepting_publication_attempt
83,false,closed,true,agent/pr121-reject-archive-path-aliases,agent/pr120-decouple-active-scan-from-local-archive,e62915ce14dafe552aa69c70be40a5904a3164dd,2,PR-120 follow-up: decouple active scan from local evidence,https://github.com/cosmosapjw-quantum/htt_base/pull/83,failed_or_nonaccepting_publication_attempt
84,false,closed,true,agent/pr119-bind-receipt-pointer,agent/pr118-validate-frozen-seal-tree,eef9a4fc7ba9b0515c9d8d08541dd701cc03d47a,3,PR-117/118: validate frozen audit seal trees,https://github.com/cosmosapjw-quantum/htt_base/pull/84,failed_or_nonaccepting_publication_attempt
85,false,closed,true,agent/pr117-bind-receipt-outcomes,agent/pr116-bind-receipt-root-hashes,f3ecc35d8e1a6f29883156123a485a6fa8e354d2,2,PR-116: bind receipt hashes to baseline blobs,https://github.com/cosmosapjw-quantum/htt_base/pull/85,failed_or_nonaccepting_publication_attempt
86,false,closed,true,agent/pr114-canonicalize-archive-paths,agent/pr113-handle-negated-family-language,01734341021778adca5db72cf7c5da82acf2c357,2,PR-113: ignore explicit family-claim negation,https://github.com/cosmosapjw-quantum/htt_base/pull/86,failed_or_nonaccepting_publication_attempt
87,false,closed,true,agent/pr113-handle-negated-family-language,agent/pr112-use-active-python,943cf0974a0605533755be65a63e9c0f78bf0595,4,PR-110/111/112: use the active result-pack test interpreter,https://github.com/cosmosapjw-quantum/htt_base/pull/87,failed_or_nonaccepting_publication_attempt
88,false,closed,true,agent/pr110-reuse-stored-worktree-state,agent/pr103-reject-null-required-fields,54649b25efe4a8ea1a58b2be376279f9121949e5,2,PR-103: reject null evidence-trace fields,https://github.com/cosmosapjw-quantum/htt_base/pull/88,failed_or_nonaccepting_publication_attempt
89,false,closed,true,agent/pr103-reject-null-required-fields,agent/pr102-bind-flrw-feature-target,15156b8b2c8cac8dba76bd4fd80884896e17a0df,2,PR-102: bind FLRW null feature targets,https://github.com/cosmosapjw-quantum/htt_base/pull/89,failed_or_nonaccepting_publication_attempt
90,false,closed,true,agent/pr102-bind-flrw-feature-target,agent/pr101-reject-overlapping-redshift-bins,87d6a29d580c6d04d98cbd0661e8b443225ce529,2,PR-101: reject ambiguous redshift bins,https://github.com/cosmosapjw-quantum/htt_base/pull/90,failed_or_nonaccepting_publication_attempt
91,false,closed,true,agent/pr101-reject-overlapping-redshift-bins,agent/pr100-101-reject-negative-coherence-weights,0ca9a09e45ceae9d5a7e8f58ab0e892051d25150,2,PR-100/101: reject invalid coherence weights,https://github.com/cosmosapjw-quantum/htt_base/pull/91,failed_or_nonaccepting_publication_attempt
92,false,closed,true,research/pr04-multicomponent,agent/pr092-reject-blocked-source-status,fe6ac455923a9827d22b7fbfe9ca1d97b7fee3ed,1,PR-092: reject blocked MES branch sources,https://github.com/cosmosapjw-quantum/htt_base/pull/92,failed_or_nonaccepting_publication_attempt
93,false,closed,true,research/pr04-multicomponent,agent/pr091-verify-biposh-entry-hash,93361fc3c24f39e6b91e5fa515d482a7ab290af1,1,PR-091: verify BiPoSH entry hashes,https://github.com/cosmosapjw-quantum/htt_base/pull/93,failed_or_nonaccepting_publication_attempt
94,false,closed,true,agent/pr100-reject-invalid-isotropy-pvalues,agent/pr090-bind-orientation-scan-provenance,5532462901a950b287a54f5b3436a8373a7ae1c3,2,PR-090: bind orientation scan provenance,https://github.com/cosmosapjw-quantum/htt_base/pull/94,failed_or_nonaccepting_publication_attempt
95,false,closed,true,research/pr04-multicomponent,agent/pr084-bind-native-metadata-per-section,93d962f5a90b77363bee4260571161626abe70e6,1,PR-084: bind native metadata per section,https://github.com/cosmosapjw-quantum/htt_base/pull/95,failed_or_nonaccepting_publication_attempt
96,false,closed,true,agent/pr054-review-exceedance,agent/pr083-review-budget-ceiling,2864cccd59998c062aa0d67fd4297b27661a1dca,2,PR-083: bind ceiling transfer identity,https://github.com/cosmosapjw-quantum/htt_base/pull/96,failed_or_nonaccepting_publication_attempt
97,false,closed,true,agent/pr053-review-filling-fraction,agent/pr082-review-atlas-entry,63f0f1e992cb5223d794be331937b6d12f9649ee,72,PR-082: bind atlas transfer projection,https://github.com/cosmosapjw-quantum/htt_base/pull/97,failed_or_nonaccepting_publication_attempt
98,false,closed,true,agent/pr031-block-hard-failure-ceiling,agent/pr081-review-native-stub,542582f5a8ccd70fdcd7e0f55d2322ffb33bdc8f,78,PR-081: constrain native observable ell ranges,https://github.com/cosmosapjw-quantum/htt_base/pull/98,failed_or_nonaccepting_publication_attempt
99,false,closed,true,research/pr04-multicomponent,agent/pr080-review-external-transfer,4aa3773d4d9446433d1223c4511e2e1f3161e9c2,1,PR-080: enforce shear transfer domain,https://github.com/cosmosapjw-quantum/htt_base/pull/99,failed_or_nonaccepting_publication_attempt
100,false,closed,true,agent/pr056-review-manifest-snapshot,agent/pr076-reject-fractional-null-counts,a66a275daa3c00ce9fe9a7f16107b2ade69e9a82,2,PR-076: reject fractional null counts,https://github.com/cosmosapjw-quantum/htt_base/pull/100,failed_or_nonaccepting_publication_attempt
101,false,closed,true,agent/pr055-review-isotropy-gap,agent/pr075-review-biposh-features,0e2f18b454bd2187d70f0440b5866eea2fea7d98,2,PR-075: constrain BiPoSH ell ranges,https://github.com/cosmosapjw-quantum/htt_base/pull/101,failed_or_nonaccepting_publication_attempt
102,false,closed,true,agent/pr083-review-transfer-range,agent/pr074-review-template-fit,655f6fbd121e2f03b04f5387be76dce154b2294e,1,PR-074: validate template-fit amplitude consistency,https://github.com/cosmosapjw-quantum/htt_base/pull/102,failed_or_nonaccepting_publication_attempt
103,false,closed,true,agent/pr082-review-entry-hash,agent/pr073-review-morphology,0fc7ff3f25582d47da4144523ea5ede8fb084c72,74,PR-073: bind antipodal morphology-axis coordinates,https://github.com/cosmosapjw-quantum/htt_base/pull/103,failed_or_nonaccepting_publication_attempt
104,false,closed,true,agent/pr081-review-native-stub,agent/pr072-review-scalar-lowell,52b4fa13125c2e47a5e2f867da517db49e2bc50c,1,PR-072: reject non-integer harmonic indices,https://github.com/cosmosapjw-quantum/htt_base/pull/104,failed_or_nonaccepting_publication_attempt
105,false,closed,true,research/pr04-multicomponent,agent/pr071-review-alm-conventions,8c94881d9c6a4bc283b0beb7af34a39af7237396,1,PR-071: reject non-integral convention indices,https://github.com/cosmosapjw-quantum/htt_base/pull/105,failed_or_nonaccepting_publication_attempt
106,false,closed,true,research/pr04-multicomponent,agent/pr070-review-observable-vector,c9182c2b33d1a884bdbb75412534102537ae9de7,1,PR-070: close observable block firewall gaps,https://github.com/cosmosapjw-quantum/htt_base/pull/106,failed_or_nonaccepting_publication_attempt
107,false,closed,true,research/pr04-multicomponent,agent/pr070-reject-fractional-ell-max,dd2055614337e6f352875c2eb0f61654707c446f,1,PR-070: reject non-integral observable ell max,https://github.com/cosmosapjw-quantum/htt_base/pull/107,failed_or_nonaccepting_publication_attempt
108,false,closed,true,research/pr04-multicomponent,agent/pr066-review-posterior-pushforward,f2602733207f3297e64b7c50c538a12495c0f96b,1,PR-066: bind pushforward transfer identity,https://github.com/cosmosapjw-quantum/htt_base/pull/108,failed_or_nonaccepting_publication_attempt
109,false,closed,true,research/pr04-multicomponent,agent/pr065-review-inference-adequacy,765b0e847793dbb4945cffca4204d6dc38069844,1,PR-065: reject boolean adequacy evidence,https://github.com/cosmosapjw-quantum/htt_base/pull/109,failed_or_nonaccepting_publication_attempt
110,false,closed,true,research/pr04-multicomponent,agent/pr064-review-matched-nulls,18f04ccaa48c34449e55c8c866a92eb07be2df0a,1,PR-064: require boolean complexity readiness,https://github.com/cosmosapjw-quantum/htt_base/pull/110,failed_or_nonaccepting_publication_attempt
111,false,closed,true,research/pr04-multicomponent,agent/pr063-review-local-global-mixture,b7bb4993975fb6a8b63b0da774d5f4503d7ce1b3,1,PR-063: reject boolean mixture parameters,https://github.com/cosmosapjw-quantum/htt_base/pull/111,failed_or_nonaccepting_publication_attempt
112,false,closed,true,research/pr04-multicomponent,agent/pr062-review-survey-nulls,a7cdbe93d340a9c29ca65022a9bd78451d854bd3,1,PR-062: make recorded mock seeds replayable,https://github.com/cosmosapjw-quantum/htt_base/pull/112,failed_or_nonaccepting_publication_attempt
113,false,closed,true,research/pr04-multicomponent,agent/pr061-review-local-null,fa620ccd32cc21101c9c04b539147b1de1d643d2,1,PR-061: make recorded local-null seeds replayable,https://github.com/cosmosapjw-quantum/htt_base/pull/113,failed_or_nonaccepting_publication_attempt
114,false,closed,true,agent/pr090-bind-orientation-scan-provenance,agent/pr060-review-response-overlap,ea8206d497173db7a5ee1613a3bc334a248ccd2e,2,PR-060: freeze response audit provenance,https://github.com/cosmosapjw-quantum/htt_base/pull/114,failed_or_nonaccepting_publication_attempt
115,false,closed,true,agent/pr060-review-response-overlap,agent/pr056-review-departure-report,e826e5f0f970c68aced0b30c2f912c356e88dbd8,2,PR-056: freeze departure report sections,https://github.com/cosmosapjw-quantum/htt_base/pull/115,failed_or_nonaccepting_publication_attempt
116,false,closed,true,agent/pr076-reject-fractional-null-counts,agent/pr055-review-isotropy-gap,1ae71e7362857c60617b387d8673c2a38b65f848,2,PR-055: reject noninteger depth sample counts,https://github.com/cosmosapjw-quantum/htt_base/pull/116,failed_or_nonaccepting_publication_attempt
117,false,closed,true,agent/pr075-review-biposh-features,agent/pr054-review-exceedance,bb0c4ab902acac12f152212eecab4dbde7935eb3,2,PR-054: Freeze validated exceedance metadata,https://github.com/cosmosapjw-quantum/htt_base/pull/117,failed_or_nonaccepting_publication_attempt
118,false,closed,true,agent/pr074-review-template-fit,agent/pr053-review-filling-fraction,db6dc8923ab3cb7d68d72090b9468c160673bdff,71,PR-053: reject mixed departure transfer provenance,https://github.com/cosmosapjw-quantum/htt_base/pull/118,failed_or_nonaccepting_publication_attempt
119,false,closed,true,agent/pr043-review-threshold-floor,agent/pr052-review-normalized-score,45b888e06c5d21074e19d1ee33c59fc21802cf43,1,PR-052: lock comparator diagnostic statuses,https://github.com/cosmosapjw-quantum/htt_base/pull/119,failed_or_nonaccepting_publication_attempt
120,false,closed,true,research/pr04-multicomponent,agent/pr051-review-budget-spec,f959a1d3d0e24deab46660570b21b0050b58e5c1,1,PR-051: Require boolean ceiling authorization,https://github.com/cosmosapjw-quantum/htt_base/pull/120,failed_or_nonaccepting_publication_attempt
121,false,closed,true,research/pr04-multicomponent,agent/pr050-review-departure-bundle,783280b85dddbf9c38234a23db434ec4a4b2822b,1,PR-050: Freeze canonical component signs,https://github.com/cosmosapjw-quantum/htt_base/pull/121,failed_or_nonaccepting_publication_attempt
122,false,closed,true,research/pr04-multicomponent,agent/pr014-review-transfer-registry,aa88c1d0c7053644437e4ae9106bf8c1a20421f2,1,PR-014: Align raw native calibration validation,https://github.com/cosmosapjw-quantum/htt_base/pull/122,failed_or_nonaccepting_publication_attempt
123,false,closed,true,research/pr04-multicomponent,agent/pr010-review-ownership-firewall,61a342464018d97b47beaf6eca72136fc1c17fcf,1,PR-010: Freeze owner bundle permissions,https://github.com/cosmosapjw-quantum/htt_base/pull/123,failed_or_nonaccepting_publication_attempt
124,false,closed,true,research/pr04-multicomponent,agent/pr004-review-codex-assets,5ca458ecea58ebfb70c9b17dbe5ed985df29ac42,1,PR-004: install claim-registry specs with harness assets,https://github.com/cosmosapjw-quantum/htt_base/pull/124,failed_or_nonaccepting_publication_attempt
125,false,closed,true,research/pr04-multicomponent,agent/pr003-review-context,815f225105ee74831ca691f41d578b60e5e86ca5,1,PR-003: reject ambiguous duplicate YAML keys,https://github.com/cosmosapjw-quantum/htt_base/pull/125,failed_or_nonaccepting_publication_attempt
126,false,closed,true,research/pr04-multicomponent,agent/pr002-review-test-taxonomy,487dd71151124f011eaf69a33132abc35945b6cb,1,PR-002: keep pytest collection closed over missing healpy,https://github.com/cosmosapjw-quantum/htt_base/pull/126,failed_or_nonaccepting_publication_attempt
127,false,closed,true,research/pr04-multicomponent,agent/pr005-review-checkpoint,72b2a76b648e1c213e03198797114054a7e8410b,1,PR-005 review: detect repeated progress checkpoints,https://github.com/cosmosapjw-quantum/htt_base/pull/127,failed_or_nonaccepting_publication_attempt
128,false,closed,true,research/pr04-multicomponent,agent/pr021-review-optional-deps,875071091179d464cd1f708c8f37c31c9b1ee9cd,1,PR-021 review: record actual dependency-report invocation,https://github.com/cosmosapjw-quantum/htt_base/pull/128,failed_or_nonaccepting_publication_attempt
129,false,closed,true,research/pr04-multicomponent,agent/pr011-review-artifact-manifest,052c063f6ca675558e02b2073ca09e55aad42ed5,1,PR-011 review: contain artifact manifest scans,https://github.com/cosmosapjw-quantum/htt_base/pull/129,failed_or_nonaccepting_publication_attempt
130,false,closed,true,agent/pr073-review-morphology,agent/pr043-review-threshold-floor,c3c05337be676871879a3c0a010c8cfde0cddb80,75,PR-043: enforce production mock-threshold floor,https://github.com/cosmosapjw-quantum/htt_base/pull/130,failed_or_nonaccepting_publication_attempt
131,false,closed,true,agent/pr082-review-atlas-entry,agent/pr082-review-entry-hash,77cd4643185f9d8468b35b19362f0e8636285ef7,73,PR-082: verify atlas entry content hash,https://github.com/cosmosapjw-quantum/htt_base/pull/131,failed_or_nonaccepting_publication_attempt
132,false,closed,true,agent/pr083-review-budget-ceiling,agent/pr083-review-transfer-range,d057f1da402337f123f8ef9b388600df30f75453,2,PR-083: bind ceiling transfer ranges,https://github.com/cosmosapjw-quantum/htt_base/pull/132,failed_or_nonaccepting_publication_attempt
133,false,closed,true,agent/pr056-review-departure-report,agent/pr056-review-manifest-snapshot,7770b459e4f59eb423568c17af1eb2dd668d6a89,2,PR-056: isolate report manifest state,https://github.com/cosmosapjw-quantum/htt_base/pull/133,failed_or_nonaccepting_publication_attempt
134,false,closed,true,agent/pr100-101-reject-negative-coherence-weights,agent/pr100-101-reject-invalid-cone-widths,1574e8b2d6a952bfc972f8ca3244fdce612d1b45,2,PR-100/101: reject nonfinite coherence cone widths,https://github.com/cosmosapjw-quantum/htt_base/pull/134,failed_or_nonaccepting_publication_attempt
135,false,closed,true,research/pr04-multicomponent,agent/pr061-review-exact-null-config,48b886901e565f89cb95c9812e1e9f32af51d326,1,PR-061: require exact local-null config integers,https://github.com/cosmosapjw-quantum/htt_base/pull/135,failed_or_nonaccepting_publication_attempt
136,false,closed,true,research/pr04-multicomponent,agent/pr064-review-null-readiness-bools,2fb336d1e3b87acc971d34e06a0503b4bc215e73,1,PR-064: reject non-boolean null readiness flags,https://github.com/cosmosapjw-quantum/htt_base/pull/136,failed_or_nonaccepting_publication_attempt
137,false,closed,true,research/pr04-multicomponent,agent/pr065-review-decisive-request-bool,cd9143d855a80f651cac2a06760a4683eb0bbec9,1,PR-065: reject non-boolean decisive claim requests,https://github.com/cosmosapjw-quantum/htt_base/pull/137,failed_or_nonaccepting_publication_attempt
138,false,closed,true,research/pr04-multicomponent,agent/pr125-decouple-historical-source-hash,0dfd85ca3edd441001096be8828a8e556e6107c9,1,PR-125: Decouple historical frame source hashes,https://github.com/cosmosapjw-quantum/htt_base/pull/138,failed_or_nonaccepting_publication_attempt
139,false,closed,true,agent/pr125-decouple-historical-source-hash,agent/pr125-review-homogeneous-backgrounds,c5e60aa9c1b69a890dd63093ba46a4cd1b319aa1,1,PR-125: Cover all homogeneous background classes,https://github.com/cosmosapjw-quantum/htt_base/pull/139,failed_or_nonaccepting_publication_attempt
140,false,closed,true,agent/pr125-review-homogeneous-backgrounds,agent/pr126-decouple-historical-source-hashes,974fdd14c3804f7f88dca7c4af16147ae4c658f6,1,PR-126: Decouple historical source hashes,https://github.com/cosmosapjw-quantum/htt_base/pull/140,failed_or_nonaccepting_publication_attempt
141,false,closed,true,agent/pr126-decouple-historical-source-hashes,agent/pr126-reject-extra-forward-premises,02dfd138b384c245b00d66dfb95400b6908ca52f,1,PR-126: Reject additional forward premises,https://github.com/cosmosapjw-quantum/htt_base/pull/141,failed_or_nonaccepting_publication_attempt
142,false,closed,true,agent/pr126-reject-extra-forward-premises,agent/pr128-decouple-historical-authority-hash,220266664dba2e2751ac8d9f038e9ec6067215f0,1,PR-128: Decouple historical authority source hash,https://github.com/cosmosapjw-quantum/htt_base/pull/142,failed_or_nonaccepting_publication_attempt
143,false,closed,true,agent/pr128-decouple-historical-authority-hash,agent/pr128-reject-numeric-placeholder-alias,43ad03fe05904fa4b55d72bc9d2ec0b3e0e9311b,1,PR-128: Reject numeric placeholder aliases,https://github.com/cosmosapjw-quantum/htt_base/pull/143,failed_or_nonaccepting_publication_attempt
144,false,closed,true,agent/pr128-reject-numeric-placeholder-alias,agent/pr129-decouple-historical-registry-hash,1e5959ea149889a6929697fc0d120dacb1156d02,2,PR-129: Decouple historical registry source hash,https://github.com/cosmosapjw-quantum/htt_base/pull/144,failed_or_nonaccepting_publication_attempt
145,false,closed,true,agent/pr129-decouple-historical-registry-hash,agent/pr129-reject-undersized-mc,2c829c10310d280a411d1d97537e602443e78c17,1,PR-129: Reject undersized Monte Carlo samples,https://github.com/cosmosapjw-quantum/htt_base/pull/145,failed_or_nonaccepting_publication_attempt
146,false,closed,true,agent/pr129-reject-undersized-mc,agent/pr130-decouple-historical-tail-hash,1d2e7062e892c3ee0fe4c2bad141dc7cc5053615,1,PR-130: Decouple historical tail source hash,https://github.com/cosmosapjw-quantum/htt_base/pull/146,failed_or_nonaccepting_publication_attempt
147,false,closed,true,agent/pr130-decouple-historical-tail-hash,agent/pr130-reject-invalid-sky-fraction,6639adc4e639400d6c86253dee1202e0d2402eef,1,PR-130: Reject invalid sky fractions,https://github.com/cosmosapjw-quantum/htt_base/pull/147,failed_or_nonaccepting_publication_attempt
148,false,closed,true,agent/pr130-reject-invalid-sky-fraction,agent/pr130-scale-fractional-sky-tail,162cf3244ecddf4359c788bf39faf58d1439b21b,1,PR-130: Scale fractional-sky tail sensitivity,https://github.com/cosmosapjw-quantum/htt_base/pull/148,failed_or_nonaccepting_publication_attempt
149,false,closed,true,agent/pr130-scale-fractional-sky-tail,agent/pr131-decouple-historical-expansion-hash,dca5556f28e01c98efe82a3d3c8692f62e8595dc,1,PR-131: Decouple historical expansion source hash,https://github.com/cosmosapjw-quantum/htt_base/pull/149,failed_or_nonaccepting_publication_attempt
150,false,closed,true,agent/pr131-decouple-historical-expansion-hash,agent/pr131-reject-nonfinite-plateau,8e74d0b623aff17a99887e2b32121cee245841b5,1,PR-131: Reject non-finite plateau claims,https://github.com/cosmosapjw-quantum/htt_base/pull/150,failed_or_nonaccepting_publication_attempt
151,false,closed,true,agent/pr131-reject-nonfinite-plateau,agent/pr131-enforce-declared-domain,702a8f28b32b5bade085d1724859e6ea2d6bad6a,1,PR-131: Enforce the declared background domain,https://github.com/cosmosapjw-quantum/htt_base/pull/151,failed_or_nonaccepting_publication_attempt
152,false,closed,true,agent/pr131-enforce-declared-domain,agent/pr131-reject-empty-fd-probes,400d978a0fa4234d00703fe31eefea382af0a12f,1,PR-131: Reject empty finite-difference probes,https://github.com/cosmosapjw-quantum/htt_base/pull/152,failed_or_nonaccepting_publication_attempt
153,false,closed,true,research/pr04-multicomponent,agent/pr013-review-mio-htt-firewall,d8979a25c39269abc4567ea3e49dc1e7bc2d4c83,1,PR-013: Reject MIO payloads in HTT term metadata,https://github.com/cosmosapjw-quantum/htt_base/pull/153,failed_or_nonaccepting_publication_attempt
154,false,closed,true,research/pr04-multicomponent,agent/pr040-review-sky-support,c677c385ec03151656d991d0fa6ef442447f9ff8,1,PR-040: Reject invalid directional weights,https://github.com/cosmosapjw-quantum/htt_base/pull/154,failed_or_nonaccepting_publication_attempt
155,false,closed,true,research/pr04-multicomponent,agent/pr012-review-status-snapshot,6f3e72a97a8c6fbb4e3e0b2497675a3780e153ea,1,PR-012: Reject duplicate status identities,https://github.com/cosmosapjw-quantum/htt_base/pull/155,failed_or_nonaccepting_publication_attempt
156,false,closed,true,research/pr04-multicomponent,agent/pr022-review-delta-generator,d85a3191660df0f67bfc6fe689694bb66bf54d39,1,PR-022: Contain PR delta output paths,https://github.com/cosmosapjw-quantum/htt_base/pull/156,failed_or_nonaccepting_publication_attempt
157,false,closed,true,research/pr04-multicomponent,agent/pr015-review-claim-linter,e12aafc8330bf05a64ee44f3e725d7492a81e5c7,1,PR-015: Scope claim guardrail exemptions,https://github.com/cosmosapjw-quantum/htt_base/pull/157,failed_or_nonaccepting_publication_attempt
158,false,closed,true,research/pr04-multicomponent,agent/pr041-review-zoa-ladder,37c80f5654d9da71d9730ca1f3bd06405a71f255,1,PR-041: Enforce production ZoA retention,https://github.com/cosmosapjw-quantum/htt_base/pull/158,failed_or_nonaccepting_publication_attempt
159,false,closed,true,research/pr04-multicomponent,agent/pr023-review-scoreboard,7fe24c1ded0f4d97b9e2aa2a413a98bd4fb20c7e,1,PR-023: Recover overdue progress checkpoints,https://github.com/cosmosapjw-quantum/htt_base/pull/159,failed_or_nonaccepting_publication_attempt
160,false,closed,true,research/pr04-multicomponent,agent/pr030-review-tsc-boundary,bfb88b12fd7f94def16b918e20e3e916652d737a,1,PR-030: Reject production TSC legacy status,https://github.com/cosmosapjw-quantum/htt_base/pull/160,failed_or_nonaccepting_publication_attempt
161,false,closed,true,research/pr04-multicomponent,agent/pr042-review-healpix-nside,3ff4a971fc9f1dc72c8578a3396563e53acaf93f,1,PR-042: Validate promoted HEALPix nside,https://github.com/cosmosapjw-quantum/htt_base/pull/161,failed_or_nonaccepting_publication_attempt
162,false,closed,true,agent/pr131-reject-empty-fd-probes,agent/pr132-decouple-historical-source-hashes,3cb9f75a310629995d2846287b54c87da2935bac,1,PR-132: Decouple historical source hashes,https://github.com/cosmosapjw-quantum/htt_base/pull/162,failed_or_nonaccepting_publication_attempt
163,false,closed,true,agent/pr132-decouple-historical-source-hashes,agent/pr132-enforce-domain-invariants,79e829e7cd21f26202e400869d557f109e58de4b,1,PR-132: Enforce compact domain invariants,https://github.com/cosmosapjw-quantum/htt_base/pull/163,failed_or_nonaccepting_publication_attempt
164,false,closed,true,agent/pr132-enforce-domain-invariants,agent/pr132-enforce-report-domain,a1099d40cebc10bc8036437578e164983da8e1c0,1,PR-132: Enforce the report central domain,https://github.com/cosmosapjw-quantum/htt_base/pull/164,failed_or_nonaccepting_publication_attempt
165,false,closed,true,agent/pr132-enforce-report-domain,agent/pr133-decouple-historical-source-hash,592f9bde49d34cc070c599b1ed88f2c53ce8c0af,1,PR-133: Decouple historical source hash,https://github.com/cosmosapjw-quantum/htt_base/pull/165,failed_or_nonaccepting_publication_attempt
166,false,closed,true,agent/pr133-decouple-historical-source-hash,agent/pr133-contain-evidence-paths,eb878196d82745a5291f400f6615d4985904a827,1,PR-133: Contain response ladder evidence paths,https://github.com/cosmosapjw-quantum/htt_base/pull/166,failed_or_nonaccepting_publication_attempt
167,false,closed,true,agent/pr133-contain-evidence-paths,agent/pr133-preserve-arithmetic-provenance,2c42951f47b1256f76abe08c1ef98fe74c873d77,1,PR-133: Preserve arithmetic provenance,https://github.com/cosmosapjw-quantum/htt_base/pull/167,failed_or_nonaccepting_publication_attempt
168,false,closed,true,agent/pr133-preserve-arithmetic-provenance,agent/pr133-validate-discrimination-ranks,6c285a5333950f49832bfe28b7b093ba9418cf66,1,PR-133: Validate discrimination ranks,https://github.com/cosmosapjw-quantum/htt_base/pull/168,failed_or_nonaccepting_publication_attempt
169,false,closed,true,agent/pr133-validate-discrimination-ranks,agent/pr133-validate-boost-removed-flag,eed42e94418065bf4d4c254084cf90ab3a0fc36e,1,PR-133: Validate the boost removal flag,https://github.com/cosmosapjw-quantum/htt_base/pull/169,failed_or_nonaccepting_publication_attempt
170,false,closed,true,agent/pr133-validate-boost-removed-flag,agent/pr134-decouple-historical-source-hash,9de3fc833363a220051b60bf180834e55a306ac7,1,PR-134: Decouple historical source hash,https://github.com/cosmosapjw-quantum/htt_base/pull/170,failed_or_nonaccepting_publication_attempt
171,false,closed,true,agent/pr134-decouple-historical-source-hash,agent/pr134-canonicalize-contract-strings,86e32bee2675854baad866454b1db65e392a65b4,1,PR-134: Canonicalize contract strings,https://github.com/cosmosapjw-quantum/htt_base/pull/171,failed_or_nonaccepting_publication_attempt
172,false,closed,true,agent/pr134-canonicalize-contract-strings,agent/pr134-validate-branch-components,9c396d772b8608208abc95e6fae5568a26569697,1,PR-134: Validate generative branch components,https://github.com/cosmosapjw-quantum/htt_base/pull/172,failed_or_nonaccepting_publication_attempt
173,false,closed,true,agent/pr134-validate-branch-components,agent/pr135-decouple-historical-source-hash,d6bb4db1284ef63530eba262b67ba92e49e0cfe3,1,PR-135: Decouple historical source hash,https://github.com/cosmosapjw-quantum/htt_base/pull/173,failed_or_nonaccepting_publication_attempt
174,false,closed,true,agent/pr135-decouple-historical-source-hash,agent/pr135-reject-nonfinite-scores,f0b5a8c0c4258d0b1201954c0f4ab8e594be6904,1,PR-135: Reject non-finite rank scores,https://github.com/cosmosapjw-quantum/htt_base/pull/174,failed_or_nonaccepting_publication_attempt
175,false,closed,true,agent/pr135-reject-nonfinite-scores,agent/pr135-reject-p-above-one,d24bf78dbb375bf9772184f6626df8695a9f3c95,1,PR-135: Reject p-values above one,https://github.com/cosmosapjw-quantum/htt_base/pull/175,failed_or_nonaccepting_publication_attempt
176,false,closed,true,agent/pr135-reject-p-above-one,agent/pr135-reject-duplicate-split-rows,0fdf8842d99034fd7645dbaad5ac429745557863,1,PR-135: Reject duplicate split rows,https://github.com/cosmosapjw-quantum/htt_base/pull/176,failed_or_nonaccepting_publication_attempt
177,false,closed,true,agent/pr135-reject-duplicate-split-rows,agent/pr136-decouple-historical-source-hashes,32ab2234d416647e71f53647513210e93891f2d5,1,PR-136: Decouple historical source hashes,https://github.com/cosmosapjw-quantum/htt_base/pull/177,failed_or_nonaccepting_publication_attempt
178,false,closed,true,agent/pr136-decouple-historical-source-hashes,agent/pr136-protect-unbounded-box-sides,c992b5c1b2b921710d471eef44d6621123a3e97e,1,PR-136: Protect unbounded admissible sides,https://github.com/cosmosapjw-quantum/htt_base/pull/178,failed_or_nonaccepting_publication_attempt
179,false,closed,true,agent/pr136-protect-unbounded-box-sides,agent/pr136-preserve-terminal-projection-status,f4482816280d66630ba63ac8e42d744dc8475fca,1,PR-136: Preserve terminal projection status,https://github.com/cosmosapjw-quantum/htt_base/pull/179,failed_or_nonaccepting_publication_attempt
180,false,closed,true,agent/pr136-preserve-terminal-projection-status,agent/pr136-reject-status-only-artifacts,0cfca18e5335d65a9da5c5e312416a6d671d0d99,1,PR-136: Reject status-only set artifacts,https://github.com/cosmosapjw-quantum/htt_base/pull/180,failed_or_nonaccepting_publication_attempt
181,false,closed,true,agent/pr136-reject-status-only-artifacts,agent/pr136-reject-nonfinite-cross-engine-inputs,897e1eaeaf8d5a349ad7db1996fc60f6ee5ce0ed,1,PR-136: Reject non-finite cross-engine inputs,https://github.com/cosmosapjw-quantum/htt_base/pull/181,failed_or_nonaccepting_publication_attempt
182,false,closed,true,agent/pr136-reject-nonfinite-cross-engine-inputs,agent/pr136-use-native-lp-unboundedness,049e9630d85cba29876ee2fd3c2107ec83243044,1,PR-136: Use native LP unboundedness,https://github.com/cosmosapjw-quantum/htt_base/pull/182,failed_or_nonaccepting_publication_attempt
183,false,closed,true,agent/pr136-use-native-lp-unboundedness,agent/pr137-decouple-historical-source-hash,59e7883dc832bdf3aa35e921642927e31188075b,1,PR-137: Decouple historical source hash,https://github.com/cosmosapjw-quantum/htt_base/pull/183,failed_or_nonaccepting_publication_attempt
184,false,closed,true,agent/pr137-decouple-historical-source-hash,agent/pr137-reject-unknown-procedures,a1b0fd39e9f0466431de6b0712457a63b878fe71,1,PR-137: Reject unknown coverage procedures,https://github.com/cosmosapjw-quantum/htt_base/pull/184,failed_or_nonaccepting_publication_attempt
185,false,closed,true,agent/pr137-reject-unknown-procedures,agent/pr137-validate-confidence-domain,769575522c16daa0e12e226db2a424f4a5497a91,1,PR-137: Validate confidence domain,https://github.com/cosmosapjw-quantum/htt_base/pull/185,failed_or_nonaccepting_publication_attempt
186,false,closed,true,agent/pr137-validate-confidence-domain,agent/pr137-reject-nonfinite-decision-inputs,9c839dfb8c952453666909fe44fb8a5fdd4b135b,1,PR-137: Reject non-finite decision inputs,https://github.com/cosmosapjw-quantum/htt_base/pull/186,failed_or_nonaccepting_publication_attempt
187,false,closed,true,agent/pr137-reject-nonfinite-decision-inputs,agent/pr137-validate-replicate-counts,b7a48412b4e99b31589663d6227960184dfec629,1,PR-137: Validate replicate counts,https://github.com/cosmosapjw-quantum/htt_base/pull/187,failed_or_nonaccepting_publication_attempt
188,false,closed,true,agent/pr137-validate-replicate-counts,agent/pr137-validate-optimizer-domain,948ca8a16c4489d014b50a42d7ad5502b37f56ab,1,PR-137: Validate optimizer domain,https://github.com/cosmosapjw-quantum/htt_base/pull/188,failed_or_nonaccepting_publication_attempt
189,false,closed,true,agent/pr137-validate-optimizer-domain,agent/pr137-require-exact-grid,21727ca0079331f426fe25ea1f08199a30ffaf45,1,PR-137: Require the exact registered grid,https://github.com/cosmosapjw-quantum/htt_base/pull/189,failed_or_nonaccepting_publication_attempt
190,false,closed,true,agent/pr137-require-exact-grid,agent/pr138-decouple-historical-source-hash,040f5f5d219264a1bb58cc97dcb945effe83d0bd,1,PR-138: Decouple historical source hash,https://github.com/cosmosapjw-quantum/htt_base/pull/190,failed_or_nonaccepting_publication_attempt
191,false,closed,true,agent/pr138-decouple-historical-source-hash,agent/pr138-bind-lineage-to-actual-data,fd134e793f9ef24dd19f805ff30820eebfc0569a,1,PR-138: Bind lineage to actual data,https://github.com/cosmosapjw-quantum/htt_base/pull/191,failed_or_nonaccepting_publication_attempt
192,false,closed,true,agent/pr138-bind-lineage-to-actual-data,agent/pr138-reject-empty-ppc-evidence,0b5dca9e10c2a0a47556ccd789b9132625fb4e2e,2,PR-138: Reject empty PPC evidence,https://github.com/cosmosapjw-quantum/htt_base/pull/192,failed_or_nonaccepting_publication_attempt
193,false,closed,true,agent/pr138-reject-empty-ppc-evidence,agent/pr138-validate-ppc-verdict-domain,6b61055830d3489bfd8638e4f3ef8f81cf01d7a8,1,PR-138: Validate PPC verdict domain,https://github.com/cosmosapjw-quantum/htt_base/pull/193,failed_or_nonaccepting_publication_attempt
194,false,closed,true,agent/pr138-validate-ppc-verdict-domain,agent/pr138-validate-simulation-counts,0e9cc8e559ed11f59d1200db062958da04edaf9e,1,PR-138: Validate simulation counts,https://github.com/cosmosapjw-quantum/htt_base/pull/194,failed_or_nonaccepting_publication_attempt
195,false,closed,true,agent/pr138-validate-simulation-counts,agent/pr138-validate-observed-data,1cd59a454117e58e64caae44964c01c18455e752,1,PR-138: Validate observed data,https://github.com/cosmosapjw-quantum/htt_base/pull/195,failed_or_nonaccepting_publication_attempt
196,false,closed,true,agent/pr138-validate-observed-data,agent/pr138-validate-sbc-verdict,81228c0850bf9a1a3134ff4e499c7c6c88ad2e5e,1,PR-138: Validate SBC verdict inputs,https://github.com/cosmosapjw-quantum/htt_base/pull/196,failed_or_nonaccepting_publication_attempt
197,false,closed,true,agent/pr138-validate-sbc-verdict,agent/pr138-reject-duplicate-discrepancies,80fce4db9c1fc166575a8ffe9405936b21d9c1b7,1,PR-138: Reject duplicate discrepancies,https://github.com/cosmosapjw-quantum/htt_base/pull/197,failed_or_nonaccepting_publication_attempt
198,false,closed,true,agent/pr138-reject-duplicate-discrepancies,agent/pr139-decouple-historical-source-hash,4c8f406f5e31b8004958dc9db18d87cb5c98859a,2,PR-139: decouple historical source hash,https://github.com/cosmosapjw-quantum/htt_base/pull/198,failed_or_nonaccepting_publication_attempt
199,false,closed,true,agent/pr139-decouple-historical-source-hash,agent/pr139-bind-dependency-graph,e5c1192eadf3fad0c09db3c27fef11e5e72bccad,1,PR-139: bind holdout to dependency graph,https://github.com/cosmosapjw-quantum/htt_base/pull/199,failed_or_nonaccepting_publication_attempt
200,false,closed,true,agent/pr139-bind-dependency-graph,agent/pr139-reject-invalid-fold-partitions,83eed7aeef8aa8b5ed90335c63c5505c9df82092,1,PR-139: reject invalid fold partitions,https://github.com/cosmosapjw-quantum/htt_base/pull/200,failed_or_nonaccepting_publication_attempt
201,false,closed,true,agent/pr139-reject-invalid-fold-partitions,agent/pr139-reject-nonfinite-psis,014fcb7500b15fc2ef929d5b936b6810d1a5e567,5,PR-139: reject nonfinite PSIS diagnostics,https://github.com/cosmosapjw-quantum/htt_base/pull/201,failed_or_nonaccepting_publication_attempt
202,true,closed,false,agent/pr139-reject-nonfinite-psis,agent/pr139-validate-group-model-inputs,07f20d196042eed57afd99c3f76a276e90dbf5e2,1,PR-139: validate group model inputs,https://github.com/cosmosapjw-quantum/htt_base/pull/202,merged_non_target_history
203,false,closed,true,agent/pr139-validate-group-model-inputs,agent/pr139-reject-aliased-row-indices,da48f7c007305740b94b8ce6f514beb5370530f9,1,PR-139: reject aliased row indices,https://github.com/cosmosapjw-quantum/htt_base/pull/203,failed_or_nonaccepting_publication_attempt
204,false,closed,true,agent/pr139-reject-aliased-row-indices,agent/pr139-validate-feature-count,ba8aa5925249163139768efc97ec943bcefe7c74,1,PR-139: validate feature selection count,https://github.com/cosmosapjw-quantum/htt_base/pull/204,failed_or_nonaccepting_publication_attempt
205,false,closed,true,agent/pr139-validate-feature-count,agent/pr140-decouple-historical-source-hash,5dee483dbc949bcff4f2bc5b6b41be937a60dfc4,1,PR-140: decouple historical source hash,https://github.com/cosmosapjw-quantum/htt_base/pull/205,failed_or_nonaccepting_publication_attempt
206,false,closed,true,agent/pr140-decouple-historical-source-hash,agent/pr140-validate-normal-prior,2e31ba39a91835331f513d4d5d7494c583df5865,1,PR-140: validate normalized prior parameters,https://github.com/cosmosapjw-quantum/htt_base/pull/206,failed_or_nonaccepting_publication_attempt
207,false,closed,true,agent/pr140-validate-normal-prior,agent/pr140-reject-nonfinite-sensitivity,bb8ac1703cbb1a4330f9a0a9e95cba2bcde40448,1,PR-140: reject nonfinite sensitivity values,https://github.com/cosmosapjw-quantum/htt_base/pull/207,failed_or_nonaccepting_publication_attempt
208,false,closed,true,agent/pr140-reject-nonfinite-sensitivity,agent/pr140-require-two-independent-engines,509b336139e8b37943405d4bea3fcf7c009645c0,1,PR-140: require two independent engines,https://github.com/cosmosapjw-quantum/htt_base/pull/208,failed_or_nonaccepting_publication_attempt
209,false,closed,true,agent/pr140-require-two-independent-engines,agent/pr140-verify-receipt-integrity,b6751a35af2288f1ee0d5e26c1240a16d212ed3a,1,PR-140: verify evidence receipt integrity,https://github.com/cosmosapjw-quantum/htt_base/pull/209,failed_or_nonaccepting_publication_attempt
210,false,closed,true,agent/pr140-verify-receipt-integrity,agent/pr140-require-engine-diagnostics,8a811b65a779303fc499a0695b15db679684ef9d,1,PR-140: require valid engine diagnostics,https://github.com/cosmosapjw-quantum/htt_base/pull/210,failed_or_nonaccepting_publication_attempt
211,false,closed,true,agent/pr140-require-engine-diagnostics,agent/pr140-reject-nonfinite-engine-estimates,43fff24d41c55f8d0ac5ff305d8e09b8e7998c3e,1,PR-140: reject nonfinite engine estimates,https://github.com/cosmosapjw-quantum/htt_base/pull/211,failed_or_nonaccepting_publication_attempt
212,false,closed,true,agent/pr140-reject-nonfinite-engine-estimates,agent/pr140-validate-evidence-model,12255ab9e45391b33ca028f4797469cd1c8d0818,1,PR-140: validate evidence model inputs,https://github.com/cosmosapjw-quantum/htt_base/pull/212,failed_or_nonaccepting_publication_attempt
213,false,closed,true,agent/pr140-validate-evidence-model,agent/pr140-bind-receipt-engines,2dc3aae4398ca607db1a78fb9cc3513eccc615cc,1,PR-140: bind receipts to independent engines,https://github.com/cosmosapjw-quantum/htt_base/pull/213,failed_or_nonaccepting_publication_attempt
214,true,closed,false,agent/pr139-reject-nonfinite-psis,revert-202-agent/pr139-validate-group-model-inputs,443f7dda654f373ea6e087a0f4c7d00265623184,1,"Revert ""PR-139: validate group model inputs""",https://github.com/cosmosapjw-quantum/htt_base/pull/214,merged_non_target_history
215,false,closed,true,agent/pr140-bind-receipt-engines,agent/pr141-decouple-historical-source-hash,386b25700a95e4468f5dca078b465b2b9797a92e,1,PR-141: decouple historical source hash,https://github.com/cosmosapjw-quantum/htt_base/pull/215,failed_or_nonaccepting_publication_attempt
216,true,closed,false,research/pr04-multicomponent,revert-26-fix/pr151-portable-background-resume,052be2931e588333442deb57dc8ddb7d2c815516,1,"Revert ""PR-151: make finalize watcher portable""",https://github.com/cosmosapjw-quantum/htt_base/pull/216,accepted_target_history
217,false,closed,true,agent/pr141-decouple-historical-source-hash,agent/pr141-validate-discrimination-config,6311d21d3eda5adccb5ff7b96f1b0f2ff323884b,1,PR-141: validate discrimination config,https://github.com/cosmosapjw-quantum/htt_base/pull/217,failed_or_nonaccepting_publication_attempt
218,false,closed,true,agent/pr141-validate-discrimination-config,agent/pr141-validate-posthoc-model-change,90177f983874d0b08677ca4952dbc4049362fec8,1,PR-141: validate posthoc model changes,https://github.com/cosmosapjw-quantum/htt_base/pull/218,failed_or_nonaccepting_publication_attempt
219,false,closed,true,agent/pr141-validate-posthoc-model-change,agent/pr141-normalize-generative-branch,74ed5b9023d1c77ac77ad34932a33806fa81f622,1,PR-141: normalize generative branch input,https://github.com/cosmosapjw-quantum/htt_base/pull/219,failed_or_nonaccepting_publication_attempt
220,false,closed,true,agent/pr141-normalize-generative-branch,agent/pr142-decouple-historical-source-hash,c56bd390d87f4dff695ae78783fbac78ac48c446,1,PR-142: decouple historical source hash,https://github.com/cosmosapjw-quantum/htt_base/pull/220,failed_or_nonaccepting_publication_attempt
221,false,closed,true,agent/pr142-decouple-historical-source-hash,agent/pr142-validate-measure-spec,4dce923bd6cbeef14c93ada0544ed05af234fab0,1,PR-142: validate measure specification,https://github.com/cosmosapjw-quantum/htt_base/pull/221,failed_or_nonaccepting_publication_attempt
222,false,closed,true,agent/pr142-validate-measure-spec,agent/pr142-validate-null-sample-count,01ecb6a4320c1a09daf669ceb6e95367462810db,1,PR-142: validate null sample count,https://github.com/cosmosapjw-quantum/htt_base/pull/222,failed_or_nonaccepting_publication_attempt
223,false,closed,true,agent/pr142-validate-null-sample-count,agent/pr142-validate-bootstrap-sample-count,619c7849622bcbb38d4a8e9dd30fda4b2700fc37,1,PR-142: validate bootstrap sample count,https://github.com/cosmosapjw-quantum/htt_base/pull/223,failed_or_nonaccepting_publication_attempt
224,false,closed,true,agent/pr142-validate-bootstrap-sample-count,agent/pr142-validate-measure-family-registration,1f201ac29b9acbe7f3b99e415c2f5bdbde923dff,1,PR-142: validate measure family registration,https://github.com/cosmosapjw-quantum/htt_base/pull/224,failed_or_nonaccepting_publication_attempt
225,false,closed,true,agent/pr142-validate-measure-family-registration,agent/pr142-validate-null-scale-tolerance,83b4447584aa4e396df431b66642ddf35f550821,1,PR-142: validate null scale tolerance,https://github.com/cosmosapjw-quantum/htt_base/pull/225,failed_or_nonaccepting_publication_attempt
226,false,closed,true,agent/pr142-validate-null-scale-tolerance,agent/pr142-validate-gf-intervals,d19ddd76db7a78222fd770977591a02706831daf,1,PR-142: validate feasible range intervals,https://github.com/cosmosapjw-quantum/htt_base/pull/226,failed_or_nonaccepting_publication_attempt
227,false,closed,true,agent/pr142-validate-gf-intervals,agent/pr142-validate-departure-table,70f1c0c0c8e929bc10cb25d030e8b58aec40f5a1,1,PR-142: validate departure table,https://github.com/cosmosapjw-quantum/htt_base/pull/227,failed_or_nonaccepting_publication_attempt
228,false,closed,true,agent/pr142-validate-departure-table,agent/pr143-decouple-historical-source-hash,2d49296d2050a1b3562673707b6fd124c29a45b6,1,PR-143: decouple historical source hashes,https://github.com/cosmosapjw-quantum/htt_base/pull/228,failed_or_nonaccepting_publication_attempt
229,false,closed,true,agent/pr143-decouple-historical-source-hash,agent/pr143-bind-prediction-indices,390a102f2201dcf4fc18b721247d7fcaf62d4c3a,1,PR-143: bind prediction indices,https://github.com/cosmosapjw-quantum/htt_base/pull/229,failed_or_nonaccepting_publication_attempt
230,false,closed,true,agent/pr143-bind-prediction-indices,agent/pr143-validate-criteria,1b043566f337336aa5df9b01b6ea7f828e8eccee,1,PR-143: validate adjudication criteria,https://github.com/cosmosapjw-quantum/htt_base/pull/230,failed_or_nonaccepting_publication_attempt
231,false,closed,true,agent/pr143-validate-criteria,agent/pr143-count-seed-iterables,15cfc2c5a87d713aa45764ab15d1b3d7549f5370,1,PR-143: count seed iterables once,https://github.com/cosmosapjw-quantum/htt_base/pull/231,failed_or_nonaccepting_publication_attempt
232,false,closed,true,agent/pr143-count-seed-iterables,agent/pr143-validate-seed-ensemble,69c289609fec683f180d07d0c248bdd704443ada,1,PR-143: validate seed ensemble,https://github.com/cosmosapjw-quantum/htt_base/pull/232,failed_or_nonaccepting_publication_attempt
233,false,closed,true,agent/pr143-validate-seed-ensemble,agent/pr143-validate-challenge-dimensions,5cc7f79100d8693990e5cfb2097ef1e647c73c8e,1,PR-143: validate challenge dimensions,https://github.com/cosmosapjw-quantum/htt_base/pull/233,failed_or_nonaccepting_publication_attempt
234,false,closed,true,agent/pr143-validate-challenge-dimensions,agent/pr143-freeze-dgp-battery,3527f8dc008317ef54f47d482f5e14cd9803c67f,1,PR-143: freeze preregistered DGP battery,https://github.com/cosmosapjw-quantum/htt_base/pull/234,failed_or_nonaccepting_publication_attempt
235,false,closed,true,agent/pr143-freeze-dgp-battery,agent/pr143-verify-sealed-structure,7045c83835fbbc5400d05e0cc13ac0d0bd283202,1,PR-143: verify sealed challenge structure,https://github.com/cosmosapjw-quantum/htt_base/pull/235,failed_or_nonaccepting_publication_attempt
236,false,closed,true,agent/pr143-verify-sealed-structure,agent/pr144-decouple-historical-source-hash,c0b0408bb138e927eba30dd9a53035217c38920a,1,PR-144: decouple historical source hash,https://github.com/cosmosapjw-quantum/htt_base/pull/236,failed_or_nonaccepting_publication_attempt
237,false,closed,true,agent/pr144-decouple-historical-source-hash,agent/pr144-reject-duplicate-group-ids,58728c5b93094c7983520aab4fadab67513fc626,1,PR-144: reject duplicate group IDs,https://github.com/cosmosapjw-quantum/htt_base/pull/237,failed_or_nonaccepting_publication_attempt
238,false,closed,true,agent/pr144-reject-duplicate-group-ids,agent/pr144-flag-invalid-range-values,1e41423352006ee94e43ecd7acf7d4d5a571b0f0,1,PR-144: flag invalid range values,https://github.com/cosmosapjw-quantum/htt_base/pull/238,failed_or_nonaccepting_publication_attempt
239,false,closed,true,agent/pr144-flag-invalid-range-values,agent/pr144-reject-invalid-group-ids,c3a59441756dfea3fd3925fca39cb7e451fc2293,1,PR-144: reject invalid group IDs,https://github.com/cosmosapjw-quantum/htt_base/pull/239,failed_or_nonaccepting_publication_attempt
240,false,closed,true,agent/pr144-reject-invalid-group-ids,agent/pr144-reject-negative-selection-counts,927647b2d381fe590eaeda60b2dd63fda18e637b,1,PR-144: reject negative selection counts,https://github.com/cosmosapjw-quantum/htt_base/pull/240,failed_or_nonaccepting_publication_attempt
241,false,closed,true,agent/pr144-reject-negative-selection-counts,agent/pr145-follow-relocated-source,df2bdc55c4105f30147f0d33e9d938215832a09c,1,PR-145: follow relocated estimator source,https://github.com/cosmosapjw-quantum/htt_base/pull/241,failed_or_nonaccepting_publication_attempt
242,false,closed,true,agent/pr145-follow-relocated-source,agent/pr145-validate-sample,67ce0edee7d1aea2ef7b40a8c60b1146b1a97798,1,PR-145: validate CF4 sample,https://github.com/cosmosapjw-quantum/htt_base/pull/242,failed_or_nonaccepting_publication_attempt
243,false,closed,true,agent/pr145-validate-sample,agent/pr145-validate-load-config,3d2b4b52c353e151572aca79d89e5596dae5658c,1,PR-145: validate CF4 loader configuration,https://github.com/cosmosapjw-quantum/htt_base/pull/243,failed_or_nonaccepting_publication_attempt
244,false,closed,true,agent/pr145-validate-load-config,agent/pr145-fail-closed-coverage,73de051fb4fccb3a36b4d37e2a130f79fc7e8674,1,PR-145: fail closed on malformed coverage,https://github.com/cosmosapjw-quantum/htt_base/pull/244,failed_or_nonaccepting_publication_attempt
245,false,closed,true,agent/pr145-fail-closed-coverage,agent/pr145-validate-injection,e1d101138bfce5509c3e38edf501a85744c740f4,1,PR-145: validate coverage injection inputs,https://github.com/cosmosapjw-quantum/htt_base/pull/245,failed_or_nonaccepting_publication_attempt
246,false,closed,true,agent/pr145-validate-injection,agent/pr145-validate-significance,09445e6643a33771a3b89989e635cb773ad340c9,1,PR-145: validate significance covariance,https://github.com/cosmosapjw-quantum/htt_base/pull/246,failed_or_nonaccepting_publication_attempt
247,false,closed,true,agent/pr145-validate-significance,agent/pr146-follow-relocated-source,b8d91bf89a3dd5d26d51c6da54e8447d414d4600,1,PR-146: follow relocated forward-mock sources,https://github.com/cosmosapjw-quantum/htt_base/pull/247,failed_or_nonaccepting_publication_attempt
248,false,closed,true,agent/pr146-follow-relocated-source,agent/pr146-fail-closed-coverage,4649fdff93ae9d01533d3373a2e7a47ec08e0366,1,PR-146: fail closed on malformed coverage,https://github.com/cosmosapjw-quantum/htt_base/pull/248,failed_or_nonaccepting_publication_attempt
249,false,closed,true,agent/pr146-fail-closed-coverage,agent/pr146-validate-counts,9355e0c526a9e22e200d79f08633b32843bcd853,1,PR-146: validate ensemble counts,https://github.com/cosmosapjw-quantum/htt_base/pull/249,failed_or_nonaccepting_publication_attempt
250,false,closed,true,agent/pr146-validate-counts,agent/pr146-validate-load-config,2cd27773bed3391fedd06b519e28151b214b193d,1,PR-146: validate forward-loader configuration,https://github.com/cosmosapjw-quantum/htt_base/pull/250,failed_or_nonaccepting_publication_attempt
251,false,closed,true,agent/pr146-validate-load-config,agent/pr147-follow-relocated-source,bfacb51ef56217493986a1b16a8a4dcb24faf24b,1,PR-147: follow relocated identified-set sources,https://github.com/cosmosapjw-quantum/htt_base/pull/251,failed_or_nonaccepting_publication_attempt
252,false,closed,true,agent/pr147-follow-relocated-source,agent/pr147-validate-topology,76d7f09c9c60e64c794934549f27baf1a76c878a,1,PR-147: validate topology domain,https://github.com/cosmosapjw-quantum/htt_base/pull/252,failed_or_nonaccepting_publication_attempt
253,false,closed,true,agent/pr147-validate-topology,agent/pr147-bind-coverage,2fa6eb6c60ab9e6cdf85206b64a7d7e25f7c548d,1,PR-147: bind coverage to identified shells,https://github.com/cosmosapjw-quantum/htt_base/pull/253,failed_or_nonaccepting_publication_attempt
254,false,closed,true,agent/pr147-bind-coverage,agent/pr147-validate-injection-count,5bcbd80abeedbc5a413057707cb9544d59fd861e,1,PR-147: validate coverage injection count,https://github.com/cosmosapjw-quantum/htt_base/pull/254,failed_or_nonaccepting_publication_attempt
255,false,closed,true,agent/pr147-validate-injection-count,agent/pr148-follow-relocated-source,69d7ffe6d3b402fb25687c7591687b1b6482c22f,1,PR-148: follow relocated growth sources,https://github.com/cosmosapjw-quantum/htt_base/pull/255,failed_or_nonaccepting_publication_attempt
256,false,closed,true,agent/pr148-follow-relocated-source,agent/pr148-verify-covariance,c8185725687ff23dde2660cbdb50db498d4c05f8,1,PR-148: verify covariance matrix evidence,https://github.com/cosmosapjw-quantum/htt_base/pull/256,failed_or_nonaccepting_publication_attempt
257,false,closed,true,agent/pr148-verify-covariance,agent/pr148-validate-classification,30e98b1740b3f9f87a92c66fcd6efba5e19dcece,1,PR-148: validate constrained-shell inputs,https://github.com/cosmosapjw-quantum/htt_base/pull/257,failed_or_nonaccepting_publication_attempt
258,false,closed,true,agent/pr148-validate-classification,agent/pr148-validate-mock-count,5bec5122ecc9d820c49b140b18a19ddb70b2661f,1,PR-148: validate covariance mock count,https://github.com/cosmosapjw-quantum/htt_base/pull/258,failed_or_nonaccepting_publication_attempt
259,false,closed,true,agent/pr148-validate-mock-count,agent/pr149-validate-theorem-domain,1bbb10383a777b23cb98a8d954f13c1656abedb7,1,PR-149: reject vacuous structural-zero domains,https://github.com/cosmosapjw-quantum/htt_base/pull/259,failed_or_nonaccepting_publication_attempt
260,false,closed,true,agent/pr149-validate-theorem-domain,agent/pr149-validate-scan-family,6f59ff2b4b122f2cb41447f711392a0ac399e7d5,1,PR-149: validate scan-family inputs,https://github.com/cosmosapjw-quantum/htt_base/pull/260,failed_or_nonaccepting_publication_attempt
261,false,closed,true,agent/pr149-validate-scan-family,agent/pr149-validate-convention-config,d51769b9cebe207316e6db4f707a76ade02678a0,1,PR-149: validate convention dimensions,https://github.com/cosmosapjw-quantum/htt_base/pull/261,failed_or_nonaccepting_publication_attempt
262,false,closed,true,agent/pr149-validate-convention-config,agent/pr149-preserve-theorem-multipoles,c84ee585f34dd4f9aa195ef4c0f7b0af2ac6859c,1,PR-149: preserve theorem multipole types,https://github.com/cosmosapjw-quantum/htt_base/pull/262,failed_or_nonaccepting_publication_attempt
263,false,closed,true,agent/pr149-preserve-theorem-multipoles,agent/pr149-preserve-global-rng,5a0e2e60ac5ca52582dba82839139ec6fea67f77,1,PR-149: preserve caller RNG state,https://github.com/cosmosapjw-quantum/htt_base/pull/263,failed_or_nonaccepting_publication_attempt
264,false,closed,true,agent/pr149-preserve-global-rng,agent/pr150-portable-check,ef0122c555f7022cef97b908b2a4588b9f4b79aa,1,PR-150: make artifact checks worktree-portable,https://github.com/cosmosapjw-quantum/htt_base/pull/264,failed_or_nonaccepting_publication_attempt
265,false,closed,true,agent/pr150-portable-check,agent/pr150-validate-sample-count,3c23b764a087e83f4d4ddb77d6c44b2b1a5b6516,1,PR-150: validate manifest sample count,https://github.com/cosmosapjw-quantum/htt_base/pull/265,failed_or_nonaccepting_publication_attempt
266,false,closed,true,agent/pr150-validate-sample-count,agent/pr150-validate-card-evidence,2d2454c4d4d56263b78c327581feb8d93aa6f206,1,PR-150: validate E2E card evidence,https://github.com/cosmosapjw-quantum/htt_base/pull/266,failed_or_nonaccepting_publication_attempt
267,false,closed,true,agent/pr150-validate-card-evidence,agent/pr150-preserve-sample-count-type,e4c717f13de1f7fd44764aada0817245ab43ffbd,1,PR-150: preserve sample-count type,https://github.com/cosmosapjw-quantum/htt_base/pull/267,failed_or_nonaccepting_publication_attempt
268,false,closed,true,agent/pr150-preserve-sample-count-type,agent/pr150-validate-superuniform-band,60cfbae301a5691eff9b647b67b0b472a2a6fafc,1,PR-150: reject non-discriminating bands,https://github.com/cosmosapjw-quantum/htt_base/pull/268,failed_or_nonaccepting_publication_attempt
269,false,closed,true,research/pr04-multicomponent,agent/pr138-portable-check,e17f7a027c7e3f1d87dc34a9ceadbf8974dd48e0,1,PR-138: make artifact checks source-portable,https://github.com/cosmosapjw-quantum/htt_base/pull/269,failed_or_nonaccepting_publication_attempt
270,false,closed,true,agent/pr138-portable-check,agent/pr138-fail-closed-sbc-verdict,e77a7ae463659398919dac73bbe2d2bda5e2b15c,1,PR-138: fail closed on SBC verdict inputs,https://github.com/cosmosapjw-quantum/htt_base/pull/270,failed_or_nonaccepting_publication_attempt
271,false,closed,true,agent/pr138-fail-closed-sbc-verdict,agent/pr138-fail-closed-ppc-verdict,6c0f286c717702d9824e51be31b5265686cb3ce7,1,PR-138: fail closed on PPC verdict inputs,https://github.com/cosmosapjw-quantum/htt_base/pull/271,failed_or_nonaccepting_publication_attempt
272,false,closed,true,agent/pr138-fail-closed-ppc-verdict,agent/pr138-validate-ppc-domain,f73364740e31a599420e9e5f2bc7d83910f65f42,1,PR-138: validate PPC execution domain,https://github.com/cosmosapjw-quantum/htt_base/pull/272,failed_or_nonaccepting_publication_attempt
273,false,closed,true,agent/pr138-validate-ppc-domain,agent/pr138-validate-sbc-counts,ad341acde30246b8bf7afaafa1b5cd647de92df0,1,PR-138: validate SBC execution counts,https://github.com/cosmosapjw-quantum/htt_base/pull/273,failed_or_nonaccepting_publication_attempt
274,false,closed,true,agent/pr138-validate-sbc-counts,agent/pr138-validate-discrepancy-set,91762d77d6796f0815eec009df5c4fd9359406b0,1,PR-138: validate frozen discrepancy sets,https://github.com/cosmosapjw-quantum/htt_base/pull/274,failed_or_nonaccepting_publication_attempt
275,false,closed,true,agent/pr138-validate-discrepancy-set,agent/pr138-validate-model-domain,ea9a52d9df50747a5c21ef3463a6bcd7f122f070,1,PR-138: validate Gaussian model domain,https://github.com/cosmosapjw-quantum/htt_base/pull/275,failed_or_nonaccepting_publication_attempt
276,false,closed,true,research/pr04-multicomponent,agent/pr137-portable-check,5c98745b1e3ca98f654c9d19dd5da8591b94ead9,1,PR-137: make artifact checks source-portable,https://github.com/cosmosapjw-quantum/htt_base/pull/276,failed_or_nonaccepting_publication_attempt
277,false,closed,true,agent/pr137-portable-check,agent/pr137-validate-binomial-domain,c13bb88cab0832a2194239b71b0fb1f356ecd3a5,1,PR-137: validate binomial bound inputs,https://github.com/cosmosapjw-quantum/htt_base/pull/277,failed_or_nonaccepting_publication_attempt
278,false,closed,true,agent/pr137-validate-binomial-domain,agent/pr137-validate-coverage-domain,4d7ac25d29dd213a7771394892007d387f838f26,1,PR-137: Validate coverage execution domain,https://github.com/cosmosapjw-quantum/htt_base/pull/278,failed_or_nonaccepting_publication_attempt
279,false,closed,true,agent/pr137-validate-coverage-domain,agent/pr137-validate-critical-value-domain,dfd0788822bd70141666042d164ada174c9f3ac7,1,PR-137: Validate critical value domain,https://github.com/cosmosapjw-quantum/htt_base/pull/279,failed_or_nonaccepting_publication_attempt
280,false,closed,true,agent/pr137-validate-critical-value-domain,agent/pr137-validate-preregistration-domain,11a9f7bdd7d4227807d81544bcb975d94d9bdcd7,1,PR-137: Validate preregistration domain,https://github.com/cosmosapjw-quantum/htt_base/pull/280,failed_or_nonaccepting_publication_attempt
281,false,closed,true,agent/pr137-validate-preregistration-domain,agent/pr137-enforce-exact-grid,e05a96507ade32e6ed65a235a89b9ea4db5e7e32,1,PR-137: Enforce exact grid identity,https://github.com/cosmosapjw-quantum/htt_base/pull/281,failed_or_nonaccepting_publication_attempt
282,false,closed,true,agent/pr137-enforce-exact-grid,agent/pr137-validate-failure-map-domain,4549f8063c6d62e9a53b57d38315a5b4b8feeedc,1,PR-137: Validate failure map domain,https://github.com/cosmosapjw-quantum/htt_base/pull/282,failed_or_nonaccepting_publication_attempt
283,false,closed,true,agent/pr137-validate-failure-map-domain,agent/pr137-preserve-prereg-count-types,ffe35a72d01f4fc11d559d58c606dca94a12ddad,1,PR-137: Preserve preregistration count types,https://github.com/cosmosapjw-quantum/htt_base/pull/283,failed_or_nonaccepting_publication_attempt
284,false,closed,true,agent/pr137-preserve-prereg-count-types,agent/pr137-validate-extension-config,086518dfcf2a508024c1bded5899b5ba826aafff,1,PR-137: Validate adaptive extension config,https://github.com/cosmosapjw-quantum/htt_base/pull/284,failed_or_nonaccepting_publication_attempt
285,false,closed,true,agent/pr137-validate-extension-config,agent/pr137-enforce-mesh-levels,0c7bfb36bd05601c0759d528340bf49ab17e807f,1,PR-137: Enforce implemented mesh levels,https://github.com/cosmosapjw-quantum/htt_base/pull/285,failed_or_nonaccepting_publication_attempt
286,false,closed,true,research/pr04-multicomponent,agent/pr136-portable-check,f88046a8436594935af24b1322844ca152a72cfa,1,PR-136: Make artifact check source-portable,https://github.com/cosmosapjw-quantum/htt_base/pull/286,failed_or_nonaccepting_publication_attempt
287,false,closed,true,agent/pr136-portable-check,agent/pr136-fail-closed-cross-engine-numerics,4f1f8cc03d3ff319ccc0d586f9503523e597a4f7,1,PR-136: Fail closed on invalid engine numerics,https://github.com/cosmosapjw-quantum/htt_base/pull/287,failed_or_nonaccepting_publication_attempt
288,false,closed,true,agent/pr136-fail-closed-cross-engine-numerics,agent/pr136-validate-engine-result-shape,58ed579ee610bd5d170e940e3b7956c8a81ae904,1,PR-136: Validate engine result shape,https://github.com/cosmosapjw-quantum/htt_base/pull/288,failed_or_nonaccepting_publication_attempt
289,false,closed,true,agent/pr136-validate-engine-result-shape,agent/pr136-require-set-valued-fields,81921308f5aba357f5ed76d69bbb9d47bc28c517,1,PR-136: Require set-valued artifact fields,https://github.com/cosmosapjw-quantum/htt_base/pull/289,failed_or_nonaccepting_publication_attempt
290,false,closed,true,agent/pr136-require-set-valued-fields,agent/pr136-preserve-projection-status,2762316b999290203b5fdbcf45c08e4b80a4ccab,1,PR-136: Preserve projection failure status,https://github.com/cosmosapjw-quantum/htt_base/pull/290,failed_or_nonaccepting_publication_attempt
291,false,closed,true,agent/pr136-preserve-projection-status,agent/pr136-validate-subvector-axes,86b6f44649cd2100135b523674741777977df1de,1,PR-136: Validate subvector axes,https://github.com/cosmosapjw-quantum/htt_base/pull/291,failed_or_nonaccepting_publication_attempt
292,false,closed,true,agent/pr136-validate-subvector-axes,agent/pr136-protect-unbounded-admissible-pin,fec2cf910287ce46f0d50b22dc40563813f1c8d8,1,PR-136: Protect unbounded admissible pins,https://github.com/cosmosapjw-quantum/htt_base/pull/292,failed_or_nonaccepting_publication_attempt
293,false,closed,true,agent/pr136-protect-unbounded-admissible-pin,agent/pr136-freeze-admissible-box,33f39f5d17fa267c53d237e93944f9dbfa01415e,1,PR-136: Freeze admissible box bounds,https://github.com/cosmosapjw-quantum/htt_base/pull/293,failed_or_nonaccepting_publication_attempt
294,false,closed,true,agent/pr136-freeze-admissible-box,agent/pr136-validate-admissible-box-domain,e03ecb1065d86ed4e888fc5f6da1d8eefdfd3421,1,PR-136: Validate admissible box domain,https://github.com/cosmosapjw-quantum/htt_base/pull/294,failed_or_nonaccepting_publication_attempt
295,false,closed,true,agent/pr136-validate-admissible-box-domain,agent/pr136-validate-proposed-box-axes,50e5a6aff6312ccd985417b69775f1014da58849,1,PR-136: Validate proposed box axes,https://github.com/cosmosapjw-quantum/htt_base/pull/295,failed_or_nonaccepting_publication_attempt
296,false,closed,true,agent/pr136-validate-proposed-box-axes,agent/pr136-validate-constraint-point-arity,c64d5b4797cc038759414b80d0c21d504a880c68,1,PR-136: Validate constraint point arity,https://github.com/cosmosapjw-quantum/htt_base/pull/296,failed_or_nonaccepting_publication_attempt
297,false,closed,true,agent/pr136-validate-constraint-point-arity,agent/pr136-validate-numeric-envelope,0566b08efd8c09d5f701b0813189bf193baa1b85,1,PR-136: Validate numeric engine envelope,https://github.com/cosmosapjw-quantum/htt_base/pull/297,failed_or_nonaccepting_publication_attempt
298,false,closed,true,agent/pr136-validate-numeric-envelope,agent/pr136-validate-solver-outcomes,037a5b5259586d8a37818fc8f911aa24a8d9f868,1,PR-136: Validate solver outcomes,https://github.com/cosmosapjw-quantum/htt_base/pull/298,failed_or_nonaccepting_publication_attempt
299,false,closed,true,agent/pr136-validate-solver-outcomes,agent/pr136-validate-semantic-status,9f901c381e3f675c42edfd5b7202f8945fc20403,1,PR-136: Validate semantic status inputs,https://github.com/cosmosapjw-quantum/htt_base/pull/299,failed_or_nonaccepting_publication_attempt
300,false,closed,true,research/pr04-multicomponent,agent/pr135-portable-check,216b466127106312d2cf706f92ecb4ce2494030f,1,PR-135: Make artifact check source-portable,https://github.com/cosmosapjw-quantum/htt_base/pull/300,failed_or_nonaccepting_publication_attempt
301,false,closed,true,agent/pr135-portable-check,agent/pr135-fail-closed-score-domain,250bba1ae45b4c80e6531bc415f9a6d2e5a9bd3a,1,PR-135: Fail closed on invalid rank scores,https://github.com/cosmosapjw-quantum/htt_base/pull/301,failed_or_nonaccepting_publication_attempt
302,false,closed,true,agent/pr135-fail-closed-score-domain,agent/pr135-validate-reported-p-domain,147b33c0f3d0b3d84f2ab1870136d789ee582798,1,PR-135: Validate reported p domain,https://github.com/cosmosapjw-quantum/htt_base/pull/302,failed_or_nonaccepting_publication_attempt
303,false,closed,true,agent/pr135-validate-reported-p-domain,agent/pr135-validate-null-count-domain,b800a17edaf2859d0ce01b24b866f20f9ec9433f,1,PR-135: Validate finite null count,https://github.com/cosmosapjw-quantum/htt_base/pull/303,failed_or_nonaccepting_publication_attempt
304,false,closed,true,agent/pr135-validate-null-count-domain,agent/pr135-validate-calibration-split,83843b5736b37a255d5b0578183954b331d4895e,1,PR-135: Validate calibration split identity,https://github.com/cosmosapjw-quantum/htt_base/pull/304,failed_or_nonaccepting_publication_attempt
305,false,closed,true,agent/pr135-validate-calibration-split,agent/pr135-validate-simulation-domain,7e7a17a6033663ec6a0149b39e76a9d7d9359de0,1,PR-135: Validate type-I simulation domain,https://github.com/cosmosapjw-quantum/htt_base/pull/305,failed_or_nonaccepting_publication_attempt
306,false,closed,true,agent/pr135-validate-simulation-domain,agent/pr135-bind-negative-control-gate,c5f91e1aa5f98f20b66de2a09b8014a8c8e159a0,1,PR-135: Bind negative control to floor gate,https://github.com/cosmosapjw-quantum/htt_base/pull/306,failed_or_nonaccepting_publication_attempt
307,false,closed,true,agent/pr135-bind-negative-control-gate,agent/pr135-preserve-runner-count-types,7a545a0757484ed2bbda4ffed8448d5172d4c4b0,1,PR-135: Preserve runner count types,https://github.com/cosmosapjw-quantum/htt_base/pull/307,failed_or_nonaccepting_publication_attempt
308,false,closed,true,agent/pr135-preserve-runner-count-types,agent/pr135-bind-estimator-contract,6f6d36a615dc9ec8aa9f2d1badaea848145a07d9,1,PR-135: Bind estimator metadata to implementation,https://github.com/cosmosapjw-quantum/htt_base/pull/308,failed_or_nonaccepting_publication_attempt
309,false,closed,true,agent/pr135-bind-estimator-contract,agent/pr135-bind-bit-generator,446ce6d6cc62a86d0b6d6e057a9a86ce211cb5f6,1,PR-135: Bind simulation generator metadata,https://github.com/cosmosapjw-quantum/htt_base/pull/309,failed_or_nonaccepting_publication_attempt
310,false,closed,true,research/pr04-multicomponent,agent/pr134-portable-check,b3fe36ae7cb244045cf65400299b02876ee0b71e,1,PR-134: Make artifact check source-portable,https://github.com/cosmosapjw-quantum/htt_base/pull/310,failed_or_nonaccepting_publication_attempt
311,false,closed,true,agent/pr134-portable-check,agent/pr134-validate-optional-metadata,2fe41d40ec3113b6ebc2e7a28b592d1eb8c23e61,1,PR-134: Validate optional contract metadata,https://github.com/cosmosapjw-quantum/htt_base/pull/311,failed_or_nonaccepting_publication_attempt
312,false,closed,true,agent/pr134-validate-optional-metadata,agent/pr134-reject-noncanonical-whitespace,f674496a03a688d11716f7ddbbbe0ec62d5d7b91,1,PR-134: Reject noncanonical contract whitespace,https://github.com/cosmosapjw-quantum/htt_base/pull/312,failed_or_nonaccepting_publication_attempt
313,false,closed,true,agent/pr134-reject-noncanonical-whitespace,agent/pr134-reject-duplicate-contracts,167606f09d8f49dbfa9c2ccaceefa51d8ce40fae,1,PR-134: Reject duplicate representative contracts,https://github.com/cosmosapjw-quantum/htt_base/pull/313,failed_or_nonaccepting_publication_attempt
314,false,closed,true,agent/pr134-reject-duplicate-contracts,agent/pr134-bind-required-fields,bf69a9fd81a280df791e905d123923b6732b268d,1,PR-134: Bind required fields to production,https://github.com/cosmosapjw-quantum/htt_base/pull/314,failed_or_nonaccepting_publication_attempt
315,false,closed,true,agent/pr134-bind-required-fields,agent/pr134-bind-generative-branches,40e84137dcca8647ca01bd94da998889c4e75086,1,PR-134: Bind generative branches to production,https://github.com/cosmosapjw-quantum/htt_base/pull/315,failed_or_nonaccepting_publication_attempt
316,false,closed,true,agent/pr134-bind-generative-branches,agent/pr134-enforce-representative-set,540ebd4a0feb286101ca33c70f3fbc14b606882f,1,PR-134: Enforce representative contract set,https://github.com/cosmosapjw-quantum/htt_base/pull/316,failed_or_nonaccepting_publication_attempt
317,false,closed,true,agent/pr133-validate-boost-removed-flag,agent/pr133-freeze-equivalence-edges,6cbba3c4204ffcde471b55bca8b94093ecdb0d80,1,PR-133: Freeze equivalence edge registry,https://github.com/cosmosapjw-quantum/htt_base/pull/317,failed_or_nonaccepting_publication_attempt
318,false,closed,true,agent/pr133-freeze-equivalence-edges,agent/pr133-truncate-ladder-evidence,340a16019da5bdb1e9a62937d53577c61b3f1e5a,1,PR-133: Truncate ladder evidence at gaps,https://github.com/cosmosapjw-quantum/htt_base/pull/318,failed_or_nonaccepting_publication_attempt
319,false,closed,true,agent/pr133-truncate-ladder-evidence,agent/pr133-validate-collinear-axes,58a9d099d517f8e1a3e4bbd2ad468f49753e3692,1,PR-133: Validate collinear response axes,https://github.com/cosmosapjw-quantum/htt_base/pull/319,failed_or_nonaccepting_publication_attempt
320,false,closed,true,agent/pr133-validate-collinear-axes,agent/pr133-validate-aligned-exception,fab47919981a06cf81f34e8fd1cdaf1eec2eed96,1,PR-133: Validate aligned exception payloads,https://github.com/cosmosapjw-quantum/htt_base/pull/320,failed_or_nonaccepting_publication_attempt
321,false,closed,true,agent/pr133-validate-aligned-exception,agent/pr133-reject-boolean-quantities,1c7e14b87eebdecda2c7ba0f1240847e5b74585d,1,PR-133: Reject boolean quantity values,https://github.com/cosmosapjw-quantum/htt_base/pull/321,failed_or_nonaccepting_publication_attempt
322,false,closed,true,agent/pr133-reject-boolean-quantities,agent/pr133-validate-provenance-type,f8260307a2709e8249aae2b9287d0de676b3352f,1,PR-133: Validate provenance string type,https://github.com/cosmosapjw-quantum/htt_base/pull/322,failed_or_nonaccepting_publication_attempt
323,false,closed,true,agent/pr133-validate-provenance-type,agent/pr133-validate-beta-order-type,1e55ae4832250a9fdcc2b8fd2d30459b3cebb14e,1,PR-133: Validate beta order type,https://github.com/cosmosapjw-quantum/htt_base/pull/323,failed_or_nonaccepting_publication_attempt
324,false,closed,true,agent/pr133-validate-beta-order-type,agent/pr133-enforce-type-registry-set,796f1d24d0cedaa92552e65d5d9a990b49416051,1,PR-133: Enforce typed quantity registry set,https://github.com/cosmosapjw-quantum/htt_base/pull/324,failed_or_nonaccepting_publication_attempt
325,false,closed,true,agent/pr133-enforce-type-registry-set,agent/pr133-bind-boost-order-labels,97a548b786db46c883e4fe69789728ae21cbad6a,1,PR-133: Bind boost labels to derivation,https://github.com/cosmosapjw-quantum/htt_base/pull/325,failed_or_nonaccepting_publication_attempt
326,false,closed,true,agent/pr133-bind-boost-order-labels,agent/pr133-bind-deprojection-formula,df6bf14e835e20c00a6f6913c010deeb85a8169a,1,PR-133: Bind deprojection formula,https://github.com/cosmosapjw-quantum/htt_base/pull/326,failed_or_nonaccepting_publication_attempt
327,false,closed,true,agent/pr133-bind-deprojection-formula,agent/pr133-bind-analytic-rank,b23e6bedb5c9e1558524a45eb594a99fc702b275,1,PR-133: Bind analytic rank to response map,https://github.com/cosmosapjw-quantum/htt_base/pull/327,failed_or_nonaccepting_publication_attempt
328,false,closed,true,agent/pr132-enforce-report-domain,agent/pr132-reject-noop-domain-renames,4640ba0fb212aa5f6cfee9ccd64e9309de40e9f1,1,PR-132: Reject no-op domain renames,https://github.com/cosmosapjw-quantum/htt_base/pull/328,failed_or_nonaccepting_publication_attempt
329,false,closed,true,agent/pr132-reject-noop-domain-renames,agent/pr132-reject-reversed-proof-boxes,35bf3ccd4b1be0caa3533219acf45e4094096e82,1,PR-132: Reject reversed proof boxes,https://github.com/cosmosapjw-quantum/htt_base/pull/329,failed_or_nonaccepting_publication_attempt
330,false,closed,true,agent/pr132-reject-reversed-proof-boxes,agent/pr132-validate-budget-component-types,2f1f9ee61324472192087bb376f6eff055a5e388,1,PR-132: Validate budget component types,https://github.com/cosmosapjw-quantum/htt_base/pull/330,failed_or_nonaccepting_publication_attempt
331,false,closed,true,agent/pr132-validate-budget-component-types,agent/pr132-enforce-unquantified-model-form,3cadea65c26ee3e77c8f55b8dd261e42802224c3,1,PR-132: Preserve unquantified model form,https://github.com/cosmosapjw-quantum/htt_base/pull/331,failed_or_nonaccepting_publication_attempt
332,false,closed,true,agent/pr132-enforce-unquantified-model-form,agent/pr132-reject-boolean-domain-values,95abbacd06517ab6b4a3d191546a84e0e7403bb1,1,PR-132: Reject boolean domain values,https://github.com/cosmosapjw-quantum/htt_base/pull/332,failed_or_nonaccepting_publication_attempt
333,false,closed,true,agent/pr131-reject-empty-fd-probes,agent/pr131-reject-nonpositive-fd-probes,2b9ad331229c4a4fa819cb77e25538397f41c049,1,PR-131: Reject nonpositive finite-difference probes,https://github.com/cosmosapjw-quantum/htt_base/pull/333,failed_or_nonaccepting_publication_attempt
334,false,closed,true,agent/pr131-reject-nonpositive-fd-probes,agent/pr131-require-positive-fd-seed,708587715b224ba3d5afce0c0f805d43f3460e0c,1,PR-131: Require a positive finite-difference seed,https://github.com/cosmosapjw-quantum/htt_base/pull/334,failed_or_nonaccepting_publication_attempt
335,false,closed,true,agent/pr130-scale-fractional-sky-tail,agent/pr130-revalidate-factorization-records,7544317de959def62b4a6ba372f6cff42f42a411,1,PR-130: Revalidate factorization records on claim use,https://github.com/cosmosapjw-quantum/htt_base/pull/335,failed_or_nonaccepting_publication_attempt
336,false,closed,true,agent/pr129-reject-undersized-mc,agent/pr129-bind-mc-to-estimator-structure,cb76dca70dacfefc1b3ac74b968e81a28e8eb5c0,1,PR-129: Bind Monte Carlo to estimator structure,https://github.com/cosmosapjw-quantum/htt_base/pull/336,failed_or_nonaccepting_publication_attempt
337,false,closed,true,agent/pr128-reject-numeric-placeholder-alias,agent/pr128-validate-consensus-endpoints,fdc95383b09a23e78188fc31b70fd9e63bcd611d,1,PR-128: Validate consensus bracket endpoints,https://github.com/cosmosapjw-quantum/htt_base/pull/337,failed_or_nonaccepting_publication_attempt
338,false,closed,true,research/pr04-multicomponent,agent/pr127-decouple-maintained-source-hash,b36d3ff8920662225c4eba814c8a8af2915d8ee3,1,PR-127: Decouple maintained source hash from frozen evidence,https://github.com/cosmosapjw-quantum/htt_base/pull/338,failed_or_nonaccepting_publication_attempt
339,false,closed,true,agent/pr127-decouple-maintained-source-hash,agent/pr127-reject-boolean-physical-inputs,315de9c216f52247136a9b6b5f3f56f1367080df,1,PR-127: Reject boolean physical inputs,https://github.com/cosmosapjw-quantum/htt_base/pull/339,failed_or_nonaccepting_publication_attempt
340,false,closed,true,agent/pr126-reject-extra-forward-premises,agent/pr126-bind-registered-forward-theorem,54ad3e6ff5f9309085124a9f6c0954f714f8f80a,1,PR-126: Bind claims to the registered forward theorem,https://github.com/cosmosapjw-quantum/htt_base/pull/340,failed_or_nonaccepting_publication_attempt
341,false,closed,true,agent/pr125-review-homogeneous-backgrounds,agent/pr125-preserve-reproduction-boolean-type,0793041779a5f0172a6005e8a20ecafc34153163,1,PR-125: Preserve reproduction mode type on load,https://github.com/cosmosapjw-quantum/htt_base/pull/341,failed_or_nonaccepting_publication_attempt
342,false,closed,true,agent/pr124-block-historical-cas-authority,agent/pr124-reject-malformed-d2-values,2fdabc86f4ac3e9722e10564fa380a55362d169f,1,PR-124: Reject malformed D2 receipt values,https://github.com/cosmosapjw-quantum/htt_base/pull/342,failed_or_nonaccepting_publication_attempt
343,false,closed,true,agent/pr124-reject-malformed-d2-values,agent/pr124-use-invoking-python,5f6a4da99cd601783db9ae78f18a2103732bc9a5,1,PR-124: Use the invoking Python for child checks,https://github.com/cosmosapjw-quantum/htt_base/pull/343,failed_or_nonaccepting_publication_attempt
344,false,closed,true,agent/pr123-decouple-historical-source-hashes,agent/pr123-bind-consumer-inventory,768c8de34991e1516eef45d6e38758ca2d1d4ea6,1,PR-123: Bind K6 consumer verdicts to inventory,https://github.com/cosmosapjw-quantum/htt_base/pull/344,failed_or_nonaccepting_publication_attempt
345,false,closed,true,agent/pr123-bind-consumer-inventory,agent/pr122-reject-evidence-path-aliases,ef7580c4a81a89d0224179b457008807f6b73c3f,1,PR-122: Reject evidence path aliases,https://github.com/cosmosapjw-quantum/htt_base/pull/345,failed_or_nonaccepting_publication_attempt
346,false,closed,true,agent/fix-clean-wheel-receipt-coupling,agent/pr121-reject-archive-path-aliases,c507b9771ce70b2ab04faad92766a4c074fb8de2,1,PR-121: Reject archive path aliases,https://github.com/cosmosapjw-quantum/htt_base/pull/346,failed_or_nonaccepting_publication_attempt
347,false,closed,true,agent/pr120-decouple-active-scan-from-local-archive,agent/pr120-bind-figure-output-path,6fbfe7c65e5c88d211511ae7c8ed201171fe97e6,1,PR-120 follow-up: bind figure quarantine identity to output path,https://github.com/cosmosapjw-quantum/htt_base/pull/347,failed_or_nonaccepting_publication_attempt
348,false,closed,true,agent/pr120-bind-figure-output-path,agent/pr121-scope-root-ownership-check,83069e75cceddb88352bce2f5df0deb7071d42b8,1,PR-121 follow-up: scope root ownership freeze to production modules,https://github.com/cosmosapjw-quantum/htt_base/pull/348,failed_or_nonaccepting_publication_attempt
349,false,closed,true,agent/pr119-decouple-intake-snapshot,agent/pr119-bind-receipt-pointer,35d8c130b88c586a1d899d6585a1047894411bd8,1,PR-119 follow-up: bind process receipt pointers to owning PR,https://github.com/cosmosapjw-quantum/htt_base/pull/349,failed_or_nonaccepting_publication_attempt
350,false,closed,true,agent/pr118-validate-frozen-seal-tree,agent/pr118-contain-sealed-input-paths,a1972debade8b730244f4b2c5699554365e38bb5,1,PR-118: contain sealed input paths,https://github.com/cosmosapjw-quantum/htt_base/pull/350,failed_or_nonaccepting_publication_attempt
351,false,closed,true,agent/pr118-contain-sealed-input-paths,agent/pr117-bind-receipt-outcomes,7910b242dce52daa4cb93dd0e17f45a6e9fce68f,1,PR-117: bind execution receipt outcomes,https://github.com/cosmosapjw-quantum/htt_base/pull/351,failed_or_nonaccepting_publication_attempt
352,false,closed,true,agent/pr116-bind-receipt-root-hashes,agent/pr116-bind-receipt-input-hashes,d38bdc4f48b1c95c42b10bebda24dc1730654983,1,PR-116: bind receipt input hashes,https://github.com/cosmosapjw-quantum/htt_base/pull/352,failed_or_nonaccepting_publication_attempt
353,false,closed,true,agent/pr116-bind-receipt-input-hashes,agent/pr115-reject-empty-claim-set,0243227d8df113aac20cb3c48274ff33a3f457e4,1,PR-115: reject empty public claim sets,https://github.com/cosmosapjw-quantum/htt_base/pull/353,failed_or_nonaccepting_publication_attempt
354,false,closed,true,agent/pr115-reject-empty-claim-set,agent/pr114-canonicalize-archive-paths,ee004e9dc45739234c01c141f090ab149c8399ee,1,PR-114: reject noncanonical audit archive paths,https://github.com/cosmosapjw-quantum/htt_base/pull/354,failed_or_nonaccepting_publication_attempt
355,false,closed,true,agent/pr112-use-active-python,agent/pr111-detect-staged-worktree-state,eb37b31284101a85beaac7f35e3ae50c0fbe445f,1,PR-111: detect staged result-pack worktrees,https://github.com/cosmosapjw-quantum/htt_base/pull/355,failed_or_nonaccepting_publication_attempt
356,false,closed,true,agent/pr111-detect-staged-worktree-state,agent/pr110-reuse-stored-worktree-state,c9d0b8a99d3a17e719a10f75f8e6847cc5e8bdc0,1,PR-110: stabilize repo-local result-pack checks,https://github.com/cosmosapjw-quantum/htt_base/pull/356,failed_or_nonaccepting_publication_attempt
357,false,closed,true,agent/pr100-101-reject-invalid-cone-widths,agent/pr100-reject-invalid-isotropy-pvalues,126921d0e74e2144ac0259663de21ca8f94d73fc,1,PR-100: reject invalid isotropy p-values,https://github.com/cosmosapjw-quantum/htt_base/pull/357,failed_or_nonaccepting_publication_attempt
358,false,closed,true,agent/pr052-review-normalized-score,agent/pr031-block-hard-failure-ceiling,c374039193d7311192aaaba750e6f6679d3d22ef,1,PR-031: block hard-failure semantic ceilings,https://github.com/cosmosapjw-quantum/htt_base/pull/358,failed_or_nonaccepting_publication_attempt
359,true,closed,false,research/pr04-multicomponent,changeset/pr247-publication-integrity-p0,b97e68d604152a5ac1807b14c178bfdc7b3cf0f6,1,PR-247: enforce change-set publication integrity,https://github.com/cosmosapjw-quantum/htt_base/pull/359,accepted_target_history
360,true,closed,false,research/pr04-multicomponent,changeset/pr248-252-stat-foundations,3b0e849b7008b085a2322099b2ba438b0a0d932b,32,Changeset/pr248 252 stat foundations,https://github.com/cosmosapjw-quantum/htt_base/pull/360,accepted_target_history
361,true,closed,false,research/pr04-multicomponent,changeset/pr253-premise-anchor,c998f2ceacfeb4154b06e062fbeee4fcadac9dd8,8,Changeset/pr253 premise anchor,https://github.com/cosmosapjw-quantum/htt_base/pull/361,accepted_target_history
362,true,closed,false,research/pr04-multicomponent,changeset/pr254-normalizer-anchor,8aa8d7357e9dce80e54b0b0197fe71365a771f02,1,PR-254: add typed anchor geometry benchmark,https://github.com/cosmosapjw-quantum/htt_base/pull/362,accepted_target_history
363,true,closed,false,research/pr04-multicomponent,changeset/pr255-anchored-response-geometry,d70ad4c7f30bf953f036319e2262ef151862fde1,1,PR-255: add anchored response geometry diagnostics,https://github.com/cosmosapjw-quantum/htt_base/pull/363,accepted_target_history
364,true,closed,false,research/pr04-multicomponent,changeset/pr256-local-global-velocity,5867fae35b43321e66dfc8ab8ad5567e467b9142,1,PR-256: separate local and global velocity responses,https://github.com/cosmosapjw-quantum/htt_base/pull/364,accepted_target_history
365,true,closed,false,research/pr04-multicomponent,changeset/pr257-low-ell-morphology,b7768dabf1daef4a7151203dc2d12ba85f4524ea,2,PR-257: add matched low-ell morphology benchmark,https://github.com/cosmosapjw-quantum/htt_base/pull/365,accepted_target_history
366,true,closed,false,research/pr04-multicomponent,changeset/pr258-open-set-integration,926ae2de5039b9ff2488b61317615fa67858bc73,1,PR-258: add open-set response integration,https://github.com/cosmosapjw-quantum/htt_base/pull/366,accepted_target_history
367,true,closed,false,research/pr04-multicomponent,changeset/pr275-proof-atlas-report-v2,6bafca66285ef071081453313bb7d2d6b261599c,94,Changeset/pr275 proof atlas report v2,https://github.com/cosmosapjw-quantum/htt_base/pull/367,accepted_target_history

