[#b7eb6c 315MiB/9.9GiB(3%) CN:8 DL:0B]
[#b7eb6c 315MiB/9.9GiB(3%) CN:8 DL:633KiB ETA:4h25m9s]
[#b7eb6c 317MiB/9.9GiB(3%) CN:8 DL:1.5MiB ETA:1h47m41s]
[#b7eb6c 319MiB/9.9GiB(3%) CN:8 DL:1.6MiB ETA:1h38m45s]
[#b7eb6c 321MiB/9.9GiB(3%) CN:8 DL:1.8MiB ETA:1h30m36s]
[#b7eb6c 323MiB/9.9GiB(3%) CN:8 DL:1.8MiB ETA:1h28m41s]
[#b7eb6c 325MiB/9.9GiB(3%) CN:8 DL:1.9MiB ETA:1h25m25s]
[#b7eb6c 327MiB/9.9GiB(3%) CN:8 DL:1.9MiB ETA:1h26m8s]
[#b7eb6c 329MiB/9.9GiB(3%) CN:8 DL:1.9MiB ETA:1h24m26s]
[#b7eb6c 331MiB/9.9GiB(3%) CN:8 DL:1.9MiB ETA:1h23m33s]
[#b7eb6c 333MiB/9.9GiB(3%) CN:8 DL:1.9MiB ETA:1h22m50s]
[#b7eb6c 335MiB/9.9GiB(3%) CN:8 DL:2.0MiB ETA:1h19m11s]
[#b7eb6c 338MiB/9.9GiB(3%) CN:8 DL:2.1MiB ETA:1h17m38s]
[#b7eb6c 340MiB/9.9GiB(3%) CN:8 DL:2.1MiB ETA:1h17m13s]
[#b7eb6c 342MiB/9.9GiB(3%) CN:8 DL:2.1MiB ETA:1h16m57s]
[#b7eb6c 344MiB/9.9GiB(3%) CN:8 DL:2.1MiB ETA:1h16m10s]
[#b7eb6c 346MiB/9.9GiB(3%) CN:8 DL:2.1MiB ETA:1h16m30s]
[#b7eb6c 348MiB/9.9GiB(3%) CN:8 DL:2.1MiB ETA:1h15m37s]
[#b7eb6c 350MiB/9.9GiB(3%) CN:8 DL:2.1MiB ETA:1h15m40s]
[#b7eb6c 353MiB/9.9GiB(3%) CN:8 DL:2.1MiB ETA:1h15m32s]
[#b7eb6c 355MiB/9.9GiB(3%) CN:8 DL:2.1MiB ETA:1h15m24s]
[#b7eb6c 357MiB/9.9GiB(3%) CN:8 DL:2.1MiB ETA:1h15m23s]
[#b7eb6c 359MiB/9.9GiB(3%) CN:8 DL:2.1MiB ETA:1h15m32s]
[#b7eb6c 361MiB/9.9GiB(3%) CN:8 DL:2.1MiB ETA:1h16m32s]
[#b7eb6c 362MiB/9.9GiB(3%) CN:8 DL:2.0MiB ETA:1h21m7s]
[#b7eb6c 364MiB/9.9GiB(3%) CN:8 DL:1.9MiB ETA:1h24m39s]
[#b7eb6c 365MiB/9.9GiB(3%) CN:8 DL:1.9MiB ETA:1h25m24s]
[#b7eb6c 368MiB/9.9GiB(3%) CN:8 DL:1.9MiB ETA:1h24m49s]
[#b7eb6c 370MiB/9.9GiB(3%) CN:8 DL:1.9MiB ETA:1h25m18s]
[#b7eb6c 372MiB/9.9GiB(3%) CN:8 DL:1.9MiB ETA:1h24m21s]
[#b7eb6c 374MiB/9.9GiB(3%) CN:8 DL:1.9MiB ETA:1h25m16s]
[#b7eb6c 376MiB/9.9GiB(3%) CN:8 DL:1.9MiB ETA:1h24m30s]
[#b7eb6c 378MiB/9.9GiB(3%) CN:8 DL:1.8MiB ETA:1h25m42s]
[#b7eb6c 381MiB/9.9GiB(3%) CN:8 DL:2.0MiB ETA:1h19m19s]
[#b7eb6c 383MiB/9.9GiB(3%) CN:8 DL:2.1MiB ETA:1h16m32s]
[#b7eb6c 385MiB/9.9GiB(3%) CN:8 DL:2.1MiB ETA:1h14m5s]
[#b7eb6c 387MiB/9.9GiB(3%) CN:8 DL:2.1MiB ETA:1h16m29s]
[#b7eb6c 389MiB/9.9GiB(3%) CN:8 DL:2.1MiB ETA:1h14m13s]
[#b7eb6c 391MiB/9.9GiB(3%) CN:8 DL:2.1MiB ETA:1h16m20s]
[#b7eb6c 394MiB/9.9GiB(3%) CN:8 DL:2.2MiB ETA:1h13m51s]
[#b7eb6c 395MiB/9.9GiB(3%) CN:8 DL:2.1MiB ETA:1h16m21s]
[#b7eb6c 398MiB/9.9GiB(3%) CN:8 DL:2.1MiB ETA:1h15m10s]
[#b7eb6c 400MiB/9.9GiB(3%) CN:8 DL:2.1MiB ETA:1h15m2s]
[#b7eb6c 402MiB/9.9GiB(3%) CN:8 DL:2.1MiB ETA:1h16m15s]
[#b7eb6c 405MiB/9.9GiB(3%) CN:8 DL:2.1MiB ETA:1h15m2s]
[#b7eb6c 407MiB/9.9GiB(4%) CN:8 DL:2.2MiB ETA:1h13m46s]
[#b7eb6c 409MiB/9.9GiB(4%) CN:8 DL:2.1MiB ETA:1h14m43s]
[#b7eb6c 411MiB/9.9GiB(4%) CN:8 DL:2.2MiB ETA:1h13m33s]
[#b7eb6c 413MiB/9.9GiB(4%) CN:8 DL:2.1MiB ETA:1h14m23s]
[#b7eb6c 415MiB/9.9GiB(4%) CN:8 DL:2.1MiB ETA:1h14m14s]
[#b7eb6c 418MiB/9.9GiB(4%) CN:8 DL:2.2MiB ETA:1h13m32s]
[#b7eb6c 420MiB/9.9GiB(4%) CN:8 DL:2.2MiB ETA:1h13m27s]
[#b7eb6c 422MiB/9.9GiB(4%) CN:8 DL:2.2MiB ETA:1h12m51s]
[#b7eb6c 424MiB/9.9GiB(4%) CN:8 DL:2.2MiB ETA:1h13m36s]
[#b7eb6c 427MiB/9.9GiB(4%) CN:8 DL:2.2MiB ETA:1h13m18s]
[#b7eb6c 429MiB/9.9GiB(4%) CN:8 DL:2.2MiB ETA:1h13m9s]
[#b7eb6c 431MiB/9.9GiB(4%) CN:8 DL:2.1MiB ETA:1h13m59s]
[#b7eb6c 433MiB/9.9GiB(4%) CN:8 DL:2.2MiB ETA:1h12m39s]
[#b7eb6c 435MiB/9.9GiB(4%) CN:8 DL:2.2MiB ETA:1h11m43s]
[#b7eb6c 438MiB/9.9GiB(4%) CN:8 DL:2.2MiB ETA:1h11m26s]
 *** Download Progress Summary as of Sun Sep 13 12:10:57 2026 *** 
===============================================================================
[#b7eb6c 440MiB/9.9GiB(4%) CN:8 DL:2.2MiB ETA:1h12m32s]
FILE: /home/cosmosapjw/.cache/htt-r9/sdss_pv_zenodo_6824749/mocks.tar.gz.partial
-------------------------------------------------------------------------------

[#b7eb6c 440MiB/9.9GiB(4%) CN:8 DL:2.2MiB ETA:1h12m32s]
[#b7eb6c 442MiB/9.9GiB(4%) CN:8 DL:2.2MiB ETA:1h12m28s]
[#b7eb6c 444MiB/9.9GiB(4%) CN:8 DL:2.2MiB ETA:1h12m58s]
[#b7eb6c 447MiB/9.9GiB(4%) CN:8 DL:2.2MiB ETA:1h12m12s]
[#b7eb6c 449MiB/9.9GiB(4%) CN:8 DL:2.2MiB ETA:1h13m9s]
[#b7eb6c 451MiB/9.9GiB(4%) CN:8 DL:2.2MiB ETA:1h12m7s]
[#b7eb6c 453MiB/9.9GiB(4%) CN:8 DL:2.2MiB ETA:1h11m15s]
[#b7eb6c 456MiB/9.9GiB(4%) CN:8 DL:2.2MiB ETA:1h12m13s]
[#b7eb6c 458MiB/9.9GiB(4%) CN:8 DL:2.2MiB ETA:1h11m49s]
[#b7eb6c 460MiB/9.9GiB(4%) CN:8 DL:2.2MiB ETA:1h12m46s]
[#b7eb6c 462MiB/9.9GiB(4%) CN:8 DL:2.2MiB ETA:1h12m31s]
[#b7eb6c 464MiB/9.9GiB(4%) CN:8 DL:2.2MiB ETA:1h13m5s]
[#b7eb6c 467MiB/9.9GiB(4%) CN:8 DL:2.2MiB ETA:1h11m17s]
[#b7eb6c 469MiB/9.9GiB(4%) CN:8 DL:2.2MiB ETA:1h12m37s]
[#b7eb6c 471MiB/9.9GiB(4%) CN:8 DL:2.2MiB ETA:1h12m28s]
[#b7eb6c 473MiB/9.9GiB(4%) CN:8 DL:2.2MiB ETA:1h12m32s]
[#b7eb6c 475MiB/9.9GiB(4%) CN:8 DL:2.2MiB ETA:1h12m39s]
[#b7eb6c 478MiB/9.9GiB(4%) CN:8 DL:2.2MiB ETA:1h12m51s]
[#b7eb6c 480MiB/9.9GiB(4%) CN:8 DL:2.2MiB ETA:1h12m42s]
[#b7eb6c 482MiB/9.9GiB(4%) CN:8 DL:2.2MiB ETA:1h12m9s]
[#b7eb6c 484MiB/9.9GiB(4%) CN:8 DL:2.2MiB ETA:1h12m41s]
[#b7eb6c 486MiB/9.9GiB(4%) CN:8 DL:2.2MiB ETA:1h12m3s]
[#b7eb6c 489MiB/9.9GiB(4%) CN:8 DL:2.2MiB ETA:1h11m49s]
[#b7eb6c 491MiB/9.9GiB(4%) CN:8 DL:2.1MiB ETA:1h13m22s]
[#b7eb6c 493MiB/9.9GiB(4%) CN:8 DL:2.2MiB ETA:1h12m39s]
[#b7eb6c 495MiB/9.9GiB(4%) CN:8 DL:2.2MiB ETA:1h11m16s]
[#b7eb6c 497MiB/9.9GiB(4%) CN:8 DL:2.1MiB ETA:1h13m48s]
[#b7eb6c 500MiB/9.9GiB(4%) CN:8 DL:2.2MiB ETA:1h12m22s]
[#b7eb6c 502MiB/9.9GiB(4%) CN:8 DL:2.2MiB ETA:1h12m13s]
[#b7eb6c 504MiB/9.9GiB(4%) CN:8 DL:2.2MiB ETA:1h12m11s]
[#b7eb6c 506MiB/9.9GiB(4%) CN:8 DL:2.2MiB ETA:1h12m6s]
[#b7eb6c 509MiB/9.9GiB(5%) CN:8 DL:2.2MiB ETA:1h11m29s]
[#b7eb6c 511MiB/9.9GiB(5%) CN:8 DL:2.2MiB ETA:1h12m53s]
[#b7eb6c 513MiB/9.9GiB(5%) CN:8 DL:2.2MiB ETA:1h12m20s]
[#b7eb6c 515MiB/9.9GiB(5%) CN:8 DL:2.2MiB ETA:1h12m2s]
[#b7eb6c 517MiB/9.9GiB(5%) CN:8 DL:2.2MiB ETA:1h11m49s]
[#b7eb6c 520MiB/9.9GiB(5%) CN:8 DL:2.2MiB ETA:1h12m]
[#b7eb6c 522MiB/9.9GiB(5%) CN:8 DL:2.2MiB ETA:1h12m8s]
[#b7eb6c 524MiB/9.9GiB(5%) CN:8 DL:2.2MiB ETA:1h11m10s]
[#b7eb6c 526MiB/9.9GiB(5%) CN:8 DL:2.2MiB ETA:1h12m5s]
[#b7eb6c 528MiB/9.9GiB(5%) CN:8 DL:2.2MiB ETA:1h12m12s]
[#b7eb6c 531MiB/9.9GiB(5%) CN:8 DL:2.2MiB ETA:1h12m3s]
[#b7eb6c 532MiB/9.9GiB(5%) CN:8 DL:2.1MiB ETA:1h13m31s]
[#b7eb6c 535MiB/9.9GiB(5%) CN:8 DL:2.2MiB ETA:1h10m49s]
[#b7eb6c 537MiB/9.9GiB(5%) CN:8 DL:2.1MiB ETA:1h13m8s]
[#b7eb6c 539MiB/9.9GiB(5%) CN:8 DL:2.2MiB ETA:1h12m12s]
[#b7eb6c 542MiB/9.9GiB(5%) CN:8 DL:2.2MiB ETA:1h12m]
[#b7eb6c 544MiB/9.9GiB(5%) CN:8 DL:2.2MiB ETA:1h12m13s]
[#b7eb6c 546MiB/9.9GiB(5%) CN:8 DL:2.2MiB ETA:1h12m23s]
[#b7eb6c 548MiB/9.9GiB(5%) CN:8 DL:2.2MiB ETA:1h12m20s]
[#b7eb6c 550MiB/9.9GiB(5%) CN:8 DL:2.2MiB ETA:1h11m31s]
[#b7eb6c 552MiB/9.9GiB(5%) CN:8 DL:2.1MiB ETA:1h14m6s]
[#b7eb6c 555MiB/9.9GiB(5%) CN:8 DL:2.2MiB ETA:1h12m24s]
[#b7eb6c 557MiB/9.9GiB(5%) CN:8 DL:2.2MiB ETA:1h11m34s]
[#b7eb6c 559MiB/9.9GiB(5%) CN:8 DL:2.2MiB ETA:1h11m52s]
[#b7eb6c 561MiB/9.9GiB(5%) CN:8 DL:2.2MiB ETA:1h11m36s]
[#b7eb6c 564MiB/9.9GiB(5%) CN:8 DL:2.2MiB ETA:1h11m51s]
[#b7eb6c 566MiB/9.9GiB(5%) CN:8 DL:2.2MiB ETA:1h11m40s]
[#b7eb6c 568MiB/9.9GiB(5%) CN:8 DL:2.2MiB ETA:1h11m39s]
[#b7eb6c 570MiB/9.9GiB(5%) CN:8 DL:2.2MiB ETA:1h11m27s]
[#b7eb6c 573MiB/9.9GiB(5%) CN:8 DL:2.2MiB ETA:1h11m28s]
 *** Download Progress Summary as of Sun Sep 13 12:11:58 2026 *** 
===============================================================================
[#b7eb6c 575MiB/9.9GiB(5%) CN:8 DL:2.2MiB ETA:1h11m32s]
FILE: /home/cosmosapjw/.cache/htt-r9/sdss_pv_zenodo_6824749/mocks.tar.gz.partial
-------------------------------------------------------------------------------

[#b7eb6c 575MiB/9.9GiB(5%) CN:8 DL:2.2MiB ETA:1h11m32s]
[#b7eb6c 577MiB/9.9GiB(5%) CN:8 DL:2.2MiB ETA:1h11m34s]
[#b7eb6c 579MiB/9.9GiB(5%) CN:8 DL:2.1MiB ETA:1h12m59s]
[#b7eb6c 581MiB/9.9GiB(5%) CN:8 DL:2.1MiB ETA:1h12m46s]
[#b7eb6c 584MiB/9.9GiB(5%) CN:8 DL:2.2MiB ETA:1h11m56s]
[#b7eb6c 586MiB/9.9GiB(5%) CN:8 DL:2.2MiB ETA:1h11m47s]
[#b7eb6c 588MiB/9.9GiB(5%) CN:8 DL:2.1MiB ETA:1h12m44s]
[#b7eb6c 590MiB/9.9GiB(5%) CN:8 DL:2.1MiB ETA:1h12m58s]
[#b7eb6c 592MiB/9.9GiB(5%) CN:8 DL:2.1MiB ETA:1h12m46s]
[#b7eb6c 594MiB/9.9GiB(5%) CN:8 DL:2.1MiB ETA:1h13m13s]
[#b7eb6c 597MiB/9.9GiB(5%) CN:8 DL:2.1MiB ETA:1h12m43s]
[#b7eb6c 599MiB/9.9GiB(5%) CN:8 DL:2.2MiB ETA:1h11m17s]
[#b7eb6c 601MiB/9.9GiB(5%) CN:8 DL:2.1MiB ETA:1h12m23s]
[#b7eb6c 603MiB/9.9GiB(5%) CN:8 DL:2.1MiB ETA:1h12m34s]
[#b7eb6c 605MiB/9.9GiB(5%) CN:8 DL:2.1MiB ETA:1h12m44s]
[#b7eb6c 608MiB/9.9GiB(5%) CN:8 DL:2.1MiB ETA:1h12m57s]
[#b7eb6c 610MiB/9.9GiB(6%) CN:8 DL:2.2MiB ETA:1h12m5s]
[#b7eb6c 612MiB/9.9GiB(6%) CN:8 DL:2.2MiB ETA:1h12m1s]
[#b7eb6c 614MiB/9.9GiB(6%) CN:8 DL:2.2MiB ETA:1h12m]
[#b7eb6c 616MiB/9.9GiB(6%) CN:8 DL:2.2MiB ETA:1h12m6s]
[#b7eb6c 618MiB/9.9GiB(6%) CN:8 DL:2.2MiB ETA:1h12m10s]
[#b7eb6c 621MiB/9.9GiB(6%) CN:8 DL:2.2MiB ETA:1h11m50s]
[#b7eb6c 622MiB/9.9GiB(6%) CN:8 DL:2.1MiB ETA:1h13m10s]
[#b7eb6c 625MiB/9.9GiB(6%) CN:8 DL:2.2MiB ETA:1h11m43s]
[#b7eb6c 627MiB/9.9GiB(6%) CN:8 DL:2.2MiB ETA:1h11m23s]
[#b7eb6c 630MiB/9.9GiB(6%) CN:8 DL:2.2MiB ETA:1h11m16s]
[#b7eb6c 632MiB/9.9GiB(6%) CN:8 DL:2.2MiB ETA:1h11m25s]
[#b7eb6c 634MiB/9.9GiB(6%) CN:8 DL:2.2MiB ETA:1h11m22s]
[#b7eb6c 636MiB/9.9GiB(6%) CN:8 DL:2.2MiB ETA:1h11m15s]
[#b7eb6c 638MiB/9.9GiB(6%) CN:8 DL:2.2MiB ETA:1h11m10s]
[#b7eb6c 641MiB/9.9GiB(6%) CN:8 DL:2.2MiB ETA:1h11m17s]
[#b7eb6c 643MiB/9.9GiB(6%) CN:8 DL:2.2MiB ETA:1h9m17s]
[#b7eb6c 645MiB/9.9GiB(6%) CN:8 DL:2.2MiB ETA:1h9m22s]
[#b7eb6c 647MiB/9.9GiB(6%) CN:8 DL:2.2MiB ETA:1h11m13s]
[#b7eb6c 650MiB/9.9GiB(6%) CN:8 DL:2.2MiB ETA:1h11m10s]
[#b7eb6c 652MiB/9.9GiB(6%) CN:8 DL:2.2MiB ETA:1h11m16s]
[#b7eb6c 654MiB/9.9GiB(6%) CN:8 DL:2.1MiB ETA:1h11m58s]
[#b7eb6c 656MiB/9.9GiB(6%) CN:8 DL:2.2MiB ETA:1h11m15s]
[#b7eb6c 658MiB/9.9GiB(6%) CN:8 DL:2.2MiB ETA:1h11m38s]
[#b7eb6c 661MiB/9.9GiB(6%) CN:8 DL:2.2MiB ETA:1h11m]
[#b7eb6c 663MiB/9.9GiB(6%) CN:8 DL:2.2MiB ETA:1h11m8s]
[#b7eb6c 665MiB/9.9GiB(6%) CN:8 DL:2.2MiB ETA:1h10m58s]
[#b7eb6c 667MiB/9.9GiB(6%) CN:8 DL:2.2MiB ETA:1h11m5s]
[#b7eb6c 669MiB/9.9GiB(6%) CN:8 DL:2.2MiB ETA:1h11m41s]
[#b7eb6c 672MiB/9.9GiB(6%) CN:8 DL:2.2MiB ETA:1h11m12s]
[#b7eb6c 674MiB/9.9GiB(6%) CN:8 DL:2.2MiB ETA:1h11m20s]
[#b7eb6c 676MiB/9.9GiB(6%) CN:8 DL:2.2MiB ETA:1h11m25s]
[#b7eb6c 678MiB/9.9GiB(6%) CN:8 DL:2.2MiB ETA:1h11m22s]
[#b7eb6c 680MiB/9.9GiB(6%) CN:8 DL:2.2MiB ETA:1h11m21s]
[#b7eb6c 682MiB/9.9GiB(6%) CN:8 DL:2.2MiB ETA:1h11m10s]
[#b7eb6c 685MiB/9.9GiB(6%) CN:8 DL:2.2MiB ETA:1h11m32s]
[#b7eb6c 687MiB/9.9GiB(6%) CN:8 DL:2.1MiB ETA:1h11m53s]
[#b7eb6c 689MiB/9.9GiB(6%) CN:8 DL:2.2MiB ETA:1h11m18s]
[#b7eb6c 691MiB/9.9GiB(6%) CN:8 DL:2.2MiB ETA:1h11m22s]
[#b7eb6c 693MiB/9.9GiB(6%) CN:8 DL:2.2MiB ETA:1h11m10s]
[#b7eb6c 695MiB/9.9GiB(6%) CN:8 DL:2.1MiB ETA:1h13m19s]
[#b7eb6c 697MiB/9.9GiB(6%) CN:8 DL:2.1MiB ETA:1h13m41s]
[#b7eb6c 699MiB/9.9GiB(6%) CN:8 DL:2.0MiB ETA:1h16m6s]
[#b7eb6c 701MiB/9.9GiB(6%) CN:8 DL:2.0MiB ETA:1h16m14s]
[#b7eb6c 703MiB/9.9GiB(6%) CN:8 DL:2.0MiB ETA:1h16m55s]
[#b7eb6c 705MiB/9.9GiB(6%) CN:8 DL:2.0MiB ETA:1h16m34s]
 *** Download Progress Summary as of Sun Sep 13 12:12:58 2026 *** 
===============================================================================
[#b7eb6c 707MiB/9.9GiB(6%) CN:8 DL:2.0MiB ETA:1h15m38s]
FILE: /home/cosmosapjw/.cache/htt-r9/sdss_pv_zenodo_6824749/mocks.tar.gz.partial
-------------------------------------------------------------------------------

[#b7eb6c 707MiB/9.9GiB(6%) CN:8 DL:2.0MiB ETA:1h15m38s]
[#b7eb6c 710MiB/9.9GiB(6%) CN:8 DL:2.0MiB ETA:1h16m20s]
[#b7eb6c 712MiB/9.9GiB(7%) CN:8 DL:2.0MiB ETA:1h17m9s]
[#b7eb6c 714MiB/9.9GiB(7%) CN:8 DL:2.1MiB ETA:1h13m51s]
[#b7eb6c 716MiB/9.9GiB(7%) CN:8 DL:2.1MiB ETA:1h13m47s]
[#b7eb6c 718MiB/9.9GiB(7%) CN:8 DL:2.1MiB ETA:1h12m10s]
[#b7eb6c 720MiB/9.9GiB(7%) CN:8 DL:2.1MiB ETA:1h13m28s]
[#b7eb6c 722MiB/9.9GiB(7%) CN:8 DL:2.1MiB ETA:1h13m26s]
[#b7eb6c 724MiB/9.9GiB(7%) CN:8 DL:2.1MiB ETA:1h13m16s]
[#b7eb6c 726MiB/9.9GiB(7%) CN:8 DL:2.1MiB ETA:1h13m22s]
[#b7eb6c 729MiB/9.9GiB(7%) CN:8 DL:2.1MiB ETA:1h11m30s]
[#b7eb6c 731MiB/9.9GiB(7%) CN:8 DL:2.1MiB ETA:1h13m26s]
[#b7eb6c 733MiB/9.9GiB(7%) CN:8 DL:2.1MiB ETA:1h13m13s]
[#b7eb6c 735MiB/9.9GiB(7%) CN:8 DL:2.1MiB ETA:1h13m11s]
[#b7eb6c 737MiB/9.9GiB(7%) CN:8 DL:2.1MiB ETA:1h13m18s]
[#b7eb6c 740MiB/9.9GiB(7%) CN:8 DL:2.1MiB ETA:1h13m24s]
[#b7eb6c 742MiB/9.9GiB(7%) CN:8 DL:2.1MiB ETA:1h12m12s]
[#b7eb6c 744MiB/9.9GiB(7%) CN:8 DL:2.2MiB ETA:1h10m51s]
[#b7eb6c 746MiB/9.9GiB(7%) CN:8 DL:2.2MiB ETA:1h11m5s]
[#b7eb6c 748MiB/9.9GiB(7%) CN:8 DL:2.2MiB ETA:1h11m]
[#b7eb6c 751MiB/9.9GiB(7%) CN:8 DL:2.2MiB ETA:1h10m59s]
[#b7eb6c 753MiB/9.9GiB(7%) CN:8 DL:2.2MiB ETA:1h11m3s]
[#b7eb6c 755MiB/9.9GiB(7%) CN:8 DL:2.2MiB ETA:1h10m5s]
[#b7eb6c 757MiB/9.9GiB(7%) CN:8 DL:2.2MiB ETA:1h10m56s]
[#b7eb6c 759MiB/9.9GiB(7%) CN:8 DL:2.2MiB ETA:1h10m15s]
[#b7eb6c 761MiB/9.9GiB(7%) CN:8 DL:2.1MiB ETA:1h12m3s]
[#b7eb6c 764MiB/9.9GiB(7%) CN:8 DL:2.2MiB ETA:1h10m46s]
[#b7eb6c 766MiB/9.9GiB(7%) CN:8 DL:2.2MiB ETA:1h10m35s]
[#b7eb6c 768MiB/9.9GiB(7%) CN:8 DL:2.1MiB ETA:1h12m18s]
[#b7eb6c 770MiB/9.9GiB(7%) CN:8 DL:2.2MiB ETA:1h10m32s]
[#b7eb6c 773MiB/9.9GiB(7%) CN:8 DL:2.2MiB ETA:1h10m40s]
[#b7eb6c 775MiB/9.9GiB(7%) CN:8 DL:2.2MiB ETA:1h10m42s]
[#b7eb6c 777MiB/9.9GiB(7%) CN:8 DL:2.2MiB ETA:1h9m57s]
[#b7eb6c 779MiB/9.9GiB(7%) CN:8 DL:2.1MiB ETA:1h11m40s]
[#b7eb6c 781MiB/9.9GiB(7%) CN:8 DL:2.1MiB ETA:1h11m22s]
[#b7eb6c 783MiB/9.9GiB(7%) CN:8 DL:2.1MiB ETA:1h13m7s]
[#b7eb6c 785MiB/9.9GiB(7%) CN:8 DL:2.1MiB ETA:1h12m50s]
[#b7eb6c 787MiB/9.9GiB(7%) CN:8 DL:2.1MiB ETA:1h12m43s]
[#b7eb6c 789MiB/9.9GiB(7%) CN:8 DL:2.1MiB ETA:1h13m11s]
[#b7eb6c 792MiB/9.9GiB(7%) CN:8 DL:2.1MiB ETA:1h13m]
[#b7eb6c 793MiB/9.9GiB(7%) CN:8 DL:2.0MiB ETA:1h14m46s]
[#b7eb6c 794MiB/9.9GiB(7%) CN:8 DL:1.9MiB ETA:1h19m41s]
[#b7eb6c 796MiB/9.9GiB(7%) CN:8 DL:1.8MiB ETA:1h23m8s]
[#b7eb6c 797MiB/9.9GiB(7%) CN:8 DL:1.8MiB ETA:1h25m53s]
[#b7eb6c 798MiB/9.9GiB(7%) CN:8 DL:1.6MiB ETA:1h32m38s]
[#b7eb6c 799MiB/9.9GiB(7%) CN:8 DL:1.5MiB ETA:1h39m40s]
[#b7eb6c 800MiB/9.9GiB(7%) CN:8 DL:1.4MiB ETA:1h46m46s]
[#b7eb6c 801MiB/9.9GiB(7%) CN:8 DL:1.3MiB ETA:1h56m11s]
[#b7eb6c 803MiB/9.9GiB(7%) CN:8 DL:1.2MiB ETA:2h5m54s]
[#b7eb6c 804MiB/9.9GiB(7%) CN:8 DL:1.2MiB ETA:2h3m42s]
[#b7eb6c 806MiB/9.9GiB(7%) CN:8 DL:1.2MiB ETA:2h2m57s]
[#b7eb6c 808MiB/9.9GiB(7%) CN:8 DL:1.3MiB ETA:1h52m9s]
[#b7eb6c 810MiB/9.9GiB(7%) CN:8 DL:1.4MiB ETA:1h44m56s]
[#b7eb6c 812MiB/9.9GiB(8%) CN:8 DL:1.5MiB ETA:1h39m31s]
[#b7eb6c 814MiB/9.9GiB(8%) CN:8 DL:1.7MiB ETA:1h31m24s]
[#b7eb6c 816MiB/9.9GiB(8%) CN:8 DL:1.7MiB ETA:1h26m31s]
[#b7eb6c 819MiB/9.9GiB(8%) CN:8 DL:1.8MiB ETA:1h24m33s]
[#b7eb6c 821MiB/9.9GiB(8%) CN:8 DL:1.9MiB ETA:1h19m54s]
[#b7eb6c 823MiB/9.9GiB(8%) CN:8 DL:2.0MiB ETA:1h15m57s]
[#b7eb6c 825MiB/9.9GiB(8%) CN:8 DL:2.1MiB ETA:1h13m31s]
[#b7eb6c 827MiB/9.9GiB(8%) CN:8 DL:2.1MiB ETA:1h11m46s]
 *** Download Progress Summary as of Sun Sep 13 12:13:59 2026 *** 
===============================================================================
[#b7eb6c 830MiB/9.9GiB(8%) CN:8 DL:2.1MiB ETA:1h10m57s]
FILE: /home/cosmosapjw/.cache/htt-r9/sdss_pv_zenodo_6824749/mocks.tar.gz.partial
-------------------------------------------------------------------------------

[#b7eb6c 830MiB/9.9GiB(8%) CN:8 DL:2.1MiB ETA:1h10m57s]
[#b7eb6c 831MiB/9.9GiB(8%) CN:8 DL:2.1MiB ETA:1h11m52s]
[#b7eb6c 834MiB/9.9GiB(8%) CN:8 DL:2.2MiB ETA:1h10m8s]
[#b7eb6c 836MiB/9.9GiB(8%) CN:8 DL:2.2MiB ETA:1h10m14s]
[#b7eb6c 838MiB/9.9GiB(8%) CN:8 DL:2.1MiB ETA:1h11m37s]
[#b7eb6c 841MiB/9.9GiB(8%) CN:8 DL:2.2MiB ETA:1h9m54s]
[#b7eb6c 843MiB/9.9GiB(8%) CN:8 DL:2.1MiB ETA:1h10m34s]
[#b7eb6c 845MiB/9.9GiB(8%) CN:8 DL:2.2MiB ETA:1h10m3s]
[#b7eb6c 847MiB/9.9GiB(8%) CN:8 DL:2.1MiB ETA:1h11m48s]
[#b7eb6c 849MiB/9.9GiB(8%) CN:8 DL:2.2MiB ETA:1h10m26s]
[#b7eb6c 851MiB/9.9GiB(8%) CN:8 DL:2.2MiB ETA:1h10m19s]
[#b7eb6c 854MiB/9.9GiB(8%) CN:8 DL:2.2MiB ETA:1h9m45s]
[#b7eb6c 856MiB/9.9GiB(8%) CN:8 DL:2.2MiB ETA:1h9m51s]
[#b7eb6c 858MiB/9.9GiB(8%) CN:8 DL:2.1MiB ETA:1h10m38s]
[#b7eb6c 860MiB/9.9GiB(8%) CN:8 DL:2.2MiB ETA:1h7m56s]
[#b7eb6c 863MiB/9.9GiB(8%) CN:8 DL:2.2MiB ETA:1h10m]
[#b7eb6c 865MiB/9.9GiB(8%) CN:8 DL:2.2MiB ETA:1h8m47s]
[#b7eb6c 867MiB/9.9GiB(8%) CN:8 DL:2.2MiB ETA:1h9m53s]
[#b7eb6c 869MiB/9.9GiB(8%) CN:8 DL:2.1MiB ETA:1h10m44s]
[#b7eb6c 871MiB/9.9GiB(8%) CN:8 DL:2.1MiB ETA:1h11m14s]
[#b7eb6c 873MiB/9.9GiB(8%) CN:8 DL:2.1MiB ETA:1h11m10s]
[#b7eb6c 875MiB/9.9GiB(8%) CN:8 DL:2.1MiB ETA:1h11m12s]
[#b7eb6c 877MiB/9.9GiB(8%) CN:8 DL:2.1MiB ETA:1h11m16s]
[#b7eb6c 880MiB/9.9GiB(8%) CN:8 DL:2.1MiB ETA:1h11m18s]
[#b7eb6c 882MiB/9.9GiB(8%) CN:8 DL:2.1MiB ETA:1h10m28s]
[#b7eb6c 884MiB/9.9GiB(8%) CN:8 DL:2.1MiB ETA:1h12m3s]
[#b7eb6c 886MiB/9.9GiB(8%) CN:8 DL:2.1MiB ETA:1h12m6s]
[#b7eb6c 888MiB/9.9GiB(8%) CN:8 DL:2.1MiB ETA:1h10m40s]
[#b7eb6c 890MiB/9.9GiB(8%) CN:8 DL:2.1MiB ETA:1h11m3s]
[#b7eb6c 893MiB/9.9GiB(8%) CN:8 DL:2.2MiB ETA:1h9m53s]
[#b7eb6c 895MiB/9.9GiB(8%) CN:8 DL:2.2MiB ETA:1h9m43s]
[#b7eb6c 897MiB/9.9GiB(8%) CN:8 DL:2.2MiB ETA:1h9m51s]
[#b7eb6c 899MiB/9.9GiB(8%) CN:8 DL:2.2MiB ETA:1h9m40s]
[#b7eb6c 902MiB/9.9GiB(8%) CN:8 DL:2.2MiB ETA:1h9m9s]
[#b7eb6c 904MiB/9.9GiB(8%) CN:8 DL:2.2MiB ETA:1h9m55s]
[#b7eb6c 906MiB/9.9GiB(8%) CN:8 DL:2.2MiB ETA:1h7m21s]
[#b7eb6c 908MiB/9.9GiB(8%) CN:8 DL:2.2MiB ETA:1h8m56s]
[#b7eb6c 910MiB/9.9GiB(8%) CN:8 DL:2.2MiB ETA:1h9m8s]
[#b7eb6c 912MiB/9.9GiB(8%) CN:8 DL:2.1MiB ETA:1h11m21s]
[#b7eb6c 913MiB/9.9GiB(9%) CN:8 DL:2.0MiB ETA:1h15m19s]
[#b7eb6c 914MiB/9.9GiB(9%) CN:8 DL:1.9MiB ETA:1h20m10s]
[#b7eb6c 915MiB/9.9GiB(9%) CN:8 DL:1.7MiB ETA:1h26m12s]
[#b7eb6c 917MiB/9.9GiB(9%) CN:8 DL:1.6MiB ETA:1h31m18s]
[#b7eb6c 918MiB/9.9GiB(9%) CN:8 DL:1.5MiB ETA:1h38m12s]
[#b7eb6c 919MiB/9.9GiB(9%) CN:8 DL:1.4MiB ETA:1h44m33s]
[#b7eb6c 921MiB/9.9GiB(9%) CN:8 DL:1.3MiB ETA:1h49m54s]
[#b7eb6c 0.9GiB/9.9GiB(9%) CN:8 DL:1.3MiB ETA:1h52m32s]
[#b7eb6c 0.9GiB/9.9GiB(9%) CN:8 DL:1.3MiB ETA:1h51m44s]
[#b7eb6c 0.9GiB/9.9GiB(9%) CN:8 DL:1.4MiB ETA:1h46m7s]
[#b7eb6c 0.9GiB/9.9GiB(9%) CN:8 DL:1.5MiB ETA:1h36m26s]
[#b7eb6c 0.9GiB/9.9GiB(9%) CN:8 DL:1.6MiB ETA:1h30m50s]
[#b7eb6c 0.9GiB/9.9GiB(9%) CN:8 DL:1.8MiB ETA:1h23m22s]
[#b7eb6c 0.9GiB/9.9GiB(9%) CN:8 DL:1.9MiB ETA:1h18m32s]
[#b7eb6c 0.9GiB/9.9GiB(9%) CN:8 DL:2.0MiB ETA:1h14m47s]
[#b7eb6c 0.9GiB/9.9GiB(9%) CN:8 DL:2.1MiB ETA:1h11m53s]
[#b7eb6c 0.9GiB/9.9GiB(9%) CN:8 DL:2.1MiB ETA:1h10m11s]
[#b7eb6c 0.9GiB/9.9GiB(9%) CN:8 DL:2.1MiB ETA:1h11m]
[#b7eb6c 0.9GiB/9.9GiB(9%) CN:8 DL:2.2MiB ETA:1h7m41s]
[#b7eb6c 0.9GiB/9.9GiB(9%) CN:8 DL:2.1MiB ETA:1h10m3s]
[#b7eb6c 0.9GiB/9.9GiB(9%) CN:8 DL:2.2MiB ETA:1h9m29s]
[#b7eb6c 0.9GiB/9.9GiB(9%) CN:8 DL:2.2MiB ETA:1h9m4s]
 *** Download Progress Summary as of Sun Sep 13 12:14:59 2026 *** 
===============================================================================
[#b7eb6c 0.9GiB/9.9GiB(9%) CN:8 DL:2.2MiB ETA:1h9m4s]
FILE: /home/cosmosapjw/.cache/htt-r9/sdss_pv_zenodo_6824749/mocks.tar.gz.partial
-------------------------------------------------------------------------------

[#b7eb6c 0.9GiB/9.9GiB(9%) CN:8 DL:2.2MiB ETA:1h9m4s]
[#b7eb6c 0.9GiB/9.9GiB(9%) CN:8 DL:2.2MiB ETA:1h8m24s]
[#b7eb6c 0.9GiB/9.9GiB(9%) CN:8 DL:2.2MiB ETA:1h8m41s]
[#b7eb6c 0.9GiB/9.9GiB(9%) CN:8 DL:2.2MiB ETA:1h8m20s]
[#b7eb6c 0.9GiB/9.9GiB(9%) CN:8 DL:2.2MiB ETA:1h8m32s]
[#b7eb6c 0.9GiB/9.9GiB(9%) CN:8 DL:2.2MiB ETA:1h8m46s]
[#b7eb6c 0.9GiB/9.9GiB(9%) CN:8 DL:2.2MiB ETA:1h7m48s]
[#b7eb6c 0.9GiB/9.9GiB(9%) CN:8 DL:2.1MiB ETA:1h9m32s]
[#b7eb6c 0.9GiB/9.9GiB(9%) CN:8 DL:2.2MiB ETA:1h8m48s]
[#b7eb6c 0.9GiB/9.9GiB(9%) CN:8 DL:2.2MiB ETA:1h8m48s]
[#b7eb6c 0.9GiB/9.9GiB(9%) CN:8 DL:2.2MiB ETA:1h8m56s]
[#b7eb6c 0.9GiB/9.9GiB(9%) CN:8 DL:2.1MiB ETA:1h9m32s]
[#b7eb6c 0.9GiB/9.9GiB(9%) CN:8 DL:2.2MiB ETA:1h8m13s]
[#b7eb6c 0.9GiB/9.9GiB(9%) CN:8 DL:2.2MiB ETA:1h9m12s]
[#b7eb6c 0.9GiB/9.9GiB(9%) CN:8 DL:2.2MiB ETA:1h8m36s]
[#b7eb6c 0.9GiB/9.9GiB(9%) CN:8 DL:2.2MiB ETA:1h8m30s]
[#b7eb6c 0.9GiB/9.9GiB(9%) CN:8 DL:2.2MiB ETA:1h8m42s]
[#b7eb6c 0.9GiB/9.9GiB(9%) CN:8 DL:2.2MiB ETA:1h9m18s]
[#b7eb6c 0.9GiB/9.9GiB(9%) CN:8 DL:2.1MiB ETA:1h9m44s]
[#b7eb6c 0.9GiB/9.9GiB(9%) CN:8 DL:2.2MiB ETA:1h8m50s]
[#b7eb6c 0.9GiB/9.9GiB(9%) CN:8 DL:2.1MiB ETA:1h9m25s]
[#b7eb6c 0.9GiB/9.9GiB(9%) CN:8 DL:2.1MiB ETA:1h9m47s]
[#b7eb6c 0.9GiB/9.9GiB(9%) CN:8 DL:2.1MiB ETA:1h9m44s]
[#b7eb6c 0.9GiB/9.9GiB(9%) CN:8 DL:2.1MiB ETA:1h9m39s]
[#b7eb6c 0.9GiB/9.9GiB(9%) CN:8 DL:2.1MiB ETA:1h9m36s]
[#b7eb6c 0.9GiB/9.9GiB(9%) CN:8 DL:2.1MiB ETA:1h9m28s]
[#b7eb6c 0.9GiB/9.9GiB(9%) CN:8 DL:2.1MiB ETA:1h9m18s]
[#b7eb6c 0.9GiB/9.9GiB(10%) CN:8 DL:2.2MiB ETA:1h7m28s]
[#b7eb6c 0.9GiB/9.9GiB(10%) CN:8 DL:2.2MiB ETA:1h8m15s]
[#b7eb6c 0.9GiB/9.9GiB(10%) CN:8 DL:2.2MiB ETA:1h8m23s]
[#b7eb6c 0.9GiB/9.9GiB(10%) CN:8 DL:2.2MiB ETA:1h7m1s]
[#b7eb6c 0.9GiB/9.9GiB(10%) CN:8 DL:2.2MiB ETA:1h7m20s]
[#b7eb6c 1.0GiB/9.9GiB(10%) CN:8 DL:2.2MiB ETA:1h8m21s]
[#b7eb6c 1.0GiB/9.9GiB(10%) CN:8 DL:2.2MiB ETA:1h8m37s]
[#b7eb6c 1.0GiB/9.9GiB(10%) CN:8 DL:2.2MiB ETA:1h8m36s]
[#b7eb6c 1.0GiB/9.9GiB(10%) CN:8 DL:2.2MiB ETA:1h8m48s]
[#b7eb6c 1.0GiB/9.9GiB(10%) CN:8 DL:2.2MiB ETA:1h8m41s]
[#b7eb6c 1.0GiB/9.9GiB(10%) CN:8 DL:2.2MiB ETA:1h8m49s]
[#b7eb6c 1.0GiB/9.9GiB(10%) CN:8 DL:2.2MiB ETA:1h8m38s]
[#b7eb6c 1.0GiB/9.9GiB(10%) CN:8 DL:2.2MiB ETA:1h8m26s]
[#b7eb6c 1.0GiB/9.9GiB(10%) CN:8 DL:2.2MiB ETA:1h8m33s]
[#b7eb6c 1.0GiB/9.9GiB(10%) CN:8 DL:2.1MiB ETA:1h9m7s]
[#b7eb6c 1.0GiB/9.9GiB(10%) CN:8 DL:2.2MiB ETA:1h8m30s]
[#b7eb6c 1.0GiB/9.9GiB(10%) CN:8 DL:2.2MiB ETA:1h8m13s]
[#b7eb6c 1.0GiB/9.9GiB(10%) CN:8 DL:2.2MiB ETA:1h8m53s]
[#b7eb6c 1.0GiB/9.9GiB(10%) CN:8 DL:2.2MiB ETA:1h8m34s]
[#b7eb6c 1.0GiB/9.9GiB(10%) CN:8 DL:2.2MiB ETA:1h8m44s]
[#b7eb6c 1.0GiB/9.9GiB(10%) CN:8 DL:2.2MiB ETA:1h8m18s]
[#b7eb6c 1.0GiB/9.9GiB(10%) CN:8 DL:2.2MiB ETA:1h8m28s]
[#b7eb6c 1.0GiB/9.9GiB(10%) CN:8 DL:2.1MiB ETA:1h9m5s]
[#b7eb6c 1.0GiB/9.9GiB(10%) CN:8 DL:2.2MiB ETA:1h8m39s]
[#b7eb6c 1.0GiB/9.9GiB(10%) CN:8 DL:2.2MiB ETA:1h7m52s]
[#b7eb6c 1.0GiB/9.9GiB(10%) CN:8 DL:2.2MiB ETA:1h8m33s]
[#b7eb6c 1.0GiB/9.9GiB(10%) CN:8 DL:2.2MiB ETA:1h8m32s]
[#b7eb6c 1.0GiB/9.9GiB(10%) CN:8 DL:2.2MiB ETA:1h8m12s]
[#b7eb6c 1.0GiB/9.9GiB(10%) CN:8 DL:2.2MiB ETA:1h7m48s]
[#b7eb6c 1.0GiB/9.9GiB(10%) CN:8 DL:2.2MiB ETA:1h7m28s]
[#b7eb6c 1.0GiB/9.9GiB(10%) CN:8 DL:2.1MiB ETA:1h8m47s]
[#b7eb6c 1.0GiB/9.9GiB(10%) CN:8 DL:2.2MiB ETA:1h7m57s]
[#b7eb6c 1.0GiB/9.9GiB(10%) CN:8 DL:2.1MiB ETA:1h9m44s]
[#b7eb6c 1.0GiB/9.9GiB(10%) CN:8 DL:2.1MiB ETA:1h9m38s]
 *** Download Progress Summary as of Sun Sep 13 12:16:00 2026 *** 
===============================================================================
[#b7eb6c 1.0GiB/9.9GiB(10%) CN:8 DL:2.2MiB ETA:1h7m41s]
FILE: /home/cosmosapjw/.cache/htt-r9/sdss_pv_zenodo_6824749/mocks.tar.gz.partial
-------------------------------------------------------------------------------

[#b7eb6c 1.0GiB/9.9GiB(10%) CN:8 DL:2.2MiB ETA:1h7m41s]
[#b7eb6c 1.0GiB/9.9GiB(10%) CN:8 DL:2.2MiB ETA:1h8m14s]
[#b7eb6c 1.0GiB/9.9GiB(10%) CN:8 DL:2.2MiB ETA:1h8m20s]
[#b7eb6c 1.0GiB/9.9GiB(10%) CN:8 DL:2.2MiB ETA:1h8m18s]
[#b7eb6c 1.0GiB/9.9GiB(10%) CN:8 DL:2.2MiB ETA:1h8m8s]
[#b7eb6c 1.0GiB/9.9GiB(10%) CN:8 DL:2.2MiB ETA:1h8m24s]
[#b7eb6c 1.0GiB/9.9GiB(10%) CN:8 DL:2.2MiB ETA:1h8m3s]
[#b7eb6c 1.0GiB/9.9GiB(10%) CN:8 DL:2.2MiB ETA:1h7m56s]
[#b7eb6c 1.0GiB/9.9GiB(10%) CN:8 DL:2.2MiB ETA:1h7m22s]
[#b7eb6c 1.0GiB/9.9GiB(10%) CN:8 DL:2.2MiB ETA:1h6m38s]
[#b7eb6c 1.0GiB/9.9GiB(10%) CN:8 DL:2.2MiB ETA:1h7m18s]
[#b7eb6c 1.0GiB/9.9GiB(10%) CN:8 DL:2.2MiB ETA:1h7m15s]
[#b7eb6c 1.0GiB/9.9GiB(11%) CN:8 DL:2.2MiB ETA:1h7m11s]
[#b7eb6c 1.0GiB/9.9GiB(11%) CN:8 DL:2.2MiB ETA:1h7m18s]
[#b7eb6c 1.0GiB/9.9GiB(11%) CN:8 DL:2.2MiB ETA:1h7m11s]
[#b7eb6c 1.0GiB/9.9GiB(11%) CN:8 DL:2.2MiB ETA:1h7m41s]
[#b7eb6c 1.0GiB/9.9GiB(11%) CN:8 DL:2.2MiB ETA:1h6m48s]
[#b7eb6c 1.1GiB/9.9GiB(11%) CN:8 DL:2.2MiB ETA:1h8m2s]
[#b7eb6c 1.1GiB/9.9GiB(11%) CN:8 DL:2.2MiB ETA:1h7m36s]
[#b7eb6c 1.1GiB/9.9GiB(11%) CN:8 DL:2.2MiB ETA:1h7m31s]
[#b7eb6c 1.1GiB/9.9GiB(11%) CN:8 DL:2.2MiB ETA:1h7m51s]
[#b7eb6c 1.1GiB/9.9GiB(11%) CN:8 DL:2.2MiB ETA:1h7m55s]
[#b7eb6c 1.1GiB/9.9GiB(11%) CN:8 DL:2.2MiB ETA:1h8m]
[#b7eb6c 1.1GiB/9.9GiB(11%) CN:8 DL:2.2MiB ETA:1h7m19s]
[#b7eb6c 1.1GiB/9.9GiB(11%) CN:8 DL:2.2MiB ETA:1h7m47s]
[#b7eb6c 1.1GiB/9.9GiB(11%) CN:8 DL:2.2MiB ETA:1h7m51s]
[#b7eb6c 1.1GiB/9.9GiB(11%) CN:8 DL:2.2MiB ETA:1h7m53s]
[#b7eb6c 1.1GiB/9.9GiB(11%) CN:8 DL:2.2MiB ETA:1h7m57s]
[#b7eb6c 1.1GiB/9.9GiB(11%) CN:8 DL:2.2MiB ETA:1h6m13s]
[#b7eb6c 1.1GiB/9.9GiB(11%) CN:8 DL:2.2MiB ETA:1h7m50s]
[#b7eb6c 1.1GiB/9.9GiB(11%) CN:8 DL:2.2MiB ETA:1h7m59s]
[#b7eb6c 1.1GiB/9.9GiB(11%) CN:8 DL:2.2MiB ETA:1h7m46s]
[#b7eb6c 1.1GiB/9.9GiB(11%) CN:8 DL:2.1MiB ETA:1h8m45s]
[#b7eb6c 1.1GiB/9.9GiB(11%) CN:8 DL:2.2MiB ETA:1h7m59s]
[#b7eb6c 1.1GiB/9.9GiB(11%) CN:8 DL:2.1MiB ETA:1h10m24s]
[#b7eb6c 1.1GiB/9.9GiB(11%) CN:8 DL:2.2MiB ETA:1h7m55s]
[#b7eb6c 1.1GiB/9.9GiB(11%) CN:8 DL:2.2MiB ETA:1h7m53s]
[#b7eb6c 1.1GiB/9.9GiB(11%) CN:8 DL:2.2MiB ETA:1h6m53s]
[#b7eb6c 1.1GiB/9.9GiB(11%) CN:8 DL:2.1MiB ETA:1h8m19s]
[#b7eb6c 1.1GiB/9.9GiB(11%) CN:8 DL:2.1MiB ETA:1h9m13s]
[#b7eb6c 1.1GiB/9.9GiB(11%) CN:8 DL:2.1MiB ETA:1h9m26s]
[#b7eb6c 1.1GiB/9.9GiB(11%) CN:8 DL:2.1MiB ETA:1h9m28s]
[#b7eb6c 1.1GiB/9.9GiB(11%) CN:8 DL:2.1MiB ETA:1h9m21s]
[#b7eb6c 1.1GiB/9.9GiB(11%) CN:8 DL:2.1MiB ETA:1h8m28s]
[#b7eb6c 1.1GiB/9.9GiB(11%) CN:8 DL:2.1MiB ETA:1h8m58s]
[#b7eb6c 1.1GiB/9.9GiB(11%) CN:8 DL:2.1MiB ETA:1h9m3s]
[#b7eb6c 1.1GiB/9.9GiB(11%) CN:8 DL:2.1MiB ETA:1h9m54s]
[#b7eb6c 1.1GiB/9.9GiB(11%) CN:8 DL:2.1MiB ETA:1h9m11s]
[#b7eb6c 1.1GiB/9.9GiB(11%) CN:8 DL:2.1MiB ETA:1h8m2s]
[#b7eb6c 1.1GiB/9.9GiB(11%) CN:8 DL:2.2MiB ETA:1h7m21s]
[#b7eb6c 1.1GiB/9.9GiB(11%) CN:8 DL:2.2MiB ETA:1h7m4s]
[#b7eb6c 1.1GiB/9.9GiB(11%) CN:8 DL:2.1MiB ETA:1h7m47s]
[#b7eb6c 1.1GiB/9.9GiB(11%) CN:8 DL:2.2MiB ETA:1h6m15s]
[#b7eb6c 1.1GiB/9.9GiB(11%) CN:8 DL:2.2MiB ETA:1h7m8s]
[#b7eb6c 1.1GiB/9.9GiB(11%) CN:8 DL:2.2MiB ETA:1h6m13s]
[#b7eb6c 1.1GiB/9.9GiB(11%) CN:8 DL:2.2MiB ETA:1h7m12s]
[#b7eb6c 1.1GiB/9.9GiB(11%) CN:8 DL:2.2MiB ETA:1h7m1s]
[#b7eb6c 1.1GiB/9.9GiB(11%) CN:8 DL:2.2MiB ETA:1h7m4s]
[#b7eb6c 1.1GiB/9.9GiB(11%) CN:8 DL:2.2MiB ETA:1h6m59s]
[#b7eb6c 1.1GiB/9.9GiB(12%) CN:8 DL:2.2MiB ETA:1h7m31s]
[#b7eb6c 1.1GiB/9.9GiB(12%) CN:8 DL:2.2MiB ETA:1h6m34s]
 *** Download Progress Summary as of Sun Sep 13 12:17:01 2026 *** 
===============================================================================
[#b7eb6c 1.1GiB/9.9GiB(12%) CN:8 DL:2.2MiB ETA:1h6m57s]
FILE: /home/cosmosapjw/.cache/htt-r9/sdss_pv_zenodo_6824749/mocks.tar.gz.partial
-------------------------------------------------------------------------------

[#b7eb6c 1.1GiB/9.9GiB(12%) CN:8 DL:2.2MiB ETA:1h6m57s]
[#b7eb6c 1.1GiB/9.9GiB(12%) CN:8 DL:2.2MiB ETA:1h5m46s]
[#b7eb6c 1.1GiB/9.9GiB(12%) CN:8 DL:2.2MiB ETA:1h7m15s]
[#b7eb6c 1.2GiB/9.9GiB(12%) CN:8 DL:2.2MiB ETA:1h5m59s]
[#b7eb6c 1.2GiB/9.9GiB(12%) CN:8 DL:2.2MiB ETA:1h6m36s]
[#b7eb6c 1.2GiB/9.9GiB(12%) CN:8 DL:2.2MiB ETA:1h6m32s]
[#b7eb6c 1.2GiB/9.9GiB(12%) CN:8 DL:2.2MiB ETA:1h7m8s]
[#b7eb6c 1.2GiB/9.9GiB(12%) CN:8 DL:2.2MiB ETA:1h6m31s]
[#b7eb6c 1.2GiB/9.9GiB(12%) CN:8 DL:2.2MiB ETA:1h6m58s]
[#b7eb6c 1.2GiB/9.9GiB(12%) CN:8 DL:2.1MiB ETA:1h7m59s]
[#b7eb6c 1.2GiB/9.9GiB(12%) CN:8 DL:2.2MiB ETA:1h7m10s]
[#b7eb6c 1.2GiB/9.9GiB(12%) CN:8 DL:2.1MiB ETA:1h7m42s]
[#b7eb6c 1.2GiB/9.9GiB(12%) CN:8 DL:2.2MiB ETA:1h7m12s]
[#b7eb6c 1.2GiB/9.9GiB(12%) CN:8 DL:2.2MiB ETA:1h7m11s]
[#b7eb6c 1.2GiB/9.9GiB(12%) CN:8 DL:2.2MiB ETA:1h7m20s]
[#b7eb6c 1.2GiB/9.9GiB(12%) CN:8 DL:2.1MiB ETA:1h7m33s]
[#b7eb6c 1.2GiB/9.9GiB(12%) CN:8 DL:2.2MiB ETA:1h7m11s]
[#b7eb6c 1.2GiB/9.9GiB(12%) CN:8 DL:2.1MiB ETA:1h8m22s]
[#b7eb6c 1.2GiB/9.9GiB(12%) CN:8 DL:2.2MiB ETA:1h6m6s]
[#b7eb6c 1.2GiB/9.9GiB(12%) CN:8 DL:2.2MiB ETA:1h6m42s]
[#b7eb6c 1.2GiB/9.9GiB(12%) CN:8 DL:2.2MiB ETA:1h6m39s]
[#b7eb6c 1.2GiB/9.9GiB(12%) CN:8 DL:2.2MiB ETA:1h6m30s]
[#b7eb6c 1.2GiB/9.9GiB(12%) CN:8 DL:2.2MiB ETA:1h6m27s]
[#b7eb6c 1.2GiB/9.9GiB(12%) CN:8 DL:2.2MiB ETA:1h6m29s]
[#b7eb6c 1.2GiB/9.9GiB(12%) CN:8 DL:2.2MiB ETA:1h6m16s]
[#b7eb6c 1.2GiB/9.9GiB(12%) CN:8 DL:2.1MiB ETA:1h7m17s]
[#b7eb6c 1.2GiB/9.9GiB(12%) CN:8 DL:2.2MiB ETA:1h6m39s]
[#b7eb6c 1.2GiB/9.9GiB(12%) CN:8 DL:2.2MiB ETA:1h4m36s]
[#b7eb6c 1.2GiB/9.9GiB(12%) CN:8 DL:2.2MiB ETA:1h6m34s]
[#b7eb6c 1.2GiB/9.9GiB(12%) CN:8 DL:2.2MiB ETA:1h6m29s]
[#b7eb6c 1.2GiB/9.9GiB(12%) CN:8 DL:2.2MiB ETA:1h6m53s]
[#b7eb6c 1.2GiB/9.9GiB(12%) CN:8 DL:2.2MiB ETA:1h6m50s]
[#b7eb6c 1.2GiB/9.9GiB(12%) CN:8 DL:2.2MiB ETA:1h7m4s]
[#b7eb6c 1.2GiB/9.9GiB(12%) CN:8 DL:2.2MiB ETA:1h6m49s]
[#b7eb6c 1.2GiB/9.9GiB(12%) CN:8 DL:2.1MiB ETA:1h7m22s]
[#b7eb6c 1.2GiB/9.9GiB(12%) CN:8 DL:2.1MiB ETA:1h7m26s]
[#b7eb6c 1.2GiB/9.9GiB(12%) CN:8 DL:2.1MiB ETA:1h8m50s]
[#b7eb6c 1.2GiB/9.9GiB(12%) CN:8 DL:2.1MiB ETA:1h9m54s]
[#b7eb6c 1.2GiB/9.9GiB(12%) CN:8 DL:2.0MiB ETA:1h11m50s]
[#b7eb6c 1.2GiB/9.9GiB(12%) CN:8 DL:1.9MiB ETA:1h14m26s]
[#b7eb6c 1.2GiB/9.9GiB(12%) CN:8 DL:1.9MiB ETA:1h15m27s]
[#b7eb6c 1.2GiB/9.9GiB(12%) CN:8 DL:1.8MiB ETA:1h19m11s]
[#b7eb6c 1.2GiB/9.9GiB(12%) CN:8 DL:1.8MiB ETA:1h21m34s]
[#b7eb6c 1.2GiB/9.9GiB(12%) CN:8 DL:1.7MiB ETA:1h25m7s]
[#b7eb6c 1.2GiB/9.9GiB(12%) CN:8 DL:1.6MiB ETA:1h28m9s]
[#b7eb6c 1.2GiB/9.9GiB(12%) CN:8 DL:1.6MiB ETA:1h28m53s]
[#b7eb6c 1.2GiB/9.9GiB(12%) CN:8 DL:1.5MiB ETA:1h32m9s]
[#b7eb6c 1.2GiB/9.9GiB(13%) CN:8 DL:1.6MiB ETA:1h30m23s]
[#b7eb6c 1.2GiB/9.9GiB(13%) CN:8 DL:1.6MiB ETA:1h31m26s]
[#b7eb6c 1.2GiB/9.9GiB(13%) CN:8 DL:1.6MiB ETA:1h30m47s]
[#b7eb6c 1.2GiB/9.9GiB(13%) CN:8 DL:1.6MiB ETA:1h29m17s]
[#b7eb6c 1.2GiB/9.9GiB(13%) CN:8 DL:1.6MiB ETA:1h29m18s]
[#b7eb6c 1.2GiB/9.9GiB(13%) CN:8 DL:1.6MiB ETA:1h27m19s]
[#b7eb6c 1.2GiB/9.9GiB(13%) CN:8 DL:1.6MiB ETA:1h27m37s]
[#b7eb6c 1.3GiB/9.9GiB(13%) CN:8 DL:1.6MiB ETA:1h26m57s]
[#b7eb6c 1.3GiB/9.9GiB(13%) CN:8 DL:1.6MiB ETA:1h27m44s]
[#b7eb6c 1.3GiB/9.9GiB(13%) CN:8 DL:1.6MiB ETA:1h28m54s]
[#b7eb6c 1.3GiB/9.9GiB(13%) CN:8 DL:1.6MiB ETA:1h29m46s]
[#b7eb6c 1.3GiB/9.9GiB(13%) CN:8 DL:1.5MiB ETA:1h33m46s]
[#b7eb6c 1.3GiB/9.9GiB(13%) CN:8 DL:1.5MiB ETA:1h34m30s]
[#b7eb6c 1.3GiB/9.9GiB(13%) CN:8 DL:1.4MiB ETA:1h40m39s]
 *** Download Progress Summary as of Sun Sep 13 12:18:01 2026 *** 
===============================================================================
[#b7eb6c 1.3GiB/9.9GiB(13%) CN:8 DL:1.4MiB ETA:1h43m49s]
FILE: /home/cosmosapjw/.cache/htt-r9/sdss_pv_zenodo_6824749/mocks.tar.gz.partial
-------------------------------------------------------------------------------

[#b7eb6c 1.3GiB/9.9GiB(13%) CN:8 DL:1.4MiB ETA:1h43m49s]
[#b7eb6c 1.3GiB/9.9GiB(13%) CN:8 DL:1.3MiB ETA:1h49m22s]
[#b7eb6c 1.3GiB/9.9GiB(13%) CN:8 DL:1.2MiB ETA:1h53m46s]
[#b7eb6c 1.3GiB/9.9GiB(13%) CN:8 DL:1.2MiB ETA:1h56m5s]
[#b7eb6c 1.3GiB/9.9GiB(13%) CN:8 DL:1.2MiB ETA:1h57m12s]
[#b7eb6c 1.3GiB/9.9GiB(13%) CN:8 DL:1.2MiB ETA:1h56m9s]
[#b7eb6c 1.3GiB/9.9GiB(13%) CN:8 DL:1.2MiB ETA:1h55m42s]
[#b7eb6c 1.3GiB/9.9GiB(13%) CN:8 DL:1.2MiB ETA:1h54m28s]
[#b7eb6c 1.3GiB/9.9GiB(13%) CN:8 DL:1.2MiB ETA:1h55m57s]
[#b7eb6c 1.3GiB/9.9GiB(13%) CN:8 DL:1.2MiB ETA:1h57m20s]
[#b7eb6c 1.3GiB/9.9GiB(13%) CN:8 DL:1.2MiB ETA:1h58m54s]
[#b7eb6c 1.3GiB/9.9GiB(13%) CN:8 DL:1.1MiB ETA:2h2m20s]
[#b7eb6c 1.3GiB/9.9GiB(13%) CN:8 DL:1.1MiB ETA:2h6m22s]
[#b7eb6c 1.3GiB/9.9GiB(13%) CN:8 DL:1.0MiB ETA:2h13m33s]
[#b7eb6c 1.3GiB/9.9GiB(13%) CN:8 DL:1.0MiB ETA:2h22m8s]
[#b7eb6c 1.3GiB/9.9GiB(13%) CN:8 DL:918KiB ETA:2h43m21s]
[#b7eb6c 1.3GiB/9.9GiB(13%) CN:8 DL:832KiB ETA:3h9s]
[#b7eb6c 1.3GiB/9.9GiB(13%) CN:8 DL:758KiB ETA:3h17m51s]
[#b7eb6c 1.3GiB/9.9GiB(13%) CN:8 DL:712KiB ETA:3h30m29s]
[#b7eb6c 1.3GiB/9.9GiB(13%) CN:8 DL:700KiB ETA:3h34m13s]
[#b7eb6c 1.3GiB/9.9GiB(13%) CN:8 DL:738KiB ETA:3h23m11s]
[#b7eb6c 1.3GiB/9.9GiB(13%) CN:8 DL:805KiB ETA:3h6m15s]
[#b7eb6c 1.3GiB/9.9GiB(13%) CN:8 DL:0.9MiB ETA:2h39m37s]
[#b7eb6c 1.3GiB/9.9GiB(13%) CN:8 DL:1.0MiB ETA:2h22m18s]
[#b7eb6c 1.3GiB/9.9GiB(13%) CN:8 DL:1.2MiB ETA:1h57m57s]
[#b7eb6c 1.3GiB/9.9GiB(13%) CN:8 DL:1.3MiB ETA:1h44m38s]
[#b7eb6c 1.3GiB/9.9GiB(13%) CN:8 DL:1.5MiB ETA:1h31m35s]
[#b7eb6c 1.3GiB/9.9GiB(13%) CN:8 DL:1.7MiB ETA:1h22m57s]
[#b7eb6c 1.3GiB/9.9GiB(13%) CN:8 DL:1.9MiB ETA:1h15m38s]
[#b7eb6c 1.3GiB/9.9GiB(13%) CN:8 DL:2.0MiB ETA:1h11m11s]
[#b7eb6c 1.3GiB/9.9GiB(13%) CN:8 DL:2.1MiB ETA:1h7m18s]
[#b7eb6c 1.3GiB/9.9GiB(13%) CN:8 DL:2.2MiB ETA:1h6m18s]
[#b7eb6c 1.3GiB/9.9GiB(13%) CN:8 DL:2.2MiB ETA:1h5m32s]
[#b7eb6c 1.3GiB/9.9GiB(13%) CN:8 DL:2.2MiB ETA:1h5m51s]
[#b7eb6c 1.3GiB/9.9GiB(13%) CN:8 DL:2.2MiB ETA:1h5m25s]
[#b7eb6c 1.3GiB/9.9GiB(13%) CN:8 DL:2.2MiB ETA:1h5m54s]
[#b7eb6c 1.3GiB/9.9GiB(13%) CN:8 DL:2.2MiB ETA:1h5m54s]
[#b7eb6c 1.3GiB/9.9GiB(13%) CN:8 DL:2.2MiB ETA:1h5m50s]
[#b7eb6c 1.3GiB/9.9GiB(13%) CN:8 DL:2.2MiB ETA:1h6m1s]
[#b7eb6c 1.3GiB/9.9GiB(13%) CN:8 DL:2.2MiB ETA:1h5m49s]
[#b7eb6c 1.3GiB/9.9GiB(13%) CN:8 DL:2.2MiB ETA:1h4m5s]
[#b7eb6c 1.3GiB/9.9GiB(13%) CN:8 DL:2.1MiB ETA:1h6m53s]
[#b7eb6c 1.3GiB/9.9GiB(13%) CN:8 DL:2.2MiB ETA:1h5m9s]
[#b7eb6c 1.3GiB/9.9GiB(13%) CN:8 DL:2.2MiB ETA:1h5m46s]
[#b7eb6c 1.3GiB/9.9GiB(13%) CN:8 DL:2.2MiB ETA:1h5m42s]
[#b7eb6c 1.3GiB/9.9GiB(13%) CN:8 DL:2.2MiB ETA:1h5m47s]
[#b7eb6c 1.3GiB/9.9GiB(13%) CN:8 DL:2.1MiB ETA:1h7m32s]
[#b7eb6c 1.3GiB/9.9GiB(13%) CN:8 DL:2.1MiB ETA:1h6m26s]
[#b7eb6c 1.3GiB/9.9GiB(13%) CN:8 DL:2.1MiB ETA:1h8m7s]
[#b7eb6c 1.3GiB/9.9GiB(14%) CN:8 DL:2.1MiB ETA:1h7m57s]
[#b7eb6c 1.3GiB/9.9GiB(14%) CN:8 DL:2.2MiB ETA:1h6m5s]
[#b7eb6c 1.3GiB/9.9GiB(14%) CN:8 DL:2.1MiB ETA:1h7m46s]
[#b7eb6c 1.3GiB/9.9GiB(14%) CN:8 DL:2.1MiB ETA:1h7m49s]
[#b7eb6c 1.3GiB/9.9GiB(14%) CN:8 DL:2.1MiB ETA:1h7m42s]
[#b7eb6c 1.3GiB/9.9GiB(14%) CN:8 DL:2.1MiB ETA:1h9m4s]
[#b7eb6c 1.4GiB/9.9GiB(14%) CN:8 DL:2.1MiB ETA:1h6m20s]
[#b7eb6c 1.4GiB/9.9GiB(14%) CN:8 DL:2.1MiB ETA:1h7m17s]
[#b7eb6c 1.4GiB/9.9GiB(14%) CN:8 DL:2.2MiB ETA:1h5m29s]
[#b7eb6c 1.4GiB/9.9GiB(14%) CN:8 DL:2.2MiB ETA:1h5m43s]
[#b7eb6c 1.4GiB/9.9GiB(14%) CN:8 DL:2.2MiB ETA:1h5m34s]
[#b7eb6c 1.4GiB/9.9GiB(14%) CN:8 DL:2.2MiB ETA:1h5m45s]
 *** Download Progress Summary as of Sun Sep 13 12:19:02 2026 *** 
===============================================================================
[#b7eb6c 1.4GiB/9.9GiB(14%) CN:8 DL:2.2MiB ETA:1h5m17s]
FILE: /home/cosmosapjw/.cache/htt-r9/sdss_pv_zenodo_6824749/mocks.tar.gz.partial
-------------------------------------------------------------------------------

[#b7eb6c 1.4GiB/9.9GiB(14%) CN:8 DL:2.2MiB ETA:1h5m17s]
[#b7eb6c 1.4GiB/9.9GiB(14%) CN:8 DL:2.1MiB ETA:1h5m54s]
[#b7eb6c 1.4GiB/9.9GiB(14%) CN:8 DL:2.2MiB ETA:1h4m29s]
[#b7eb6c 1.4GiB/9.9GiB(14%) CN:8 DL:2.2MiB ETA:1h4m34s]
[#b7eb6c 1.4GiB/9.9GiB(14%) CN:8 DL:2.1MiB ETA:1h5m56s]
[#b7eb6c 1.4GiB/9.9GiB(14%) CN:8 DL:2.2MiB ETA:1h4m31s]
[#b7eb6c 1.4GiB/9.9GiB(14%) CN:8 DL:2.2MiB ETA:1h5m40s]
[#b7eb6c 1.4GiB/9.9GiB(14%) CN:8 DL:2.2MiB ETA:1h5m9s]
[#b7eb6c 1.4GiB/9.9GiB(14%) CN:8 DL:2.2MiB ETA:1h5m14s]
[#b7eb6c 1.4GiB/9.9GiB(14%) CN:8 DL:2.2MiB ETA:1h4m55s]
[#b7eb6c 1.4GiB/9.9GiB(14%) CN:8 DL:2.2MiB ETA:1h5m7s]
[#b7eb6c 1.4GiB/9.9GiB(14%) CN:8 DL:2.2MiB ETA:1h4m31s]
[#b7eb6c 1.4GiB/9.9GiB(14%) CN:8 DL:2.2MiB ETA:1h4m49s]
[#b7eb6c 1.4GiB/9.9GiB(14%) CN:8 DL:2.2MiB ETA:1h4m49s]
[#b7eb6c 1.4GiB/9.9GiB(14%) CN:8 DL:2.2MiB ETA:1h5m9s]
[#b7eb6c 1.4GiB/9.9GiB(14%) CN:8 DL:2.2MiB ETA:1h4m43s]
[#b7eb6c 1.4GiB/9.9GiB(14%) CN:8 DL:2.2MiB ETA:1h4m34s]
[#b7eb6c 1.4GiB/9.9GiB(14%) CN:8 DL:2.2MiB ETA:1h4m53s]
[#b7eb6c 1.4GiB/9.9GiB(14%) CN:8 DL:2.2MiB ETA:1h5m]
[#b7eb6c 1.4GiB/9.9GiB(14%) CN:8 DL:2.2MiB ETA:1h4m57s]
[#b7eb6c 1.4GiB/9.9GiB(14%) CN:8 DL:2.2MiB ETA:1h5m9s]
[#b7eb6c 1.4GiB/9.9GiB(14%) CN:8 DL:2.2MiB ETA:1h5m7s]
[#b7eb6c 1.4GiB/9.9GiB(14%) CN:8 DL:2.2MiB ETA:1h5m6s]
[#b7eb6c 1.4GiB/9.9GiB(14%) CN:8 DL:2.2MiB ETA:1h4m56s]
[#b7eb6c 1.4GiB/9.9GiB(14%) CN:8 DL:2.2MiB ETA:1h4m58s]
[#b7eb6c 1.4GiB/9.9GiB(14%) CN:8 DL:2.2MiB ETA:1h4m53s]
[#b7eb6c 1.4GiB/9.9GiB(14%) CN:8 DL:2.2MiB ETA:1h4m12s]
[#b7eb6c 1.4GiB/9.9GiB(14%) CN:8 DL:2.2MiB ETA:1h4m39s]
[#b7eb6c 1.4GiB/9.9GiB(14%) CN:8 DL:2.2MiB ETA:1h4m16s]
[#b7eb6c 1.4GiB/9.9GiB(14%) CN:8 DL:2.2MiB ETA:1h4m20s]
[#b7eb6c 1.4GiB/9.9GiB(14%) CN:8 DL:2.2MiB ETA:1h4m19s]
[#b7eb6c 1.4GiB/9.9GiB(14%) CN:8 DL:2.2MiB ETA:1h4m31s]
[#b7eb6c 1.4GiB/9.9GiB(14%) CN:8 DL:2.2MiB ETA:1h3m54s]
[#b7eb6c 1.4GiB/9.9GiB(14%) CN:8 DL:2.2MiB ETA:1h4m47s]
[#b7eb6c 1.4GiB/9.9GiB(15%) CN:8 DL:2.2MiB ETA:1h4m55s]
[#b7eb6c 1.4GiB/9.9GiB(15%) CN:8 DL:2.2MiB ETA:1h3m39s]
[#b7eb6c 1.4GiB/9.9GiB(15%) CN:8 DL:2.1MiB ETA:1h5m33s]
[#b7eb6c 1.4GiB/9.9GiB(15%) CN:8 DL:2.2MiB ETA:1h4m55s]
[#b7eb6c 1.4GiB/9.9GiB(15%) CN:8 DL:2.2MiB ETA:1h4m51s]
[#b7eb6c 1.4GiB/9.9GiB(15%) CN:8 DL:2.2MiB ETA:1h5m12s]
[#b7eb6c 1.5GiB/9.9GiB(15%) CN:8 DL:2.2MiB ETA:1h4m29s]
[#b7eb6c 1.5GiB/9.9GiB(15%) CN:8 DL:2.2MiB ETA:1h5m5s]
[#b7eb6c 1.5GiB/9.9GiB(15%) CN:8 DL:2.2MiB ETA:1h2m39s]
[#b7eb6c 1.5GiB/9.9GiB(15%) CN:8 DL:2.2MiB ETA:1h4m45s]
[#b7eb6c 1.5GiB/9.9GiB(15%) CN:8 DL:2.2MiB ETA:1h3m59s]
[#b7eb6c 1.5GiB/9.9GiB(15%) CN:8 DL:2.2MiB ETA:1h4m15s]
[#b7eb6c 1.5GiB/9.9GiB(15%) CN:8 DL:2.2MiB ETA:1h3m1s]
[#b7eb6c 1.5GiB/9.9GiB(15%) CN:8 DL:2.2MiB ETA:1h4m14s]
[#b7eb6c 1.5GiB/9.9GiB(15%) CN:8 DL:2.2MiB ETA:1h4m16s]
[#b7eb6c 1.5GiB/9.9GiB(15%) CN:8 DL:2.2MiB ETA:1h4m11s]
[#b7eb6c 1.5GiB/9.9GiB(15%) CN:8 DL:2.2MiB ETA:1h4m26s]
[#b7eb6c 1.5GiB/9.9GiB(15%) CN:8 DL:2.2MiB ETA:1h4m21s]
[#b7eb6c 1.5GiB/9.9GiB(15%) CN:8 DL:2.2MiB ETA:1h4m33s]
[#b7eb6c 1.5GiB/9.9GiB(15%) CN:8 DL:2.1MiB ETA:1h5m38s]
[#b7eb6c 1.5GiB/9.9GiB(15%) CN:8 DL:2.2MiB ETA:1h3m20s]
[#b7eb6c 1.5GiB/9.9GiB(15%) CN:8 DL:2.1MiB ETA:1h5m17s]
[#b7eb6c 1.5GiB/9.9GiB(15%) CN:8 DL:2.2MiB ETA:1h3m37s]
[#b7eb6c 1.5GiB/9.9GiB(15%) CN:8 DL:2.1MiB ETA:1h5m31s]
[#b7eb6c 1.5GiB/9.9GiB(15%) CN:8 DL:2.2MiB ETA:1h4m34s]
[#b7eb6c 1.5GiB/9.9GiB(15%) CN:8 DL:2.2MiB ETA:1h4m18s]
[#b7eb6c 1.5GiB/9.9GiB(15%) CN:8 DL:2.2MiB ETA:1h4m53s]
 *** Download Progress Summary as of Sun Sep 13 12:20:03 2026 *** 
===============================================================================
[#b7eb6c 1.5GiB/9.9GiB(15%) CN:8 DL:2.2MiB ETA:1h4m12s]
FILE: /home/cosmosapjw/.cache/htt-r9/sdss_pv_zenodo_6824749/mocks.tar.gz.partial
-------------------------------------------------------------------------------

[#b7eb6c 1.5GiB/9.9GiB(15%) CN:8 DL:2.2MiB ETA:1h4m12s]
[#b7eb6c 1.5GiB/9.9GiB(15%) CN:8 DL:2.2MiB ETA:1h4m2s]
[#b7eb6c 1.5GiB/9.9GiB(15%) CN:8 DL:2.2MiB ETA:1h4m2s]
[#b7eb6c 1.5GiB/9.9GiB(15%) CN:8 DL:2.1MiB ETA:1h4m53s]
[#b7eb6c 1.5GiB/9.9GiB(15%) CN:8 DL:2.1MiB ETA:1h5m]
[#b7eb6c 1.5GiB/9.9GiB(15%) CN:8 DL:2.2MiB ETA:1h4m31s]
[#b7eb6c 1.5GiB/9.9GiB(15%) CN:8 DL:2.2MiB ETA:1h3m57s]
[#b7eb6c 1.5GiB/9.9GiB(15%) CN:8 DL:2.2MiB ETA:1h4m15s]
[#b7eb6c 1.5GiB/9.9GiB(15%) CN:8 DL:2.2MiB ETA:1h4m37s]
[#b7eb6c 1.5GiB/9.9GiB(15%) CN:8 DL:2.2MiB ETA:1h4m29s]
[#b7eb6c 1.5GiB/9.9GiB(15%) CN:8 DL:2.1MiB ETA:1h4m48s]
[#b7eb6c 1.5GiB/9.9GiB(15%) CN:8 DL:2.2MiB ETA:1h3m57s]
[#b7eb6c 1.5GiB/9.9GiB(15%) CN:8 DL:2.1MiB ETA:1h5m49s]
[#b7eb6c 1.5GiB/9.9GiB(15%) CN:8 DL:2.2MiB ETA:1h3m50s]
[#b7eb6c 1.5GiB/9.9GiB(15%) CN:8 DL:2.1MiB ETA:1h4m52s]
[#b7eb6c 1.5GiB/9.9GiB(15%) CN:8 DL:2.2MiB ETA:1h4m32s]
[#b7eb6c 1.5GiB/9.9GiB(15%) CN:8 DL:2.1MiB ETA:1h4m59s]
[#b7eb6c 1.5GiB/9.9GiB(15%) CN:8 DL:2.2MiB ETA:1h3m51s]
[#b7eb6c 1.5GiB/9.9GiB(15%) CN:8 DL:2.2MiB ETA:1h4m2s]
[#b7eb6c 1.5GiB/9.9GiB(16%) CN:8 DL:2.2MiB ETA:1h3m59s]
[#b7eb6c 1.5GiB/9.9GiB(16%) CN:8 DL:2.2MiB ETA:1h3m56s]
[#b7eb6c 1.5GiB/9.9GiB(16%) CN:8 DL:2.2MiB ETA:1h3m55s]
[#b7eb6c 1.5GiB/9.9GiB(16%) CN:8 DL:2.2MiB ETA:1h3m46s]
[#b7eb6c 1.5GiB/9.9GiB(16%) CN:8 DL:2.2MiB ETA:1h3m45s]
[#b7eb6c 1.5GiB/9.9GiB(16%) CN:8 DL:2.2MiB ETA:1h3m42s]
[#b7eb6c 1.6GiB/9.9GiB(16%) CN:8 DL:2.2MiB ETA:1h3m12s]
[#b7eb6c 1.6GiB/9.9GiB(16%) CN:8 DL:2.2MiB ETA:1h3m31s]
[#b7eb6c 1.6GiB/9.9GiB(16%) CN:8 DL:2.2MiB ETA:1h3m35s]
[#b7eb6c 1.6GiB/9.9GiB(16%) CN:8 DL:2.2MiB ETA:1h2m39s]
[#b7eb6c 1.6GiB/9.9GiB(16%) CN:8 DL:2.2MiB ETA:1h3m35s]
[#b7eb6c 1.6GiB/9.9GiB(16%) CN:8 DL:2.2MiB ETA:1h2m40s]
[#b7eb6c 1.6GiB/9.9GiB(16%) CN:8 DL:2.2MiB ETA:1h3m35s]
[#b7eb6c 1.6GiB/9.9GiB(16%) CN:8 DL:2.2MiB ETA:1h4m3s]
[#b7eb6c 1.6GiB/9.9GiB(16%) CN:8 DL:2.2MiB ETA:1h3m38s]
[#b7eb6c 1.6GiB/9.9GiB(16%) CN:8 DL:2.2MiB ETA:1h3m39s]
[#b7eb6c 1.6GiB/9.9GiB(16%) CN:8 DL:2.2MiB ETA:1h3m52s]
[#b7eb6c 1.6GiB/9.9GiB(16%) CN:8 DL:2.2MiB ETA:1h3m36s]
[#b7eb6c 1.6GiB/9.9GiB(16%) CN:8 DL:2.2MiB ETA:1h3m32s]
[#b7eb6c 1.6GiB/9.9GiB(16%) CN:8 DL:2.2MiB ETA:1h3m20s]
[#b7eb6c 1.6GiB/9.9GiB(16%) CN:8 DL:2.2MiB ETA:1h3m19s]
[#b7eb6c 1.6GiB/9.9GiB(16%) CN:8 DL:2.2MiB ETA:1h3m19s]
[#b7eb6c 1.6GiB/9.9GiB(16%) CN:8 DL:2.2MiB ETA:1h2m46s]
[#b7eb6c 1.6GiB/9.9GiB(16%) CN:8 DL:2.2MiB ETA:1h2m52s]
[#b7eb6c 1.6GiB/9.9GiB(16%) CN:8 DL:2.2MiB ETA:1h3m30s]
[#b7eb6c 1.6GiB/9.9GiB(16%) CN:8 DL:2.2MiB ETA:1h3m28s]
[#b7eb6c 1.6GiB/9.9GiB(16%) CN:8 DL:2.2MiB ETA:1h3m41s]
[#b7eb6c 1.6GiB/9.9GiB(16%) CN:8 DL:2.2MiB ETA:1h3m50s]
[#b7eb6c 1.6GiB/9.9GiB(16%) CN:8 DL:2.2MiB ETA:1h3m48s]
[#b7eb6c 1.6GiB/9.9GiB(16%) CN:8 DL:2.1MiB ETA:1h4m14s]
[#b7eb6c 1.6GiB/9.9GiB(16%) CN:8 DL:2.2MiB ETA:1h3m46s]
[#b7eb6c 1.6GiB/9.9GiB(16%) CN:8 DL:2.2MiB ETA:1h3m46s]
[#b7eb6c 1.6GiB/9.9GiB(16%) CN:8 DL:2.2MiB ETA:1h3m55s]
[#b7eb6c 1.6GiB/9.9GiB(16%) CN:8 DL:2.2MiB ETA:1h4m]
[#b7eb6c 1.6GiB/9.9GiB(16%) CN:8 DL:2.2MiB ETA:1h3m37s]
[#b7eb6c 1.6GiB/9.9GiB(16%) CN:8 DL:2.1MiB ETA:1h4m14s]
[#b7eb6c 1.6GiB/9.9GiB(16%) CN:8 DL:2.2MiB ETA:1h3m18s]
[#b7eb6c 1.6GiB/9.9GiB(16%) CN:8 DL:2.2MiB ETA:1h3m21s]
[#b7eb6c 1.6GiB/9.9GiB(16%) CN:8 DL:2.1MiB ETA:1h4m37s]
[#b7eb6c 1.6GiB/9.9GiB(16%) CN:8 DL:2.2MiB ETA:1h2m34s]
[#b7eb6c 1.6GiB/9.9GiB(16%) CN:8 DL:2.2MiB ETA:1h3m19s]
[#b7eb6c 1.6GiB/9.9GiB(16%) CN:8 DL:2.2MiB ETA:1h3m15s]
 *** Download Progress Summary as of Sun Sep 13 12:21:03 2026 *** 
===============================================================================
[#b7eb6c 1.6GiB/9.9GiB(16%) CN:8 DL:2.2MiB ETA:1h3m31s]
FILE: /home/cosmosapjw/.cache/htt-r9/sdss_pv_zenodo_6824749/mocks.tar.gz.partial
-------------------------------------------------------------------------------

[#b7eb6c 1.6GiB/9.9GiB(16%) CN:8 DL:2.2MiB ETA:1h3m31s]
[#b7eb6c 1.6GiB/9.9GiB(16%) CN:8 DL:2.1MiB ETA:1h4m26s]
[#b7eb6c 1.6GiB/9.9GiB(16%) CN:8 DL:2.2MiB ETA:1h3m10s]
[#b7eb6c 1.6GiB/9.9GiB(16%) CN:8 DL:2.2MiB ETA:1h2m26s]
[#b7eb6c 1.6GiB/9.9GiB(17%) CN:8 DL:2.2MiB ETA:1h3m7s]
[#b7eb6c 1.6GiB/9.9GiB(17%) CN:8 DL:2.2MiB ETA:1h2m59s]
[#b7eb6c 1.6GiB/9.9GiB(17%) CN:8 DL:2.2MiB ETA:1h1m22s]
[#b7eb6c 1.6GiB/9.9GiB(17%) CN:8 DL:2.2MiB ETA:1h2m49s]
[#b7eb6c 1.6GiB/9.9GiB(17%) CN:8 DL:2.2MiB ETA:1h3m]
[#b7eb6c 1.6GiB/9.9GiB(17%) CN:8 DL:2.2MiB ETA:1h2m55s]
[#b7eb6c 1.6GiB/9.9GiB(17%) CN:8 DL:2.2MiB ETA:1h3m]
[#b7eb6c 1.7GiB/9.9GiB(17%) CN:8 DL:2.2MiB ETA:1h2m35s]
[#b7eb6c 1.7GiB/9.9GiB(17%) CN:8 DL:2.2MiB ETA:1h3m7s]
[#b7eb6c 1.7GiB/9.9GiB(17%) CN:8 DL:2.1MiB ETA:1h3m42s]
[#b7eb6c 1.7GiB/9.9GiB(17%) CN:8 DL:2.2MiB ETA:1h3m7s]
[#b7eb6c 1.7GiB/9.9GiB(17%) CN:8 DL:2.1MiB ETA:1h4m44s]
[#b7eb6c 1.7GiB/9.9GiB(17%) CN:8 DL:2.2MiB ETA:1h3m9s]
[#b7eb6c 1.7GiB/9.9GiB(17%) CN:8 DL:2.2MiB ETA:1h3m12s]
[#b7eb6c 1.7GiB/9.9GiB(17%) CN:8 DL:2.2MiB ETA:1h2m56s]
[#b7eb6c 1.7GiB/9.9GiB(17%) CN:8 DL:2.2MiB ETA:1h2m57s]
[#b7eb6c 1.7GiB/9.9GiB(17%) CN:8 DL:2.2MiB ETA:1h2m47s]
[#b7eb6c 1.7GiB/9.9GiB(17%) CN:8 DL:2.2MiB ETA:1h3m9s]
[#b7eb6c 1.7GiB/9.9GiB(17%) CN:8 DL:2.2MiB ETA:1h3m3s]
[#b7eb6c 1.7GiB/9.9GiB(17%) CN:8 DL:2.2MiB ETA:1h2m36s]
[#b7eb6c 1.7GiB/9.9GiB(17%) CN:8 DL:2.2MiB ETA:1h3m1s]
[#b7eb6c 1.7GiB/9.9GiB(17%) CN:8 DL:2.2MiB ETA:1h2m50s]
[#b7eb6c 1.7GiB/9.9GiB(17%) CN:8 DL:2.2MiB ETA:1h2m52s]
[#b7eb6c 1.7GiB/9.9GiB(17%) CN:8 DL:2.2MiB ETA:1h2m49s]
[#b7eb6c 1.7GiB/9.9GiB(17%) CN:8 DL:2.2MiB ETA:1h2m47s]
[#b7eb6c 1.7GiB/9.9GiB(17%) CN:8 DL:2.2MiB ETA:1h2m44s]
[#b7eb6c 1.7GiB/9.9GiB(17%) CN:8 DL:2.1MiB ETA:1h3m59s]
[#b7eb6c 1.7GiB/9.9GiB(17%) CN:8 DL:2.2MiB ETA:1h3m12s]
[#b7eb6c 1.7GiB/9.9GiB(17%) CN:8 DL:2.2MiB ETA:1h2m32s]
[#b7eb6c 1.7GiB/9.9GiB(17%) CN:8 DL:2.2MiB ETA:1h1m43s]
[#b7eb6c 1.7GiB/9.9GiB(17%) CN:8 DL:2.2MiB ETA:1h2m36s]
[#b7eb6c 1.7GiB/9.9GiB(17%) CN:8 DL:2.2MiB ETA:1h2m26s]
[#b7eb6c 1.7GiB/9.9GiB(17%) CN:8 DL:2.2MiB ETA:1h2m32s]
[#b7eb6c 1.7GiB/9.9GiB(17%) CN:8 DL:2.2MiB ETA:1h1m54s]
[#b7eb6c 1.7GiB/9.9GiB(17%) CN:8 DL:2.2MiB ETA:1h2m30s]
[#b7eb6c 1.7GiB/9.9GiB(17%) CN:8 DL:2.2MiB ETA:1h2m27s]
[#b7eb6c 1.7GiB/9.9GiB(17%) CN:8 DL:2.2MiB ETA:1h2m24s]
[#b7eb6c 1.7GiB/9.9GiB(17%) CN:8 DL:2.2MiB ETA:1h1m57s]
[#b7eb6c 1.7GiB/9.9GiB(17%) CN:8 DL:2.2MiB ETA:1h2m20s]
[#b7eb6c 1.7GiB/9.9GiB(17%) CN:8 DL:2.2MiB ETA:1h2m13s]
[#b7eb6c 1.7GiB/9.9GiB(17%) CN:8 DL:2.2MiB ETA:1h2m14s]
[#b7eb6c 1.7GiB/9.9GiB(17%) CN:8 DL:2.2MiB ETA:1h2m3s]
[#b7eb6c 1.7GiB/9.9GiB(17%) CN:8 DL:2.2MiB ETA:1h2m18s]
[#b7eb6c 1.7GiB/9.9GiB(17%) CN:8 DL:2.2MiB ETA:1h1m34s]
[#b7eb6c 1.7GiB/9.9GiB(17%) CN:8 DL:2.2MiB ETA:1h2m18s]
[#b7eb6c 1.7GiB/9.9GiB(17%) CN:8 DL:2.1MiB ETA:1h3m4s]
[#b7eb6c 1.7GiB/9.9GiB(18%) CN:8 DL:2.2MiB ETA:1h2m18s]
[#b7eb6c 1.7GiB/9.9GiB(18%) CN:8 DL:2.2MiB ETA:1h1m14s]
[#b7eb6c 1.7GiB/9.9GiB(18%) CN:8 DL:2.2MiB ETA:1h2m21s]
[#b7eb6c 1.7GiB/9.9GiB(18%) CN:8 DL:2.2MiB ETA:1h2m14s]
[#b7eb6c 1.7GiB/9.9GiB(18%) CN:8 DL:2.2MiB ETA:1h2m11s]
[#b7eb6c 1.7GiB/9.9GiB(18%) CN:8 DL:2.2MiB ETA:1h2m19s]
[#b7eb6c 1.7GiB/9.9GiB(18%) CN:8 DL:2.1MiB ETA:1h3m35s]
[#b7eb6c 1.8GiB/9.9GiB(18%) CN:8 DL:2.2MiB ETA:1h2m21s]
[#b7eb6c 1.8GiB/9.9GiB(18%) CN:8 DL:2.2MiB ETA:1h1m59s]
[#b7eb6c 1.8GiB/9.9GiB(18%) CN:8 DL:2.2MiB ETA:1h2m19s]
[#b7eb6c 1.8GiB/9.9GiB(18%) CN:8 DL:2.2MiB ETA:1h2m15s]
 *** Download Progress Summary as of Sun Sep 13 12:22:04 2026 *** 
===============================================================================
[#b7eb6c 1.8GiB/9.9GiB(18%) CN:8 DL:2.1MiB ETA:1h2m53s]
FILE: /home/cosmosapjw/.cache/htt-r9/sdss_pv_zenodo_6824749/mocks.tar.gz.partial
-------------------------------------------------------------------------------

[#b7eb6c 1.8GiB/9.9GiB(18%) CN:8 DL:2.1MiB ETA:1h2m53s]
[#b7eb6c 1.8GiB/9.9GiB(18%) CN:8 DL:2.2MiB ETA:1h2m35s]
[#b7eb6c 1.8GiB/9.9GiB(18%) CN:8 DL:2.1MiB ETA:1h3m15s]
[#b7eb6c 1.8GiB/9.9GiB(18%) CN:8 DL:2.1MiB ETA:1h3m55s]
[#b7eb6c 1.8GiB/9.9GiB(18%) CN:8 DL:2.1MiB ETA:1h3m14s]
[#b7eb6c 1.8GiB/9.9GiB(18%) CN:8 DL:2.1MiB ETA:1h4m6s]
[#b7eb6c 1.8GiB/9.9GiB(18%) CN:8 DL:2.1MiB ETA:1h4m18s]
[#b7eb6c 1.8GiB/9.9GiB(18%) CN:8 DL:2.1MiB ETA:1h4m20s]
[#b7eb6c 1.8GiB/9.9GiB(18%) CN:8 DL:2.1MiB ETA:1h4m15s]
[#b7eb6c 1.8GiB/9.9GiB(18%) CN:8 DL:2.1MiB ETA:1h4m23s]
[#b7eb6c 1.8GiB/9.9GiB(18%) CN:8 DL:2.1MiB ETA:1h3m59s]
[#b7eb6c 1.8GiB/9.9GiB(18%) CN:8 DL:2.1MiB ETA:1h4m36s]
[#b7eb6c 1.8GiB/9.9GiB(18%) CN:8 DL:2.1MiB ETA:1h3m48s]
[#b7eb6c 1.8GiB/9.9GiB(18%) CN:8 DL:2.2MiB ETA:1h2m13s]
[#b7eb6c 1.8GiB/9.9GiB(18%) CN:8 DL:2.2MiB ETA:1h2m9s]
[#b7eb6c 1.8GiB/9.9GiB(18%) CN:8 DL:2.2MiB ETA:1h2m1s]
[#b7eb6c 1.8GiB/9.9GiB(18%) CN:8 DL:2.2MiB ETA:1h2m6s]
[#b7eb6c 1.8GiB/9.9GiB(18%) CN:8 DL:2.2MiB ETA:1h2m23s]
[#b7eb6c 1.8GiB/9.9GiB(18%) CN:8 DL:2.2MiB ETA:1h2m21s]
[#b7eb6c 1.8GiB/9.9GiB(18%) CN:8 DL:2.2MiB ETA:1h2m22s]
[#b7eb6c 1.8GiB/9.9GiB(18%) CN:8 DL:2.2MiB ETA:1h1m34s]
[#b7eb6c 1.8GiB/9.9GiB(18%) CN:8 DL:2.2MiB ETA:1h1m14s]
[#b7eb6c 1.8GiB/9.9GiB(18%) CN:8 DL:2.2MiB ETA:1h1m25s]
[#b7eb6c 1.8GiB/9.9GiB(18%) CN:8 DL:2.1MiB ETA:1h2m52s]
[#b7eb6c 1.8GiB/9.9GiB(18%) CN:8 DL:2.1MiB ETA:1h2m58s]
[#b7eb6c 1.8GiB/9.9GiB(18%) CN:8 DL:2.1MiB ETA:1h2m59s]
[#b7eb6c 1.8GiB/9.9GiB(18%) CN:8 DL:2.1MiB ETA:1h3m38s]
[#b7eb6c 1.8GiB/9.9GiB(18%) CN:8 DL:2.2MiB ETA:1h2m24s]
[#b7eb6c 1.8GiB/9.9GiB(18%) CN:8 DL:2.2MiB ETA:1h2m16s]
[#b7eb6c 1.8GiB/9.9GiB(18%) CN:8 DL:2.2MiB ETA:1h2m4s]
[#b7eb6c 1.8GiB/9.9GiB(18%) CN:8 DL:2.1MiB ETA:1h2m26s]
[#b7eb6c 1.8GiB/9.9GiB(18%) CN:8 DL:2.2MiB ETA:1h1m53s]
[#b7eb6c 1.8GiB/9.9GiB(18%) CN:8 DL:2.2MiB ETA:1h1m47s]
[#b7eb6c 1.8GiB/9.9GiB(18%) CN:8 DL:2.2MiB ETA:1h1m43s]
[#b7eb6c 1.8GiB/9.9GiB(18%) CN:8 DL:2.2MiB ETA:1h2m1s]
[#b7eb6c 1.8GiB/9.9GiB(19%) CN:8 DL:2.2MiB ETA:1h1m42s]
[#b7eb6c 1.8GiB/9.9GiB(19%) CN:8 DL:2.2MiB ETA:1h1m25s]
[#b7eb6c 1.8GiB/9.9GiB(19%) CN:8 DL:2.1MiB ETA:1h4m13s]
[#b7eb6c 1.8GiB/9.9GiB(19%) CN:8 DL:1.9MiB ETA:1h8m46s]
[#b7eb6c 1.8GiB/9.9GiB(19%) CN:8 DL:1.9MiB ETA:1h10m48s]
[#b7eb6c 1.8GiB/9.9GiB(19%) CN:8 DL:1.8MiB ETA:1h15m29s]
[#b7eb6c 1.8GiB/9.9GiB(19%) CN:8 DL:1.6MiB ETA:1h21m]
[#b7eb6c 1.8GiB/9.9GiB(19%) CN:8 DL:1.5MiB ETA:1h26m40s]
[#b7eb6c 1.8GiB/9.9GiB(19%) CN:8 DL:1.4MiB ETA:1h32m37s]
[#b7eb6c 1.8GiB/9.9GiB(19%) CN:8 DL:1.3MiB ETA:1h39m]
[#b7eb6c 1.8GiB/9.9GiB(19%) CN:8 DL:1.2MiB ETA:1h48m44s]
[#b7eb6c 1.8GiB/9.9GiB(19%) CN:8 DL:1.1MiB ETA:1h57m4s]
[#b7eb6c 1.8GiB/9.9GiB(19%) CN:8 DL:1.1MiB ETA:2h20s]
[#b7eb6c 1.9GiB/9.9GiB(19%) CN:8 DL:1.2MiB ETA:1h53m13s]
[#b7eb6c 1.9GiB/9.9GiB(19%) CN:8 DL:1.2MiB ETA:1h50m24s]
[#b7eb6c 1.9GiB/9.9GiB(19%) CN:8 DL:1.3MiB ETA:1h43m6s]
[#b7eb6c 1.9GiB/9.9GiB(19%) CN:8 DL:1.4MiB ETA:1h34m53s]
[#b7eb6c 1.9GiB/9.9GiB(19%) CN:8 DL:1.5MiB ETA:1h30m1s]
[#b7eb6c 1.9GiB/9.9GiB(19%) CN:8 DL:1.6MiB ETA:1h22m26s]
[#b7eb6c 1.9GiB/9.9GiB(19%) CN:8 DL:1.7MiB ETA:1h16m51s]
[#b7eb6c 1.9GiB/9.9GiB(19%) CN:8 DL:1.8MiB ETA:1h13m12s]
[#b7eb6c 1.9GiB/9.9GiB(19%) CN:8 DL:1.9MiB ETA:1h9m40s]
[#b7eb6c 1.9GiB/9.9GiB(19%) CN:8 DL:2.0MiB ETA:1h6m51s]
[#b7eb6c 1.9GiB/9.9GiB(19%) CN:8 DL:2.1MiB ETA:1h4m8s]
[#b7eb6c 1.9GiB/9.9GiB(19%) CN:8 DL:2.1MiB ETA:1h2m5s]
[#b7eb6c 1.9GiB/9.9GiB(19%) CN:8 DL:2.2MiB ETA:1h1m17s]
 *** Download Progress Summary as of Sun Sep 13 12:23:05 2026 *** 
===============================================================================
[#b7eb6c 1.9GiB/9.9GiB(19%) CN:8 DL:2.1MiB ETA:1h2m36s]
FILE: /home/cosmosapjw/.cache/htt-r9/sdss_pv_zenodo_6824749/mocks.tar.gz.partial
-------------------------------------------------------------------------------

[#b7eb6c 1.9GiB/9.9GiB(19%) CN:8 DL:2.1MiB ETA:1h2m36s]
[#b7eb6c 1.9GiB/9.9GiB(19%) CN:8 DL:2.2MiB ETA:1h1m16s]
[#b7eb6c 1.9GiB/9.9GiB(19%) CN:8 DL:2.2MiB ETA:1h1m47s]
[#b7eb6c 1.9GiB/9.9GiB(19%) CN:8 DL:2.2MiB ETA:1h1m4s]
[#b7eb6c 1.9GiB/9.9GiB(19%) CN:8 DL:2.2MiB ETA:59m33s]
[#b7eb6c 1.9GiB/9.9GiB(19%) CN:8 DL:2.2MiB ETA:1h1m]
[#b7eb6c 1.9GiB/9.9GiB(19%) CN:8 DL:2.2MiB ETA:1h1m5s]
[#b7eb6c 1.9GiB/9.9GiB(19%) CN:8 DL:2.2MiB ETA:1h1m11s]
[#b7eb6c 1.9GiB/9.9GiB(19%) CN:8 DL:2.1MiB ETA:1h1m56s]
[#b7eb6c 1.9GiB/9.9GiB(19%) CN:8 DL:2.2MiB ETA:1h1m13s]
[#b7eb6c 1.9GiB/9.9GiB(19%) CN:8 DL:2.2MiB ETA:1h1m16s]
[#b7eb6c 1.9GiB/9.9GiB(19%) CN:8 DL:2.2MiB ETA:1h1m18s]
[#b7eb6c 1.9GiB/9.9GiB(19%) CN:8 DL:2.2MiB ETA:1h1m15s]
[#b7eb6c 1.9GiB/9.9GiB(19%) CN:8 DL:2.2MiB ETA:1h20s]
[#b7eb6c 1.9GiB/9.9GiB(19%) CN:8 DL:2.1MiB ETA:1h3m26s]
[#b7eb6c 1.9GiB/9.9GiB(19%) CN:8 DL:2.1MiB ETA:1h3m20s]
[#b7eb6c 1.9GiB/9.9GiB(19%) CN:8 DL:2.1MiB ETA:1h3m39s]
[#b7eb6c 1.9GiB/9.9GiB(19%) CN:8 DL:2.0MiB ETA:1h4m37s]
[#b7eb6c 1.9GiB/9.9GiB(19%) CN:8 DL:2.1MiB ETA:1h4m6s]
[#b7eb6c 1.9GiB/9.9GiB(19%) CN:8 DL:2.0MiB ETA:1h4m52s]
[#b7eb6c 1.9GiB/9.9GiB(19%) CN:8 DL:2.1MiB ETA:1h3m31s]
[#b7eb6c 1.9GiB/9.9GiB(19%) CN:8 DL:2.0MiB ETA:1h5m7s]
[#b7eb6c 1.9GiB/9.9GiB(19%) CN:8 DL:2.0MiB ETA:1h5m10s]
[#b7eb6c 1.9GiB/9.9GiB(19%) CN:8 DL:2.0MiB ETA:1h6m27s]
[#b7eb6c 1.9GiB/9.9GiB(19%) CN:8 DL:2.1MiB ETA:1h3m11s]
[#b7eb6c 1.9GiB/9.9GiB(19%) CN:8 DL:2.1MiB ETA:1h2m13s]
[#b7eb6c 1.9GiB/9.9GiB(20%) CN:8 DL:2.1MiB ETA:1h1m39s]
[#b7eb6c 1.9GiB/9.9GiB(20%) CN:8 DL:2.2MiB ETA:1h1m28s]
[#b7eb6c 1.9GiB/9.9GiB(20%) CN:8 DL:2.2MiB ETA:1h1m16s]
[#b7eb6c 1.9GiB/9.9GiB(20%) CN:8 DL:2.2MiB ETA:1h1m20s]
[#b7eb6c 1.9GiB/9.9GiB(20%) CN:8 DL:2.2MiB ETA:1h1m12s]
[#b7eb6c 1.9GiB/9.9GiB(20%) CN:8 DL:2.2MiB ETA:1h45s]
[#b7eb6c 1.9GiB/9.9GiB(20%) CN:8 DL:2.2MiB ETA:1h1m1s]
[#b7eb6c 1.9GiB/9.9GiB(20%) CN:8 DL:2.2MiB ETA:1h57s]
[#b7eb6c 2.0GiB/9.9GiB(20%) CN:8 DL:2.2MiB ETA:1h38s]
[#b7eb6c 2.0GiB/9.9GiB(20%) CN:8 DL:2.2MiB ETA:1h54s]
[#b7eb6c 2.0GiB/9.9GiB(20%) CN:8 DL:2.2MiB ETA:1h1m]
[#b7eb6c 2.0GiB/9.9GiB(20%) CN:8 DL:2.2MiB ETA:1h39s]
[#b7eb6c 2.0GiB/9.9GiB(20%) CN:8 DL:2.2MiB ETA:1h11s]
[#b7eb6c 2.0GiB/9.9GiB(20%) CN:8 DL:2.2MiB ETA:59m36s]
[#b7eb6c 2.0GiB/9.9GiB(20%) CN:8 DL:2.1MiB ETA:1h1m28s]
[#b7eb6c 2.0GiB/9.9GiB(20%) CN:8 DL:2.2MiB ETA:59m23s]
[#b7eb6c 2.0GiB/9.9GiB(20%) CN:8 DL:2.2MiB ETA:1h24s]
[#b7eb6c 2.0GiB/9.9GiB(20%) CN:8 DL:2.2MiB ETA:59m50s]
[#b7eb6c 2.0GiB/9.9GiB(20%) CN:8 DL:2.2MiB ETA:1h53s]
[#b7eb6c 2.0GiB/9.9GiB(20%) CN:8 DL:2.2MiB ETA:1h24s]
[#b7eb6c 2.0GiB/9.9GiB(20%) CN:8 DL:2.2MiB ETA:1h34s]
[#b7eb6c 2.0GiB/9.9GiB(20%) CN:8 DL:2.2MiB ETA:1h32s]
[#b7eb6c 2.0GiB/9.9GiB(20%) CN:8 DL:2.2MiB ETA:1h44s]
[#b7eb6c 2.0GiB/9.9GiB(20%) CN:8 DL:2.2MiB ETA:1h13s]
[#b7eb6c 2.0GiB/9.9GiB(20%) CN:8 DL:2.2MiB ETA:1h23s]
[#b7eb6c 2.0GiB/9.9GiB(20%) CN:8 DL:2.2MiB ETA:1h18s]
[#b7eb6c 2.0GiB/9.9GiB(20%) CN:8 DL:2.2MiB ETA:59m20s]
[#b7eb6c 2.0GiB/9.9GiB(20%) CN:8 DL:2.1MiB ETA:1h1m9s]
[#b7eb6c 2.0GiB/9.9GiB(20%) CN:8 DL:2.2MiB ETA:1h7s]
[#b7eb6c 2.0GiB/9.9GiB(20%) CN:8 DL:2.2MiB ETA:58m35s]
[#b7eb6c 2.0GiB/9.9GiB(20%) CN:8 DL:2.2MiB ETA:59m49s]
[#b7eb6c 2.0GiB/9.9GiB(20%) CN:8 DL:2.2MiB ETA:59m52s]
[#b7eb6c 2.0GiB/9.9GiB(20%) CN:8 DL:2.2MiB ETA:59m44s]
[#b7eb6c 2.0GiB/9.9GiB(20%) CN:8 DL:2.2MiB ETA:59m42s]
[#b7eb6c 2.0GiB/9.9GiB(20%) CN:8 DL:2.2MiB ETA:59m37s]
 *** Download Progress Summary as of Sun Sep 13 12:24:05 2026 *** 
===============================================================================
[#b7eb6c 2.0GiB/9.9GiB(20%) CN:8 DL:2.2MiB ETA:59m14s]
FILE: /home/cosmosapjw/.cache/htt-r9/sdss_pv_zenodo_6824749/mocks.tar.gz.partial
-------------------------------------------------------------------------------

[#b7eb6c 2.0GiB/9.9GiB(20%) CN:8 DL:2.2MiB ETA:59m14s]
[#b7eb6c 2.0GiB/9.9GiB(20%) CN:8 DL:2.2MiB ETA:58m57s]
[#b7eb6c 2.0GiB/9.9GiB(20%) CN:8 DL:2.2MiB ETA:59m41s]
[#b7eb6c 2.0GiB/9.9GiB(20%) CN:8 DL:2.2MiB ETA:1h33s]
[#b7eb6c 2.0GiB/9.9GiB(20%) CN:8 DL:2.2MiB ETA:59m46s]
[#b7eb6c 2.0GiB/9.9GiB(20%) CN:8 DL:2.3MiB ETA:58m9s]
[#b7eb6c 2.0GiB/9.9GiB(20%) CN:8 DL:2.2MiB ETA:59m51s]
[#b7eb6c 2.0GiB/9.9GiB(20%) CN:8 DL:2.0MiB ETA:1h4m31s]
[#b7eb6c 2.0GiB/9.9GiB(20%) CN:8 DL:1.9MiB ETA:1h7m35s]
[#b7eb6c 2.0GiB/9.9GiB(20%) CN:8 DL:1.8MiB ETA:1h10m34s]
[#b7eb6c 2.0GiB/9.9GiB(20%) CN:8 DL:1.8MiB ETA:1h13m55s]
[#b7eb6c 2.0GiB/9.9GiB(20%) CN:8 DL:1.7MiB ETA:1h17m10s]
[#b7eb6c 2.0GiB/9.9GiB(20%) CN:8 DL:1.7MiB ETA:1h18m37s]
[#b7eb6c 2.0GiB/9.9GiB(21%) CN:8 DL:1.6MiB ETA:1h22m3s]
[#b7eb6c 2.0GiB/9.9GiB(21%) CN:8 DL:1.6MiB ETA:1h22m34s]
[#b7eb6c 2.0GiB/9.9GiB(21%) CN:8 DL:1.5MiB ETA:1h24m4s]
[#b7eb6c 2.0GiB/9.9GiB(21%) CN:8 DL:1.7MiB ETA:1h14m52s]
[#b7eb6c 2.0GiB/9.9GiB(21%) CN:8 DL:1.8MiB ETA:1h12m55s]
[#b7eb6c 2.0GiB/9.9GiB(21%) CN:8 DL:1.9MiB ETA:1h9m38s]
[#b7eb6c 2.0GiB/9.9GiB(21%) CN:8 DL:1.9MiB ETA:1h8m45s]
[#b7eb6c 2.0GiB/9.9GiB(21%) CN:8 DL:2.0MiB ETA:1h4m24s]
[#b7eb6c 2.0GiB/9.9GiB(21%) CN:8 DL:2.1MiB ETA:1h2m39s]
[#b7eb6c 2.1GiB/9.9GiB(21%) CN:8 DL:2.1MiB ETA:1h1m13s]
[#b7eb6c 2.1GiB/9.9GiB(21%) CN:8 DL:2.2MiB ETA:1h8s]
[#b7eb6c 2.1GiB/9.9GiB(21%) CN:8 DL:2.2MiB ETA:1h]
[#b7eb6c 2.1GiB/9.9GiB(21%) CN:8 DL:2.2MiB ETA:59m]
[#b7eb6c 2.1GiB/9.9GiB(21%) CN:8 DL:2.2MiB ETA:1h14s]
[#b7eb6c 2.1GiB/9.9GiB(21%) CN:8 DL:2.2MiB ETA:1h8s]
[#b7eb6c 2.1GiB/9.9GiB(21%) CN:8 DL:2.2MiB ETA:1h10s]
[#b7eb6c 2.1GiB/9.9GiB(21%) CN:8 DL:2.2MiB ETA:1h17s]
[#b7eb6c 2.1GiB/9.9GiB(21%) CN:8 DL:2.2MiB ETA:1h13s]
[#b7eb6c 2.1GiB/9.9GiB(21%) CN:8 DL:2.2MiB ETA:1h14s]
[#b7eb6c 2.1GiB/9.9GiB(21%) CN:8 DL:2.1MiB ETA:1h29s]
[#b7eb6c 2.1GiB/9.9GiB(21%) CN:8 DL:2.2MiB ETA:1h5s]
[#b7eb6c 2.1GiB/9.9GiB(21%) CN:8 DL:2.2MiB ETA:1h15s]
[#b7eb6c 2.1GiB/9.9GiB(21%) CN:8 DL:2.2MiB ETA:59m39s]
[#b7eb6c 2.1GiB/9.9GiB(21%) CN:8 DL:2.2MiB ETA:1h20s]
[#b7eb6c 2.1GiB/9.9GiB(21%) CN:8 DL:2.1MiB ETA:1h28s]
[#b7eb6c 2.1GiB/9.9GiB(21%) CN:8 DL:2.1MiB ETA:1h21s]
[#b7eb6c 2.1GiB/9.9GiB(21%) CN:8 DL:2.2MiB ETA:1h6s]
[#b7eb6c 2.1GiB/9.9GiB(21%) CN:8 DL:2.2MiB ETA:59m52s]
[#b7eb6c 2.1GiB/9.9GiB(21%) CN:8 DL:2.2MiB ETA:59m51s]
[#b7eb6c 2.1GiB/9.9GiB(21%) CN:8 DL:2.2MiB ETA:59m]
[#b7eb6c 2.1GiB/9.9GiB(21%) CN:8 DL:2.2MiB ETA:58m56s]
[#b7eb6c 2.1GiB/9.9GiB(21%) CN:8 DL:2.2MiB ETA:59m38s]
[#b7eb6c 2.1GiB/9.9GiB(21%) CN:8 DL:2.2MiB ETA:59m16s]
[#b7eb6c 2.1GiB/9.9GiB(21%) CN:8 DL:2.2MiB ETA:59m41s]
[#b7eb6c 2.1GiB/9.9GiB(21%) CN:8 DL:2.1MiB ETA:1h20s]
[#b7eb6c 2.1GiB/9.9GiB(21%) CN:8 DL:2.2MiB ETA:59m44s]
[#b7eb6c 2.1GiB/9.9GiB(21%) CN:8 DL:2.2MiB ETA:59m51s]
[#b7eb6c 2.1GiB/9.9GiB(21%) CN:8 DL:2.2MiB ETA:1h4s]
[#b7eb6c 2.1GiB/9.9GiB(21%) CN:8 DL:2.2MiB ETA:58m44s]
[#b7eb6c 2.1GiB/9.9GiB(21%) CN:8 DL:2.2MiB ETA:59m52s]
[#b7eb6c 2.1GiB/9.9GiB(21%) CN:8 DL:2.1MiB ETA:1h41s]
[#b7eb6c 2.1GiB/9.9GiB(21%) CN:8 DL:2.2MiB ETA:59m38s]
[#b7eb6c 2.1GiB/9.9GiB(21%) CN:8 DL:2.2MiB ETA:59m35s]
[#b7eb6c 2.1GiB/9.9GiB(21%) CN:8 DL:2.2MiB ETA:59m29s]
[#b7eb6c 2.1GiB/9.9GiB(21%) CN:8 DL:2.2MiB ETA:59m15s]
[#b7eb6c 2.1GiB/9.9GiB(21%) CN:8 DL:2.2MiB ETA:59m6s]
[#b7eb6c 2.1GiB/9.9GiB(21%) CN:8 DL:2.2MiB ETA:59m12s]
[#b7eb6c 2.1GiB/9.9GiB(22%) CN:8 DL:2.1MiB ETA:1h18s]
 *** Download Progress Summary as of Sun Sep 13 12:25:06 2026 *** 
===============================================================================
[#b7eb6c 2.1GiB/9.9GiB(22%) CN:8 DL:2.2MiB ETA:59m11s]
FILE: /home/cosmosapjw/.cache/htt-r9/sdss_pv_zenodo_6824749/mocks.tar.gz.partial
-------------------------------------------------------------------------------

[#b7eb6c 2.1GiB/9.9GiB(22%) CN:8 DL:2.2MiB ETA:59m11s]
[#b7eb6c 2.1GiB/9.9GiB(22%) CN:8 DL:2.2MiB ETA:59m3s]
[#b7eb6c 2.1GiB/9.9GiB(22%) CN:8 DL:2.2MiB ETA:59m23s]
[#b7eb6c 2.1GiB/9.9GiB(22%) CN:8 DL:2.2MiB ETA:59m3s]
[#b7eb6c 2.1GiB/9.9GiB(22%) CN:8 DL:2.2MiB ETA:59m19s]
[#b7eb6c 2.1GiB/9.9GiB(22%) CN:8 DL:2.2MiB ETA:59m4s]
[#b7eb6c 2.1GiB/9.9GiB(22%) CN:8 DL:2.2MiB ETA:59m50s]
[#b7eb6c 2.1GiB/9.9GiB(22%) CN:8 DL:2.2MiB ETA:58m49s]
[#b7eb6c 2.2GiB/9.9GiB(22%) CN:8 DL:2.1MiB ETA:59m48s]
[#b7eb6c 2.2GiB/9.9GiB(22%) CN:8 DL:2.2MiB ETA:58m58s]
[#b7eb6c 2.2GiB/9.9GiB(22%) CN:8 DL:2.2MiB ETA:59m16s]
[#b7eb6c 2.2GiB/9.9GiB(22%) CN:8 DL:2.2MiB ETA:57m46s]
[#b7eb6c 2.2GiB/9.9GiB(22%) CN:8 DL:2.2MiB ETA:59m1s]
[#b7eb6c 2.2GiB/9.9GiB(22%) CN:8 DL:2.1MiB ETA:1h13s]
[#b7eb6c 2.2GiB/9.9GiB(22%) CN:8 DL:2.2MiB ETA:58m58s]
[#b7eb6c 2.2GiB/9.9GiB(22%) CN:8 DL:2.1MiB ETA:1h4s]
[#b7eb6c 2.2GiB/9.9GiB(22%) CN:8 DL:2.2MiB ETA:59m11s]
[#b7eb6c 2.2GiB/9.9GiB(22%) CN:8 DL:2.2MiB ETA:59m14s]
[#b7eb6c 2.2GiB/9.9GiB(22%) CN:8 DL:2.2MiB ETA:59m12s]
[#b7eb6c 2.2GiB/9.9GiB(22%) CN:8 DL:2.2MiB ETA:58m59s]
[#b7eb6c 2.2GiB/9.9GiB(22%) CN:8 DL:2.2MiB ETA:59m5s]
[#b7eb6c 2.2GiB/9.9GiB(22%) CN:8 DL:2.2MiB ETA:58m21s]
[#b7eb6c 2.2GiB/9.9GiB(22%) CN:8 DL:2.2MiB ETA:58m39s]
[#b7eb6c 2.2GiB/9.9GiB(22%) CN:8 DL:2.1MiB ETA:1h1s]
[#b7eb6c 2.2GiB/9.9GiB(22%) CN:8 DL:2.2MiB ETA:59m6s]
[#b7eb6c 2.2GiB/9.9GiB(22%) CN:8 DL:2.2MiB ETA:58m52s]
[#b7eb6c 2.2GiB/9.9GiB(22%) CN:8 DL:2.2MiB ETA:58m51s]
[#b7eb6c 2.2GiB/9.9GiB(22%) CN:8 DL:2.2MiB ETA:58m46s]
[#b7eb6c 2.2GiB/9.9GiB(22%) CN:8 DL:2.2MiB ETA:58m16s]
[#b7eb6c 2.2GiB/9.9GiB(22%) CN:8 DL:2.2MiB ETA:59m6s]
[#b7eb6c 2.2GiB/9.9GiB(22%) CN:8 DL:2.2MiB ETA:58m4s]
[#b7eb6c 2.2GiB/9.9GiB(22%) CN:8 DL:2.2MiB ETA:58m54s]
[#b7eb6c 2.2GiB/9.9GiB(22%) CN:8 DL:2.2MiB ETA:57m24s]
[#b7eb6c 2.2GiB/9.9GiB(22%) CN:8 DL:2.2MiB ETA:58m43s]
[#b7eb6c 2.2GiB/9.9GiB(22%) CN:8 DL:2.2MiB ETA:58m4s]
[#b7eb6c 2.2GiB/9.9GiB(22%) CN:8 DL:2.2MiB ETA:58m44s]
[#b7eb6c 2.2GiB/9.9GiB(22%) CN:8 DL:2.2MiB ETA:58m24s]
[#b7eb6c 2.2GiB/9.9GiB(22%) CN:8 DL:2.2MiB ETA:59m1s]
[#b7eb6c 2.2GiB/9.9GiB(22%) CN:8 DL:2.2MiB ETA:58m44s]
[#b7eb6c 2.2GiB/9.9GiB(22%) CN:8 DL:2.2MiB ETA:59m7s]
[#b7eb6c 2.2GiB/9.9GiB(22%) CN:8 DL:2.2MiB ETA:58m16s]
[#b7eb6c 2.2GiB/9.9GiB(22%) CN:8 DL:2.2MiB ETA:59m14s]
[#b7eb6c 2.2GiB/9.9GiB(22%) CN:8 DL:2.1MiB ETA:59m23s]
[#b7eb6c 2.2GiB/9.9GiB(22%) CN:8 DL:2.1MiB ETA:1h46s]
[#b7eb6c 2.2GiB/9.9GiB(22%) CN:8 DL:2.1MiB ETA:59m14s]
[#b7eb6c 2.2GiB/9.9GiB(23%) CN:8 DL:2.1MiB ETA:59m15s]
[#b7eb6c 2.2GiB/9.9GiB(23%) CN:8 DL:2.1MiB ETA:59m36s]
[#b7eb6c 2.2GiB/9.9GiB(23%) CN:8 DL:2.2MiB ETA:59m]
[#b7eb6c 2.2GiB/9.9GiB(23%) CN:8 DL:2.1MiB ETA:59m25s]
[#b7eb6c 2.2GiB/9.9GiB(23%) CN:8 DL:2.2MiB ETA:58m30s]
[#b7eb6c 2.2GiB/9.9GiB(23%) CN:8 DL:2.2MiB ETA:58m37s]
[#b7eb6c 2.2GiB/9.9GiB(23%) CN:8 DL:2.2MiB ETA:58m54s]
[#b7eb6c 2.2GiB/9.9GiB(23%) CN:8 DL:2.2MiB ETA:58m19s]
[#b7eb6c 2.2GiB/9.9GiB(23%) CN:8 DL:2.2MiB ETA:57m23s]
[#b7eb6c 2.3GiB/9.9GiB(23%) CN:8 DL:2.2MiB ETA:58m14s]
[#b7eb6c 2.3GiB/9.9GiB(23%) CN:8 DL:2.2MiB ETA:58m59s]
[#b7eb6c 2.3GiB/9.9GiB(23%) CN:8 DL:2.2MiB ETA:57m48s]
[#b7eb6c 2.3GiB/9.9GiB(23%) CN:8 DL:2.2MiB ETA:58m18s]
[#b7eb6c 2.3GiB/9.9GiB(23%) CN:8 DL:2.2MiB ETA:57m54s]
[#b7eb6c 2.3GiB/9.9GiB(23%) CN:8 DL:2.2MiB ETA:58m14s]
[#b7eb6c 2.3GiB/9.9GiB(23%) CN:8 DL:2.2MiB ETA:58m9s]
 *** Download Progress Summary as of Sun Sep 13 12:26:07 2026 *** 
===============================================================================
[#b7eb6c 2.3GiB/9.9GiB(23%) CN:8 DL:2.2MiB ETA:57m40s]
FILE: /home/cosmosapjw/.cache/htt-r9/sdss_pv_zenodo_6824749/mocks.tar.gz.partial
-------------------------------------------------------------------------------

[#b7eb6c 2.3GiB/9.9GiB(23%) CN:8 DL:2.2MiB ETA:57m40s]
[#b7eb6c 2.3GiB/9.9GiB(23%) CN:8 DL:2.1MiB ETA:1h11s]
[#b7eb6c 2.3GiB/9.9GiB(23%) CN:8 DL:2.2MiB ETA:58m41s]
[#b7eb6c 2.3GiB/9.9GiB(23%) CN:8 DL:2.1MiB ETA:58m56s]
[#b7eb6c 2.3GiB/9.9GiB(23%) CN:8 DL:2.2MiB ETA:57m19s]
[#b7eb6c 2.3GiB/9.9GiB(23%) CN:8 DL:2.2MiB ETA:58m40s]
[#b7eb6c 2.3GiB/9.9GiB(23%) CN:8 DL:2.1MiB ETA:58m57s]
[#b7eb6c 2.3GiB/9.9GiB(23%) CN:8 DL:2.2MiB ETA:58m12s]
[#b7eb6c 2.3GiB/9.9GiB(23%) CN:8 DL:2.2MiB ETA:58m27s]
[#b7eb6c 2.3GiB/9.9GiB(23%) CN:8 DL:2.1MiB ETA:59m49s]
[#b7eb6c 2.3GiB/9.9GiB(23%) CN:8 DL:2.2MiB ETA:58m37s]
[#b7eb6c 2.3GiB/9.9GiB(23%) CN:8 DL:2.2MiB ETA:57m1s]
[#b7eb6c 2.3GiB/9.9GiB(23%) CN:8 DL:2.2MiB ETA:58m1s]
[#b7eb6c 2.3GiB/9.9GiB(23%) CN:8 DL:2.2MiB ETA:58m1s]
[#b7eb6c 2.3GiB/9.9GiB(23%) CN:8 DL:2.2MiB ETA:58m5s]
[#b7eb6c 2.3GiB/9.9GiB(23%) CN:8 DL:2.2MiB ETA:58m25s]
[#b7eb6c 2.3GiB/9.9GiB(23%) CN:8 DL:2.2MiB ETA:58m30s]
[#b7eb6c 2.3GiB/9.9GiB(23%) CN:8 DL:2.1MiB ETA:58m39s]
[#b7eb6c 2.3GiB/9.9GiB(23%) CN:8 DL:2.1MiB ETA:58m48s]
[#b7eb6c 2.3GiB/9.9GiB(23%) CN:8 DL:2.2MiB ETA:57m30s]
[#b7eb6c 2.3GiB/9.9GiB(23%) CN:8 DL:2.1MiB ETA:58m50s]
[#b7eb6c 2.3GiB/9.9GiB(23%) CN:8 DL:2.1MiB ETA:59m24s]
[#b7eb6c 2.3GiB/9.9GiB(23%) CN:8 DL:2.1MiB ETA:58m44s]
[#b7eb6c 2.3GiB/9.9GiB(23%) CN:8 DL:2.1MiB ETA:58m41s]
[#b7eb6c 2.3GiB/9.9GiB(23%) CN:8 DL:2.2MiB ETA:58m2s]
[#b7eb6c 2.3GiB/9.9GiB(23%) CN:8 DL:2.2MiB ETA:58m11s]
[#b7eb6c 2.3GiB/9.9GiB(23%) CN:8 DL:2.1MiB ETA:58m51s]
[#b7eb6c 2.3GiB/9.9GiB(23%) CN:8 DL:2.2MiB ETA:57m24s]
[#b7eb6c 2.3GiB/9.9GiB(23%) CN:8 DL:2.1MiB ETA:59m3s]
[#b7eb6c 2.3GiB/9.9GiB(23%) CN:8 DL:2.2MiB ETA:58m16s]
[#b7eb6c 2.3GiB/9.9GiB(24%) CN:8 DL:2.2MiB ETA:58m14s]
[#b7eb6c 2.3GiB/9.9GiB(24%) CN:8 DL:2.1MiB ETA:58m25s]
[#b7eb6c 2.3GiB/9.9GiB(24%) CN:8 DL:2.1MiB ETA:1h8s]
[#b7eb6c 2.3GiB/9.9GiB(24%) CN:8 DL:2.1MiB ETA:1h43s]
[#b7eb6c 2.3GiB/9.9GiB(24%) CN:8 DL:2.1MiB ETA:1h58s]
[#b7eb6c 2.3GiB/9.9GiB(24%) CN:8 DL:2.1MiB ETA:1h1m2s]
[#b7eb6c 2.3GiB/9.9GiB(24%) CN:8 DL:2.1MiB ETA:1h58s]
[#b7eb6c 2.3GiB/9.9GiB(24%) CN:8 DL:2.1MiB ETA:1h54s]
[#b7eb6c 2.3GiB/9.9GiB(24%) CN:8 DL:2.1MiB ETA:1h1s]
[#b7eb6c 2.3GiB/9.9GiB(24%) CN:8 DL:2.0MiB ETA:1h1m37s]
[#b7eb6c 2.4GiB/9.9GiB(24%) CN:8 DL:2.1MiB ETA:1h36s]
[#b7eb6c 2.4GiB/9.9GiB(24%) CN:8 DL:2.2MiB ETA:58m4s]
[#b7eb6c 2.4GiB/9.9GiB(24%) CN:8 DL:2.2MiB ETA:58m1s]
[#b7eb6c 2.4GiB/9.9GiB(24%) CN:8 DL:2.2MiB ETA:57m34s]
[#b7eb6c 2.4GiB/9.9GiB(24%) CN:8 DL:2.2MiB ETA:57m38s]
[#b7eb6c 2.4GiB/9.9GiB(24%) CN:8 DL:2.2MiB ETA:57m27s]
[#b7eb6c 2.4GiB/9.9GiB(24%) CN:8 DL:2.2MiB ETA:57m30s]
[#b7eb6c 2.4GiB/9.9GiB(24%) CN:8 DL:2.2MiB ETA:57m31s]
[#b7eb6c 2.4GiB/9.9GiB(24%) CN:8 DL:2.2MiB ETA:57m9s]
[#b7eb6c 2.4GiB/9.9GiB(24%) CN:8 DL:2.2MiB ETA:57m38s]
[#b7eb6c 2.4GiB/9.9GiB(24%) CN:8 DL:2.2MiB ETA:56m57s]
[#b7eb6c 2.4GiB/9.9GiB(24%) CN:8 DL:2.2MiB ETA:57m46s]
[#b7eb6c 2.4GiB/9.9GiB(24%) CN:8 DL:2.2MiB ETA:57m44s]
[#b7eb6c 2.4GiB/9.9GiB(24%) CN:8 DL:2.2MiB ETA:57m51s]
[#b7eb6c 2.4GiB/9.9GiB(24%) CN:8 DL:2.2MiB ETA:57m51s]
[#b7eb6c 2.4GiB/9.9GiB(24%) CN:8 DL:2.2MiB ETA:57m52s]
[#b7eb6c 2.4GiB/9.9GiB(24%) CN:8 DL:2.1MiB ETA:59m16s]
[#b7eb6c 2.4GiB/9.9GiB(24%) CN:8 DL:2.1MiB ETA:57m59s]
[#b7eb6c 2.4GiB/9.9GiB(24%) CN:8 DL:2.2MiB ETA:56m39s]
[#b7eb6c 2.4GiB/9.9GiB(24%) CN:8 DL:2.1MiB ETA:58m23s]
[#b7eb6c 2.4GiB/9.9GiB(24%) CN:8 DL:2.1MiB ETA:57m56s]
 *** Download Progress Summary as of Sun Sep 13 12:27:07 2026 *** 
===============================================================================
[#b7eb6c 2.4GiB/9.9GiB(24%) CN:8 DL:2.2MiB ETA:57m44s]
FILE: /home/cosmosapjw/.cache/htt-r9/sdss_pv_zenodo_6824749/mocks.tar.gz.partial
-------------------------------------------------------------------------------

[#b7eb6c 2.4GiB/9.9GiB(24%) CN:8 DL:2.2MiB ETA:57m44s]
[#b7eb6c 2.4GiB/9.9GiB(24%) CN:8 DL:2.2MiB ETA:57m52s]
[#b7eb6c 2.4GiB/9.9GiB(24%) CN:8 DL:2.2MiB ETA:57m25s]
[#b7eb6c 2.4GiB/9.9GiB(24%) CN:8 DL:2.2MiB ETA:57m47s]
[#b7eb6c 2.4GiB/9.9GiB(24%) CN:8 DL:2.1MiB ETA:58m14s]
[#b7eb6c 2.4GiB/9.9GiB(24%) CN:8 DL:2.1MiB ETA:59m28s]
[#b7eb6c 2.4GiB/9.9GiB(24%) CN:8 DL:1.9MiB ETA:1h4m1s]
[#b7eb6c 2.4GiB/9.9GiB(24%) CN:8 DL:1.8MiB ETA:1h7m56s]
[#b7eb6c 2.4GiB/9.9GiB(24%) CN:8 DL:1.7MiB ETA:1h12m24s]
[#b7eb6c 2.4GiB/9.9GiB(24%) CN:8 DL:1.6MiB ETA:1h17m39s]
[#b7eb6c 2.4GiB/9.9GiB(24%) CN:8 DL:1.5MiB ETA:1h23m5s]
[#b7eb6c 2.4GiB/9.9GiB(24%) CN:8 DL:1.4MiB ETA:1h30m42s]
[#b7eb6c 2.4GiB/9.9GiB(24%) CN:8 DL:1.2MiB ETA:1h38m48s]
[#b7eb6c 2.4GiB/9.9GiB(24%) CN:8 DL:1.2MiB ETA:1h40m41s]
[#b7eb6c 2.4GiB/9.9GiB(24%) CN:8 DL:1.2MiB ETA:1h44m41s]
[#b7eb6c 2.4GiB/9.9GiB(24%) CN:8 DL:1.3MiB ETA:1h34m36s]
[#b7eb6c 2.4GiB/9.9GiB(24%) CN:8 DL:1.4MiB ETA:1h27m32s]
[#b7eb6c 2.4GiB/9.9GiB(24%) CN:8 DL:1.5MiB ETA:1h20m17s]
[#b7eb6c 2.4GiB/9.9GiB(24%) CN:8 DL:1.6MiB ETA:1h15m53s]
[#b7eb6c 2.4GiB/9.9GiB(24%) CN:8 DL:1.8MiB ETA:1h10m6s]
[#b7eb6c 2.4GiB/9.9GiB(25%) CN:8 DL:1.9MiB ETA:1h5m20s]
[#b7eb6c 2.4GiB/9.9GiB(25%) CN:8 DL:1.9MiB ETA:1h4m56s]
[#b7eb6c 2.4GiB/9.9GiB(25%) CN:8 DL:2.0MiB ETA:1h57s]
[#b7eb6c 2.4GiB/9.9GiB(25%) CN:8 DL:2.1MiB ETA:59m12s]
[#b7eb6c 2.4GiB/9.9GiB(25%) CN:8 DL:2.1MiB ETA:58m48s]
[#b7eb6c 2.4GiB/9.9GiB(25%) CN:8 DL:2.2MiB ETA:56m46s]
[#b7eb6c 2.4GiB/9.9GiB(25%) CN:8 DL:2.2MiB ETA:56m55s]
[#b7eb6c 2.4GiB/9.9GiB(25%) CN:8 DL:2.2MiB ETA:56m2s]
[#b7eb6c 2.4GiB/9.9GiB(25%) CN:8 DL:2.1MiB ETA:57m46s]
[#b7eb6c 2.4GiB/9.9GiB(25%) CN:8 DL:2.2MiB ETA:56m35s]
[#b7eb6c 2.5GiB/9.9GiB(25%) CN:8 DL:2.2MiB ETA:56m11s]
[#b7eb6c 2.5GiB/9.9GiB(25%) CN:8 DL:2.2MiB ETA:56m41s]
[#b7eb6c 2.5GiB/9.9GiB(25%) CN:8 DL:2.2MiB ETA:56m30s]
[#b7eb6c 2.5GiB/9.9GiB(25%) CN:8 DL:2.2MiB ETA:56m35s]
[#b7eb6c 2.5GiB/9.9GiB(25%) CN:8 DL:2.2MiB ETA:55m13s]
[#b7eb6c 2.5GiB/9.9GiB(25%) CN:8 DL:2.2MiB ETA:56m31s]
[#b7eb6c 2.5GiB/9.9GiB(25%) CN:8 DL:2.2MiB ETA:56m32s]
[#b7eb6c 2.5GiB/9.9GiB(25%) CN:8 DL:2.2MiB ETA:56m38s]
[#b7eb6c 2.5GiB/9.9GiB(25%) CN:8 DL:2.2MiB ETA:55m24s]
[#b7eb6c 2.5GiB/9.9GiB(25%) CN:8 DL:2.1MiB ETA:58m2s]
[#b7eb6c 2.5GiB/9.9GiB(25%) CN:8 DL:2.2MiB ETA:56m40s]
[#b7eb6c 2.5GiB/9.9GiB(25%) CN:8 DL:2.2MiB ETA:57m9s]
[#b7eb6c 2.5GiB/9.9GiB(25%) CN:8 DL:2.2MiB ETA:56m51s]
[#b7eb6c 2.5GiB/9.9GiB(25%) CN:8 DL:2.1MiB ETA:58m10s]
[#b7eb6c 2.5GiB/9.9GiB(25%) CN:8 DL:2.1MiB ETA:58m]
[#b7eb6c 2.5GiB/9.9GiB(25%) CN:8 DL:2.1MiB ETA:58m7s]
[#b7eb6c 2.5GiB/9.9GiB(25%) CN:8 DL:2.1MiB ETA:58m27s]
[#b7eb6c 2.5GiB/9.9GiB(25%) CN:8 DL:2.1MiB ETA:58m32s]
[#b7eb6c 2.5GiB/9.9GiB(25%) CN:8 DL:2.1MiB ETA:58m35s]
[#b7eb6c 2.5GiB/9.9GiB(25%) CN:8 DL:2.1MiB ETA:58m6s]
[#b7eb6c 2.5GiB/9.9GiB(25%) CN:8 DL:2.1MiB ETA:58m19s]
[#b7eb6c 2.5GiB/9.9GiB(25%) CN:8 DL:2.1MiB ETA:57m49s]
[#b7eb6c 2.5GiB/9.9GiB(25%) CN:8 DL:2.1MiB ETA:58m10s]
[#b7eb6c 2.5GiB/9.9GiB(25%) CN:8 DL:2.2MiB ETA:56m53s]
[#b7eb6c 2.5GiB/9.9GiB(25%) CN:8 DL:2.2MiB ETA:56m50s]
[#b7eb6c 2.5GiB/9.9GiB(25%) CN:8 DL:2.2MiB ETA:56m56s]
[#b7eb6c 2.5GiB/9.9GiB(25%) CN:8 DL:2.2MiB ETA:56m14s]
[#b7eb6c 2.5GiB/9.9GiB(25%) CN:8 DL:2.2MiB ETA:56m8s]
[#b7eb6c 2.5GiB/9.9GiB(25%) CN:8 DL:2.2MiB ETA:56m7s]
[#b7eb6c 2.5GiB/9.9GiB(25%) CN:8 DL:2.2MiB ETA:56m14s]
[#b7eb6c 2.5GiB/9.9GiB(25%) CN:8 DL:2.2MiB ETA:56m9s]
 *** Download Progress Summary as of Sun Sep 13 12:28:08 2026 *** 
===============================================================================
[#b7eb6c 2.5GiB/9.9GiB(25%) CN:8 DL:2.2MiB ETA:55m43s]
FILE: /home/cosmosapjw/.cache/htt-r9/sdss_pv_zenodo_6824749/mocks.tar.gz.partial
-------------------------------------------------------------------------------

[#b7eb6c 2.5GiB/9.9GiB(25%) CN:8 DL:2.2MiB ETA:55m43s]
[#b7eb6c 2.5GiB/9.9GiB(25%) CN:8 DL:2.2MiB ETA:55m7s]
[#b7eb6c 2.5GiB/9.9GiB(25%) CN:8 DL:2.1MiB ETA:57m18s]
[#b7eb6c 2.5GiB/9.9GiB(25%) CN:8 DL:2.2MiB ETA:56m6s]
[#b7eb6c 2.5GiB/9.9GiB(25%) CN:8 DL:2.2MiB ETA:56m3s]
[#b7eb6c 2.5GiB/9.9GiB(26%) CN:8 DL:2.2MiB ETA:56m9s]
[#b7eb6c 2.5GiB/9.9GiB(26%) CN:8 DL:2.2MiB ETA:56m11s]
[#b7eb6c 2.5GiB/9.9GiB(26%) CN:8 DL:2.1MiB ETA:57m3s]
[#b7eb6c 2.5GiB/9.9GiB(26%) CN:8 DL:2.2MiB ETA:56m10s]
[#b7eb6c 2.5GiB/9.9GiB(26%) CN:8 DL:2.2MiB ETA:55m37s]
[#b7eb6c 2.5GiB/9.9GiB(26%) CN:8 DL:2.2MiB ETA:56m26s]
[#b7eb6c 2.5GiB/9.9GiB(26%) CN:8 DL:2.2MiB ETA:56m23s]
[#b7eb6c 2.5GiB/9.9GiB(26%) CN:8 DL:2.1MiB ETA:56m48s]
[#b7eb6c 2.5GiB/9.9GiB(26%) CN:8 DL:2.2MiB ETA:56m17s]
[#b7eb6c 2.5GiB/9.9GiB(26%) CN:8 DL:2.1MiB ETA:56m58s]
[#b7eb6c 2.5GiB/9.9GiB(26%) CN:8 DL:2.2MiB ETA:56m25s]
[#b7eb6c 2.6GiB/9.9GiB(26%) CN:8 DL:2.1MiB ETA:56m46s]
[#b7eb6c 2.6GiB/9.9GiB(26%) CN:8 DL:2.2MiB ETA:56m24s]
[#b7eb6c 2.6GiB/9.9GiB(26%) CN:8 DL:2.2MiB ETA:56m9s]
[#b7eb6c 2.6GiB/9.9GiB(26%) CN:8 DL:2.2MiB ETA:55m14s]
[#b7eb6c 2.6GiB/9.9GiB(26%) CN:8 DL:2.1MiB ETA:56m45s]
[#b7eb6c 2.6GiB/9.9GiB(26%) CN:8 DL:2.2MiB ETA:56m16s]
[#b7eb6c 2.6GiB/9.9GiB(26%) CN:8 DL:2.1MiB ETA:56m48s]
[#b7eb6c 2.6GiB/9.9GiB(26%) CN:8 DL:2.2MiB ETA:56m19s]
[#b7eb6c 2.6GiB/9.9GiB(26%) CN:8 DL:2.2MiB ETA:56m22s]
[#b7eb6c 2.6GiB/9.9GiB(26%) CN:8 DL:2.2MiB ETA:56m28s]
[#b7eb6c 2.6GiB/9.9GiB(26%) CN:8 DL:2.2MiB ETA:56m26s]
[#b7eb6c 2.6GiB/9.9GiB(26%) CN:8 DL:2.2MiB ETA:56m16s]
[#b7eb6c 2.6GiB/9.9GiB(26%) CN:8 DL:2.2MiB ETA:56m15s]
[#b7eb6c 2.6GiB/9.9GiB(26%) CN:8 DL:2.1MiB ETA:57m29s]
[#b7eb6c 2.6GiB/9.9GiB(26%) CN:8 DL:2.2MiB ETA:56m14s]
[#b7eb6c 2.6GiB/9.9GiB(26%) CN:8 DL:2.1MiB ETA:57m5s]
[#b7eb6c 2.6GiB/9.9GiB(26%) CN:8 DL:2.2MiB ETA:56m7s]
[#b7eb6c 2.6GiB/9.9GiB(26%) CN:8 DL:2.1MiB ETA:56m29s]
[#b7eb6c 2.6GiB/9.9GiB(26%) CN:8 DL:2.2MiB ETA:56m3s]
[#b7eb6c 2.6GiB/9.9GiB(26%) CN:8 DL:2.2MiB ETA:56m2s]
[#b7eb6c 2.6GiB/9.9GiB(26%) CN:8 DL:2.2MiB ETA:56m7s]
[#b7eb6c 2.6GiB/9.9GiB(26%) CN:8 DL:2.2MiB ETA:56m7s]
[#b7eb6c 2.6GiB/9.9GiB(26%) CN:8 DL:2.1MiB ETA:56m28s]
[#b7eb6c 2.6GiB/9.9GiB(26%) CN:8 DL:2.2MiB ETA:55m54s]
[#b7eb6c 2.6GiB/9.9GiB(26%) CN:8 DL:2.1MiB ETA:56m36s]
[#b7eb6c 2.6GiB/9.9GiB(26%) CN:8 DL:2.2MiB ETA:55m45s]
[#b7eb6c 2.6GiB/9.9GiB(26%) CN:8 DL:2.1MiB ETA:57m]
[#b7eb6c 2.6GiB/9.9GiB(26%) CN:8 DL:2.2MiB ETA:55m35s]
[#b7eb6c 2.6GiB/9.9GiB(26%) CN:8 DL:2.2MiB ETA:55m33s]
[#b7eb6c 2.6GiB/9.9GiB(26%) CN:8 DL:2.2MiB ETA:55m37s]
[#b7eb6c 2.6GiB/9.9GiB(26%) CN:8 DL:2.2MiB ETA:55m31s]
[#b7eb6c 2.6GiB/9.9GiB(26%) CN:8 DL:2.2MiB ETA:54m20s]
[#b7eb6c 2.6GiB/9.9GiB(26%) CN:8 DL:2.2MiB ETA:55m40s]
[#b7eb6c 2.6GiB/9.9GiB(26%) CN:8 DL:2.2MiB ETA:55m33s]
[#b7eb6c 2.6GiB/9.9GiB(26%) CN:8 DL:2.2MiB ETA:55m33s]
[#b7eb6c 2.6GiB/9.9GiB(27%) CN:8 DL:2.2MiB ETA:55m42s]
[#b7eb6c 2.6GiB/9.9GiB(27%) CN:8 DL:2.2MiB ETA:55m38s]
[#b7eb6c 2.6GiB/9.9GiB(27%) CN:8 DL:2.2MiB ETA:55m37s]
[#b7eb6c 2.6GiB/9.9GiB(27%) CN:8 DL:2.2MiB ETA:55m30s]
[#b7eb6c 2.6GiB/9.9GiB(27%) CN:8 DL:2.2MiB ETA:55m47s]
[#b7eb6c 2.6GiB/9.9GiB(27%) CN:8 DL:2.2MiB ETA:55m25s]
[#b7eb6c 2.6GiB/9.9GiB(27%) CN:8 DL:2.2MiB ETA:55m35s]
[#b7eb6c 2.6GiB/9.9GiB(27%) CN:8 DL:2.2MiB ETA:55m25s]
[#b7eb6c 2.6GiB/9.9GiB(27%) CN:8 DL:2.2MiB ETA:55m29s]
[#b7eb6c 2.6GiB/9.9GiB(27%) CN:8 DL:2.2MiB ETA:55m14s]
 *** Download Progress Summary as of Sun Sep 13 12:29:09 2026 *** 
===============================================================================
[#b7eb6c 2.6GiB/9.9GiB(27%) CN:8 DL:2.2MiB ETA:54m38s]
FILE: /home/cosmosapjw/.cache/htt-r9/sdss_pv_zenodo_6824749/mocks.tar.gz.partial
-------------------------------------------------------------------------------

[#b7eb6c 2.6GiB/9.9GiB(27%) CN:8 DL:2.2MiB ETA:54m38s]
[#b7eb6c 2.7GiB/9.9GiB(27%) CN:8 DL:2.2MiB ETA:55m10s]
[#b7eb6c 2.7GiB/9.9GiB(27%) CN:8 DL:2.2MiB ETA:55m5s]
[#b7eb6c 2.7GiB/9.9GiB(27%) CN:8 DL:2.1MiB ETA:56m18s]
[#b7eb6c 2.7GiB/9.9GiB(27%) CN:8 DL:2.2MiB ETA:54m54s]
[#b7eb6c 2.7GiB/9.9GiB(27%) CN:8 DL:2.2MiB ETA:55m10s]
[#b7eb6c 2.7GiB/9.9GiB(27%) CN:8 DL:2.2MiB ETA:55m7s]
[#b7eb6c 2.7GiB/9.9GiB(27%) CN:8 DL:2.2MiB ETA:55m17s]
[#b7eb6c 2.7GiB/9.9GiB(27%) CN:8 DL:2.2MiB ETA:54m56s]
[#b7eb6c 2.7GiB/9.9GiB(27%) CN:8 DL:2.2MiB ETA:55m21s]
[#b7eb6c 2.7GiB/9.9GiB(27%) CN:8 DL:2.2MiB ETA:55m15s]
[#b7eb6c 2.7GiB/9.9GiB(27%) CN:8 DL:2.2MiB ETA:55m22s]
[#b7eb6c 2.7GiB/9.9GiB(27%) CN:8 DL:2.1MiB ETA:55m55s]
[#b7eb6c 2.7GiB/9.9GiB(27%) CN:8 DL:2.2MiB ETA:54m13s]
[#b7eb6c 2.7GiB/9.9GiB(27%) CN:8 DL:2.2MiB ETA:55m15s]
[#b7eb6c 2.7GiB/9.9GiB(27%) CN:8 DL:2.2MiB ETA:55m22s]
[#b7eb6c 2.7GiB/9.9GiB(27%) CN:8 DL:2.2MiB ETA:55m3s]
[#b7eb6c 2.7GiB/9.9GiB(27%) CN:8 DL:2.2MiB ETA:55m31s]
[#b7eb6c 2.7GiB/9.9GiB(27%) CN:8 DL:2.2MiB ETA:54m53s]
[#b7eb6c 2.7GiB/9.9GiB(27%) CN:8 DL:2.2MiB ETA:55m16s]
[#b7eb6c 2.7GiB/9.9GiB(27%) CN:8 DL:2.2MiB ETA:54m53s]
[#b7eb6c 2.7GiB/9.9GiB(27%) CN:8 DL:2.1MiB ETA:56m21s]
[#b7eb6c 2.7GiB/9.9GiB(27%) CN:8 DL:2.2MiB ETA:54m4s]
[#b7eb6c 2.7GiB/9.9GiB(27%) CN:8 DL:2.2MiB ETA:54m58s]
[#b7eb6c 2.7GiB/9.9GiB(27%) CN:8 DL:2.2MiB ETA:54m54s]
[#b7eb6c 2.7GiB/9.9GiB(27%) CN:8 DL:2.2MiB ETA:55m]
[#b7eb6c 2.7GiB/9.9GiB(27%) CN:8 DL:2.2MiB ETA:54m52s]
[#b7eb6c 2.7GiB/9.9GiB(27%) CN:8 DL:2.2MiB ETA:54m2s]
[#b7eb6c 2.7GiB/9.9GiB(27%) CN:8 DL:2.2MiB ETA:54m59s]
[#b7eb6c 2.7GiB/9.9GiB(27%) CN:8 DL:2.2MiB ETA:55m]
[#b7eb6c 2.7GiB/9.9GiB(27%) CN:8 DL:2.2MiB ETA:54m54s]
[#b7eb6c 2.7GiB/9.9GiB(27%) CN:8 DL:2.2MiB ETA:54m50s]
[#b7eb6c 2.7GiB/9.9GiB(27%) CN:8 DL:2.2MiB ETA:55m1s]
[#b7eb6c 2.7GiB/9.9GiB(27%) CN:8 DL:2.2MiB ETA:54m53s]
[#b7eb6c 2.7GiB/9.9GiB(27%) CN:8 DL:2.2MiB ETA:54m5s]
[#b7eb6c 2.7GiB/9.9GiB(27%) CN:8 DL:2.2MiB ETA:54m43s]
[#b7eb6c 2.7GiB/9.9GiB(28%) CN:8 DL:2.2MiB ETA:53m51s]
[#b7eb6c 2.7GiB/9.9GiB(28%) CN:8 DL:2.2MiB ETA:54m40s]
[#b7eb6c 2.7GiB/9.9GiB(28%) CN:8 DL:2.2MiB ETA:54m40s]
[#b7eb6c 2.7GiB/9.9GiB(28%) CN:8 DL:2.2MiB ETA:54m42s]
[#b7eb6c 2.7GiB/9.9GiB(28%) CN:8 DL:2.2MiB ETA:54m51s]
[#b7eb6c 2.7GiB/9.9GiB(28%) CN:8 DL:2.2MiB ETA:54m59s]
[#b7eb6c 2.7GiB/9.9GiB(28%) CN:8 DL:2.2MiB ETA:54m57s]
[#b7eb6c 2.7GiB/9.9GiB(28%) CN:8 DL:2.2MiB ETA:54m18s]
[#b7eb6c 2.7GiB/9.9GiB(28%) CN:8 DL:2.2MiB ETA:54m55s]
[#b7eb6c 2.7GiB/9.9GiB(28%) CN:8 DL:2.2MiB ETA:54m29s]
[#b7eb6c 2.7GiB/9.9GiB(28%) CN:8 DL:2.2MiB ETA:54m47s]
[#b7eb6c 2.7GiB/9.9GiB(28%) CN:8 DL:2.2MiB ETA:54m48s]
[#b7eb6c 2.8GiB/9.9GiB(28%) CN:8 DL:2.2MiB ETA:54m29s]
[#b7eb6c 2.8GiB/9.9GiB(28%) CN:8 DL:2.2MiB ETA:54m6s]
[#b7eb6c 2.8GiB/9.9GiB(28%) CN:8 DL:2.2MiB ETA:54m22s]
[#b7eb6c 2.8GiB/9.9GiB(28%) CN:8 DL:2.2MiB ETA:53m51s]
[#b7eb6c 2.8GiB/9.9GiB(28%) CN:8 DL:2.2MiB ETA:53m32s]
[#b7eb6c 2.8GiB/9.9GiB(28%) CN:8 DL:2.2MiB ETA:54m24s]
[#b7eb6c 2.8GiB/9.9GiB(28%) CN:8 DL:2.2MiB ETA:54m31s]
[#b7eb6c 2.8GiB/9.9GiB(28%) CN:8 DL:2.2MiB ETA:54m14s]
[#b7eb6c 2.8GiB/9.9GiB(28%) CN:8 DL:2.1MiB ETA:55m1s]
[#b7eb6c 2.8GiB/9.9GiB(28%) CN:8 DL:2.2MiB ETA:54m10s]
[#b7eb6c 2.8GiB/9.9GiB(28%) CN:8 DL:2.2MiB ETA:54m28s]
[#b7eb6c 2.8GiB/9.9GiB(28%) CN:8 DL:2.2MiB ETA:54m15s]
[#b7eb6c 2.8GiB/9.9GiB(28%) CN:8 DL:2.2MiB ETA:53m52s]
 *** Download Progress Summary as of Sun Sep 13 12:30:09 2026 *** 
===============================================================================
[#b7eb6c 2.8GiB/9.9GiB(28%) CN:8 DL:2.2MiB ETA:54m23s]
FILE: /home/cosmosapjw/.cache/htt-r9/sdss_pv_zenodo_6824749/mocks.tar.gz.partial
-------------------------------------------------------------------------------

[#b7eb6c 2.8GiB/9.9GiB(28%) CN:8 DL:2.2MiB ETA:54m23s]
[#b7eb6c 2.8GiB/9.9GiB(28%) CN:8 DL:2.2MiB ETA:52m42s]
[#b7eb6c 2.8GiB/9.9GiB(28%) CN:8 DL:2.2MiB ETA:54m6s]
[#b7eb6c 2.8GiB/9.9GiB(28%) CN:8 DL:2.2MiB ETA:54m27s]
[#b7eb6c 2.8GiB/9.9GiB(28%) CN:8 DL:2.2MiB ETA:53m57s]
[#b7eb6c 2.8GiB/9.9GiB(28%) CN:8 DL:2.2MiB ETA:53m59s]
[#b7eb6c 2.8GiB/9.9GiB(28%) CN:8 DL:2.2MiB ETA:54m36s]
[#b7eb6c 2.8GiB/9.9GiB(28%) CN:8 DL:2.2MiB ETA:54m1s]
[#b7eb6c 2.8GiB/9.9GiB(28%) CN:8 DL:2.2MiB ETA:53m40s]
[#b7eb6c 2.8GiB/9.9GiB(28%) CN:8 DL:2.2MiB ETA:53m59s]
[#b7eb6c 2.8GiB/9.9GiB(28%) CN:8 DL:2.2MiB ETA:53m54s]
[#b7eb6c 2.8GiB/9.9GiB(28%) CN:8 DL:2.2MiB ETA:54m35s]
[#b7eb6c 2.8GiB/9.9GiB(28%) CN:8 DL:2.2MiB ETA:53m55s]
[#b7eb6c 2.8GiB/9.9GiB(28%) CN:8 DL:2.1MiB ETA:54m55s]
[#b7eb6c 2.8GiB/9.9GiB(28%) CN:8 DL:2.2MiB ETA:53m14s]
[#b7eb6c 2.8GiB/9.9GiB(28%) CN:8 DL:2.2MiB ETA:53m49s]
[#b7eb6c 2.8GiB/9.9GiB(28%) CN:8 DL:2.2MiB ETA:54m10s]
[#b7eb6c 2.8GiB/9.9GiB(28%) CN:8 DL:2.2MiB ETA:54m3s]
[#b7eb6c 2.8GiB/9.9GiB(28%) CN:8 DL:2.2MiB ETA:54m8s]
[#b7eb6c 2.8GiB/9.9GiB(28%) CN:8 DL:2.2MiB ETA:54m11s]
[#b7eb6c 2.8GiB/9.9GiB(28%) CN:8 DL:2.2MiB ETA:53m46s]
[#b7eb6c 2.8GiB/9.9GiB(29%) CN:8 DL:2.1MiB ETA:55m27s]
[#b7eb6c 2.8GiB/9.9GiB(29%) CN:8 DL:2.2MiB ETA:53m30s]
[#b7eb6c 2.8GiB/9.9GiB(29%) CN:8 DL:2.2MiB ETA:54m5s]
[#b7eb6c 2.8GiB/9.9GiB(29%) CN:8 DL:2.1MiB ETA:54m46s]
[#b7eb6c 2.8GiB/9.9GiB(29%) CN:8 DL:2.2MiB ETA:53m59s]
[#b7eb6c 2.8GiB/9.9GiB(29%) CN:8 DL:2.2MiB ETA:53m56s]
[#b7eb6c 2.8GiB/9.9GiB(29%) CN:8 DL:2.2MiB ETA:53m59s]
[#b7eb6c 2.8GiB/9.9GiB(29%) CN:8 DL:2.1MiB ETA:54m39s]
[#b7eb6c 2.8GiB/9.9GiB(29%) CN:8 DL:2.2MiB ETA:54m1s]
[#b7eb6c 2.8GiB/9.9GiB(29%) CN:8 DL:2.1MiB ETA:54m32s]
[#b7eb6c 2.8GiB/9.9GiB(29%) CN:8 DL:2.2MiB ETA:52m38s]
[#b7eb6c 2.8GiB/9.9GiB(29%) CN:8 DL:2.1MiB ETA:54m44s]
[#b7eb6c 2.9GiB/9.9GiB(29%) CN:8 DL:2.2MiB ETA:53m43s]
[#b7eb6c 2.9GiB/9.9GiB(29%) CN:8 DL:2.2MiB ETA:53m3s]
[#b7eb6c 2.9GiB/9.9GiB(29%) CN:8 DL:2.2MiB ETA:53m31s]
[#b7eb6c 2.9GiB/9.9GiB(29%) CN:8 DL:2.2MiB ETA:53m25s]
[#b7eb6c 2.9GiB/9.9GiB(29%) CN:8 DL:2.2MiB ETA:53m24s]
[#b7eb6c 2.9GiB/9.9GiB(29%) CN:8 DL:2.2MiB ETA:52m41s]
[#b7eb6c 2.9GiB/9.9GiB(29%) CN:8 DL:2.2MiB ETA:53m24s]
[#b7eb6c 2.9GiB/9.9GiB(29%) CN:8 DL:2.2MiB ETA:53m24s]
[#b7eb6c 2.9GiB/9.9GiB(29%) CN:8 DL:2.2MiB ETA:53m27s]
[#b7eb6c 2.9GiB/9.9GiB(29%) CN:8 DL:2.2MiB ETA:52m51s]
[#b7eb6c 2.9GiB/9.9GiB(29%) CN:8 DL:2.2MiB ETA:53m33s]
[#b7eb6c 2.9GiB/9.9GiB(29%) CN:8 DL:2.2MiB ETA:53m28s]
[#b7eb6c 2.9GiB/9.9GiB(29%) CN:8 DL:2.1MiB ETA:55m6s]
[#b7eb6c 2.9GiB/9.9GiB(29%) CN:8 DL:2.2MiB ETA:53m30s]
[#b7eb6c 2.9GiB/9.9GiB(29%) CN:8 DL:2.2MiB ETA:53m27s]
[#b7eb6c 2.9GiB/9.9GiB(29%) CN:8 DL:2.2MiB ETA:53m32s]
[#b7eb6c 2.9GiB/9.9GiB(29%) CN:8 DL:2.2MiB ETA:53m29s]
[#b7eb6c 2.9GiB/9.9GiB(29%) CN:8 DL:2.2MiB ETA:53m19s]
[#b7eb6c 2.9GiB/9.9GiB(29%) CN:8 DL:2.2MiB ETA:53m25s]
[#b7eb6c 2.9GiB/9.9GiB(29%) CN:8 DL:2.2MiB ETA:53m24s]
[#b7eb6c 2.9GiB/9.9GiB(29%) CN:8 DL:2.2MiB ETA:53m15s]
[#b7eb6c 2.9GiB/9.9GiB(29%) CN:8 DL:2.2MiB ETA:53m25s]
[#b7eb6c 2.9GiB/9.9GiB(29%) CN:8 DL:2.2MiB ETA:53m19s]
[#b7eb6c 2.9GiB/9.9GiB(29%) CN:8 DL:2.2MiB ETA:53m18s]
[#b7eb6c 2.9GiB/9.9GiB(29%) CN:8 DL:2.2MiB ETA:53m34s]
[#b7eb6c 2.9GiB/9.9GiB(29%) CN:8 DL:2.2MiB ETA:53m15s]
[#b7eb6c 2.9GiB/9.9GiB(29%) CN:8 DL:2.2MiB ETA:53m13s]
[#b7eb6c 2.9GiB/9.9GiB(29%) CN:8 DL:2.2MiB ETA:53m]
 *** Download Progress Summary as of Sun Sep 13 12:31:10 2026 *** 
===============================================================================
[#b7eb6c 2.9GiB/9.9GiB(29%) CN:8 DL:2.1MiB ETA:54m23s]
FILE: /home/cosmosapjw/.cache/htt-r9/sdss_pv_zenodo_6824749/mocks.tar.gz.partial
-------------------------------------------------------------------------------

[#b7eb6c 2.9GiB/9.9GiB(29%) CN:8 DL:2.1MiB ETA:54m23s]
[#b7eb6c 2.9GiB/9.9GiB(29%) CN:8 DL:2.1MiB ETA:54m57s]
[#b7eb6c 2.9GiB/9.9GiB(29%) CN:8 DL:2.1MiB ETA:55m5s]
[#b7eb6c 2.9GiB/9.9GiB(29%) CN:8 DL:2.1MiB ETA:54m13s]
[#b7eb6c 2.9GiB/9.9GiB(29%) CN:8 DL:2.1MiB ETA:55m4s]
[#b7eb6c 2.9GiB/9.9GiB(29%) CN:8 DL:2.1MiB ETA:55m6s]
[#b7eb6c 2.9GiB/9.9GiB(30%) CN:8 DL:2.1MiB ETA:54m35s]
[#b7eb6c 2.9GiB/9.9GiB(30%) CN:8 DL:2.1MiB ETA:54m42s]
[#b7eb6c 2.9GiB/9.9GiB(30%) CN:8 DL:2.1MiB ETA:55m1s]
[#b7eb6c 2.9GiB/9.9GiB(30%) CN:8 DL:2.2MiB ETA:53m8s]
[#b7eb6c 2.9GiB/9.9GiB(30%) CN:8 DL:2.2MiB ETA:53m8s]
[#b7eb6c 2.9GiB/9.9GiB(30%) CN:8 DL:2.2MiB ETA:52m58s]
[#b7eb6c 2.9GiB/9.9GiB(30%) CN:8 DL:2.2MiB ETA:53m]
[#b7eb6c 2.9GiB/9.9GiB(30%) CN:8 DL:2.2MiB ETA:53m]
[#b7eb6c 2.9GiB/9.9GiB(30%) CN:8 DL:2.2MiB ETA:52m59s]
[#b7eb6c 2.9GiB/9.9GiB(30%) CN:8 DL:2.2MiB ETA:53m10s]
[#b7eb6c 2.9GiB/9.9GiB(30%) CN:8 DL:2.3MiB ETA:51m16s]
[#b7eb6c 2.9GiB/9.9GiB(30%) CN:8 DL:2.2MiB ETA:53m2s]
[#b7eb6c 3.0GiB/9.9GiB(30%) CN:8 DL:2.2MiB ETA:52m49s]
[#b7eb6c 3.0GiB/9.9GiB(30%) CN:8 DL:2.1MiB ETA:53m45s]
[#b7eb6c 3.0GiB/9.9GiB(30%) CN:8 DL:2.2MiB ETA:52m44s]
[#b7eb6c 3.0GiB/9.9GiB(30%) CN:8 DL:2.2MiB ETA:52m35s]
[#b7eb6c 3.0GiB/9.9GiB(30%) CN:8 DL:2.2MiB ETA:52m38s]
[#b7eb6c 3.0GiB/9.9GiB(30%) CN:8 DL:2.2MiB ETA:52m31s]
[#b7eb6c 3.0GiB/9.9GiB(30%) CN:8 DL:2.2MiB ETA:52m40s]
[#b7eb6c 3.0GiB/9.9GiB(30%) CN:8 DL:2.2MiB ETA:52m33s]
[#b7eb6c 3.0GiB/9.9GiB(30%) CN:8 DL:2.2MiB ETA:52m31s]
[#b7eb6c 3.0GiB/9.9GiB(30%) CN:8 DL:2.2MiB ETA:52m14s]
[#b7eb6c 3.0GiB/9.9GiB(30%) CN:8 DL:2.2MiB ETA:52m9s]
[#b7eb6c 3.0GiB/9.9GiB(30%) CN:8 DL:2.2MiB ETA:52m30s]
[#b7eb6c 3.0GiB/9.9GiB(30%) CN:8 DL:2.2MiB ETA:52m24s]
[#b7eb6c 3.0GiB/9.9GiB(30%) CN:8 DL:2.2MiB ETA:52m25s]
[#b7eb6c 3.0GiB/9.9GiB(30%) CN:8 DL:2.2MiB ETA:52m58s]
[#b7eb6c 3.0GiB/9.9GiB(30%) CN:8 DL:2.2MiB ETA:52m50s]
[#b7eb6c 3.0GiB/9.9GiB(30%) CN:8 DL:2.1MiB ETA:54m]
[#b7eb6c 3.0GiB/9.9GiB(30%) CN:8 DL:2.0MiB ETA:56m29s]
[#b7eb6c 3.0GiB/9.9GiB(30%) CN:8 DL:1.9MiB ETA:1h25s]
[#b7eb6c 3.0GiB/9.9GiB(30%) CN:8 DL:1.8MiB ETA:1h4m2s]
[#b7eb6c 3.0GiB/9.9GiB(30%) CN:8 DL:1.7MiB ETA:1h8m4s]
[#b7eb6c 3.0GiB/9.9GiB(30%) CN:8 DL:1.6MiB ETA:1h13m6s]
[#b7eb6c 3.0GiB/9.9GiB(30%) CN:8 DL:1.5MiB ETA:1h14m39s]
[#b7eb6c 3.0GiB/9.9GiB(30%) CN:8 DL:1.5MiB ETA:1h17m46s]
[#b7eb6c 3.0GiB/9.9GiB(30%) CN:8 DL:1.4MiB ETA:1h18m22s]
[#b7eb6c 3.0GiB/9.9GiB(30%) CN:8 DL:1.4MiB ETA:1h18m48s]
[#b7eb6c 3.0GiB/9.9GiB(30%) CN:8 DL:1.4MiB ETA:1h19m27s]
[#b7eb6c 3.0GiB/9.9GiB(30%) CN:8 DL:1.6MiB ETA:1h12m14s]
[#b7eb6c 3.0GiB/9.9GiB(30%) CN:8 DL:1.7MiB ETA:1h8m34s]
[#b7eb6c 3.0GiB/9.9GiB(30%) CN:8 DL:1.8MiB ETA:1h3m29s]
[#b7eb6c 3.0GiB/9.9GiB(30%) CN:8 DL:1.9MiB ETA:1h19s]
[#b7eb6c 3.0GiB/9.9GiB(30%) CN:8 DL:2.0MiB ETA:58m2s]
[#b7eb6c 3.0GiB/9.9GiB(30%) CN:8 DL:2.1MiB ETA:54m25s]
[#b7eb6c 3.0GiB/9.9GiB(30%) CN:8 DL:2.2MiB ETA:52m59s]
[#b7eb6c 3.0GiB/9.9GiB(30%) CN:8 DL:2.2MiB ETA:52m43s]
[#b7eb6c 3.0GiB/9.9GiB(30%) CN:8 DL:2.2MiB ETA:52m44s]
[#b7eb6c 3.0GiB/9.9GiB(30%) CN:8 DL:2.2MiB ETA:51m12s]
[#b7eb6c 3.0GiB/9.9GiB(31%) CN:8 DL:2.2MiB ETA:52m53s]
[#b7eb6c 3.0GiB/9.9GiB(31%) CN:8 DL:2.2MiB ETA:51m20s]
[#b7eb6c 3.0GiB/9.9GiB(31%) CN:8 DL:2.2MiB ETA:52m25s]
[#b7eb6c 3.0GiB/9.9GiB(31%) CN:8 DL:2.2MiB ETA:52m23s]
[#b7eb6c 3.0GiB/9.9GiB(31%) CN:8 DL:2.2MiB ETA:51m23s]
[#b7eb6c 3.0GiB/9.9GiB(31%) CN:8 DL:2.1MiB ETA:53m7s]
 *** Download Progress Summary as of Sun Sep 13 12:32:10 2026 *** 
===============================================================================
[#b7eb6c 3.0GiB/9.9GiB(31%) CN:8 DL:2.2MiB ETA:52m16s]
FILE: /home/cosmosapjw/.cache/htt-r9/sdss_pv_zenodo_6824749/mocks.tar.gz.partial
-------------------------------------------------------------------------------

[#b7eb6c 3.0GiB/9.9GiB(31%) CN:8 DL:2.2MiB ETA:52m16s]
[#b7eb6c 3.0GiB/9.9GiB(31%) CN:8 DL:2.2MiB ETA:52m16s]
[#b7eb6c 3.0GiB/9.9GiB(31%) CN:8 DL:2.2MiB ETA:52m37s]
[#b7eb6c 3.0GiB/9.9GiB(31%) CN:8 DL:2.2MiB ETA:52m8s]
[#b7eb6c 3.0GiB/9.9GiB(31%) CN:8 DL:2.2MiB ETA:51m46s]
[#b7eb6c 3.0GiB/9.9GiB(31%) CN:8 DL:2.2MiB ETA:51m59s]
[#b7eb6c 3.0GiB/9.9GiB(31%) CN:8 DL:2.2MiB ETA:51m58s]
[#b7eb6c 3.1GiB/9.9GiB(31%) CN:8 DL:2.2MiB ETA:51m40s]
[#b7eb6c 3.1GiB/9.9GiB(31%) CN:8 DL:2.2MiB ETA:52m6s]
[#b7eb6c 3.1GiB/9.9GiB(31%) CN:8 DL:2.2MiB ETA:51m53s]
[#b7eb6c 3.1GiB/9.9GiB(31%) CN:8 DL:2.1MiB ETA:53m12s]
[#b7eb6c 3.1GiB/9.9GiB(31%) CN:8 DL:2.1MiB ETA:53m29s]
[#b7eb6c 3.1GiB/9.9GiB(31%) CN:8 DL:2.1MiB ETA:54m15s]
[#b7eb6c 3.1GiB/9.9GiB(31%) CN:8 DL:2.1MiB ETA:54m39s]
[#b7eb6c 3.1GiB/9.9GiB(31%) CN:8 DL:2.0MiB ETA:55m23s]
[#b7eb6c 3.1GiB/9.9GiB(31%) CN:8 DL:2.0MiB ETA:56m2s]
[#b7eb6c 3.1GiB/9.9GiB(31%) CN:8 DL:2.0MiB ETA:56m31s]
[#b7eb6c 3.1GiB/9.9GiB(31%) CN:8 DL:2.0MiB ETA:56m22s]
[#b7eb6c 3.1GiB/9.9GiB(31%) CN:8 DL:2.0MiB ETA:56m25s]
[#b7eb6c 3.1GiB/9.9GiB(31%) CN:8 DL:2.0MiB ETA:56m51s]
[#b7eb6c 3.1GiB/9.9GiB(31%) CN:8 DL:2.0MiB ETA:56m15s]
[#b7eb6c 3.1GiB/9.9GiB(31%) CN:8 DL:2.1MiB ETA:54m41s]
[#b7eb6c 3.1GiB/9.9GiB(31%) CN:8 DL:2.1MiB ETA:54m44s]
[#b7eb6c 3.1GiB/9.9GiB(31%) CN:8 DL:2.1MiB ETA:53m51s]
[#b7eb6c 3.1GiB/9.9GiB(31%) CN:8 DL:2.1MiB ETA:53m29s]
[#b7eb6c 3.1GiB/9.9GiB(31%) CN:8 DL:2.2MiB ETA:52m20s]
[#b7eb6c 3.1GiB/9.9GiB(31%) CN:8 DL:2.2MiB ETA:52m3s]
[#b7eb6c 3.1GiB/9.9GiB(31%) CN:8 DL:2.1MiB ETA:54m8s]
[#b7eb6c 3.1GiB/9.9GiB(31%) CN:8 DL:2.2MiB ETA:52m5s]
[#b7eb6c 3.1GiB/9.9GiB(31%) CN:8 DL:2.2MiB ETA:52m12s]
[#b7eb6c 3.1GiB/9.9GiB(31%) CN:8 DL:2.2MiB ETA:51m58s]
[#b7eb6c 3.1GiB/9.9GiB(31%) CN:8 DL:2.2MiB ETA:52m9s]
[#b7eb6c 3.1GiB/9.9GiB(31%) CN:8 DL:2.2MiB ETA:52m10s]
[#b7eb6c 3.1GiB/9.9GiB(31%) CN:8 DL:2.2MiB ETA:52m9s]
[#b7eb6c 3.1GiB/9.9GiB(31%) CN:8 DL:2.1MiB ETA:52m36s]
[#b7eb6c 3.1GiB/9.9GiB(31%) CN:8 DL:2.2MiB ETA:52m1s]
[#b7eb6c 3.1GiB/9.9GiB(31%) CN:8 DL:2.1MiB ETA:52m31s]
[#b7eb6c 3.1GiB/9.9GiB(31%) CN:8 DL:2.2MiB ETA:52m6s]
[#b7eb6c 3.1GiB/9.9GiB(31%) CN:8 DL:2.2MiB ETA:51m56s]
[#b7eb6c 3.1GiB/9.9GiB(31%) CN:8 DL:2.2MiB ETA:51m56s]
[#b7eb6c 3.1GiB/9.9GiB(31%) CN:8 DL:2.2MiB ETA:50m18s]
[#b7eb6c 3.1GiB/9.9GiB(32%) CN:8 DL:2.2MiB ETA:52m14s]
[#b7eb6c 3.1GiB/9.9GiB(32%) CN:8 DL:2.2MiB ETA:51m39s]
[#b7eb6c 3.1GiB/9.9GiB(32%) CN:8 DL:2.1MiB ETA:53m14s]
[#b7eb6c 3.1GiB/9.9GiB(32%) CN:8 DL:2.2MiB ETA:51m42s]
[#b7eb6c 3.1GiB/9.9GiB(32%) CN:8 DL:2.2MiB ETA:51m42s]
[#b7eb6c 3.1GiB/9.9GiB(32%) CN:8 DL:2.2MiB ETA:52m7s]
[#b7eb6c 3.1GiB/9.9GiB(32%) CN:8 DL:2.2MiB ETA:51m43s]
[#b7eb6c 3.1GiB/9.9GiB(32%) CN:8 DL:2.2MiB ETA:51m20s]
[#b7eb6c 3.1GiB/9.9GiB(32%) CN:8 DL:2.2MiB ETA:51m44s]
[#b7eb6c 3.1GiB/9.9GiB(32%) CN:8 DL:2.2MiB ETA:51m42s]
[#b7eb6c 3.1GiB/9.9GiB(32%) CN:8 DL:2.2MiB ETA:51m46s]
[#b7eb6c 3.1GiB/9.9GiB(32%) CN:8 DL:2.2MiB ETA:51m44s]
[#b7eb6c 3.1GiB/9.9GiB(32%) CN:8 DL:2.2MiB ETA:51m35s]
[#b7eb6c 3.2GiB/9.9GiB(32%) CN:8 DL:2.2MiB ETA:51m34s]
[#b7eb6c 3.2GiB/9.9GiB(32%) CN:8 DL:2.2MiB ETA:51m28s]
[#b7eb6c 3.2GiB/9.9GiB(32%) CN:8 DL:2.2MiB ETA:51m25s]
[#b7eb6c 3.2GiB/9.9GiB(32%) CN:8 DL:2.2MiB ETA:51m23s]
[#b7eb6c 3.2GiB/9.9GiB(32%) CN:8 DL:2.1MiB ETA:52m]
[#b7eb6c 3.2GiB/9.9GiB(32%) CN:8 DL:2.2MiB ETA:51m14s]
[#b7eb6c 3.2GiB/9.9GiB(32%) CN:8 DL:2.2MiB ETA:51m18s]
 *** Download Progress Summary as of Sun Sep 13 12:33:11 2026 *** 
===============================================================================
[#b7eb6c 3.2GiB/9.9GiB(32%) CN:8 DL:2.2MiB ETA:51m46s]
FILE: /home/cosmosapjw/.cache/htt-r9/sdss_pv_zenodo_6824749/mocks.tar.gz.partial
-------------------------------------------------------------------------------

[#b7eb6c 3.2GiB/9.9GiB(32%) CN:8 DL:2.2MiB ETA:51m46s]
[#b7eb6c 3.2GiB/9.9GiB(32%) CN:8 DL:2.2MiB ETA:51m33s]
[#b7eb6c 3.2GiB/9.9GiB(32%) CN:8 DL:2.2MiB ETA:50m48s]
[#b7eb6c 3.2GiB/9.9GiB(32%) CN:8 DL:2.2MiB ETA:50m56s]
[#b7eb6c 3.2GiB/9.9GiB(32%) CN:8 DL:2.2MiB ETA:51m3s]
[#b7eb6c 3.2GiB/9.9GiB(32%) CN:8 DL:2.2MiB ETA:51m11s]
[#b7eb6c 3.2GiB/9.9GiB(32%) CN:8 DL:2.2MiB ETA:50m26s]
[#b7eb6c 3.2GiB/9.9GiB(32%) CN:8 DL:2.2MiB ETA:51m1s]
[#b7eb6c 3.2GiB/9.9GiB(32%) CN:8 DL:2.2MiB ETA:51m21s]
[#b7eb6c 3.2GiB/9.9GiB(32%) CN:8 DL:2.2MiB ETA:51m31s]
[#b7eb6c 3.2GiB/9.9GiB(32%) CN:8 DL:2.2MiB ETA:51m5s]
[#b7eb6c 3.2GiB/9.9GiB(32%) CN:8 DL:2.2MiB ETA:51m12s]
[#b7eb6c 3.2GiB/9.9GiB(32%) CN:8 DL:2.2MiB ETA:51m5s]
[#b7eb6c 3.2GiB/9.9GiB(32%) CN:8 DL:2.2MiB ETA:51m32s]
[#b7eb6c 3.2GiB/9.9GiB(32%) CN:8 DL:2.2MiB ETA:51m19s]
[#b7eb6c 3.2GiB/9.9GiB(32%) CN:8 DL:2.2MiB ETA:51m1s]
[#b7eb6c 3.2GiB/9.9GiB(32%) CN:8 DL:2.2MiB ETA:50m59s]
[#b7eb6c 3.2GiB/9.9GiB(32%) CN:8 DL:2.2MiB ETA:51m]
[#b7eb6c 3.2GiB/9.9GiB(32%) CN:8 DL:2.2MiB ETA:50m25s]
[#b7eb6c 3.2GiB/9.9GiB(32%) CN:8 DL:2.2MiB ETA:51m8s]
[#b7eb6c 3.2GiB/9.9GiB(32%) CN:8 DL:2.2MiB ETA:50m45s]
[#b7eb6c 3.2GiB/9.9GiB(32%) CN:8 DL:2.2MiB ETA:51m7s]
[#b7eb6c 3.2GiB/9.9GiB(32%) CN:8 DL:2.2MiB ETA:50m16s]
[#b7eb6c 3.2GiB/9.9GiB(32%) CN:8 DL:2.2MiB ETA:50m19s]
[#b7eb6c 3.2GiB/9.9GiB(32%) CN:8 DL:2.2MiB ETA:50m35s]
[#b7eb6c 3.2GiB/9.9GiB(32%) CN:8 DL:2.2MiB ETA:50m36s]
[#b7eb6c 3.2GiB/9.9GiB(33%) CN:8 DL:2.1MiB ETA:51m32s]
[#b7eb6c 3.2GiB/9.9GiB(33%) CN:8 DL:2.2MiB ETA:50m19s]
[#b7eb6c 3.2GiB/9.9GiB(33%) CN:8 DL:2.2MiB ETA:50m35s]
[#b7eb6c 3.2GiB/9.9GiB(33%) CN:8 DL:2.2MiB ETA:50m32s]
[#b7eb6c 3.2GiB/9.9GiB(33%) CN:8 DL:2.2MiB ETA:50m32s]
[#b7eb6c 3.2GiB/9.9GiB(33%) CN:8 DL:2.2MiB ETA:50m48s]
[#b7eb6c 3.2GiB/9.9GiB(33%) CN:8 DL:2.2MiB ETA:50m27s]
[#b7eb6c 3.2GiB/9.9GiB(33%) CN:8 DL:2.2MiB ETA:50m30s]
[#b7eb6c 3.2GiB/9.9GiB(33%) CN:8 DL:2.2MiB ETA:50m8s]
[#b7eb6c 3.2GiB/9.9GiB(33%) CN:8 DL:2.2MiB ETA:50m38s]
[#b7eb6c 3.2GiB/9.9GiB(33%) CN:8 DL:2.2MiB ETA:49m33s]
[#b7eb6c 3.2GiB/9.9GiB(33%) CN:8 DL:2.2MiB ETA:50m24s]
[#b7eb6c 3.2GiB/9.9GiB(33%) CN:8 DL:2.2MiB ETA:50m25s]
[#b7eb6c 3.3GiB/9.9GiB(33%) CN:8 DL:2.2MiB ETA:50m9s]
[#b7eb6c 3.3GiB/9.9GiB(33%) CN:8 DL:2.2MiB ETA:50m28s]
[#b7eb6c 3.3GiB/9.9GiB(33%) CN:8 DL:2.2MiB ETA:49m50s]
[#b7eb6c 3.3GiB/9.9GiB(33%) CN:8 DL:2.2MiB ETA:50m38s]
[#b7eb6c 3.3GiB/9.9GiB(33%) CN:8 DL:2.2MiB ETA:50m23s]
[#b7eb6c 3.3GiB/9.9GiB(33%) CN:8 DL:2.2MiB ETA:50m25s]
[#b7eb6c 3.3GiB/9.9GiB(33%) CN:8 DL:2.2MiB ETA:50m21s]
[#b7eb6c 3.3GiB/9.9GiB(33%) CN:8 DL:2.2MiB ETA:49m54s]
[#b7eb6c 3.3GiB/9.9GiB(33%) CN:8 DL:2.2MiB ETA:50m26s]
[#b7eb6c 3.3GiB/9.9GiB(33%) CN:8 DL:2.2MiB ETA:50m17s]
[#b7eb6c 3.3GiB/9.9GiB(33%) CN:8 DL:2.2MiB ETA:50m2s]
[#b7eb6c 3.3GiB/9.9GiB(33%) CN:8 DL:2.2MiB ETA:50m15s]
[#b7eb6c 3.3GiB/9.9GiB(33%) CN:8 DL:2.2MiB ETA:50m4s]
[#b7eb6c 3.3GiB/9.9GiB(33%) CN:8 DL:2.2MiB ETA:49m25s]
[#b7eb6c 3.3GiB/9.9GiB(33%) CN:8 DL:2.2MiB ETA:50m13s]
[#b7eb6c 3.3GiB/9.9GiB(33%) CN:8 DL:2.2MiB ETA:50m52s]
[#b7eb6c 3.3GiB/9.9GiB(33%) CN:8 DL:2.2MiB ETA:49m45s]
[#b7eb6c 3.3GiB/9.9GiB(33%) CN:8 DL:2.2MiB ETA:50m29s]
[#b7eb6c 3.3GiB/9.9GiB(33%) CN:8 DL:2.2MiB ETA:49m45s]
[#b7eb6c 3.3GiB/9.9GiB(33%) CN:8 DL:2.2MiB ETA:50m7s]
[#b7eb6c 3.3GiB/9.9GiB(33%) CN:8 DL:2.2MiB ETA:49m34s]
[#b7eb6c 3.3GiB/9.9GiB(33%) CN:8 DL:2.2MiB ETA:49m59s]
 *** Download Progress Summary as of Sun Sep 13 12:34:12 2026 *** 
===============================================================================
[#b7eb6c 3.3GiB/9.9GiB(33%) CN:8 DL:2.1MiB ETA:51m40s]
FILE: /home/cosmosapjw/.cache/htt-r9/sdss_pv_zenodo_6824749/mocks.tar.gz.partial
-------------------------------------------------------------------------------

[#b7eb6c 3.3GiB/9.9GiB(33%) CN:8 DL:2.1MiB ETA:51m40s]
[#b7eb6c 3.3GiB/9.9GiB(33%) CN:8 DL:2.2MiB ETA:49m53s]
[#b7eb6c 3.3GiB/9.9GiB(33%) CN:8 DL:2.2MiB ETA:49m55s]
[#b7eb6c 3.3GiB/9.9GiB(33%) CN:8 DL:2.2MiB ETA:50m2s]
[#b7eb6c 3.3GiB/9.9GiB(33%) CN:8 DL:2.2MiB ETA:50m1s]
[#b7eb6c 3.3GiB/9.9GiB(33%) CN:8 DL:2.2MiB ETA:50m3s]
[#b7eb6c 3.3GiB/9.9GiB(33%) CN:8 DL:2.2MiB ETA:50m1s]
[#b7eb6c 3.3GiB/9.9GiB(33%) CN:8 DL:2.2MiB ETA:50m32s]
[#b7eb6c 3.3GiB/9.9GiB(33%) CN:8 DL:2.2MiB ETA:49m42s]
[#b7eb6c 3.3GiB/9.9GiB(33%) CN:8 DL:2.2MiB ETA:50m24s]
[#b7eb6c 3.3GiB/9.9GiB(34%) CN:8 DL:2.2MiB ETA:50m2s]
[#b7eb6c 3.3GiB/9.9GiB(34%) CN:8 DL:2.2MiB ETA:50m2s]
[#b7eb6c 3.3GiB/9.9GiB(34%) CN:8 DL:2.2MiB ETA:50m11s]
[#b7eb6c 3.3GiB/9.9GiB(34%) CN:8 DL:2.2MiB ETA:49m29s]
[#b7eb6c 3.3GiB/9.9GiB(34%) CN:8 DL:2.2MiB ETA:49m54s]
[#b7eb6c 3.3GiB/9.9GiB(34%) CN:8 DL:2.2MiB ETA:49m53s]
[#b7eb6c 3.3GiB/9.9GiB(34%) CN:8 DL:2.1MiB ETA:50m38s]
[#b7eb6c 3.3GiB/9.9GiB(34%) CN:8 DL:2.2MiB ETA:49m47s]
[#b7eb6c 3.3GiB/9.9GiB(34%) CN:8 DL:2.2MiB ETA:50m4s]
[#b7eb6c 3.3GiB/9.9GiB(34%) CN:8 DL:2.2MiB ETA:49m2s]
[#b7eb6c 3.3GiB/9.9GiB(34%) CN:8 DL:2.2MiB ETA:49m40s]
[#b7eb6c 3.3GiB/9.9GiB(34%) CN:8 DL:2.2MiB ETA:49m17s]
[#b7eb6c 3.3GiB/9.9GiB(34%) CN:8 DL:2.2MiB ETA:49m52s]
[#b7eb6c 3.3GiB/9.9GiB(34%) CN:8 DL:2.2MiB ETA:49m39s]
[#b7eb6c 3.4GiB/9.9GiB(34%) CN:8 DL:2.2MiB ETA:49m48s]
[#b7eb6c 3.4GiB/9.9GiB(34%) CN:8 DL:2.2MiB ETA:49m39s]
[#b7eb6c 3.4GiB/9.9GiB(34%) CN:8 DL:2.2MiB ETA:49m34s]
[#b7eb6c 3.4GiB/9.9GiB(34%) CN:8 DL:2.2MiB ETA:49m29s]
[#b7eb6c 3.4GiB/9.9GiB(34%) CN:8 DL:2.2MiB ETA:49m32s]
[#b7eb6c 3.4GiB/9.9GiB(34%) CN:8 DL:2.2MiB ETA:49m39s]
[#b7eb6c 3.4GiB/9.9GiB(34%) CN:8 DL:2.2MiB ETA:49m13s]
[#b7eb6c 3.4GiB/9.9GiB(34%) CN:8 DL:2.2MiB ETA:49m33s]
[#b7eb6c 3.4GiB/9.9GiB(34%) CN:8 DL:2.2MiB ETA:49m46s]
[#b7eb6c 3.4GiB/9.9GiB(34%) CN:8 DL:2.2MiB ETA:49m34s]
[#b7eb6c 3.4GiB/9.9GiB(34%) CN:8 DL:2.2MiB ETA:49m27s]
[#b7eb6c 3.4GiB/9.9GiB(34%) CN:8 DL:2.3MiB ETA:48m2s]
[#b7eb6c 3.4GiB/9.9GiB(34%) CN:8 DL:2.2MiB ETA:49m28s]
[#b7eb6c 3.4GiB/9.9GiB(34%) CN:8 DL:2.2MiB ETA:49m20s]
[#b7eb6c 3.4GiB/9.9GiB(34%) CN:8 DL:2.2MiB ETA:48m24s]
[#b7eb6c 3.4GiB/9.9GiB(34%) CN:8 DL:2.2MiB ETA:49m41s]
[#b7eb6c 3.4GiB/9.9GiB(34%) CN:8 DL:2.2MiB ETA:49m24s]
[#b7eb6c 3.4GiB/9.9GiB(34%) CN:8 DL:2.2MiB ETA:49m12s]
[#b7eb6c 3.4GiB/9.9GiB(34%) CN:8 DL:2.2MiB ETA:49m20s]
[#b7eb6c 3.4GiB/9.9GiB(34%) CN:8 DL:2.2MiB ETA:49m20s]
[#b7eb6c 3.4GiB/9.9GiB(34%) CN:8 DL:2.2MiB ETA:49m31s]
[#b7eb6c 3.4GiB/9.9GiB(34%) CN:8 DL:2.2MiB ETA:49m19s]
[#b7eb6c 3.4GiB/9.9GiB(34%) CN:8 DL:2.2MiB ETA:49m16s]
[#b7eb6c 3.4GiB/9.9GiB(34%) CN:8 DL:2.2MiB ETA:49m29s]
[#b7eb6c 3.4GiB/9.9GiB(34%) CN:8 DL:2.2MiB ETA:48m49s]
[#b7eb6c 3.4GiB/9.9GiB(34%) CN:8 DL:2.2MiB ETA:49m11s]
[#b7eb6c 3.4GiB/9.9GiB(34%) CN:8 DL:2.2MiB ETA:49m9s]
[#b7eb6c 3.4GiB/9.9GiB(34%) CN:8 DL:2.2MiB ETA:49m13s]
[#b7eb6c 3.4GiB/9.9GiB(34%) CN:8 DL:2.2MiB ETA:49m6s]
[#b7eb6c 3.4GiB/9.9GiB(34%) CN:8 DL:2.2MiB ETA:48m52s]
[#b7eb6c 3.4GiB/9.9GiB(34%) CN:8 DL:2.2MiB ETA:49m16s]
[#b7eb6c 3.4GiB/9.9GiB(34%) CN:8 DL:2.2MiB ETA:48m57s]
[#b7eb6c 3.4GiB/9.9GiB(35%) CN:8 DL:2.2MiB ETA:48m20s]
[#b7eb6c 3.4GiB/9.9GiB(35%) CN:8 DL:2.2MiB ETA:49m7s]
[#b7eb6c 3.4GiB/9.9GiB(35%) CN:8 DL:2.2MiB ETA:49m36s]
[#b7eb6c 3.4GiB/9.9GiB(35%) CN:8 DL:2.2MiB ETA:48m46s]
[#b7eb6c 3.4GiB/9.9GiB(35%) CN:8 DL:2.2MiB ETA:48m48s]
 *** Download Progress Summary as of Sun Sep 13 12:35:12 2026 *** 
===============================================================================
[#b7eb6c 3.4GiB/9.9GiB(35%) CN:8 DL:2.2MiB ETA:49m17s]
FILE: /home/cosmosapjw/.cache/htt-r9/sdss_pv_zenodo_6824749/mocks.tar.gz.partial
-------------------------------------------------------------------------------

[#b7eb6c 3.4GiB/9.9GiB(35%) CN:8 DL:2.2MiB ETA:49m17s]
[#b7eb6c 3.4GiB/9.9GiB(35%) CN:8 DL:2.2MiB ETA:49m25s]
[#b7eb6c 3.4GiB/9.9GiB(35%) CN:8 DL:2.2MiB ETA:48m49s]
[#b7eb6c 3.4GiB/9.9GiB(35%) CN:8 DL:2.2MiB ETA:48m38s]
[#b7eb6c 3.4GiB/9.9GiB(35%) CN:8 DL:2.2MiB ETA:48m52s]
[#b7eb6c 3.4GiB/9.9GiB(35%) CN:8 DL:2.2MiB ETA:48m49s]
[#b7eb6c 3.4GiB/9.9GiB(35%) CN:8 DL:2.2MiB ETA:48m41s]
[#b7eb6c 3.4GiB/9.9GiB(35%) CN:8 DL:2.2MiB ETA:48m17s]
[#b7eb6c 3.4GiB/9.9GiB(35%) CN:8 DL:2.2MiB ETA:49m5s]
[#b7eb6c 3.5GiB/9.9GiB(35%) CN:8 DL:2.2MiB ETA:49m2s]
[#b7eb6c 3.5GiB/9.9GiB(35%) CN:8 DL:2.2MiB ETA:48m32s]
[#b7eb6c 3.5GiB/9.9GiB(35%) CN:8 DL:2.2MiB ETA:48m18s]
[#b7eb6c 3.5GiB/9.9GiB(35%) CN:8 DL:2.2MiB ETA:49m3s]
[#b7eb6c 3.5GiB/9.9GiB(35%) CN:8 DL:2.2MiB ETA:48m59s]
[#b7eb6c 3.5GiB/9.9GiB(35%) CN:8 DL:2.2MiB ETA:48m59s]
[#b7eb6c 3.5GiB/9.9GiB(35%) CN:8 DL:2.1MiB ETA:49m43s]
[#b7eb6c 3.5GiB/9.9GiB(35%) CN:8 DL:2.2MiB ETA:48m56s]
[#b7eb6c 3.5GiB/9.9GiB(35%) CN:8 DL:2.2MiB ETA:49m6s]
[#b7eb6c 3.5GiB/9.9GiB(35%) CN:8 DL:2.2MiB ETA:49m12s]
[#b7eb6c 3.5GiB/9.9GiB(35%) CN:8 DL:2.2MiB ETA:48m34s]
[#b7eb6c 3.5GiB/9.9GiB(35%) CN:8 DL:2.2MiB ETA:49m11s]
[#b7eb6c 3.5GiB/9.9GiB(35%) CN:8 DL:2.1MiB ETA:50m20s]
[#b7eb6c 3.5GiB/9.9GiB(35%) CN:8 DL:2.2MiB ETA:48m30s]
[#b7eb6c 3.5GiB/9.9GiB(35%) CN:8 DL:2.2MiB ETA:48m27s]
[#b7eb6c 3.5GiB/9.9GiB(35%) CN:8 DL:2.2MiB ETA:48m35s]
[#b7eb6c 3.5GiB/9.9GiB(35%) CN:8 DL:2.2MiB ETA:47m59s]
[#b7eb6c 3.5GiB/9.9GiB(35%) CN:8 DL:2.2MiB ETA:48m43s]
[#b7eb6c 3.5GiB/9.9GiB(35%) CN:8 DL:2.2MiB ETA:48m20s]
[#b7eb6c 3.5GiB/9.9GiB(35%) CN:8 DL:2.2MiB ETA:48m51s]
[#b7eb6c 3.5GiB/9.9GiB(35%) CN:8 DL:2.1MiB ETA:49m26s]
[#b7eb6c 3.5GiB/9.9GiB(35%) CN:8 DL:2.1MiB ETA:49m35s]
[#b7eb6c 3.5GiB/9.9GiB(35%) CN:8 DL:2.2MiB ETA:49m19s]
[#b7eb6c 3.5GiB/9.9GiB(35%) CN:8 DL:2.1MiB ETA:50m33s]
[#b7eb6c 3.5GiB/9.9GiB(35%) CN:8 DL:2.1MiB ETA:49m30s]
[#b7eb6c 3.5GiB/9.9GiB(35%) CN:8 DL:2.1MiB ETA:49m22s]
[#b7eb6c 3.5GiB/9.9GiB(35%) CN:8 DL:2.1MiB ETA:49m28s]
[#b7eb6c 3.5GiB/9.9GiB(35%) CN:8 DL:2.1MiB ETA:49m28s]
[#b7eb6c 3.5GiB/9.9GiB(35%) CN:8 DL:2.1MiB ETA:49m26s]
[#b7eb6c 3.5GiB/9.9GiB(35%) CN:8 DL:2.2MiB ETA:47m43s]
[#b7eb6c 3.5GiB/9.9GiB(35%) CN:8 DL:2.2MiB ETA:49m1s]
[#b7eb6c 3.5GiB/9.9GiB(35%) CN:8 DL:2.2MiB ETA:48m25s]
[#b7eb6c 3.5GiB/9.9GiB(36%) CN:8 DL:2.2MiB ETA:48m24s]
[#b7eb6c 3.5GiB/9.9GiB(36%) CN:8 DL:2.2MiB ETA:48m38s]
[#b7eb6c 3.5GiB/9.9GiB(36%) CN:8 DL:2.2MiB ETA:48m27s]
[#b7eb6c 3.5GiB/9.9GiB(36%) CN:8 DL:2.2MiB ETA:48m29s]
[#b7eb6c 3.5GiB/9.9GiB(36%) CN:8 DL:2.2MiB ETA:48m25s]
[#b7eb6c 3.5GiB/9.9GiB(36%) CN:8 DL:2.2MiB ETA:47m34s]
[#b7eb6c 3.5GiB/9.9GiB(36%) CN:8 DL:2.2MiB ETA:48m38s]
[#b7eb6c 3.5GiB/9.9GiB(36%) CN:8 DL:2.2MiB ETA:48m18s]
[#b7eb6c 3.5GiB/9.9GiB(36%) CN:8 DL:2.2MiB ETA:48m58s]
[#b7eb6c 3.5GiB/9.9GiB(36%) CN:8 DL:2.2MiB ETA:48m8s]
[#b7eb6c 3.5GiB/9.9GiB(36%) CN:8 DL:2.2MiB ETA:48m35s]
[#b7eb6c 3.5GiB/9.9GiB(36%) CN:8 DL:2.2MiB ETA:47m40s]
[#b7eb6c 3.5GiB/9.9GiB(36%) CN:8 DL:2.2MiB ETA:48m]
[#b7eb6c 3.5GiB/9.9GiB(36%) CN:8 DL:2.2MiB ETA:47m50s]
[#b7eb6c 3.5GiB/9.9GiB(36%) CN:8 DL:2.2MiB ETA:47m55s]
[#b7eb6c 3.6GiB/9.9GiB(36%) CN:8 DL:2.2MiB ETA:48m2s]
[#b7eb6c 3.6GiB/9.9GiB(36%) CN:8 DL:2.1MiB ETA:49m2s]
[#b7eb6c 3.6GiB/9.9GiB(36%) CN:8 DL:2.2MiB ETA:47m59s]
[#b7eb6c 3.6GiB/9.9GiB(36%) CN:8 DL:2.2MiB ETA:48m]
[#b7eb6c 3.6GiB/9.9GiB(36%) CN:8 DL:2.2MiB ETA:48m2s]
 *** Download Progress Summary as of Sun Sep 13 12:36:13 2026 *** 
===============================================================================
[#b7eb6c 3.6GiB/9.9GiB(36%) CN:8 DL:2.2MiB ETA:48m2s]
FILE: /home/cosmosapjw/.cache/htt-r9/sdss_pv_zenodo_6824749/mocks.tar.gz.partial
-------------------------------------------------------------------------------

[#b7eb6c 3.6GiB/9.9GiB(36%) CN:8 DL:2.2MiB ETA:48m2s]
[#b7eb6c 3.6GiB/9.9GiB(36%) CN:8 DL:2.1MiB ETA:49m5s]
[#b7eb6c 3.6GiB/9.9GiB(36%) CN:8 DL:2.1MiB ETA:49m48s]
[#b7eb6c 3.6GiB/9.9GiB(36%) CN:8 DL:2.0MiB ETA:53m]
[#b7eb6c 3.6GiB/9.9GiB(36%) CN:8 DL:1.9MiB ETA:54m59s]
[#b7eb6c 3.6GiB/9.9GiB(36%) CN:8 DL:1.8MiB ETA:57m49s]
[#b7eb6c 3.6GiB/9.9GiB(36%) CN:8 DL:1.7MiB ETA:1h2m52s]
[#b7eb6c 3.6GiB/9.9GiB(36%) CN:8 DL:1.5MiB ETA:1h7m56s]
[#b7eb6c 3.6GiB/9.9GiB(36%) CN:8 DL:1.4MiB ETA:1h12m54s]
[#b7eb6c 3.6GiB/9.9GiB(36%) CN:8 DL:1.3MiB ETA:1h18m27s]
[#b7eb6c 3.6GiB/9.9GiB(36%) CN:8 DL:1.2MiB ETA:1h23m14s]
[#b7eb6c 3.6GiB/9.9GiB(36%) CN:8 DL:1.2MiB ETA:1h24m58s]
[#b7eb6c 3.6GiB/9.9GiB(36%) CN:8 DL:1.2MiB ETA:1h22m27s]
[#b7eb6c 3.6GiB/9.9GiB(36%) CN:8 DL:1.4MiB ETA:1h15m2s]
[#b7eb6c 3.6GiB/9.9GiB(36%) CN:8 DL:1.4MiB ETA:1h12m45s]
[#b7eb6c 3.6GiB/9.9GiB(36%) CN:8 DL:1.6MiB ETA:1h5m37s]
[#b7eb6c 3.6GiB/9.9GiB(36%) CN:8 DL:1.7MiB ETA:1h44s]
[#b7eb6c 3.6GiB/9.9GiB(36%) CN:8 DL:1.8MiB ETA:57m6s]
[#b7eb6c 3.6GiB/9.9GiB(36%) CN:8 DL:1.9MiB ETA:53m34s]
[#b7eb6c 3.6GiB/9.9GiB(36%) CN:8 DL:2.0MiB ETA:51m15s]
[#b7eb6c 3.6GiB/9.9GiB(36%) CN:8 DL:2.1MiB ETA:49m6s]
[#b7eb6c 3.6GiB/9.9GiB(36%) CN:8 DL:2.2MiB ETA:47m58s]
[#b7eb6c 3.6GiB/9.9GiB(36%) CN:8 DL:2.2MiB ETA:47m33s]
[#b7eb6c 3.6GiB/9.9GiB(36%) CN:8 DL:2.2MiB ETA:46m55s]
[#b7eb6c 3.6GiB/9.9GiB(36%) CN:8 DL:2.2MiB ETA:47m43s]
[#b7eb6c 3.6GiB/9.9GiB(36%) CN:8 DL:2.2MiB ETA:47m1s]
[#b7eb6c 3.6GiB/9.9GiB(36%) CN:8 DL:2.2MiB ETA:47m36s]
[#b7eb6c 3.6GiB/9.9GiB(36%) CN:8 DL:2.2MiB ETA:47m30s]
[#b7eb6c 3.6GiB/9.9GiB(36%) CN:8 DL:2.2MiB ETA:47m7s]
[#b7eb6c 3.6GiB/9.9GiB(36%) CN:8 DL:2.2MiB ETA:47m36s]
[#b7eb6c 3.6GiB/9.9GiB(37%) CN:8 DL:2.2MiB ETA:47m31s]
[#b7eb6c 3.6GiB/9.9GiB(37%) CN:8 DL:2.2MiB ETA:47m27s]
[#b7eb6c 3.6GiB/9.9GiB(37%) CN:8 DL:2.2MiB ETA:47m49s]
[#b7eb6c 3.6GiB/9.9GiB(37%) CN:8 DL:2.2MiB ETA:47m24s]
[#b7eb6c 3.6GiB/9.9GiB(37%) CN:8 DL:2.2MiB ETA:47m35s]
[#b7eb6c 3.6GiB/9.9GiB(37%) CN:8 DL:2.2MiB ETA:47m25s]
[#b7eb6c 3.6GiB/9.9GiB(37%) CN:8 DL:2.2MiB ETA:47m17s]
[#b7eb6c 3.6GiB/9.9GiB(37%) CN:8 DL:2.1MiB ETA:48m28s]
[#b7eb6c 3.6GiB/9.9GiB(37%) CN:8 DL:2.2MiB ETA:47m30s]
[#b7eb6c 3.6GiB/9.9GiB(37%) CN:8 DL:2.2MiB ETA:47m47s]
[#b7eb6c 3.6GiB/9.9GiB(37%) CN:8 DL:2.1MiB ETA:48m33s]
[#b7eb6c 3.6GiB/9.9GiB(37%) CN:8 DL:2.1MiB ETA:48m24s]
[#b7eb6c 3.6GiB/9.9GiB(37%) CN:8 DL:2.1MiB ETA:48m42s]
[#b7eb6c 3.6GiB/9.9GiB(37%) CN:8 DL:2.1MiB ETA:48m31s]
[#b7eb6c 3.6GiB/9.9GiB(37%) CN:8 DL:2.1MiB ETA:48m34s]
[#b7eb6c 3.7GiB/9.9GiB(37%) CN:8 DL:2.1MiB ETA:48m35s]
[#b7eb6c 3.7GiB/9.9GiB(37%) CN:8 DL:2.2MiB ETA:47m29s]
[#b7eb6c 3.7GiB/9.9GiB(37%) CN:8 DL:2.2MiB ETA:47m8s]
[#b7eb6c 3.7GiB/9.9GiB(37%) CN:8 DL:2.1MiB ETA:48m33s]
[#b7eb6c 3.7GiB/9.9GiB(37%) CN:8 DL:2.2MiB ETA:47m53s]
[#b7eb6c 3.7GiB/9.9GiB(37%) CN:8 DL:2.2MiB ETA:47m23s]
[#b7eb6c 3.7GiB/9.9GiB(37%) CN:8 DL:2.2MiB ETA:47m5s]
[#b7eb6c 3.7GiB/9.9GiB(37%) CN:8 DL:2.2MiB ETA:47m]
[#b7eb6c 3.7GiB/9.9GiB(37%) CN:8 DL:2.2MiB ETA:47m4s]
[#b7eb6c 3.7GiB/9.9GiB(37%) CN:8 DL:2.2MiB ETA:47m1s]
[#b7eb6c 3.7GiB/9.9GiB(37%) CN:8 DL:2.2MiB ETA:47m8s]
[#b7eb6c 3.7GiB/9.9GiB(37%) CN:8 DL:2.2MiB ETA:46m37s]
[#b7eb6c 3.7GiB/9.9GiB(37%) CN:8 DL:2.2MiB ETA:46m51s]
[#b7eb6c 3.7GiB/9.9GiB(37%) CN:8 DL:2.2MiB ETA:46m51s]
[#b7eb6c 3.7GiB/9.9GiB(37%) CN:8 DL:2.2MiB ETA:46m54s]
[#b7eb6c 3.7GiB/9.9GiB(37%) CN:8 DL:2.2MiB ETA:46m48s]
 *** Download Progress Summary as of Sun Sep 13 12:37:13 2026 *** 
===============================================================================
[#b7eb6c 3.7GiB/9.9GiB(37%) CN:8 DL:2.2MiB ETA:46m49s]
FILE: /home/cosmosapjw/.cache/htt-r9/sdss_pv_zenodo_6824749/mocks.tar.gz.partial
-------------------------------------------------------------------------------

[#b7eb6c 3.7GiB/9.9GiB(37%) CN:8 DL:2.2MiB ETA:46m49s]
[#b7eb6c 3.7GiB/9.9GiB(37%) CN:8 DL:2.2MiB ETA:46m48s]
[#b7eb6c 3.7GiB/9.9GiB(37%) CN:8 DL:2.2MiB ETA:46m54s]
[#b7eb6c 3.7GiB/9.9GiB(37%) CN:8 DL:2.2MiB ETA:46m52s]
[#b7eb6c 3.7GiB/9.9GiB(37%) CN:8 DL:2.2MiB ETA:46m45s]
[#b7eb6c 3.7GiB/9.9GiB(37%) CN:8 DL:2.2MiB ETA:46m49s]
[#b7eb6c 3.7GiB/9.9GiB(37%) CN:8 DL:2.2MiB ETA:46m49s]
[#b7eb6c 3.7GiB/9.9GiB(37%) CN:8 DL:2.2MiB ETA:46m57s]
[#b7eb6c 3.7GiB/9.9GiB(37%) CN:8 DL:2.2MiB ETA:46m53s]
[#b7eb6c 3.7GiB/9.9GiB(37%) CN:8 DL:2.2MiB ETA:47m11s]
[#b7eb6c 3.7GiB/9.9GiB(37%) CN:8 DL:2.2MiB ETA:46m37s]
[#b7eb6c 3.7GiB/9.9GiB(37%) CN:8 DL:2.2MiB ETA:46m45s]
[#b7eb6c 3.7GiB/9.9GiB(37%) CN:8 DL:2.2MiB ETA:46m39s]
[#b7eb6c 3.7GiB/9.9GiB(37%) CN:8 DL:2.2MiB ETA:46m48s]
[#b7eb6c 3.7GiB/9.9GiB(37%) CN:8 DL:2.2MiB ETA:47m12s]
[#b7eb6c 3.7GiB/9.9GiB(38%) CN:8 DL:2.2MiB ETA:46m30s]
[#b7eb6c 3.7GiB/9.9GiB(38%) CN:8 DL:2.2MiB ETA:46m44s]
[#b7eb6c 3.7GiB/9.9GiB(38%) CN:8 DL:2.2MiB ETA:46m27s]
[#b7eb6c 3.7GiB/9.9GiB(38%) CN:8 DL:2.2MiB ETA:46m52s]
[#b7eb6c 3.7GiB/9.9GiB(38%) CN:8 DL:2.2MiB ETA:47m13s]
[#b7eb6c 3.7GiB/9.9GiB(38%) CN:8 DL:2.2MiB ETA:46m9s]
[#b7eb6c 3.7GiB/9.9GiB(38%) CN:8 DL:2.2MiB ETA:47m7s]
[#b7eb6c 3.7GiB/9.9GiB(38%) CN:8 DL:2.2MiB ETA:46m36s]
[#b7eb6c 3.7GiB/9.9GiB(38%) CN:8 DL:2.2MiB ETA:46m33s]
[#b7eb6c 3.7GiB/9.9GiB(38%) CN:8 DL:2.2MiB ETA:46m2s]
[#b7eb6c 3.7GiB/9.9GiB(38%) CN:8 DL:2.2MiB ETA:46m45s]
[#b7eb6c 3.7GiB/9.9GiB(38%) CN:8 DL:2.2MiB ETA:45m46s]
[#b7eb6c 3.7GiB/9.9GiB(38%) CN:8 DL:2.2MiB ETA:47m21s]
[#b7eb6c 3.7GiB/9.9GiB(38%) CN:8 DL:2.2MiB ETA:46m9s]
[#b7eb6c 3.7GiB/9.9GiB(38%) CN:8 DL:2.2MiB ETA:46m41s]
[#b7eb6c 3.8GiB/9.9GiB(38%) CN:8 DL:2.2MiB ETA:46m23s]
[#b7eb6c 3.8GiB/9.9GiB(38%) CN:8 DL:2.2MiB ETA:46m18s]
[#b7eb6c 3.8GiB/9.9GiB(38%) CN:8 DL:2.2MiB ETA:47m16s]
[#b7eb6c 3.8GiB/9.9GiB(38%) CN:8 DL:2.2MiB ETA:46m24s]
[#b7eb6c 3.8GiB/9.9GiB(38%) CN:8 DL:2.2MiB ETA:46m25s]
[#b7eb6c 3.8GiB/9.9GiB(38%) CN:8 DL:2.2MiB ETA:46m27s]
[#b7eb6c 3.8GiB/9.9GiB(38%) CN:8 DL:2.2MiB ETA:46m17s]
[#b7eb6c 3.8GiB/9.9GiB(38%) CN:8 DL:2.2MiB ETA:46m20s]
[#b7eb6c 3.8GiB/9.9GiB(38%) CN:8 DL:2.2MiB ETA:46m23s]
[#b7eb6c 3.8GiB/9.9GiB(38%) CN:8 DL:2.2MiB ETA:46m36s]
[#b7eb6c 3.8GiB/9.9GiB(38%) CN:8 DL:2.2MiB ETA:46m3s]
[#b7eb6c 3.8GiB/9.9GiB(38%) CN:8 DL:2.2MiB ETA:46m28s]
[#b7eb6c 3.8GiB/9.9GiB(38%) CN:8 DL:2.2MiB ETA:46m34s]
[#b7eb6c 3.8GiB/9.9GiB(38%) CN:8 DL:2.2MiB ETA:46m24s]
[#b7eb6c 3.8GiB/9.9GiB(38%) CN:8 DL:2.2MiB ETA:46m29s]
[#b7eb6c 3.8GiB/9.9GiB(38%) CN:8 DL:2.2MiB ETA:45m49s]
[#b7eb6c 3.8GiB/9.9GiB(38%) CN:8 DL:2.2MiB ETA:46m41s]
[#b7eb6c 3.8GiB/9.9GiB(38%) CN:8 DL:2.2MiB ETA:46m8s]
[#b7eb6c 3.8GiB/9.9GiB(38%) CN:8 DL:2.2MiB ETA:46m23s]
[#b7eb6c 3.8GiB/9.9GiB(38%) CN:8 DL:2.2MiB ETA:46m26s]
[#b7eb6c 3.8GiB/9.9GiB(38%) CN:8 DL:2.1MiB ETA:47m44s]
[#b7eb6c 3.8GiB/9.9GiB(38%) CN:8 DL:2.2MiB ETA:46m15s]
[#b7eb6c 3.8GiB/9.9GiB(38%) CN:8 DL:2.2MiB ETA:46m15s]
[#b7eb6c 3.8GiB/9.9GiB(38%) CN:8 DL:2.2MiB ETA:46m26s]
[#b7eb6c 3.8GiB/9.9GiB(38%) CN:8 DL:2.2MiB ETA:46m27s]
[#b7eb6c 3.8GiB/9.9GiB(38%) CN:8 DL:2.2MiB ETA:46m19s]
[#b7eb6c 3.8GiB/9.9GiB(38%) CN:8 DL:2.2MiB ETA:46m26s]
[#b7eb6c 3.8GiB/9.9GiB(38%) CN:8 DL:2.1MiB ETA:47m14s]
[#b7eb6c 3.8GiB/9.9GiB(38%) CN:8 DL:2.2MiB ETA:46m29s]
[#b7eb6c 3.8GiB/9.9GiB(38%) CN:8 DL:2.2MiB ETA:46m34s]
[#b7eb6c 3.8GiB/9.9GiB(39%) CN:8 DL:2.2MiB ETA:46m14s]
 *** Download Progress Summary as of Sun Sep 13 12:38:14 2026 *** 
===============================================================================
[#b7eb6c 3.8GiB/9.9GiB(39%) CN:8 DL:2.2MiB ETA:46m11s]
FILE: /home/cosmosapjw/.cache/htt-r9/sdss_pv_zenodo_6824749/mocks.tar.gz.partial
-------------------------------------------------------------------------------

[#b7eb6c 3.8GiB/9.9GiB(39%) CN:8 DL:2.2MiB ETA:46m11s]
[#b7eb6c 3.8GiB/9.9GiB(39%) CN:8 DL:2.2MiB ETA:46m4s]
[#b7eb6c 3.8GiB/9.9GiB(39%) CN:8 DL:2.2MiB ETA:46m13s]
[#b7eb6c 3.8GiB/9.9GiB(39%) CN:8 DL:2.2MiB ETA:46m4s]
[#b7eb6c 3.8GiB/9.9GiB(39%) CN:8 DL:2.2MiB ETA:46m44s]
[#b7eb6c 3.8GiB/9.9GiB(39%) CN:8 DL:2.2MiB ETA:44m54s]
[#b7eb6c 3.8GiB/9.9GiB(39%) CN:8 DL:2.2MiB ETA:45m49s]
[#b7eb6c 3.8GiB/9.9GiB(39%) CN:8 DL:2.2MiB ETA:45m29s]
[#b7eb6c 3.8GiB/9.9GiB(39%) CN:8 DL:2.2MiB ETA:45m39s]
[#b7eb6c 3.8GiB/9.9GiB(39%) CN:8 DL:2.2MiB ETA:45m44s]
[#b7eb6c 3.8GiB/9.9GiB(39%) CN:8 DL:2.2MiB ETA:45m46s]
[#b7eb6c 3.8GiB/9.9GiB(39%) CN:8 DL:2.2MiB ETA:45m43s]
[#b7eb6c 3.8GiB/9.9GiB(39%) CN:8 DL:2.2MiB ETA:45m42s]
[#b7eb6c 3.8GiB/9.9GiB(39%) CN:8 DL:2.2MiB ETA:45m4s]
[#b7eb6c 3.8GiB/9.9GiB(39%) CN:8 DL:2.2MiB ETA:45m40s]
[#b7eb6c 3.9GiB/9.9GiB(39%) CN:8 DL:2.2MiB ETA:45m38s]
[#b7eb6c 3.9GiB/9.9GiB(39%) CN:8 DL:2.2MiB ETA:45m43s]
[#b7eb6c 3.9GiB/9.9GiB(39%) CN:8 DL:2.2MiB ETA:45m40s]
[#b7eb6c 3.9GiB/9.9GiB(39%) CN:8 DL:2.2MiB ETA:45m42s]
[#b7eb6c 3.9GiB/9.9GiB(39%) CN:8 DL:2.2MiB ETA:45m45s]
[#b7eb6c 3.9GiB/9.9GiB(39%) CN:8 DL:2.2MiB ETA:46m6s]
[#b7eb6c 3.9GiB/9.9GiB(39%) CN:8 DL:2.2MiB ETA:45m39s]
[#b7eb6c 3.9GiB/9.9GiB(39%) CN:8 DL:2.2MiB ETA:45m50s]
[#b7eb6c 3.9GiB/9.9GiB(39%) CN:8 DL:2.2MiB ETA:45m43s]
[#b7eb6c 3.9GiB/9.9GiB(39%) CN:8 DL:2.2MiB ETA:45m39s]
[#b7eb6c 3.9GiB/9.9GiB(39%) CN:8 DL:2.2MiB ETA:45m35s]
[#b7eb6c 3.9GiB/9.9GiB(39%) CN:8 DL:2.2MiB ETA:46m19s]
[#b7eb6c 3.9GiB/9.9GiB(39%) CN:8 DL:2.2MiB ETA:45m33s]
[#b7eb6c 3.9GiB/9.9GiB(39%) CN:8 DL:2.2MiB ETA:45m29s]
[#b7eb6c 3.9GiB/9.9GiB(39%) CN:8 DL:2.2MiB ETA:45m25s]
[#b7eb6c 3.9GiB/9.9GiB(39%) CN:8 DL:2.2MiB ETA:44m52s]
[#b7eb6c 3.9GiB/9.9GiB(39%) CN:8 DL:2.2MiB ETA:45m28s]
[#b7eb6c 3.9GiB/9.9GiB(39%) CN:8 DL:2.2MiB ETA:45m9s]
[#b7eb6c 3.9GiB/9.9GiB(39%) CN:8 DL:2.2MiB ETA:45m]
[#b7eb6c 3.9GiB/9.9GiB(39%) CN:8 DL:2.2MiB ETA:45m20s]
[#b7eb6c 3.9GiB/9.9GiB(39%) CN:8 DL:2.2MiB ETA:45m23s]
[#b7eb6c 3.9GiB/9.9GiB(39%) CN:8 DL:2.3MiB ETA:44m4s]
[#b7eb6c 3.9GiB/9.9GiB(39%) CN:8 DL:2.2MiB ETA:45m15s]
[#b7eb6c 3.9GiB/9.9GiB(39%) CN:8 DL:2.2MiB ETA:45m18s]
[#b7eb6c 3.9GiB/9.9GiB(39%) CN:8 DL:2.2MiB ETA:45m14s]
[#b7eb6c 3.9GiB/9.9GiB(39%) CN:8 DL:2.2MiB ETA:45m13s]
[#b7eb6c 3.9GiB/9.9GiB(39%) CN:8 DL:2.2MiB ETA:45m11s]
[#b7eb6c 3.9GiB/9.9GiB(39%) CN:8 DL:2.2MiB ETA:45m13s]
[#b7eb6c 3.9GiB/9.9GiB(39%) CN:8 DL:2.2MiB ETA:45m10s]
[#b7eb6c 3.9GiB/9.9GiB(39%) CN:8 DL:2.2MiB ETA:44m55s]
[#b7eb6c 3.9GiB/9.9GiB(40%) CN:8 DL:2.2MiB ETA:45m]
[#b7eb6c 3.9GiB/9.9GiB(40%) CN:8 DL:2.2MiB ETA:45m4s]
[#b7eb6c 3.9GiB/9.9GiB(40%) CN:8 DL:2.2MiB ETA:45m56s]
[#b7eb6c 3.9GiB/9.9GiB(40%) CN:8 DL:2.2MiB ETA:44m46s]
[#b7eb6c 3.9GiB/9.9GiB(40%) CN:8 DL:2.2MiB ETA:44m35s]
[#b7eb6c 3.9GiB/9.9GiB(40%) CN:8 DL:2.2MiB ETA:45m]
[#b7eb6c 3.9GiB/9.9GiB(40%) CN:8 DL:2.2MiB ETA:45m1s]
[#b7eb6c 3.9GiB/9.9GiB(40%) CN:8 DL:2.2MiB ETA:45m1s]
[#b7eb6c 3.9GiB/9.9GiB(40%) CN:8 DL:2.2MiB ETA:44m40s]
[#b7eb6c 3.9GiB/9.9GiB(40%) CN:8 DL:2.2MiB ETA:44m57s]
[#b7eb6c 3.9GiB/9.9GiB(40%) CN:8 DL:2.2MiB ETA:44m46s]
[#b7eb6c 3.9GiB/9.9GiB(40%) CN:8 DL:2.2MiB ETA:45m2s]
[#b7eb6c 3.9GiB/9.9GiB(40%) CN:8 DL:2.2MiB ETA:44m57s]
[#b7eb6c 3.9GiB/9.9GiB(40%) CN:8 DL:2.2MiB ETA:44m53s]
[#b7eb6c 3.9GiB/9.9GiB(40%) CN:8 DL:2.2MiB ETA:44m36s]
[#b7eb6c 3.9GiB/9.9GiB(40%) CN:8 DL:2.2MiB ETA:43m54s]
 *** Download Progress Summary as of Sun Sep 13 12:39:15 2026 *** 
===============================================================================
[#b7eb6c 4.0GiB/9.9GiB(40%) CN:8 DL:2.2MiB ETA:44m57s]
FILE: /home/cosmosapjw/.cache/htt-r9/sdss_pv_zenodo_6824749/mocks.tar.gz.partial
-------------------------------------------------------------------------------

[#b7eb6c 4.0GiB/9.9GiB(40%) CN:8 DL:2.2MiB ETA:44m57s]
[#b7eb6c 4.0GiB/9.9GiB(40%) CN:8 DL:2.2MiB ETA:45m4s]
[#b7eb6c 4.0GiB/9.9GiB(40%) CN:8 DL:2.2MiB ETA:44m58s]
[#b7eb6c 4.0GiB/9.9GiB(40%) CN:8 DL:2.2MiB ETA:44m51s]
[#b7eb6c 4.0GiB/9.9GiB(40%) CN:8 DL:2.2MiB ETA:45m3s]
[#b7eb6c 4.0GiB/9.9GiB(40%) CN:8 DL:2.2MiB ETA:45m11s]
[#b7eb6c 4.0GiB/9.9GiB(40%) CN:8 DL:2.2MiB ETA:44m51s]
[#b7eb6c 4.0GiB/9.9GiB(40%) CN:8 DL:2.1MiB ETA:46m19s]
[#b7eb6c 4.0GiB/9.9GiB(40%) CN:8 DL:2.1MiB ETA:46m31s]
[#b7eb6c 4.0GiB/9.9GiB(40%) CN:8 DL:2.1MiB ETA:46m44s]
[#b7eb6c 4.0GiB/9.9GiB(40%) CN:8 DL:2.1MiB ETA:46m34s]
[#b7eb6c 4.0GiB/9.9GiB(40%) CN:8 DL:2.1MiB ETA:46m36s]
[#b7eb6c 4.0GiB/9.9GiB(40%) CN:8 DL:2.1MiB ETA:46m36s]
[#b7eb6c 4.0GiB/9.9GiB(40%) CN:8 DL:2.1MiB ETA:47m]
[#b7eb6c 4.0GiB/9.9GiB(40%) CN:8 DL:2.1MiB ETA:46m23s]
[#b7eb6c 4.0GiB/9.9GiB(40%) CN:8 DL:2.1MiB ETA:46m35s]
[#b7eb6c 4.0GiB/9.9GiB(40%) CN:8 DL:2.1MiB ETA:45m58s]
[#b7eb6c 4.0GiB/9.9GiB(40%) CN:8 DL:2.2MiB ETA:45m5s]
[#b7eb6c 4.0GiB/9.9GiB(40%) CN:8 DL:2.2MiB ETA:44m43s]
[#b7eb6c 4.0GiB/9.9GiB(40%) CN:8 DL:2.2MiB ETA:44m36s]
[#b7eb6c 4.0GiB/9.9GiB(40%) CN:8 DL:2.2MiB ETA:44m34s]
[#b7eb6c 4.0GiB/9.9GiB(40%) CN:8 DL:2.2MiB ETA:44m30s]
[#b7eb6c 4.0GiB/9.9GiB(40%) CN:8 DL:2.2MiB ETA:44m34s]
[#b7eb6c 4.0GiB/9.9GiB(40%) CN:8 DL:2.2MiB ETA:44m33s]
[#b7eb6c 4.0GiB/9.9GiB(40%) CN:8 DL:2.2MiB ETA:44m21s]
[#b7eb6c 4.0GiB/9.9GiB(40%) CN:8 DL:2.2MiB ETA:44m52s]
[#b7eb6c 4.0GiB/9.9GiB(40%) CN:8 DL:2.2MiB ETA:44m37s]
[#b7eb6c 4.0GiB/9.9GiB(40%) CN:8 DL:2.2MiB ETA:44m44s]
[#b7eb6c 4.0GiB/9.9GiB(40%) CN:8 DL:2.2MiB ETA:44m39s]
[#b7eb6c 4.0GiB/9.9GiB(40%) CN:8 DL:2.2MiB ETA:44m56s]
[#b7eb6c 4.0GiB/9.9GiB(41%) CN:8 DL:2.2MiB ETA:44m34s]
[#b7eb6c 4.0GiB/9.9GiB(41%) CN:8 DL:2.2MiB ETA:43m38s]
[#b7eb6c 4.0GiB/9.9GiB(41%) CN:8 DL:2.2MiB ETA:44m39s]
[#b7eb6c 4.0GiB/9.9GiB(41%) CN:8 DL:2.2MiB ETA:44m27s]
[#b7eb6c 4.0GiB/9.9GiB(41%) CN:8 DL:2.2MiB ETA:44m23s]
[#b7eb6c 4.0GiB/9.9GiB(41%) CN:8 DL:2.2MiB ETA:45m6s]
[#b7eb6c 4.0GiB/9.9GiB(41%) CN:8 DL:2.1MiB ETA:45m15s]
[#b7eb6c 4.0GiB/9.9GiB(41%) CN:8 DL:2.1MiB ETA:45m27s]
[#b7eb6c 4.0GiB/9.9GiB(41%) CN:8 DL:2.1MiB ETA:45m15s]
[#b7eb6c 4.0GiB/9.9GiB(41%) CN:8 DL:2.1MiB ETA:45m32s]
[#b7eb6c 4.0GiB/9.9GiB(41%) CN:8 DL:2.1MiB ETA:45m30s]
[#b7eb6c 4.0GiB/9.9GiB(41%) CN:8 DL:2.1MiB ETA:45m25s]
[#b7eb6c 4.0GiB/9.9GiB(41%) CN:8 DL:2.1MiB ETA:45m45s]
[#b7eb6c 4.0GiB/9.9GiB(41%) CN:8 DL:2.1MiB ETA:46m16s]
[#b7eb6c 4.0GiB/9.9GiB(41%) CN:8 DL:2.1MiB ETA:45m41s]
[#b7eb6c 4.0GiB/9.9GiB(41%) CN:8 DL:2.1MiB ETA:46m25s]
[#b7eb6c 4.0GiB/9.9GiB(41%) CN:8 DL:2.1MiB ETA:45m31s]
[#b7eb6c 4.1GiB/9.9GiB(41%) CN:8 DL:2.1MiB ETA:45m19s]
[#b7eb6c 4.1GiB/9.9GiB(41%) CN:8 DL:2.1MiB ETA:45m14s]
[#b7eb6c 4.1GiB/9.9GiB(41%) CN:8 DL:2.1MiB ETA:45m20s]
[#b7eb6c 4.1GiB/9.9GiB(41%) CN:8 DL:2.1MiB ETA:45m16s]
[#b7eb6c 4.1GiB/9.9GiB(41%) CN:8 DL:2.1MiB ETA:45m25s]
[#b7eb6c 4.1GiB/9.9GiB(41%) CN:8 DL:2.1MiB ETA:45m13s]
[#b7eb6c 4.1GiB/9.9GiB(41%) CN:8 DL:2.1MiB ETA:45m18s]
[#b7eb6c 4.1GiB/9.9GiB(41%) CN:8 DL:2.2MiB ETA:44m41s]
[#b7eb6c 4.1GiB/9.9GiB(41%) CN:8 DL:2.2MiB ETA:43m29s]
[#b7eb6c 4.1GiB/9.9GiB(41%) CN:8 DL:2.2MiB ETA:44m21s]
[#b7eb6c 4.1GiB/9.9GiB(41%) CN:8 DL:2.1MiB ETA:45m28s]
[#b7eb6c 4.1GiB/9.9GiB(41%) CN:8 DL:2.1MiB ETA:45m49s]
[#b7eb6c 4.1GiB/9.9GiB(41%) CN:8 DL:2.1MiB ETA:46m6s]
[#b7eb6c 4.1GiB/9.9GiB(41%) CN:8 DL:2.1MiB ETA:46m4s]
 *** Download Progress Summary as of Sun Sep 13 12:40:15 2026 *** 
===============================================================================
[#b7eb6c 4.1GiB/9.9GiB(41%) CN:8 DL:2.1MiB ETA:45m55s]
FILE: /home/cosmosapjw/.cache/htt-r9/sdss_pv_zenodo_6824749/mocks.tar.gz.partial
-------------------------------------------------------------------------------

[#b7eb6c 4.1GiB/9.9GiB(41%) CN:8 DL:2.1MiB ETA:45m55s]
[#b7eb6c 4.1GiB/9.9GiB(41%) CN:8 DL:2.1MiB ETA:45m48s]
[#b7eb6c 4.1GiB/9.9GiB(41%) CN:8 DL:2.1MiB ETA:46m31s]
[#b7eb6c 4.1GiB/9.9GiB(41%) CN:8 DL:2.1MiB ETA:45m49s]
[#b7eb6c 4.1GiB/9.9GiB(41%) CN:8 DL:2.1MiB ETA:45m45s]
[#b7eb6c 4.1GiB/9.9GiB(41%) CN:8 DL:2.1MiB ETA:45m46s]
[#b7eb6c 4.1GiB/9.9GiB(41%) CN:8 DL:2.2MiB ETA:43m48s]
[#b7eb6c 4.1GiB/9.9GiB(41%) CN:8 DL:2.2MiB ETA:44m15s]
[#b7eb6c 4.1GiB/9.9GiB(41%) CN:8 DL:2.1MiB ETA:45m17s]
[#b7eb6c 4.1GiB/9.9GiB(41%) CN:8 DL:2.1MiB ETA:45m10s]
[#b7eb6c 4.1GiB/9.9GiB(41%) CN:8 DL:2.1MiB ETA:45m9s]
[#b7eb6c 4.1GiB/9.9GiB(41%) CN:8 DL:2.1MiB ETA:45m39s]
[#b7eb6c 4.1GiB/9.9GiB(41%) CN:8 DL:2.1MiB ETA:45m24s]
[#b7eb6c 4.1GiB/9.9GiB(41%) CN:8 DL:2.1MiB ETA:45m32s]
[#b7eb6c 4.1GiB/9.9GiB(41%) CN:8 DL:2.1MiB ETA:45m43s]
[#b7eb6c 4.1GiB/9.9GiB(41%) CN:8 DL:2.1MiB ETA:45m26s]
[#b7eb6c 4.1GiB/9.9GiB(42%) CN:8 DL:2.1MiB ETA:45m57s]
[#b7eb6c 4.1GiB/9.9GiB(42%) CN:8 DL:2.1MiB ETA:45m34s]
[#b7eb6c 4.1GiB/9.9GiB(42%) CN:8 DL:2.1MiB ETA:45m3s]
[#b7eb6c 4.1GiB/9.9GiB(42%) CN:8 DL:2.1MiB ETA:44m48s]
[#b7eb6c 4.1GiB/9.9GiB(42%) CN:8 DL:2.2MiB ETA:44m6s]
[#b7eb6c 4.1GiB/9.9GiB(42%) CN:8 DL:2.2MiB ETA:43m43s]
[#b7eb6c 4.1GiB/9.9GiB(42%) CN:8 DL:2.2MiB ETA:43m33s]
[#b7eb6c 4.1GiB/9.9GiB(42%) CN:8 DL:2.2MiB ETA:43m39s]
[#b7eb6c 4.1GiB/9.9GiB(42%) CN:8 DL:2.2MiB ETA:43m51s]
[#b7eb6c 4.1GiB/9.9GiB(42%) CN:8 DL:2.2MiB ETA:43m19s]
[#b7eb6c 4.1GiB/9.9GiB(42%) CN:8 DL:2.2MiB ETA:43m40s]
[#b7eb6c 4.1GiB/9.9GiB(42%) CN:8 DL:2.3MiB ETA:42m12s]
[#b7eb6c 4.1GiB/9.9GiB(42%) CN:8 DL:2.2MiB ETA:43m23s]
[#b7eb6c 4.1GiB/9.9GiB(42%) CN:8 DL:2.2MiB ETA:43m19s]
[#b7eb6c 4.1GiB/9.9GiB(42%) CN:8 DL:2.1MiB ETA:45m18s]
[#b7eb6c 4.1GiB/9.9GiB(42%) CN:8 DL:2.0MiB ETA:46m45s]
[#b7eb6c 4.1GiB/9.9GiB(42%) CN:8 DL:1.9MiB ETA:49m15s]
[#b7eb6c 4.1GiB/9.9GiB(42%) CN:8 DL:1.8MiB ETA:51m37s]
[#b7eb6c 4.2GiB/9.9GiB(42%) CN:8 DL:1.8MiB ETA:53m7s]
[#b7eb6c 4.2GiB/9.9GiB(42%) CN:8 DL:1.7MiB ETA:56m31s]
[#b7eb6c 4.2GiB/9.9GiB(42%) CN:8 DL:1.6MiB ETA:58m35s]
[#b7eb6c 4.2GiB/9.9GiB(42%) CN:8 DL:1.6MiB ETA:59m27s]
[#b7eb6c 4.2GiB/9.9GiB(42%) CN:8 DL:1.5MiB ETA:1h1m1s]
[#b7eb6c 4.2GiB/9.9GiB(42%) CN:8 DL:1.6MiB ETA:1h19s]
[#b7eb6c 4.2GiB/9.9GiB(42%) CN:8 DL:1.6MiB ETA:59m33s]
[#b7eb6c 4.2GiB/9.9GiB(42%) CN:8 DL:1.8MiB ETA:53m22s]
[#b7eb6c 4.2GiB/9.9GiB(42%) CN:8 DL:1.8MiB ETA:51m47s]
[#b7eb6c 4.2GiB/9.9GiB(42%) CN:8 DL:1.9MiB ETA:48m58s]
[#b7eb6c 4.2GiB/9.9GiB(42%) CN:8 DL:2.1MiB ETA:46m8s]
[#b7eb6c 4.2GiB/9.9GiB(42%) CN:8 DL:2.1MiB ETA:44m52s]
[#b7eb6c 4.2GiB/9.9GiB(42%) CN:8 DL:2.2MiB ETA:43m37s]
[#b7eb6c 4.2GiB/9.9GiB(42%) CN:8 DL:2.2MiB ETA:43m17s]
[#b7eb6c 4.2GiB/9.9GiB(42%) CN:8 DL:2.2MiB ETA:43m13s]
[#b7eb6c 4.2GiB/9.9GiB(42%) CN:8 DL:2.2MiB ETA:42m42s]
[#b7eb6c 4.2GiB/9.9GiB(42%) CN:8 DL:2.2MiB ETA:43m3s]
[#b7eb6c 4.2GiB/9.9GiB(42%) CN:8 DL:2.2MiB ETA:42m41s]
[#b7eb6c 4.2GiB/9.9GiB(42%) CN:8 DL:2.1MiB ETA:44m5s]
[#b7eb6c 4.2GiB/9.9GiB(42%) CN:8 DL:2.2MiB ETA:42m32s]
[#b7eb6c 4.2GiB/9.9GiB(42%) CN:8 DL:2.2MiB ETA:43m12s]
[#b7eb6c 4.2GiB/9.9GiB(42%) CN:8 DL:2.2MiB ETA:43m4s]
[#b7eb6c 4.2GiB/9.9GiB(42%) CN:8 DL:2.2MiB ETA:43m]
[#b7eb6c 4.2GiB/9.9GiB(42%) CN:8 DL:2.2MiB ETA:43m35s]
[#b7eb6c 4.2GiB/9.9GiB(42%) CN:8 DL:2.2MiB ETA:43m12s]
[#b7eb6c 4.2GiB/9.9GiB(42%) CN:8 DL:2.2MiB ETA:42m58s]
[#b7eb6c 4.2GiB/9.9GiB(42%) CN:8 DL:2.1MiB ETA:44m15s]
 *** Download Progress Summary as of Sun Sep 13 12:41:16 2026 *** 
===============================================================================
[#b7eb6c 4.2GiB/9.9GiB(42%) CN:8 DL:2.2MiB ETA:42m41s]
FILE: /home/cosmosapjw/.cache/htt-r9/sdss_pv_zenodo_6824749/mocks.tar.gz.partial
-------------------------------------------------------------------------------

[#b7eb6c 4.2GiB/9.9GiB(42%) CN:8 DL:2.2MiB ETA:42m41s]
[#b7eb6c 4.2GiB/9.9GiB(42%) CN:8 DL:2.2MiB ETA:43m8s]
[#b7eb6c 4.2GiB/9.9GiB(42%) CN:8 DL:2.2MiB ETA:43m6s]
[#b7eb6c 4.2GiB/9.9GiB(43%) CN:8 DL:2.2MiB ETA:43m14s]
[#b7eb6c 4.2GiB/9.9GiB(43%) CN:8 DL:2.2MiB ETA:42m52s]
[#b7eb6c 4.2GiB/9.9GiB(43%) CN:8 DL:2.2MiB ETA:42m32s]
[#b7eb6c 4.2GiB/9.9GiB(43%) CN:8 DL:2.2MiB ETA:43m8s]
[#b7eb6c 4.2GiB/9.9GiB(43%) CN:8 DL:2.1MiB ETA:43m50s]
[#b7eb6c 4.2GiB/9.9GiB(43%) CN:8 DL:2.2MiB ETA:43m18s]
[#b7eb6c 4.2GiB/9.9GiB(43%) CN:8 DL:2.1MiB ETA:44m3s]
[#b7eb6c 4.2GiB/9.9GiB(43%) CN:8 DL:2.1MiB ETA:44m4s]
[#b7eb6c 4.2GiB/9.9GiB(43%) CN:8 DL:2.1MiB ETA:43m57s]
[#b7eb6c 4.2GiB/9.9GiB(43%) CN:8 DL:2.1MiB ETA:43m54s]
[#b7eb6c 4.2GiB/9.9GiB(43%) CN:8 DL:2.1MiB ETA:43m56s]
[#b7eb6c 4.2GiB/9.9GiB(43%) CN:8 DL:2.2MiB ETA:43m5s]
[#b7eb6c 4.2GiB/9.9GiB(43%) CN:8 DL:2.1MiB ETA:43m44s]
[#b7eb6c 4.2GiB/9.9GiB(43%) CN:8 DL:2.2MiB ETA:42m46s]
[#b7eb6c 4.2GiB/9.9GiB(43%) CN:8 DL:2.2MiB ETA:42m22s]
[#b7eb6c 4.2GiB/9.9GiB(43%) CN:8 DL:2.2MiB ETA:42m45s]
[#b7eb6c 4.2GiB/9.9GiB(43%) CN:8 DL:2.2MiB ETA:42m34s]
[#b7eb6c 4.2GiB/9.9GiB(43%) CN:8 DL:2.2MiB ETA:42m37s]
[#b7eb6c 4.3GiB/9.9GiB(43%) CN:8 DL:2.2MiB ETA:42m34s]
[#b7eb6c 4.3GiB/9.9GiB(43%) CN:8 DL:2.2MiB ETA:42m30s]
[#b7eb6c 4.3GiB/9.9GiB(43%) CN:8 DL:2.2MiB ETA:42m30s]
[#b7eb6c 4.3GiB/9.9GiB(43%) CN:8 DL:2.2MiB ETA:42m35s]
[#b7eb6c 4.3GiB/9.9GiB(43%) CN:8 DL:2.2MiB ETA:42m58s]
[#b7eb6c 4.3GiB/9.9GiB(43%) CN:8 DL:2.2MiB ETA:42m28s]
[#b7eb6c 4.3GiB/9.9GiB(43%) CN:8 DL:2.2MiB ETA:42m25s]
[#b7eb6c 4.3GiB/9.9GiB(43%) CN:8 DL:2.2MiB ETA:42m28s]
[#b7eb6c 4.3GiB/9.9GiB(43%) CN:8 DL:2.2MiB ETA:42m22s]
[#b7eb6c 4.3GiB/9.9GiB(43%) CN:8 DL:2.2MiB ETA:43m9s]
[#b7eb6c 4.3GiB/9.9GiB(43%) CN:8 DL:2.2MiB ETA:42m25s]
[#b7eb6c 4.3GiB/9.9GiB(43%) CN:8 DL:2.2MiB ETA:42m25s]
[#b7eb6c 4.3GiB/9.9GiB(43%) CN:8 DL:2.2MiB ETA:42m29s]
[#b7eb6c 4.3GiB/9.9GiB(43%) CN:8 DL:2.2MiB ETA:42m30s]
[#b7eb6c 4.3GiB/9.9GiB(43%) CN:8 DL:2.2MiB ETA:42m19s]
[#b7eb6c 4.3GiB/9.9GiB(43%) CN:8 DL:2.2MiB ETA:42m23s]
[#b7eb6c 4.3GiB/9.9GiB(43%) CN:8 DL:2.2MiB ETA:43m12s]
[#b7eb6c 4.3GiB/9.9GiB(43%) CN:8 DL:2.2MiB ETA:42m12s]
[#b7eb6c 4.3GiB/9.9GiB(43%) CN:8 DL:2.2MiB ETA:42m35s]
[#b7eb6c 4.3GiB/9.9GiB(43%) CN:8 DL:2.2MiB ETA:41m49s]
[#b7eb6c 4.3GiB/9.9GiB(43%) CN:8 DL:2.2MiB ETA:42m34s]
[#b7eb6c 4.3GiB/9.9GiB(43%) CN:8 DL:2.2MiB ETA:42m33s]
[#b7eb6c 4.3GiB/9.9GiB(43%) CN:8 DL:2.2MiB ETA:42m24s]
[#b7eb6c 4.3GiB/9.9GiB(43%) CN:8 DL:2.2MiB ETA:42m29s]
[#b7eb6c 4.3GiB/9.9GiB(43%) CN:8 DL:2.2MiB ETA:42m28s]
[#b7eb6c 4.3GiB/9.9GiB(43%) CN:8 DL:2.2MiB ETA:42m24s]
[#b7eb6c 4.3GiB/9.9GiB(43%) CN:8 DL:2.2MiB ETA:42m36s]
[#b7eb6c 4.3GiB/9.9GiB(43%) CN:8 DL:2.2MiB ETA:42m18s]
[#b7eb6c 4.3GiB/9.9GiB(44%) CN:8 DL:2.2MiB ETA:42m27s]
[#b7eb6c 4.3GiB/9.9GiB(44%) CN:8 DL:2.2MiB ETA:41m36s]
[#b7eb6c 4.3GiB/9.9GiB(44%) CN:8 DL:2.2MiB ETA:42m8s]
[#b7eb6c 4.3GiB/9.9GiB(44%) CN:8 DL:2.2MiB ETA:42m7s]
[#b7eb6c 4.3GiB/9.9GiB(44%) CN:8 DL:2.2MiB ETA:42m5s]
[#b7eb6c 4.3GiB/9.9GiB(44%) CN:8 DL:2.1MiB ETA:43m3s]
[#b7eb6c 4.3GiB/9.9GiB(44%) CN:8 DL:2.1MiB ETA:43m38s]
[#b7eb6c 4.3GiB/9.9GiB(44%) CN:8 DL:2.1MiB ETA:44m16s]
[#b7eb6c 4.3GiB/9.9GiB(44%) CN:8 DL:2.1MiB ETA:44m23s]
[#b7eb6c 4.3GiB/9.9GiB(44%) CN:8 DL:2.1MiB ETA:44m21s]
[#b7eb6c 4.3GiB/9.9GiB(44%) CN:8 DL:2.0MiB ETA:45m14s]
[#b7eb6c 4.3GiB/9.9GiB(44%) CN:8 DL:2.0MiB ETA:45m14s]
 *** Download Progress Summary as of Sun Sep 13 12:42:17 2026 *** 
===============================================================================
[#b7eb6c 4.3GiB/9.9GiB(44%) CN:8 DL:2.0MiB ETA:45m12s]
FILE: /home/cosmosapjw/.cache/htt-r9/sdss_pv_zenodo_6824749/mocks.tar.gz.partial
-------------------------------------------------------------------------------

[#b7eb6c 4.3GiB/9.9GiB(44%) CN:8 DL:2.0MiB ETA:45m12s]
[#b7eb6c 4.3GiB/9.9GiB(44%) CN:8 DL:2.1MiB ETA:44m44s]
[#b7eb6c 4.3GiB/9.9GiB(44%) CN:8 DL:2.0MiB ETA:44m54s]
[#b7eb6c 4.3GiB/9.9GiB(44%) CN:8 DL:2.1MiB ETA:43m36s]
[#b7eb6c 4.3GiB/9.9GiB(44%) CN:8 DL:2.1MiB ETA:43m1s]
[#b7eb6c 4.3GiB/9.9GiB(44%) CN:8 DL:2.2MiB ETA:42m36s]
[#b7eb6c 4.4GiB/9.9GiB(44%) CN:8 DL:2.1MiB ETA:43m2s]
[#b7eb6c 4.4GiB/9.9GiB(44%) CN:8 DL:2.2MiB ETA:42m31s]
[#b7eb6c 4.4GiB/9.9GiB(44%) CN:8 DL:2.2MiB ETA:42m40s]
[#b7eb6c 4.4GiB/9.9GiB(44%) CN:8 DL:2.2MiB ETA:41m33s]
[#b7eb6c 4.4GiB/9.9GiB(44%) CN:8 DL:2.2MiB ETA:42m8s]
[#b7eb6c 4.4GiB/9.9GiB(44%) CN:8 DL:2.2MiB ETA:42m10s]
[#b7eb6c 4.4GiB/9.9GiB(44%) CN:8 DL:2.2MiB ETA:42m8s]
[#b7eb6c 4.4GiB/9.9GiB(44%) CN:8 DL:2.2MiB ETA:42m6s]
[#b7eb6c 4.4GiB/9.9GiB(44%) CN:8 DL:2.2MiB ETA:42m3s]
[#b7eb6c 4.4GiB/9.9GiB(44%) CN:8 DL:2.2MiB ETA:41m51s]
[#b7eb6c 4.4GiB/9.9GiB(44%) CN:8 DL:2.2MiB ETA:42m18s]
[#b7eb6c 4.4GiB/9.9GiB(44%) CN:8 DL:2.2MiB ETA:42m22s]
[#b7eb6c 4.4GiB/9.9GiB(44%) CN:8 DL:2.2MiB ETA:41m46s]
[#b7eb6c 4.4GiB/9.9GiB(44%) CN:8 DL:2.2MiB ETA:41m43s]
[#b7eb6c 4.4GiB/9.9GiB(44%) CN:8 DL:2.2MiB ETA:41m57s]
[#b7eb6c 4.4GiB/9.9GiB(44%) CN:8 DL:2.2MiB ETA:41m43s]
[#b7eb6c 4.4GiB/9.9GiB(44%) CN:8 DL:2.2MiB ETA:41m38s]
[#b7eb6c 4.4GiB/9.9GiB(44%) CN:8 DL:2.2MiB ETA:41m29s]
[#b7eb6c 4.4GiB/9.9GiB(44%) CN:8 DL:2.2MiB ETA:41m41s]
[#b7eb6c 4.4GiB/9.9GiB(44%) CN:8 DL:2.2MiB ETA:41m46s]
[#b7eb6c 4.4GiB/9.9GiB(44%) CN:8 DL:2.2MiB ETA:41m43s]
[#b7eb6c 4.4GiB/9.9GiB(44%) CN:8 DL:2.2MiB ETA:41m40s]
[#b7eb6c 4.4GiB/9.9GiB(44%) CN:8 DL:2.2MiB ETA:41m42s]
[#b7eb6c 4.4GiB/9.9GiB(44%) CN:8 DL:2.1MiB ETA:42m23s]
[#b7eb6c 4.4GiB/9.9GiB(44%) CN:8 DL:2.2MiB ETA:41m35s]
[#b7eb6c 4.4GiB/9.9GiB(44%) CN:8 DL:2.2MiB ETA:41m34s]
[#b7eb6c 4.4GiB/9.9GiB(44%) CN:8 DL:2.2MiB ETA:41m41s]
[#b7eb6c 4.4GiB/9.9GiB(44%) CN:8 DL:2.2MiB ETA:41m24s]
[#b7eb6c 4.4GiB/9.9GiB(45%) CN:8 DL:2.2MiB ETA:41m30s]
[#b7eb6c 4.4GiB/9.9GiB(45%) CN:8 DL:2.2MiB ETA:41m26s]
[#b7eb6c 4.4GiB/9.9GiB(45%) CN:8 DL:2.2MiB ETA:41m23s]
[#b7eb6c 4.4GiB/9.9GiB(45%) CN:8 DL:2.2MiB ETA:41m24s]
[#b7eb6c 4.4GiB/9.9GiB(45%) CN:8 DL:2.2MiB ETA:41m17s]
[#b7eb6c 4.4GiB/9.9GiB(45%) CN:8 DL:2.2MiB ETA:42m4s]
[#b7eb6c 4.4GiB/9.9GiB(45%) CN:8 DL:2.2MiB ETA:41m32s]
[#b7eb6c 4.4GiB/9.9GiB(45%) CN:8 DL:2.2MiB ETA:41m32s]
[#b7eb6c 4.4GiB/9.9GiB(45%) CN:8 DL:2.1MiB ETA:42m26s]
[#b7eb6c 4.4GiB/9.9GiB(45%) CN:8 DL:2.2MiB ETA:41m37s]
[#b7eb6c 4.4GiB/9.9GiB(45%) CN:8 DL:2.2MiB ETA:41m21s]
[#b7eb6c 4.4GiB/9.9GiB(45%) CN:8 DL:2.2MiB ETA:41m38s]
[#b7eb6c 4.4GiB/9.9GiB(45%) CN:8 DL:2.2MiB ETA:41m19s]
[#b7eb6c 4.4GiB/9.9GiB(45%) CN:8 DL:2.2MiB ETA:41m36s]
[#b7eb6c 4.4GiB/9.9GiB(45%) CN:8 DL:2.2MiB ETA:41m31s]
[#b7eb6c 4.4GiB/9.9GiB(45%) CN:8 DL:2.2MiB ETA:41m24s]
[#b7eb6c 4.4GiB/9.9GiB(45%) CN:8 DL:2.2MiB ETA:41m17s]
[#b7eb6c 4.4GiB/9.9GiB(45%) CN:8 DL:2.2MiB ETA:40m49s]
[#b7eb6c 4.5GiB/9.9GiB(45%) CN:8 DL:2.2MiB ETA:41m21s]
[#b7eb6c 4.5GiB/9.9GiB(45%) CN:8 DL:2.2MiB ETA:41m19s]
[#b7eb6c 4.5GiB/9.9GiB(45%) CN:8 DL:2.2MiB ETA:41m17s]
[#b7eb6c 4.5GiB/9.9GiB(45%) CN:8 DL:2.2MiB ETA:41m14s]
[#b7eb6c 4.5GiB/9.9GiB(45%) CN:8 DL:2.2MiB ETA:41m6s]
[#b7eb6c 4.5GiB/9.9GiB(45%) CN:8 DL:2.2MiB ETA:41m10s]
[#b7eb6c 4.5GiB/9.9GiB(45%) CN:8 DL:2.2MiB ETA:41m32s]
[#b7eb6c 4.5GiB/9.9GiB(45%) CN:8 DL:2.2MiB ETA:41m14s]
[#b7eb6c 4.5GiB/9.9GiB(45%) CN:8 DL:2.1MiB ETA:42m8s]
 *** Download Progress Summary as of Sun Sep 13 12:43:17 2026 *** 
===============================================================================
[#b7eb6c 4.5GiB/9.9GiB(45%) CN:8 DL:2.2MiB ETA:41m11s]
FILE: /home/cosmosapjw/.cache/htt-r9/sdss_pv_zenodo_6824749/mocks.tar.gz.partial
-------------------------------------------------------------------------------

[#b7eb6c 4.5GiB/9.9GiB(45%) CN:8 DL:2.2MiB ETA:41m11s]
[#b7eb6c 4.5GiB/9.9GiB(45%) CN:8 DL:2.2MiB ETA:41m8s]
[#b7eb6c 4.5GiB/9.9GiB(45%) CN:8 DL:2.2MiB ETA:41m15s]
[#b7eb6c 4.5GiB/9.9GiB(45%) CN:8 DL:2.2MiB ETA:41m8s]
[#b7eb6c 4.5GiB/9.9GiB(45%) CN:8 DL:2.2MiB ETA:41m13s]
[#b7eb6c 4.5GiB/9.9GiB(45%) CN:8 DL:2.2MiB ETA:41m19s]
[#b7eb6c 4.5GiB/9.9GiB(45%) CN:8 DL:2.2MiB ETA:41m20s]
[#b7eb6c 4.5GiB/9.9GiB(45%) CN:8 DL:2.2MiB ETA:41m20s]
[#b7eb6c 4.5GiB/9.9GiB(45%) CN:8 DL:2.2MiB ETA:41m23s]
[#b7eb6c 4.5GiB/9.9GiB(45%) CN:8 DL:2.2MiB ETA:40m34s]
[#b7eb6c 4.5GiB/9.9GiB(45%) CN:8 DL:2.2MiB ETA:41m18s]
[#b7eb6c 4.5GiB/9.9GiB(45%) CN:8 DL:2.2MiB ETA:41m13s]
[#b7eb6c 4.5GiB/9.9GiB(45%) CN:8 DL:2.2MiB ETA:41m2s]
[#b7eb6c 4.5GiB/9.9GiB(45%) CN:8 DL:2.2MiB ETA:41m5s]
[#b7eb6c 4.5GiB/9.9GiB(45%) CN:8 DL:2.2MiB ETA:41m]
[#b7eb6c 4.5GiB/9.9GiB(45%) CN:8 DL:2.2MiB ETA:41m7s]
[#b7eb6c 4.5GiB/9.9GiB(45%) CN:8 DL:2.1MiB ETA:41m53s]
[#b7eb6c 4.5GiB/9.9GiB(45%) CN:8 DL:2.2MiB ETA:40m39s]
[#b7eb6c 4.5GiB/9.9GiB(45%) CN:8 DL:2.2MiB ETA:40m42s]
[#b7eb6c 4.5GiB/9.9GiB(46%) CN:8 DL:2.2MiB ETA:40m45s]
[#b7eb6c 4.5GiB/9.9GiB(46%) CN:8 DL:2.2MiB ETA:40m35s]
[#b7eb6c 4.5GiB/9.9GiB(46%) CN:8 DL:2.2MiB ETA:40m35s]
[#b7eb6c 4.5GiB/9.9GiB(46%) CN:8 DL:2.2MiB ETA:40m45s]
[#b7eb6c 4.5GiB/9.9GiB(46%) CN:8 DL:2.2MiB ETA:40m9s]
[#b7eb6c 4.5GiB/9.9GiB(46%) CN:8 DL:2.2MiB ETA:40m41s]
[#b7eb6c 4.5GiB/9.9GiB(46%) CN:8 DL:2.2MiB ETA:40m40s]
[#b7eb6c 4.5GiB/9.9GiB(46%) CN:8 DL:2.2MiB ETA:40m38s]
[#b7eb6c 4.5GiB/9.9GiB(46%) CN:8 DL:2.2MiB ETA:40m45s]
[#b7eb6c 4.5GiB/9.9GiB(46%) CN:8 DL:2.2MiB ETA:40m43s]
[#b7eb6c 4.5GiB/9.9GiB(46%) CN:8 DL:2.2MiB ETA:41m9s]
[#b7eb6c 4.5GiB/9.9GiB(46%) CN:8 DL:2.2MiB ETA:40m40s]
[#b7eb6c 4.5GiB/9.9GiB(46%) CN:8 DL:2.2MiB ETA:40m45s]
[#b7eb6c 4.5GiB/9.9GiB(46%) CN:8 DL:2.2MiB ETA:41m5s]
[#b7eb6c 4.5GiB/9.9GiB(46%) CN:8 DL:2.2MiB ETA:40m14s]
[#b7eb6c 4.5GiB/9.9GiB(46%) CN:8 DL:2.2MiB ETA:41m7s]
[#b7eb6c 4.5GiB/9.9GiB(46%) CN:8 DL:2.2MiB ETA:40m5s]
[#b7eb6c 4.5GiB/9.9GiB(46%) CN:8 DL:2.2MiB ETA:40m43s]
[#b7eb6c 4.5GiB/9.9GiB(46%) CN:8 DL:2.2MiB ETA:40m20s]
[#b7eb6c 4.6GiB/9.9GiB(46%) CN:8 DL:2.2MiB ETA:40m47s]
[#b7eb6c 4.6GiB/9.9GiB(46%) CN:8 DL:2.1MiB ETA:41m23s]
[#b7eb6c 4.6GiB/9.9GiB(46%) CN:8 DL:2.2MiB ETA:40m44s]
[#b7eb6c 4.6GiB/9.9GiB(46%) CN:8 DL:2.2MiB ETA:40m52s]
[#b7eb6c 4.6GiB/9.9GiB(46%) CN:8 DL:2.2MiB ETA:40m41s]
[#b7eb6c 4.6GiB/9.9GiB(46%) CN:8 DL:2.2MiB ETA:40m41s]
[#b7eb6c 4.6GiB/9.9GiB(46%) CN:8 DL:2.2MiB ETA:40m49s]
[#b7eb6c 4.6GiB/9.9GiB(46%) CN:8 DL:2.2MiB ETA:40m47s]
[#b7eb6c 4.6GiB/9.9GiB(46%) CN:8 DL:2.2MiB ETA:40m47s]
[#b7eb6c 4.6GiB/9.9GiB(46%) CN:8 DL:2.2MiB ETA:40m45s]
[#b7eb6c 4.6GiB/9.9GiB(46%) CN:8 DL:2.2MiB ETA:40m43s]
[#b7eb6c 4.6GiB/9.9GiB(46%) CN:8 DL:2.1MiB ETA:41m8s]
[#b7eb6c 4.6GiB/9.9GiB(46%) CN:8 DL:2.2MiB ETA:40m42s]
[#b7eb6c 4.6GiB/9.9GiB(46%) CN:8 DL:2.2MiB ETA:40m11s]
[#b7eb6c 4.6GiB/9.9GiB(46%) CN:8 DL:2.2MiB ETA:40m47s]
[#b7eb6c 4.6GiB/9.9GiB(46%) CN:8 DL:2.2MiB ETA:40m47s]
[#b7eb6c 4.6GiB/9.9GiB(46%) CN:8 DL:2.2MiB ETA:40m31s]
[#b7eb6c 4.6GiB/9.9GiB(46%) CN:8 DL:2.2MiB ETA:40m29s]
[#b7eb6c 4.6GiB/9.9GiB(46%) CN:8 DL:2.1MiB ETA:40m53s]
[#b7eb6c 4.6GiB/9.9GiB(46%) CN:8 DL:2.1MiB ETA:40m55s]
[#b7eb6c 4.6GiB/9.9GiB(46%) CN:8 DL:2.1MiB ETA:40m56s]
[#b7eb6c 4.6GiB/9.9GiB(46%) CN:8 DL:2.1MiB ETA:41m5s]
[#b7eb6c 4.6GiB/9.9GiB(46%) CN:8 DL:2.2MiB ETA:40m41s]
 *** Download Progress Summary as of Sun Sep 13 12:44:18 2026 *** 
===============================================================================
[#b7eb6c 4.6GiB/9.9GiB(46%) CN:8 DL:2.1MiB ETA:40m58s]
FILE: /home/cosmosapjw/.cache/htt-r9/sdss_pv_zenodo_6824749/mocks.tar.gz.partial
-------------------------------------------------------------------------------

[#b7eb6c 4.6GiB/9.9GiB(46%) CN:8 DL:2.1MiB ETA:40m58s]
[#b7eb6c 4.6GiB/9.9GiB(46%) CN:8 DL:2.1MiB ETA:41m13s]
[#b7eb6c 4.6GiB/9.9GiB(46%) CN:8 DL:2.1MiB ETA:41m26s]
[#b7eb6c 4.6GiB/9.9GiB(46%) CN:8 DL:2.1MiB ETA:41m22s]
[#b7eb6c 4.6GiB/9.9GiB(47%) CN:8 DL:2.1MiB ETA:41m53s]
[#b7eb6c 4.6GiB/9.9GiB(47%) CN:8 DL:2.1MiB ETA:40m52s]
[#b7eb6c 4.6GiB/9.9GiB(47%) CN:8 DL:2.1MiB ETA:41m30s]
[#b7eb6c 4.6GiB/9.9GiB(47%) CN:8 DL:2.1MiB ETA:40m53s]
[#b7eb6c 4.6GiB/9.9GiB(47%) CN:8 DL:2.1MiB ETA:40m45s]
[#b7eb6c 4.6GiB/9.9GiB(47%) CN:8 DL:2.2MiB ETA:40m39s]
[#b7eb6c 4.6GiB/9.9GiB(47%) CN:8 DL:2.1MiB ETA:41m23s]
[#b7eb6c 4.6GiB/9.9GiB(47%) CN:8 DL:2.2MiB ETA:39m35s]
[#b7eb6c 4.6GiB/9.9GiB(47%) CN:8 DL:2.2MiB ETA:40m12s]
[#b7eb6c 4.6GiB/9.9GiB(47%) CN:8 DL:2.2MiB ETA:39m48s]
[#b7eb6c 4.6GiB/9.9GiB(47%) CN:8 DL:2.2MiB ETA:39m43s]
[#b7eb6c 4.6GiB/9.9GiB(47%) CN:8 DL:2.2MiB ETA:40m1s]
[#b7eb6c 4.6GiB/9.9GiB(47%) CN:8 DL:2.2MiB ETA:39m44s]
[#b7eb6c 4.6GiB/9.9GiB(47%) CN:8 DL:2.2MiB ETA:39m41s]
[#b7eb6c 4.6GiB/9.9GiB(47%) CN:8 DL:2.2MiB ETA:39m11s]
[#b7eb6c 4.6GiB/9.9GiB(47%) CN:8 DL:2.2MiB ETA:40m24s]
[#b7eb6c 4.6GiB/9.9GiB(47%) CN:8 DL:2.2MiB ETA:39m41s]
[#b7eb6c 4.6GiB/9.9GiB(47%) CN:8 DL:2.2MiB ETA:39m54s]
[#b7eb6c 4.6GiB/9.9GiB(47%) CN:8 DL:2.2MiB ETA:39m35s]
[#b7eb6c 4.7GiB/9.9GiB(47%) CN:8 DL:2.2MiB ETA:39m34s]
[#b7eb6c 4.7GiB/9.9GiB(47%) CN:8 DL:2.2MiB ETA:39m44s]
[#b7eb6c 4.7GiB/9.9GiB(47%) CN:8 DL:2.1MiB ETA:40m40s]
[#b7eb6c 4.7GiB/9.9GiB(47%) CN:8 DL:2.1MiB ETA:40m56s]
[#b7eb6c 4.7GiB/9.9GiB(47%) CN:8 DL:2.1MiB ETA:40m58s]
[#b7eb6c 4.7GiB/9.9GiB(47%) CN:8 DL:2.1MiB ETA:40m47s]
[#b7eb6c 4.7GiB/9.9GiB(47%) CN:8 DL:2.2MiB ETA:39m41s]
[#b7eb6c 4.7GiB/9.9GiB(47%) CN:8 DL:2.1MiB ETA:40m46s]
[#b7eb6c 4.7GiB/9.9GiB(47%) CN:8 DL:2.2MiB ETA:40m7s]
[#b7eb6c 4.7GiB/9.9GiB(47%) CN:8 DL:2.1MiB ETA:41m10s]
[#b7eb6c 4.7GiB/9.9GiB(47%) CN:8 DL:2.1MiB ETA:40m51s]
[#b7eb6c 4.7GiB/9.9GiB(47%) CN:8 DL:2.1MiB ETA:40m22s]
[#b7eb6c 4.7GiB/9.9GiB(47%) CN:8 DL:2.2MiB ETA:39m58s]
[#b7eb6c 4.7GiB/9.9GiB(47%) CN:8 DL:2.2MiB ETA:39m40s]
[#b7eb6c 4.7GiB/9.9GiB(47%) CN:8 DL:2.2MiB ETA:39m53s]
[#b7eb6c 4.7GiB/9.9GiB(47%) CN:8 DL:2.2MiB ETA:39m28s]
[#b7eb6c 4.7GiB/9.9GiB(47%) CN:8 DL:2.2MiB ETA:39m35s]
[#b7eb6c 4.7GiB/9.9GiB(47%) CN:8 DL:2.2MiB ETA:39m30s]
[#b7eb6c 4.7GiB/9.9GiB(47%) CN:8 DL:2.2MiB ETA:39m33s]
[#b7eb6c 4.7GiB/9.9GiB(47%) CN:8 DL:2.2MiB ETA:39m3s]
[#b7eb6c 4.7GiB/9.9GiB(47%) CN:8 DL:2.2MiB ETA:39m44s]
[#b7eb6c 4.7GiB/9.9GiB(47%) CN:8 DL:2.2MiB ETA:39m27s]
[#b7eb6c 4.7GiB/9.9GiB(47%) CN:8 DL:2.2MiB ETA:39m34s]
[#b7eb6c 4.7GiB/9.9GiB(47%) CN:8 DL:2.2MiB ETA:39m17s]
[#b7eb6c 4.7GiB/9.9GiB(47%) CN:8 DL:2.2MiB ETA:39m2s]
[#b7eb6c 4.7GiB/9.9GiB(47%) CN:8 DL:2.2MiB ETA:39m9s]
[#b7eb6c 4.7GiB/9.9GiB(47%) CN:8 DL:2.2MiB ETA:39m7s]
[#b7eb6c 4.7GiB/9.9GiB(48%) CN:8 DL:2.2MiB ETA:39m39s]
[#b7eb6c 4.7GiB/9.9GiB(48%) CN:8 DL:2.2MiB ETA:39m23s]
[#b7eb6c 4.7GiB/9.9GiB(48%) CN:8 DL:2.1MiB ETA:40m5s]
[#b7eb6c 4.7GiB/9.9GiB(48%) CN:8 DL:2.1MiB ETA:40m19s]
[#b7eb6c 4.7GiB/9.9GiB(48%) CN:8 DL:2.1MiB ETA:40m14s]
[#b7eb6c 4.7GiB/9.9GiB(48%) CN:8 DL:2.1MiB ETA:40m4s]
[#b7eb6c 4.7GiB/9.9GiB(48%) CN:8 DL:2.1MiB ETA:40m27s]
[#b7eb6c 4.7GiB/9.9GiB(48%) CN:8 DL:2.2MiB ETA:39m46s]
[#b7eb6c 4.7GiB/9.9GiB(48%) CN:8 DL:2.1MiB ETA:40m24s]
[#b7eb6c 4.7GiB/9.9GiB(48%) CN:8 DL:2.0MiB ETA:42m3s]
[#b7eb6c 4.7GiB/9.9GiB(48%) CN:8 DL:1.9MiB ETA:45m7s]
 *** Download Progress Summary as of Sun Sep 13 12:45:19 2026 *** 
===============================================================================
[#b7eb6c 4.7GiB/9.9GiB(48%) CN:8 DL:1.8MiB ETA:46m14s]
FILE: /home/cosmosapjw/.cache/htt-r9/sdss_pv_zenodo_6824749/mocks.tar.gz.partial
-------------------------------------------------------------------------------

[#b7eb6c 4.7GiB/9.9GiB(48%) CN:8 DL:1.8MiB ETA:46m14s]
[#b7eb6c 4.7GiB/9.9GiB(48%) CN:8 DL:1.8MiB ETA:47m41s]
[#b7eb6c 4.7GiB/9.9GiB(48%) CN:8 DL:1.7MiB ETA:50m49s]
[#b7eb6c 4.7GiB/9.9GiB(48%) CN:8 DL:1.6MiB ETA:52m40s]
[#b7eb6c 4.7GiB/9.9GiB(48%) CN:8 DL:1.5MiB ETA:55m23s]
[#b7eb6c 4.7GiB/9.9GiB(48%) CN:8 DL:1.5MiB ETA:56m19s]
[#b7eb6c 4.7GiB/9.9GiB(48%) CN:8 DL:1.5MiB ETA:57m38s]
[#b7eb6c 4.7GiB/9.9GiB(48%) CN:8 DL:1.5MiB ETA:57m25s]
[#b7eb6c 4.7GiB/9.9GiB(48%) CN:8 DL:1.6MiB ETA:54m19s]
[#b7eb6c 4.7GiB/9.9GiB(48%) CN:8 DL:1.7MiB ETA:50m37s]
[#b7eb6c 4.7GiB/9.9GiB(48%) CN:8 DL:1.8MiB ETA:48m14s]
[#b7eb6c 4.7GiB/9.9GiB(48%) CN:8 DL:1.8MiB ETA:46m12s]
[#b7eb6c 4.8GiB/9.9GiB(48%) CN:8 DL:1.9MiB ETA:43m52s]
[#b7eb6c 4.8GiB/9.9GiB(48%) CN:8 DL:2.0MiB ETA:41m48s]
[#b7eb6c 4.8GiB/9.9GiB(48%) CN:8 DL:2.1MiB ETA:41m]
[#b7eb6c 4.8GiB/9.9GiB(48%) CN:8 DL:2.1MiB ETA:39m54s]
[#b7eb6c 4.8GiB/9.9GiB(48%) CN:8 DL:2.1MiB ETA:39m42s]
[#b7eb6c 4.8GiB/9.9GiB(48%) CN:8 DL:2.2MiB ETA:39m28s]
[#b7eb6c 4.8GiB/9.9GiB(48%) CN:8 DL:2.2MiB ETA:39m5s]
[#b7eb6c 4.8GiB/9.9GiB(48%) CN:8 DL:2.2MiB ETA:38m47s]
[#b7eb6c 4.8GiB/9.9GiB(48%) CN:8 DL:2.2MiB ETA:38m58s]
[#b7eb6c 4.8GiB/9.9GiB(48%) CN:8 DL:2.2MiB ETA:38m27s]
[#b7eb6c 4.8GiB/9.9GiB(48%) CN:8 DL:2.2MiB ETA:39m1s]
[#b7eb6c 4.8GiB/9.9GiB(48%) CN:8 DL:2.2MiB ETA:38m54s]
[#b7eb6c 4.8GiB/9.9GiB(48%) CN:8 DL:2.2MiB ETA:39m13s]
[#b7eb6c 4.8GiB/9.9GiB(48%) CN:8 DL:2.2MiB ETA:38m42s]
[#b7eb6c 4.8GiB/9.9GiB(48%) CN:8 DL:2.2MiB ETA:39m16s]
[#b7eb6c 4.8GiB/9.9GiB(48%) CN:8 DL:2.2MiB ETA:38m56s]
[#b7eb6c 4.8GiB/9.9GiB(48%) CN:8 DL:2.2MiB ETA:38m55s]
[#b7eb6c 4.8GiB/9.9GiB(48%) CN:8 DL:2.2MiB ETA:39m9s]
[#b7eb6c 4.8GiB/9.9GiB(48%) CN:8 DL:2.2MiB ETA:39m18s]
[#b7eb6c 4.8GiB/9.9GiB(48%) CN:8 DL:2.1MiB ETA:39m34s]
[#b7eb6c 4.8GiB/9.9GiB(48%) CN:8 DL:2.2MiB ETA:38m49s]
[#b7eb6c 4.8GiB/9.9GiB(48%) CN:8 DL:2.2MiB ETA:38m59s]
[#b7eb6c 4.8GiB/9.9GiB(48%) CN:8 DL:2.2MiB ETA:38m49s]
[#b7eb6c 4.8GiB/9.9GiB(48%) CN:8 DL:2.2MiB ETA:38m51s]
[#b7eb6c 4.8GiB/9.9GiB(48%) CN:8 DL:2.2MiB ETA:38m46s]
[#b7eb6c 4.8GiB/9.9GiB(48%) CN:8 DL:2.1MiB ETA:40m27s]
[#b7eb6c 4.8GiB/9.9GiB(49%) CN:8 DL:2.1MiB ETA:40m21s]
[#b7eb6c 4.8GiB/9.9GiB(49%) CN:8 DL:2.1MiB ETA:40m20s]
[#b7eb6c 4.8GiB/9.9GiB(49%) CN:8 DL:2.1MiB ETA:40m20s]
[#b7eb6c 4.8GiB/9.9GiB(49%) CN:8 DL:2.1MiB ETA:40m13s]
[#b7eb6c 4.8GiB/9.9GiB(49%) CN:8 DL:2.1MiB ETA:40m14s]
[#b7eb6c 4.8GiB/9.9GiB(49%) CN:8 DL:2.1MiB ETA:39m58s]
[#b7eb6c 4.8GiB/9.9GiB(49%) CN:8 DL:2.1MiB ETA:40m9s]
[#b7eb6c 4.8GiB/9.9GiB(49%) CN:8 DL:2.1MiB ETA:40m12s]
[#b7eb6c 4.8GiB/9.9GiB(49%) CN:8 DL:2.2MiB ETA:38m44s]
[#b7eb6c 4.8GiB/9.9GiB(49%) CN:8 DL:2.2MiB ETA:38m27s]
[#b7eb6c 4.8GiB/9.9GiB(49%) CN:8 DL:2.2MiB ETA:38m18s]
[#b7eb6c 4.8GiB/9.9GiB(49%) CN:8 DL:2.2MiB ETA:38m16s]
[#b7eb6c 4.8GiB/9.9GiB(49%) CN:8 DL:2.2MiB ETA:38m37s]
[#b7eb6c 4.8GiB/9.9GiB(49%) CN:8 DL:2.2MiB ETA:38m13s]
[#b7eb6c 4.8GiB/9.9GiB(49%) CN:8 DL:2.2MiB ETA:38m11s]
[#b7eb6c 4.8GiB/9.9GiB(49%) CN:8 DL:2.2MiB ETA:37m46s]
[#b7eb6c 4.8GiB/9.9GiB(49%) CN:8 DL:2.2MiB ETA:38m30s]
[#b7eb6c 4.8GiB/9.9GiB(49%) CN:8 DL:2.2MiB ETA:38m14s]
[#b7eb6c 4.8GiB/9.9GiB(49%) CN:8 DL:2.2MiB ETA:38m49s]
[#b7eb6c 4.8GiB/9.9GiB(49%) CN:8 DL:2.2MiB ETA:38m21s]
[#b7eb6c 4.9GiB/9.9GiB(49%) CN:8 DL:2.2MiB ETA:38m23s]
[#b7eb6c 4.9GiB/9.9GiB(49%) CN:8 DL:2.2MiB ETA:38m16s]
[#b7eb6c 4.9GiB/9.9GiB(49%) CN:8 DL:2.2MiB ETA:38m20s]
 *** Download Progress Summary as of Sun Sep 13 12:46:19 2026 *** 
===============================================================================
[#b7eb6c 4.9GiB/9.9GiB(49%) CN:8 DL:2.2MiB ETA:37m50s]
FILE: /home/cosmosapjw/.cache/htt-r9/sdss_pv_zenodo_6824749/mocks.tar.gz.partial
-------------------------------------------------------------------------------

[#b7eb6c 4.9GiB/9.9GiB(49%) CN:8 DL:2.2MiB ETA:37m50s]
[#b7eb6c 4.9GiB/9.9GiB(49%) CN:8 DL:2.2MiB ETA:38m27s]
[#b7eb6c 4.9GiB/9.9GiB(49%) CN:8 DL:2.2MiB ETA:38m15s]
[#b7eb6c 4.9GiB/9.9GiB(49%) CN:8 DL:2.2MiB ETA:38m26s]
[#b7eb6c 4.9GiB/9.9GiB(49%) CN:8 DL:2.2MiB ETA:37m54s]
[#b7eb6c 4.9GiB/9.9GiB(49%) CN:8 DL:2.2MiB ETA:38m32s]
[#b7eb6c 4.9GiB/9.9GiB(49%) CN:8 DL:2.2MiB ETA:38m24s]
[#b7eb6c 4.9GiB/9.9GiB(49%) CN:8 DL:2.2MiB ETA:38m23s]
[#b7eb6c 4.9GiB/9.9GiB(49%) CN:8 DL:2.2MiB ETA:38m20s]
[#b7eb6c 4.9GiB/9.9GiB(49%) CN:8 DL:2.2MiB ETA:38m20s]
[#b7eb6c 4.9GiB/9.9GiB(49%) CN:8 DL:2.2MiB ETA:38m13s]
[#b7eb6c 4.9GiB/9.9GiB(49%) CN:8 DL:2.2MiB ETA:38m13s]
[#b7eb6c 4.9GiB/9.9GiB(49%) CN:8 DL:2.2MiB ETA:38m6s]
[#b7eb6c 4.9GiB/9.9GiB(49%) CN:8 DL:2.2MiB ETA:38m20s]
[#b7eb6c 4.9GiB/9.9GiB(49%) CN:8 DL:2.1MiB ETA:38m57s]
[#b7eb6c 4.9GiB/9.9GiB(49%) CN:8 DL:2.2MiB ETA:37m22s]
[#b7eb6c 4.9GiB/9.9GiB(49%) CN:8 DL:2.2MiB ETA:37m59s]
[#b7eb6c 4.9GiB/9.9GiB(49%) CN:8 DL:2.2MiB ETA:37m50s]
[#b7eb6c 4.9GiB/9.9GiB(49%) CN:8 DL:2.2MiB ETA:37m48s]
[#b7eb6c 4.9GiB/9.9GiB(49%) CN:8 DL:2.2MiB ETA:37m51s]
[#b7eb6c 4.9GiB/9.9GiB(49%) CN:8 DL:2.2MiB ETA:37m48s]
[#b7eb6c 4.9GiB/9.9GiB(49%) CN:8 DL:2.2MiB ETA:37m50s]
[#b7eb6c 4.9GiB/9.9GiB(49%) CN:8 DL:2.2MiB ETA:37m49s]
[#b7eb6c 4.9GiB/9.9GiB(50%) CN:8 DL:2.2MiB ETA:37m50s]
[#b7eb6c 4.9GiB/9.9GiB(50%) CN:8 DL:2.2MiB ETA:37m18s]
[#b7eb6c 4.9GiB/9.9GiB(50%) CN:8 DL:2.2MiB ETA:37m47s]
[#b7eb6c 4.9GiB/9.9GiB(50%) CN:8 DL:2.2MiB ETA:37m31s]
[#b7eb6c 4.9GiB/9.9GiB(50%) CN:8 DL:2.2MiB ETA:38m18s]
[#b7eb6c 4.9GiB/9.9GiB(50%) CN:8 DL:2.2MiB ETA:37m51s]
[#b7eb6c 4.9GiB/9.9GiB(50%) CN:8 DL:2.2MiB ETA:37m31s]
[#b7eb6c 4.9GiB/9.9GiB(50%) CN:8 DL:2.2MiB ETA:37m52s]
[#b7eb6c 4.9GiB/9.9GiB(50%) CN:8 DL:2.2MiB ETA:37m40s]
[#b7eb6c 4.9GiB/9.9GiB(50%) CN:8 DL:2.2MiB ETA:37m41s]
[#b7eb6c 4.9GiB/9.9GiB(50%) CN:8 DL:2.2MiB ETA:37m36s]
[#b7eb6c 4.9GiB/9.9GiB(50%) CN:8 DL:2.2MiB ETA:37m36s]
[#b7eb6c 4.9GiB/9.9GiB(50%) CN:8 DL:2.2MiB ETA:37m45s]
[#b7eb6c 4.9GiB/9.9GiB(50%) CN:8 DL:2.2MiB ETA:37m31s]
[#b7eb6c 4.9GiB/9.9GiB(50%) CN:8 DL:2.2MiB ETA:37m31s]
[#b7eb6c 4.9GiB/9.9GiB(50%) CN:8 DL:2.2MiB ETA:37m29s]
[#b7eb6c 4.9GiB/9.9GiB(50%) CN:8 DL:2.2MiB ETA:37m29s]
[#b7eb6c 4.9GiB/9.9GiB(50%) CN:8 DL:2.2MiB ETA:36m41s]
[#b7eb6c 4.9GiB/9.9GiB(50%) CN:8 DL:2.2MiB ETA:37m59s]
[#b7eb6c 4.9GiB/9.9GiB(50%) CN:8 DL:2.2MiB ETA:37m22s]
[#b7eb6c 5.0GiB/9.9GiB(50%) CN:8 DL:2.2MiB ETA:38m4s]
[#b7eb6c 5.0GiB/9.9GiB(50%) CN:8 DL:2.2MiB ETA:37m22s]
[#b7eb6c 5.0GiB/9.9GiB(50%) CN:8 DL:2.2MiB ETA:37m25s]
[#b7eb6c 5.0GiB/9.9GiB(50%) CN:8 DL:2.2MiB ETA:36m47s]
[#b7eb6c 5.0GiB/9.9GiB(50%) CN:8 DL:2.2MiB ETA:37m19s]
[#b7eb6c 5.0GiB/9.9GiB(50%) CN:8 DL:2.2MiB ETA:37m24s]
[#b7eb6c 5.0GiB/9.9GiB(50%) CN:8 DL:2.2MiB ETA:37m19s]
[#b7eb6c 5.0GiB/9.9GiB(50%) CN:8 DL:2.1MiB ETA:38m14s]
[#b7eb6c 5.0GiB/9.9GiB(50%) CN:8 DL:2.2MiB ETA:37m15s]
[#b7eb6c 5.0GiB/9.9GiB(50%) CN:8 DL:2.2MiB ETA:37m31s]
[#b7eb6c 5.0GiB/9.9GiB(50%) CN:8 DL:2.2MiB ETA:37m15s]
[#b7eb6c 5.0GiB/9.9GiB(50%) CN:8 DL:2.2MiB ETA:37m13s]
[#b7eb6c 5.0GiB/9.9GiB(50%) CN:8 DL:2.2MiB ETA:37m12s]
[#b7eb6c 5.0GiB/9.9GiB(50%) CN:8 DL:2.2MiB ETA:37m8s]
[#b7eb6c 5.0GiB/9.9GiB(50%) CN:8 DL:2.2MiB ETA:37m7s]
[#b7eb6c 5.0GiB/9.9GiB(50%) CN:8 DL:2.2MiB ETA:37m31s]
[#b7eb6c 5.0GiB/9.9GiB(50%) CN:8 DL:2.2MiB ETA:37m17s]
[#b7eb6c 5.0GiB/9.9GiB(50%) CN:8 DL:2.2MiB ETA:37m7s]
 *** Download Progress Summary as of Sun Sep 13 12:47:20 2026 *** 
===============================================================================
[#b7eb6c 5.0GiB/9.9GiB(50%) CN:8 DL:2.2MiB ETA:36m29s]
FILE: /home/cosmosapjw/.cache/htt-r9/sdss_pv_zenodo_6824749/mocks.tar.gz.partial
-------------------------------------------------------------------------------

[#b7eb6c 5.0GiB/9.9GiB(50%) CN:8 DL:2.2MiB ETA:36m29s]
[#b7eb6c 5.0GiB/9.9GiB(50%) CN:8 DL:2.2MiB ETA:37m5s]
[#b7eb6c 5.0GiB/9.9GiB(50%) CN:8 DL:2.2MiB ETA:37m3s]
[#b7eb6c 5.0GiB/9.9GiB(50%) CN:8 DL:2.2MiB ETA:37m4s]
[#b7eb6c 5.0GiB/9.9GiB(50%) CN:8 DL:2.2MiB ETA:37m7s]
[#b7eb6c 5.0GiB/9.9GiB(50%) CN:8 DL:2.2MiB ETA:37m20s]
[#b7eb6c 5.0GiB/9.9GiB(50%) CN:8 DL:2.2MiB ETA:37m12s]
[#b7eb6c 5.0GiB/9.9GiB(50%) CN:8 DL:2.1MiB ETA:37m41s]
[#b7eb6c 5.0GiB/9.9GiB(51%) CN:8 DL:2.2MiB ETA:36m49s]
[#b7eb6c 5.0GiB/9.9GiB(51%) CN:8 DL:2.2MiB ETA:37m13s]
[#b7eb6c 5.0GiB/9.9GiB(51%) CN:8 DL:2.2MiB ETA:36m52s]
[#b7eb6c 5.0GiB/9.9GiB(51%) CN:8 DL:2.2MiB ETA:37m9s]
[#b7eb6c 5.0GiB/9.9GiB(51%) CN:8 DL:2.2MiB ETA:37m6s]
[#b7eb6c 5.0GiB/9.9GiB(51%) CN:8 DL:2.2MiB ETA:37m]
[#b7eb6c 5.0GiB/9.9GiB(51%) CN:8 DL:2.2MiB ETA:36m48s]
[#b7eb6c 5.0GiB/9.9GiB(51%) CN:8 DL:2.2MiB ETA:36m57s]
[#b7eb6c 5.0GiB/9.9GiB(51%) CN:8 DL:2.2MiB ETA:37m3s]
[#b7eb6c 5.0GiB/9.9GiB(51%) CN:8 DL:2.1MiB ETA:37m38s]
[#b7eb6c 5.0GiB/9.9GiB(51%) CN:8 DL:2.1MiB ETA:37m47s]
[#b7eb6c 5.0GiB/9.9GiB(51%) CN:8 DL:2.1MiB ETA:37m56s]
[#b7eb6c 5.0GiB/9.9GiB(51%) CN:8 DL:2.1MiB ETA:37m48s]
[#b7eb6c 5.0GiB/9.9GiB(51%) CN:8 DL:2.1MiB ETA:37m27s]
[#b7eb6c 5.0GiB/9.9GiB(51%) CN:8 DL:2.1MiB ETA:38m23s]
[#b7eb6c 5.0GiB/9.9GiB(51%) CN:8 DL:2.2MiB ETA:37m22s]
[#b7eb6c 5.0GiB/9.9GiB(51%) CN:8 DL:2.1MiB ETA:37m50s]
[#b7eb6c 5.0GiB/9.9GiB(51%) CN:8 DL:2.1MiB ETA:37m46s]
[#b7eb6c 5.0GiB/9.9GiB(51%) CN:8 DL:2.1MiB ETA:37m43s]
[#b7eb6c 5.0GiB/9.9GiB(51%) CN:8 DL:2.1MiB ETA:37m38s]
[#b7eb6c 5.0GiB/9.9GiB(51%) CN:8 DL:2.1MiB ETA:37m30s]
[#b7eb6c 5.1GiB/9.9GiB(51%) CN:8 DL:2.1MiB ETA:37m31s]
[#b7eb6c 5.1GiB/9.9GiB(51%) CN:8 DL:2.1MiB ETA:37m50s]
[#b7eb6c 5.1GiB/9.9GiB(51%) CN:8 DL:2.1MiB ETA:37m48s]
[#b7eb6c 5.1GiB/9.9GiB(51%) CN:8 DL:2.1MiB ETA:37m41s]
[#b7eb6c 5.1GiB/9.9GiB(51%) CN:8 DL:2.1MiB ETA:37m54s]
[#b7eb6c 5.1GiB/9.9GiB(51%) CN:8 DL:2.1MiB ETA:37m29s]
[#b7eb6c 5.1GiB/9.9GiB(51%) CN:8 DL:2.2MiB ETA:36m42s]
[#b7eb6c 5.1GiB/9.9GiB(51%) CN:8 DL:2.2MiB ETA:36m44s]
[#b7eb6c 5.1GiB/9.9GiB(51%) CN:8 DL:2.2MiB ETA:36m40s]
[#b7eb6c 5.1GiB/9.9GiB(51%) CN:8 DL:2.2MiB ETA:36m37s]
[#b7eb6c 5.1GiB/9.9GiB(51%) CN:8 DL:2.2MiB ETA:36m35s]
[#b7eb6c 5.1GiB/9.9GiB(51%) CN:8 DL:2.2MiB ETA:36m25s]
[#b7eb6c 5.1GiB/9.9GiB(51%) CN:8 DL:2.2MiB ETA:36m34s]
[#b7eb6c 5.1GiB/9.9GiB(51%) CN:8 DL:2.2MiB ETA:36m30s]
[#b7eb6c 5.1GiB/9.9GiB(51%) CN:8 DL:2.2MiB ETA:36m9s]
[#b7eb6c 5.1GiB/9.9GiB(51%) CN:8 DL:2.2MiB ETA:36m27s]
[#b7eb6c 5.1GiB/9.9GiB(51%) CN:8 DL:2.2MiB ETA:36m28s]
[#b7eb6c 5.1GiB/9.9GiB(51%) CN:8 DL:2.2MiB ETA:36m21s]
[#b7eb6c 5.1GiB/9.9GiB(51%) CN:8 DL:2.2MiB ETA:36m28s]
[#b7eb6c 5.1GiB/9.9GiB(51%) CN:8 DL:2.2MiB ETA:36m16s]
[#b7eb6c 5.1GiB/9.9GiB(51%) CN:8 DL:2.2MiB ETA:36m44s]
[#b7eb6c 5.1GiB/9.9GiB(51%) CN:8 DL:2.2MiB ETA:36m19s]
[#b7eb6c 5.1GiB/9.9GiB(51%) CN:8 DL:2.2MiB ETA:35m35s]
[#b7eb6c 5.1GiB/9.9GiB(51%) CN:8 DL:2.2MiB ETA:36m17s]
[#b7eb6c 5.1GiB/9.9GiB(51%) CN:8 DL:2.1MiB ETA:37m11s]
[#b7eb6c 5.1GiB/9.9GiB(52%) CN:8 DL:2.2MiB ETA:36m38s]
[#b7eb6c 5.1GiB/9.9GiB(52%) CN:8 DL:2.2MiB ETA:36m12s]
[#b7eb6c 5.1GiB/9.9GiB(52%) CN:8 DL:2.2MiB ETA:36m42s]
[#b7eb6c 5.1GiB/9.9GiB(52%) CN:8 DL:2.2MiB ETA:36m4s]
[#b7eb6c 5.1GiB/9.9GiB(52%) CN:8 DL:2.2MiB ETA:36m13s]
[#b7eb6c 5.1GiB/9.9GiB(52%) CN:8 DL:2.2MiB ETA:36m16s]
[#b7eb6c 5.1GiB/9.9GiB(52%) CN:8 DL:2.2MiB ETA:36m18s]
 *** Download Progress Summary as of Sun Sep 13 12:48:20 2026 *** 
===============================================================================
[#b7eb6c 5.1GiB/9.9GiB(52%) CN:8 DL:2.2MiB ETA:36m33s]
FILE: /home/cosmosapjw/.cache/htt-r9/sdss_pv_zenodo_6824749/mocks.tar.gz.partial
-------------------------------------------------------------------------------

[#b7eb6c 5.1GiB/9.9GiB(52%) CN:8 DL:2.2MiB ETA:36m33s]
[#b7eb6c 5.1GiB/9.9GiB(52%) CN:8 DL:2.1MiB ETA:36m57s]
[#b7eb6c 5.1GiB/9.9GiB(52%) CN:8 DL:2.2MiB ETA:36m]
[#b7eb6c 5.1GiB/9.9GiB(52%) CN:8 DL:2.1MiB ETA:37m1s]
[#b7eb6c 5.1GiB/9.9GiB(52%) CN:8 DL:2.1MiB ETA:37m13s]
[#b7eb6c 5.1GiB/9.9GiB(52%) CN:8 DL:2.2MiB ETA:36m14s]
[#b7eb6c 5.1GiB/9.9GiB(52%) CN:8 DL:2.1MiB ETA:37m6s]
[#b7eb6c 5.1GiB/9.9GiB(52%) CN:8 DL:2.1MiB ETA:37m3s]
[#b7eb6c 5.1GiB/9.9GiB(52%) CN:8 DL:2.1MiB ETA:36m55s]
[#b7eb6c 5.1GiB/9.9GiB(52%) CN:8 DL:2.1MiB ETA:36m47s]
[#b7eb6c 5.1GiB/9.9GiB(52%) CN:8 DL:2.1MiB ETA:37m7s]
[#b7eb6c 5.1GiB/9.9GiB(52%) CN:8 DL:2.2MiB ETA:36m1s]
[#b7eb6c 5.1GiB/9.9GiB(52%) CN:8 DL:2.2MiB ETA:35m53s]
[#b7eb6c 5.1GiB/9.9GiB(52%) CN:8 DL:2.2MiB ETA:36m4s]
[#b7eb6c 5.2GiB/9.9GiB(52%) CN:8 DL:2.2MiB ETA:35m23s]
[#b7eb6c 5.2GiB/9.9GiB(52%) CN:8 DL:2.2MiB ETA:36m7s]
[#b7eb6c 5.2GiB/9.9GiB(52%) CN:8 DL:2.2MiB ETA:35m44s]
[#b7eb6c 5.2GiB/9.9GiB(52%) CN:8 DL:2.2MiB ETA:36m4s]
[#b7eb6c 5.2GiB/9.9GiB(52%) CN:8 DL:2.2MiB ETA:36m3s]
[#b7eb6c 5.2GiB/9.9GiB(52%) CN:8 DL:2.2MiB ETA:36m4s]
[#b7eb6c 5.2GiB/9.9GiB(52%) CN:8 DL:2.2MiB ETA:36m4s]
[#b7eb6c 5.2GiB/9.9GiB(52%) CN:8 DL:2.2MiB ETA:35m46s]
[#b7eb6c 5.2GiB/9.9GiB(52%) CN:8 DL:2.2MiB ETA:36m5s]
[#b7eb6c 5.2GiB/9.9GiB(52%) CN:8 DL:2.1MiB ETA:36m32s]
[#b7eb6c 5.2GiB/9.9GiB(52%) CN:8 DL:2.2MiB ETA:35m48s]
[#b7eb6c 5.2GiB/9.9GiB(52%) CN:8 DL:2.2MiB ETA:35m58s]
[#b7eb6c 5.2GiB/9.9GiB(52%) CN:8 DL:2.2MiB ETA:35m59s]
[#b7eb6c 5.2GiB/9.9GiB(52%) CN:8 DL:2.2MiB ETA:35m56s]
[#b7eb6c 5.2GiB/9.9GiB(52%) CN:8 DL:2.2MiB ETA:35m50s]
[#b7eb6c 5.2GiB/9.9GiB(52%) CN:8 DL:2.2MiB ETA:35m47s]
[#b7eb6c 5.2GiB/9.9GiB(52%) CN:8 DL:2.1MiB ETA:36m30s]
[#b7eb6c 5.2GiB/9.9GiB(52%) CN:8 DL:2.2MiB ETA:35m44s]
[#b7eb6c 5.2GiB/9.9GiB(52%) CN:8 DL:2.2MiB ETA:35m37s]
[#b7eb6c 5.2GiB/9.9GiB(52%) CN:8 DL:2.2MiB ETA:35m35s]
[#b7eb6c 5.2GiB/9.9GiB(52%) CN:8 DL:2.2MiB ETA:35m38s]
[#b7eb6c 5.2GiB/9.9GiB(52%) CN:8 DL:2.2MiB ETA:35m34s]
[#b7eb6c 5.2GiB/9.9GiB(52%) CN:8 DL:2.2MiB ETA:35m33s]
[#b7eb6c 5.2GiB/9.9GiB(52%) CN:8 DL:2.2MiB ETA:35m41s]
[#b7eb6c 5.2GiB/9.9GiB(52%) CN:8 DL:2.2MiB ETA:35m27s]
[#b7eb6c 5.2GiB/9.9GiB(53%) CN:8 DL:2.2MiB ETA:35m39s]
[#b7eb6c 5.2GiB/9.9GiB(53%) CN:8 DL:2.2MiB ETA:35m26s]
[#b7eb6c 5.2GiB/9.9GiB(53%) CN:8 DL:2.2MiB ETA:34m53s]
[#b7eb6c 5.2GiB/9.9GiB(53%) CN:8 DL:2.2MiB ETA:35m26s]
[#b7eb6c 5.2GiB/9.9GiB(53%) CN:8 DL:2.2MiB ETA:35m33s]
[#b7eb6c 5.2GiB/9.9GiB(53%) CN:8 DL:2.2MiB ETA:35m24s]
[#b7eb6c 5.2GiB/9.9GiB(53%) CN:8 DL:2.2MiB ETA:35m22s]
[#b7eb6c 5.2GiB/9.9GiB(53%) CN:8 DL:2.2MiB ETA:34m37s]
[#b7eb6c 5.2GiB/9.9GiB(53%) CN:8 DL:2.2MiB ETA:35m20s]
[#b7eb6c 5.2GiB/9.9GiB(53%) CN:8 DL:2.1MiB ETA:36m2s]
[#b7eb6c 5.2GiB/9.9GiB(53%) CN:8 DL:2.2MiB ETA:35m18s]
[#b7eb6c 5.2GiB/9.9GiB(53%) CN:8 DL:2.2MiB ETA:35m5s]
[#b7eb6c 5.2GiB/9.9GiB(53%) CN:8 DL:2.2MiB ETA:35m11s]
[#b7eb6c 5.2GiB/9.9GiB(53%) CN:8 DL:2.2MiB ETA:35m29s]
[#b7eb6c 5.2GiB/9.9GiB(53%) CN:8 DL:2.2MiB ETA:35m40s]
[#b7eb6c 5.2GiB/9.9GiB(53%) CN:8 DL:2.1MiB ETA:36m23s]
[#b7eb6c 5.2GiB/9.9GiB(53%) CN:8 DL:2.1MiB ETA:36m56s]
[#b7eb6c 5.2GiB/9.9GiB(53%) CN:8 DL:2.1MiB ETA:37m11s]
[#b7eb6c 5.2GiB/9.9GiB(53%) CN:8 DL:2.1MiB ETA:36m48s]
[#b7eb6c 5.2GiB/9.9GiB(53%) CN:8 DL:2.1MiB ETA:37m26s]
[#b7eb6c 5.2GiB/9.9GiB(53%) CN:8 DL:2.1MiB ETA:36m57s]
[#b7eb6c 5.2GiB/9.9GiB(53%) CN:8 DL:2.1MiB ETA:37m16s]
 *** Download Progress Summary as of Sun Sep 13 12:49:21 2026 *** 
===============================================================================
[#b7eb6c 5.3GiB/9.9GiB(53%) CN:8 DL:2.0MiB ETA:38m]
FILE: /home/cosmosapjw/.cache/htt-r9/sdss_pv_zenodo_6824749/mocks.tar.gz.partial
-------------------------------------------------------------------------------

[#b7eb6c 5.3GiB/9.9GiB(53%) CN:8 DL:2.0MiB ETA:38m]
[#b7eb6c 5.3GiB/9.9GiB(53%) CN:8 DL:2.1MiB ETA:36m56s]
[#b7eb6c 5.3GiB/9.9GiB(53%) CN:8 DL:2.1MiB ETA:37m2s]
[#b7eb6c 5.3GiB/9.9GiB(53%) CN:8 DL:2.1MiB ETA:35m53s]
[#b7eb6c 5.3GiB/9.9GiB(53%) CN:8 DL:2.2MiB ETA:35m23s]
[#b7eb6c 5.3GiB/9.9GiB(53%) CN:8 DL:2.2MiB ETA:35m13s]
[#b7eb6c 5.3GiB/9.9GiB(53%) CN:8 DL:2.2MiB ETA:34m59s]
[#b7eb6c 5.3GiB/9.9GiB(53%) CN:8 DL:2.2MiB ETA:34m58s]
[#b7eb6c 5.3GiB/9.9GiB(53%) CN:8 DL:2.2MiB ETA:34m58s]
[#b7eb6c 5.3GiB/9.9GiB(53%) CN:8 DL:2.2MiB ETA:35m2s]
[#b7eb6c 5.3GiB/9.9GiB(53%) CN:8 DL:2.2MiB ETA:34m17s]
[#b7eb6c 5.3GiB/9.9GiB(53%) CN:8 DL:2.2MiB ETA:34m59s]
[#b7eb6c 5.3GiB/9.9GiB(53%) CN:8 DL:2.2MiB ETA:35m23s]
[#b7eb6c 5.3GiB/9.9GiB(53%) CN:8 DL:2.2MiB ETA:34m58s]
[#b7eb6c 5.3GiB/9.9GiB(53%) CN:8 DL:2.1MiB ETA:35m35s]
[#b7eb6c 5.3GiB/9.9GiB(53%) CN:8 DL:2.2MiB ETA:35m]
[#b7eb6c 5.3GiB/9.9GiB(53%) CN:8 DL:2.1MiB ETA:35m38s]
[#b7eb6c 5.3GiB/9.9GiB(53%) CN:8 DL:2.2MiB ETA:35m3s]
[#b7eb6c 5.3GiB/9.9GiB(53%) CN:8 DL:2.2MiB ETA:34m53s]
[#b7eb6c 5.3GiB/9.9GiB(53%) CN:8 DL:2.2MiB ETA:35m2s]
[#b7eb6c 5.3GiB/9.9GiB(53%) CN:8 DL:2.2MiB ETA:34m52s]
[#b7eb6c 5.3GiB/9.9GiB(53%) CN:8 DL:2.2MiB ETA:34m59s]
[#b7eb6c 5.3GiB/9.9GiB(53%) CN:8 DL:2.2MiB ETA:34m24s]
[#b7eb6c 5.3GiB/9.9GiB(53%) CN:8 DL:2.2MiB ETA:34m46s]
[#b7eb6c 5.3GiB/9.9GiB(54%) CN:8 DL:2.2MiB ETA:34m3s]
[#b7eb6c 5.3GiB/9.9GiB(54%) CN:8 DL:2.2MiB ETA:34m43s]
[#b7eb6c 5.3GiB/9.9GiB(54%) CN:8 DL:2.2MiB ETA:35m15s]
[#b7eb6c 5.3GiB/9.9GiB(54%) CN:8 DL:2.1MiB ETA:36m49s]
[#b7eb6c 5.3GiB/9.9GiB(54%) CN:8 DL:2.0MiB ETA:38m20s]
[#b7eb6c 5.3GiB/9.9GiB(54%) CN:8 DL:1.9MiB ETA:39m59s]
[#b7eb6c 5.3GiB/9.9GiB(54%) CN:8 DL:1.8MiB ETA:42m16s]
[#b7eb6c 5.3GiB/9.9GiB(54%) CN:8 DL:1.7MiB ETA:43m57s]
[#b7eb6c 5.3GiB/9.9GiB(54%) CN:8 DL:1.6MiB ETA:47m56s]
[#b7eb6c 5.3GiB/9.9GiB(54%) CN:8 DL:1.5MiB ETA:50m45s]
[#b7eb6c 5.3GiB/9.9GiB(54%) CN:8 DL:1.4MiB ETA:53m59s]
[#b7eb6c 5.3GiB/9.9GiB(54%) CN:8 DL:1.3MiB ETA:57m27s]
[#b7eb6c 5.3GiB/9.9GiB(54%) CN:8 DL:1.3MiB ETA:59m21s]
[#b7eb6c 5.3GiB/9.9GiB(54%) CN:8 DL:1.3MiB ETA:55m55s]
[#b7eb6c 5.3GiB/9.9GiB(54%) CN:8 DL:1.4MiB ETA:51m44s]
[#b7eb6c 5.3GiB/9.9GiB(54%) CN:8 DL:1.5MiB ETA:48m44s]
[#b7eb6c 5.3GiB/9.9GiB(54%) CN:8 DL:1.7MiB ETA:44m55s]
[#b7eb6c 5.3GiB/9.9GiB(54%) CN:8 DL:1.8MiB ETA:42m31s]
[#b7eb6c 5.3GiB/9.9GiB(54%) CN:8 DL:1.9MiB ETA:40m15s]
[#b7eb6c 5.3GiB/9.9GiB(54%) CN:8 DL:2.0MiB ETA:38m26s]
[#b7eb6c 5.3GiB/9.9GiB(54%) CN:8 DL:2.0MiB ETA:36m51s]
[#b7eb6c 5.3GiB/9.9GiB(54%) CN:8 DL:2.1MiB ETA:35m22s]
[#b7eb6c 5.3GiB/9.9GiB(54%) CN:8 DL:2.2MiB ETA:34m29s]
[#b7eb6c 5.3GiB/9.9GiB(54%) CN:8 DL:2.2MiB ETA:34m23s]
[#b7eb6c 5.3GiB/9.9GiB(54%) CN:8 DL:2.2MiB ETA:33m41s]
[#b7eb6c 5.3GiB/9.9GiB(54%) CN:8 DL:2.2MiB ETA:34m26s]
[#b7eb6c 5.4GiB/9.9GiB(54%) CN:8 DL:2.2MiB ETA:34m21s]
[#b7eb6c 5.4GiB/9.9GiB(54%) CN:8 DL:2.2MiB ETA:34m23s]
[#b7eb6c 5.4GiB/9.9GiB(54%) CN:8 DL:2.2MiB ETA:34m25s]
[#b7eb6c 5.4GiB/9.9GiB(54%) CN:8 DL:2.2MiB ETA:34m9s]
[#b7eb6c 5.4GiB/9.9GiB(54%) CN:8 DL:2.2MiB ETA:34m28s]
[#b7eb6c 5.4GiB/9.9GiB(54%) CN:8 DL:2.2MiB ETA:34m13s]
[#b7eb6c 5.4GiB/9.9GiB(54%) CN:8 DL:2.2MiB ETA:34m29s]
[#b7eb6c 5.4GiB/9.9GiB(54%) CN:8 DL:2.2MiB ETA:34m15s]
[#b7eb6c 5.4GiB/9.9GiB(54%) CN:8 DL:2.2MiB ETA:34m10s]
[#b7eb6c 5.4GiB/9.9GiB(54%) CN:8 DL:2.2MiB ETA:34m17s]
[#b7eb6c 5.4GiB/9.9GiB(54%) CN:8 DL:2.2MiB ETA:34m22s]
 *** Download Progress Summary as of Sun Sep 13 12:50:22 2026 *** 
===============================================================================
[#b7eb6c 5.4GiB/9.9GiB(54%) CN:8 DL:2.2MiB ETA:34m19s]
FILE: /home/cosmosapjw/.cache/htt-r9/sdss_pv_zenodo_6824749/mocks.tar.gz.partial
-------------------------------------------------------------------------------

[#b7eb6c 5.4GiB/9.9GiB(54%) CN:8 DL:2.2MiB ETA:34m19s]
[#b7eb6c 5.4GiB/9.9GiB(54%) CN:8 DL:2.2MiB ETA:34m33s]
[#b7eb6c 5.4GiB/9.9GiB(54%) CN:8 DL:2.2MiB ETA:34m28s]
[#b7eb6c 5.4GiB/9.9GiB(54%) CN:8 DL:2.2MiB ETA:34m34s]
[#b7eb6c 5.4GiB/9.9GiB(54%) CN:8 DL:2.2MiB ETA:34m36s]
[#b7eb6c 5.4GiB/9.9GiB(54%) CN:8 DL:2.1MiB ETA:35m37s]
[#b7eb6c 5.4GiB/9.9GiB(54%) CN:8 DL:2.1MiB ETA:35m12s]
[#b7eb6c 5.4GiB/9.9GiB(54%) CN:8 DL:2.1MiB ETA:35m32s]
[#b7eb6c 5.4GiB/9.9GiB(54%) CN:8 DL:2.1MiB ETA:35m33s]
[#b7eb6c 5.4GiB/9.9GiB(54%) CN:8 DL:2.1MiB ETA:35m24s]
[#b7eb6c 5.4GiB/9.9GiB(54%) CN:8 DL:2.1MiB ETA:36m17s]
[#b7eb6c 5.4GiB/9.9GiB(54%) CN:8 DL:2.0MiB ETA:37m16s]
[#b7eb6c 5.4GiB/9.9GiB(54%) CN:8 DL:2.0MiB ETA:36m45s]
[#b7eb6c 5.4GiB/9.9GiB(54%) CN:8 DL:2.0MiB ETA:37m39s]
[#b7eb6c 5.4GiB/9.9GiB(55%) CN:8 DL:2.1MiB ETA:36m1s]
[#b7eb6c 5.4GiB/9.9GiB(55%) CN:8 DL:2.1MiB ETA:36m]
[#b7eb6c 5.4GiB/9.9GiB(55%) CN:8 DL:2.1MiB ETA:36m9s]
[#b7eb6c 5.4GiB/9.9GiB(55%) CN:8 DL:2.1MiB ETA:36m1s]
[#b7eb6c 5.4GiB/9.9GiB(55%) CN:8 DL:2.0MiB ETA:36m20s]
[#b7eb6c 5.4GiB/9.9GiB(55%) CN:8 DL:2.1MiB ETA:35m13s]
[#b7eb6c 5.4GiB/9.9GiB(55%) CN:8 DL:2.2MiB ETA:34m8s]
[#b7eb6c 5.4GiB/9.9GiB(55%) CN:8 DL:2.2MiB ETA:33m51s]
[#b7eb6c 5.4GiB/9.9GiB(55%) CN:8 DL:2.2MiB ETA:33m30s]
[#b7eb6c 5.4GiB/9.9GiB(55%) CN:8 DL:2.2MiB ETA:33m40s]
[#b7eb6c 5.4GiB/9.9GiB(55%) CN:8 DL:2.2MiB ETA:33m55s]
[#b7eb6c 5.4GiB/9.9GiB(55%) CN:8 DL:2.2MiB ETA:33m8s]
[#b7eb6c 5.4GiB/9.9GiB(55%) CN:8 DL:2.2MiB ETA:34m1s]
[#b7eb6c 5.4GiB/9.9GiB(55%) CN:8 DL:2.2MiB ETA:33m27s]
[#b7eb6c 5.4GiB/9.9GiB(55%) CN:8 DL:2.2MiB ETA:33m47s]
[#b7eb6c 5.4GiB/9.9GiB(55%) CN:8 DL:2.2MiB ETA:33m46s]
[#b7eb6c 5.4GiB/9.9GiB(55%) CN:8 DL:2.2MiB ETA:33m33s]
[#b7eb6c 5.4GiB/9.9GiB(55%) CN:8 DL:2.2MiB ETA:33m41s]
[#b7eb6c 5.4GiB/9.9GiB(55%) CN:8 DL:2.2MiB ETA:33m50s]
[#b7eb6c 5.4GiB/9.9GiB(55%) CN:8 DL:2.2MiB ETA:33m23s]
[#b7eb6c 5.4GiB/9.9GiB(55%) CN:8 DL:2.2MiB ETA:33m30s]
[#b7eb6c 5.4GiB/9.9GiB(55%) CN:8 DL:2.2MiB ETA:33m42s]
[#b7eb6c 5.5GiB/9.9GiB(55%) CN:8 DL:2.2MiB ETA:34m]
[#b7eb6c 5.5GiB/9.9GiB(55%) CN:8 DL:2.2MiB ETA:33m41s]
[#b7eb6c 5.5GiB/9.9GiB(55%) CN:8 DL:2.2MiB ETA:33m41s]
[#b7eb6c 5.5GiB/9.9GiB(55%) CN:8 DL:2.2MiB ETA:33m36s]
[#b7eb6c 5.5GiB/9.9GiB(55%) CN:8 DL:2.2MiB ETA:34m4s]
[#b7eb6c 5.5GiB/9.9GiB(55%) CN:8 DL:2.2MiB ETA:33m46s]
[#b7eb6c 5.5GiB/9.9GiB(55%) CN:8 DL:2.2MiB ETA:33m49s]
[#b7eb6c 5.5GiB/9.9GiB(55%) CN:8 DL:2.2MiB ETA:33m46s]
[#b7eb6c 5.5GiB/9.9GiB(55%) CN:8 DL:2.2MiB ETA:33m33s]
[#b7eb6c 5.5GiB/9.9GiB(55%) CN:8 DL:2.2MiB ETA:33m45s]
[#b7eb6c 5.5GiB/9.9GiB(55%) CN:8 DL:2.2MiB ETA:33m19s]
[#b7eb6c 5.5GiB/9.9GiB(55%) CN:8 DL:2.2MiB ETA:33m41s]
[#b7eb6c 5.5GiB/9.9GiB(55%) CN:8 DL:2.2MiB ETA:33m31s]
[#b7eb6c 5.5GiB/9.9GiB(55%) CN:8 DL:2.1MiB ETA:34m19s]
[#b7eb6c 5.5GiB/9.9GiB(55%) CN:8 DL:2.2MiB ETA:33m54s]
[#b7eb6c 5.5GiB/9.9GiB(55%) CN:8 DL:2.2MiB ETA:33m55s]
[#b7eb6c 5.5GiB/9.9GiB(55%) CN:8 DL:2.2MiB ETA:33m52s]
[#b7eb6c 5.5GiB/9.9GiB(55%) CN:8 DL:2.1MiB ETA:34m3s]
[#b7eb6c 5.5GiB/9.9GiB(55%) CN:8 DL:2.2MiB ETA:33m51s]
[#b7eb6c 5.5GiB/9.9GiB(55%) CN:8 DL:2.2MiB ETA:33m40s]
[#b7eb6c 5.5GiB/9.9GiB(55%) CN:8 DL:2.2MiB ETA:33m45s]
[#b7eb6c 5.5GiB/9.9GiB(55%) CN:8 DL:2.2MiB ETA:33m17s]
[#b7eb6c 5.5GiB/9.9GiB(55%) CN:8 DL:2.1MiB ETA:33m51s]
[#b7eb6c 5.5GiB/9.9GiB(55%) CN:8 DL:2.2MiB ETA:33m28s]
[#b7eb6c 5.5GiB/9.9GiB(56%) CN:8 DL:2.2MiB ETA:33m17s]
 *** Download Progress Summary as of Sun Sep 13 12:51:22 2026 *** 
===============================================================================
[#b7eb6c 5.5GiB/9.9GiB(56%) CN:8 DL:2.2MiB ETA:33m42s]
FILE: /home/cosmosapjw/.cache/htt-r9/sdss_pv_zenodo_6824749/mocks.tar.gz.partial
-------------------------------------------------------------------------------

[#b7eb6c 5.5GiB/9.9GiB(56%) CN:8 DL:2.2MiB ETA:33m42s]
[#b7eb6c 5.5GiB/9.9GiB(56%) CN:8 DL:2.2MiB ETA:33m11s]
[#b7eb6c 5.5GiB/9.9GiB(56%) CN:8 DL:2.2MiB ETA:33m11s]
[#b7eb6c 5.5GiB/9.9GiB(56%) CN:8 DL:2.2MiB ETA:33m16s]
[#b7eb6c 5.5GiB/9.9GiB(56%) CN:8 DL:2.2MiB ETA:33m19s]
[#b7eb6c 5.5GiB/9.9GiB(56%) CN:8 DL:2.2MiB ETA:33m13s]
[#b7eb6c 5.5GiB/9.9GiB(56%) CN:8 DL:2.2MiB ETA:33m13s]
[#b7eb6c 5.5GiB/9.9GiB(56%) CN:8 DL:2.2MiB ETA:33m31s]
[#b7eb6c 5.5GiB/9.9GiB(56%) CN:8 DL:2.2MiB ETA:33m8s]
[#b7eb6c 5.5GiB/9.9GiB(56%) CN:8 DL:2.2MiB ETA:33m26s]
[#b7eb6c 5.5GiB/9.9GiB(56%) CN:8 DL:2.2MiB ETA:33m4s]
[#b7eb6c 5.5GiB/9.9GiB(56%) CN:8 DL:2.2MiB ETA:33m5s]
[#b7eb6c 5.5GiB/9.9GiB(56%) CN:8 DL:2.2MiB ETA:32m20s]
[#b7eb6c 5.5GiB/9.9GiB(56%) CN:8 DL:2.2MiB ETA:33m]
[#b7eb6c 5.5GiB/9.9GiB(56%) CN:8 DL:2.1MiB ETA:33m49s]
[#b7eb6c 5.5GiB/9.9GiB(56%) CN:8 DL:2.2MiB ETA:33m28s]
[#b7eb6c 5.5GiB/9.9GiB(56%) CN:8 DL:2.2MiB ETA:33m24s]
[#b7eb6c 5.5GiB/9.9GiB(56%) CN:8 DL:2.2MiB ETA:33m26s]
[#b7eb6c 5.5GiB/9.9GiB(56%) CN:8 DL:2.2MiB ETA:33m26s]
[#b7eb6c 5.5GiB/9.9GiB(56%) CN:8 DL:2.2MiB ETA:33m21s]
[#b7eb6c 5.5GiB/9.9GiB(56%) CN:8 DL:2.2MiB ETA:33m26s]
[#b7eb6c 5.5GiB/9.9GiB(56%) CN:8 DL:2.2MiB ETA:32m55s]
[#b7eb6c 5.6GiB/9.9GiB(56%) CN:8 DL:2.2MiB ETA:33m22s]
[#b7eb6c 5.6GiB/9.9GiB(56%) CN:8 DL:2.1MiB ETA:33m43s]
[#b7eb6c 5.6GiB/9.9GiB(56%) CN:8 DL:2.2MiB ETA:32m51s]
[#b7eb6c 5.6GiB/9.9GiB(56%) CN:8 DL:2.2MiB ETA:32m45s]
[#b7eb6c 5.6GiB/9.9GiB(56%) CN:8 DL:2.2MiB ETA:32m43s]
[#b7eb6c 5.6GiB/9.9GiB(56%) CN:8 DL:2.2MiB ETA:32m47s]
[#b7eb6c 5.6GiB/9.9GiB(56%) CN:8 DL:2.2MiB ETA:32m40s]
[#b7eb6c 5.6GiB/9.9GiB(56%) CN:8 DL:2.2MiB ETA:32m40s]
[#b7eb6c 5.6GiB/9.9GiB(56%) CN:8 DL:2.2MiB ETA:32m10s]
[#b7eb6c 5.6GiB/9.9GiB(56%) CN:8 DL:2.2MiB ETA:32m38s]
[#b7eb6c 5.6GiB/9.9GiB(56%) CN:8 DL:2.2MiB ETA:32m40s]
[#b7eb6c 5.6GiB/9.9GiB(56%) CN:8 DL:2.2MiB ETA:33m10s]
[#b7eb6c 5.6GiB/9.9GiB(56%) CN:8 DL:2.2MiB ETA:31m52s]
[#b7eb6c 5.6GiB/9.9GiB(56%) CN:8 DL:2.2MiB ETA:32m33s]
[#b7eb6c 5.6GiB/9.9GiB(56%) CN:8 DL:2.2MiB ETA:32m38s]
[#b7eb6c 5.6GiB/9.9GiB(56%) CN:8 DL:2.2MiB ETA:32m39s]
[#b7eb6c 5.6GiB/9.9GiB(56%) CN:8 DL:2.1MiB ETA:33m36s]
[#b7eb6c 5.6GiB/9.9GiB(56%) CN:8 DL:2.1MiB ETA:33m35s]
[#b7eb6c 5.6GiB/9.9GiB(56%) CN:8 DL:2.1MiB ETA:34m7s]
[#b7eb6c 5.6GiB/9.9GiB(56%) CN:8 DL:2.1MiB ETA:34m11s]
[#b7eb6c 5.6GiB/9.9GiB(56%) CN:8 DL:2.1MiB ETA:34m6s]
[#b7eb6c 5.6GiB/9.9GiB(56%) CN:8 DL:2.0MiB ETA:34m58s]
[#b7eb6c 5.6GiB/9.9GiB(56%) CN:8 DL:2.2MiB ETA:33m]
[#b7eb6c 5.6GiB/9.9GiB(57%) CN:8 DL:2.1MiB ETA:34m7s]
[#b7eb6c 5.6GiB/9.9GiB(57%) CN:8 DL:2.1MiB ETA:33m59s]
[#b7eb6c 5.6GiB/9.9GiB(57%) CN:8 DL:2.1MiB ETA:33m16s]
[#b7eb6c 5.6GiB/9.9GiB(57%) CN:8 DL:2.2MiB ETA:32m29s]
[#b7eb6c 5.6GiB/9.9GiB(57%) CN:8 DL:2.2MiB ETA:32m28s]
[#b7eb6c 5.6GiB/9.9GiB(57%) CN:8 DL:2.2MiB ETA:32m18s]
[#b7eb6c 5.6GiB/9.9GiB(57%) CN:8 DL:2.2MiB ETA:32m19s]
[#b7eb6c 5.6GiB/9.9GiB(57%) CN:8 DL:2.2MiB ETA:32m41s]
[#b7eb6c 5.6GiB/9.9GiB(57%) CN:8 DL:2.2MiB ETA:32m24s]
[#b7eb6c 5.6GiB/9.9GiB(57%) CN:8 DL:2.2MiB ETA:32m25s]
[#b7eb6c 5.6GiB/9.9GiB(57%) CN:8 DL:2.2MiB ETA:32m19s]
[#b7eb6c 5.6GiB/9.9GiB(57%) CN:8 DL:2.1MiB ETA:32m55s]
[#b7eb6c 5.6GiB/9.9GiB(57%) CN:8 DL:2.2MiB ETA:32m24s]
[#b7eb6c 5.6GiB/9.9GiB(57%) CN:8 DL:2.2MiB ETA:32m21s]
[#b7eb6c 5.6GiB/9.9GiB(57%) CN:8 DL:2.2MiB ETA:32m15s]
[#b7eb6c 5.6GiB/9.9GiB(57%) CN:8 DL:2.2MiB ETA:32m20s]
 *** Download Progress Summary as of Sun Sep 13 12:52:23 2026 *** 
===============================================================================
[#b7eb6c 5.6GiB/9.9GiB(57%) CN:8 DL:2.2MiB ETA:31m34s]
FILE: /home/cosmosapjw/.cache/htt-r9/sdss_pv_zenodo_6824749/mocks.tar.gz.partial
-------------------------------------------------------------------------------

[#b7eb6c 5.6GiB/9.9GiB(57%) CN:8 DL:2.2MiB ETA:31m34s]
[#b7eb6c 5.6GiB/9.9GiB(57%) CN:8 DL:2.2MiB ETA:32m10s]
[#b7eb6c 5.6GiB/9.9GiB(57%) CN:8 DL:2.2MiB ETA:32m8s]
[#b7eb6c 5.6GiB/9.9GiB(57%) CN:8 DL:2.2MiB ETA:32m7s]
[#b7eb6c 5.6GiB/9.9GiB(57%) CN:8 DL:2.2MiB ETA:32m5s]
[#b7eb6c 5.6GiB/9.9GiB(57%) CN:8 DL:2.2MiB ETA:31m42s]
[#b7eb6c 5.6GiB/9.9GiB(57%) CN:8 DL:2.2MiB ETA:32m]
[#b7eb6c 5.7GiB/9.9GiB(57%) CN:8 DL:2.2MiB ETA:32m6s]
[#b7eb6c 5.7GiB/9.9GiB(57%) CN:8 DL:2.2MiB ETA:31m49s]
[#b7eb6c 5.7GiB/9.9GiB(57%) CN:8 DL:2.2MiB ETA:32m5s]
[#b7eb6c 5.7GiB/9.9GiB(57%) CN:8 DL:2.2MiB ETA:31m47s]
[#b7eb6c 5.7GiB/9.9GiB(57%) CN:8 DL:2.2MiB ETA:32m]
[#b7eb6c 5.7GiB/9.9GiB(57%) CN:8 DL:2.2MiB ETA:32m]
[#b7eb6c 5.7GiB/9.9GiB(57%) CN:8 DL:2.2MiB ETA:32m2s]
[#b7eb6c 5.7GiB/9.9GiB(57%) CN:8 DL:2.2MiB ETA:32m]
[#b7eb6c 5.7GiB/9.9GiB(57%) CN:8 DL:2.2MiB ETA:31m59s]
[#b7eb6c 5.7GiB/9.9GiB(57%) CN:8 DL:2.2MiB ETA:31m59s]
[#b7eb6c 5.7GiB/9.9GiB(57%) CN:8 DL:2.2MiB ETA:31m56s]
[#b7eb6c 5.7GiB/9.9GiB(57%) CN:8 DL:2.2MiB ETA:31m55s]
[#b7eb6c 5.7GiB/9.9GiB(57%) CN:8 DL:2.2MiB ETA:31m52s]
[#b7eb6c 5.7GiB/9.9GiB(57%) CN:8 DL:2.2MiB ETA:31m49s]
[#b7eb6c 5.7GiB/9.9GiB(57%) CN:8 DL:2.2MiB ETA:31m47s]
[#b7eb6c 5.7GiB/9.9GiB(57%) CN:8 DL:2.2MiB ETA:31m47s]
[#b7eb6c 5.7GiB/9.9GiB(57%) CN:8 DL:2.2MiB ETA:31m50s]
[#b7eb6c 5.7GiB/9.9GiB(57%) CN:8 DL:2.2MiB ETA:31m53s]
[#b7eb6c 5.7GiB/9.9GiB(57%) CN:8 DL:2.2MiB ETA:31m50s]
[#b7eb6c 5.7GiB/9.9GiB(57%) CN:8 DL:2.2MiB ETA:31m46s]
[#b7eb6c 5.7GiB/9.9GiB(57%) CN:8 DL:2.2MiB ETA:31m47s]
[#b7eb6c 5.7GiB/9.9GiB(57%) CN:8 DL:2.2MiB ETA:31m49s]
[#b7eb6c 5.7GiB/9.9GiB(57%) CN:8 DL:2.2MiB ETA:31m50s]
[#b7eb6c 5.7GiB/9.9GiB(58%) CN:8 DL:2.2MiB ETA:31m50s]
[#b7eb6c 5.7GiB/9.9GiB(58%) CN:8 DL:2.2MiB ETA:31m46s]
[#b7eb6c 5.7GiB/9.9GiB(58%) CN:8 DL:2.2MiB ETA:31m52s]
[#b7eb6c 5.7GiB/9.9GiB(58%) CN:8 DL:2.3MiB ETA:30m43s]
[#b7eb6c 5.7GiB/9.9GiB(58%) CN:8 DL:2.2MiB ETA:31m46s]
[#b7eb6c 5.7GiB/9.9GiB(58%) CN:8 DL:2.2MiB ETA:31m52s]
[#b7eb6c 5.7GiB/9.9GiB(58%) CN:8 DL:2.2MiB ETA:31m52s]
[#b7eb6c 5.7GiB/9.9GiB(58%) CN:8 DL:2.2MiB ETA:31m47s]
[#b7eb6c 5.7GiB/9.9GiB(58%) CN:8 DL:2.2MiB ETA:31m52s]
[#b7eb6c 5.7GiB/9.9GiB(58%) CN:8 DL:2.2MiB ETA:31m53s]
[#b7eb6c 5.7GiB/9.9GiB(58%) CN:8 DL:2.2MiB ETA:30m51s]
[#b7eb6c 5.7GiB/9.9GiB(58%) CN:8 DL:2.2MiB ETA:31m57s]
[#b7eb6c 5.7GiB/9.9GiB(58%) CN:8 DL:2.2MiB ETA:31m54s]
[#b7eb6c 5.7GiB/9.9GiB(58%) CN:8 DL:2.1MiB ETA:32m40s]
[#b7eb6c 5.7GiB/9.9GiB(58%) CN:8 DL:2.2MiB ETA:31m44s]
[#b7eb6c 5.7GiB/9.9GiB(58%) CN:8 DL:2.2MiB ETA:31m42s]
[#b7eb6c 5.7GiB/9.9GiB(58%) CN:8 DL:2.2MiB ETA:31m37s]
[#b7eb6c 5.7GiB/9.9GiB(58%) CN:8 DL:2.2MiB ETA:31m36s]
[#b7eb6c 5.7GiB/9.9GiB(58%) CN:8 DL:2.2MiB ETA:31m25s]
[#b7eb6c 5.7GiB/9.9GiB(58%) CN:8 DL:2.2MiB ETA:31m37s]
[#b7eb6c 5.7GiB/9.9GiB(58%) CN:8 DL:2.2MiB ETA:31m18s]
[#b7eb6c 5.7GiB/9.9GiB(58%) CN:8 DL:2.2MiB ETA:31m27s]
[#b7eb6c 5.7GiB/9.9GiB(58%) CN:8 DL:2.2MiB ETA:31m14s]
[#b7eb6c 5.7GiB/9.9GiB(58%) CN:8 DL:2.2MiB ETA:31m16s]
[#b7eb6c 5.8GiB/9.9GiB(58%) CN:8 DL:2.2MiB ETA:31m21s]
[#b7eb6c 5.8GiB/9.9GiB(58%) CN:8 DL:2.1MiB ETA:31m57s]
[#b7eb6c 5.8GiB/9.9GiB(58%) CN:8 DL:2.1MiB ETA:32m19s]
[#b7eb6c 5.8GiB/9.9GiB(58%) CN:8 DL:2.1MiB ETA:32m38s]
[#b7eb6c 5.8GiB/9.9GiB(58%) CN:8 DL:2.1MiB ETA:32m46s]
[#b7eb6c 5.8GiB/9.9GiB(58%) CN:8 DL:2.1MiB ETA:32m50s]
[#b7eb6c 5.8GiB/9.9GiB(58%) CN:8 DL:1.8MiB ETA:36m54s]
 *** Download Progress Summary as of Sun Sep 13 12:53:23 2026 *** 
===============================================================================
[#b7eb6c 5.8GiB/9.9GiB(58%) CN:8 DL:1.6MiB ETA:42m16s]
FILE: /home/cosmosapjw/.cache/htt-r9/sdss_pv_zenodo_6824749/mocks.tar.gz.partial
-------------------------------------------------------------------------------

[#b7eb6c 5.8GiB/9.9GiB(58%) CN:8 DL:1.6MiB ETA:42m16s]
[#b7eb6c 5.8GiB/9.9GiB(58%) CN:8 DL:1.4MiB ETA:49m16s]
[#b7eb6c 5.8GiB/9.9GiB(58%) CN:8 DL:1.2MiB ETA:57m58s]
[#b7eb6c 5.8GiB/9.9GiB(58%) CN:8 DL:0.9MiB ETA:1h11m30s]
[#b7eb6c 5.8GiB/9.9GiB(58%) CN:8 DL:787KiB ETA:1h30m55s]
[#b7eb6c 5.8GiB/9.9GiB(58%) CN:8 DL:567KiB ETA:2h6m18s]
[#b7eb6c 5.8GiB/9.9GiB(58%) CN:8 DL:319KiB ETA:3h44m5s]
[#b7eb6c 5.8GiB/9.9GiB(58%) CN:8 DL:88KiB ETA:13h29m15s]
[#b7eb6c 5.8GiB/9.9GiB(58%) CN:8 DL:498B ETA:2455h6m35s]
[#b7eb6c 5.8GiB/9.9GiB(58%) CN:8 DL:363B ETA:3368h10m2s]
[#b7eb6c 5.8GiB/9.9GiB(58%) CN:8 DL:286B ETA:4274h58m53s]
[#b7eb6c 5.8GiB/9.9GiB(58%) CN:8 DL:236B ETA:5180h41m52s]
[#b7eb6c 5.8GiB/9.9GiB(58%) CN:8 DL:200B ETA:6113h13m24s]
[#b7eb6c 5.8GiB/9.9GiB(58%) CN:8 DL:174B ETA:7026h41m37s]
[#b7eb6c 5.8GiB/9.9GiB(58%) CN:8 DL:154B ETA:7939h15m4s]
[#b7eb6c 5.8GiB/9.9GiB(58%) CN:8 DL:138B ETA:8859h44m39s]
[#b7eb6c 5.8GiB/9.9GiB(58%) CN:8 DL:0B]
[#b7eb6c 5.8GiB/9.9GiB(58%) CN:8 DL:0B]
[#b7eb6c 5.8GiB/9.9GiB(58%) CN:8 DL:0B]
[#b7eb6c 5.8GiB/9.9GiB(58%) CN:8 DL:0B]
[#b7eb6c 5.8GiB/9.9GiB(58%) CN:8 DL:0B]
[#b7eb6c 5.8GiB/9.9GiB(58%) CN:8 DL:0B]
[#b7eb6c 5.8GiB/9.9GiB(58%) CN:8 DL:0B]
[#b7eb6c 5.8GiB/9.9GiB(58%) CN:8 DL:0B]
[#b7eb6c 5.8GiB/9.9GiB(58%) CN:8 DL:0B]
[#b7eb6c 5.8GiB/9.9GiB(58%) CN:8 DL:0B]
[#b7eb6c 5.8GiB/9.9GiB(58%) CN:8 DL:0B]
[#b7eb6c 5.8GiB/9.9GiB(58%) CN:8 DL:0B]
[#b7eb6c 5.8GiB/9.9GiB(58%) CN:8 DL:0B]
[#b7eb6c 5.8GiB/9.9GiB(58%) CN:8 DL:0B]
[#b7eb6c 5.8GiB/9.9GiB(58%) CN:8 DL:0B]
[#b7eb6c 5.8GiB/9.9GiB(58%) CN:8 DL:0B]
[#b7eb6c 5.8GiB/9.9GiB(58%) CN:8 DL:0B]
[#b7eb6c 5.8GiB/9.9GiB(58%) CN:8 DL:0B]
[#b7eb6c 5.8GiB/9.9GiB(58%) CN:8 DL:0B]
[#b7eb6c 5.8GiB/9.9GiB(58%) CN:8 DL:0B]
[#b7eb6c 5.8GiB/9.9GiB(58%) CN:8 DL:0B]
[#b7eb6c 5.8GiB/9.9GiB(58%) CN:8 DL:0B]
[#b7eb6c 5.8GiB/9.9GiB(58%) CN:8 DL:0B]
[#b7eb6c 5.8GiB/9.9GiB(58%) CN:8 DL:0B]
[#b7eb6c 5.8GiB/9.9GiB(58%) CN:8 DL:0B]
[#b7eb6c 5.8GiB/9.9GiB(58%) CN:8 DL:0B]
[#b7eb6c 5.8GiB/9.9GiB(58%) CN:8 DL:0B]
[#b7eb6c 5.8GiB/9.9GiB(58%) CN:8 DL:0B]
[#b7eb6c 5.8GiB/9.9GiB(58%) CN:8 DL:0B]
[#b7eb6c 5.8GiB/9.9GiB(58%) CN:8 DL:0B]
[#b7eb6c 5.8GiB/9.9GiB(58%) CN:8 DL:0B]
[#b7eb6c 5.8GiB/9.9GiB(58%) CN:8 DL:0B]
[#b7eb6c 5.8GiB/9.9GiB(58%) CN:8 DL:0B]
[#b7eb6c 5.8GiB/9.9GiB(58%) CN:8 DL:0B]
[#b7eb6c 5.8GiB/9.9GiB(58%) CN:8 DL:0B]
[#b7eb6c 5.8GiB/9.9GiB(58%) CN:8 DL:0B]
[#b7eb6c 5.8GiB/9.9GiB(58%) CN:8 DL:0B]
[#b7eb6c 5.8GiB/9.9GiB(58%) CN:8 DL:0B]
[#b7eb6c 5.8GiB/9.9GiB(58%) CN:8 DL:0B]
[#b7eb6c 5.8GiB/9.9GiB(58%) CN:8 DL:0B]
[#b7eb6c 5.8GiB/9.9GiB(58%) CN:8 DL:0B]
[#b7eb6c 5.8GiB/9.9GiB(58%) CN:8 DL:0B]
[#b7eb6c 5.8GiB/9.9GiB(58%) CN:8 DL:0B]

09/13 12:54:22 [[1;31mERROR[0m] CUID#9 - Download aborted. URI=https://zenodo.org/api/records/6824749/files/mocks.tar.gz/content
Exception: [AbstractCommand.cc:340] errorCode=2 Timeout.
[#b7eb6c 5.8GiB/9.9GiB(58%) CN:7 DL:44KiB ETA:26h58m2s]
 *** Download Progress Summary as of Sun Sep 13 12:54:24 2026 *** 
===============================================================================
[#b7eb6c 5.8GiB/9.9GiB(58%) CN:7 DL:356KiB ETA:3h20m43s]
FILE: /home/cosmosapjw/.cache/htt-r9/sdss_pv_zenodo_6824749/mocks.tar.gz.partial
-------------------------------------------------------------------------------

[#b7eb6c 5.8GiB/9.9GiB(58%) CN:7 DL:356KiB ETA:3h20m43s]
[#b7eb6c 5.8GiB/9.9GiB(58%) CN:7 DL:519KiB ETA:2h17m49s]
[#b7eb6c 5.8GiB/9.9GiB(58%) CN:7 DL:828KiB ETA:1h26m24s]
[#b7eb6c 5.8GiB/9.9GiB(58%) CN:7 DL:0.9MiB ETA:1h10m47s]
[#b7eb6c 5.8GiB/9.9GiB(58%) CN:7 DL:1.0MiB ETA:1h9m23s]
[#b7eb6c 5.8GiB/9.9GiB(58%) CN:7 DL:1.0MiB ETA:1h3m47s]
[#b7eb6c 5.8GiB/9.9GiB(58%) CN:7 DL:1.2MiB ETA:56m56s]
[#b7eb6c 5.8GiB/9.9GiB(58%) CN:7 DL:1.3MiB ETA:53m10s]
[#b7eb6c 5.8GiB/9.9GiB(58%) CN:7 DL:1.4MiB ETA:49m19s]
[#b7eb6c 5.8GiB/9.9GiB(58%) CN:7 DL:1.5MiB ETA:43m40s]
[#b7eb6c 5.8GiB/9.9GiB(58%) CN:7 DL:1.7MiB ETA:39m44s]
[#b7eb6c 5.8GiB/9.9GiB(58%) CN:7 DL:1.8MiB ETA:37m7s]
[#b7eb6c 5.8GiB/9.9GiB(58%) CN:7 DL:1.8MiB ETA:37m2s]
[#b7eb6c 5.8GiB/9.9GiB(58%) CN:7 DL:1.9MiB ETA:35m39s]
[#b7eb6c 5.8GiB/9.9GiB(58%) CN:7 DL:2.0MiB ETA:34m42s]
[#b7eb6c 5.8GiB/9.9GiB(58%) CN:7 DL:2.0MiB ETA:34m37s]
[#b7eb6c 5.8GiB/9.9GiB(58%) CN:7 DL:2.0MiB ETA:34m26s]
[#b7eb6c 5.8GiB/9.9GiB(58%) CN:7 DL:1.9MiB ETA:35m5s]
[#b7eb6c 5.8GiB/9.9GiB(58%) CN:7 DL:1.9MiB ETA:34m46s]
[#b7eb6c 5.8GiB/9.9GiB(58%) CN:7 DL:1.9MiB ETA:34m54s]
[#b7eb6c 5.8GiB/9.9GiB(59%) CN:7 DL:1.9MiB ETA:35m49s]
[#b7eb6c 5.8GiB/9.9GiB(59%) CN:7 DL:1.9MiB ETA:35m19s]
[#b7eb6c 5.8GiB/9.9GiB(59%) CN:7 DL:1.9MiB ETA:34m39s]
[#b7eb6c 5.8GiB/9.9GiB(59%) CN:7 DL:2.0MiB ETA:34m17s]
[#b7eb6c 5.8GiB/9.9GiB(59%) CN:7 DL:2.0MiB ETA:34m2s]
[#b7eb6c 5.8GiB/9.9GiB(59%) CN:7 DL:2.0MiB ETA:34m10s]
[#b7eb6c 5.8GiB/9.9GiB(59%) CN:7 DL:2.0MiB ETA:34m1s]
[#b7eb6c 5.8GiB/9.9GiB(59%) CN:7 DL:2.0MiB ETA:33m53s]
[#b7eb6c 5.8GiB/9.9GiB(59%) CN:7 DL:2.0MiB ETA:34m17s]
[#b7eb6c 5.8GiB/9.9GiB(59%) CN:7 DL:2.0MiB ETA:34m2s]
[#b7eb6c 5.8GiB/9.9GiB(59%) CN:7 DL:2.0MiB ETA:34m10s]
[#b7eb6c 5.8GiB/9.9GiB(59%) CN:7 DL:2.0MiB ETA:34m11s]
[#b7eb6c 5.8GiB/9.9GiB(59%) CN:7 DL:1.9MiB ETA:34m44s]
[#b7eb6c 5.8GiB/9.9GiB(59%) CN:7 DL:1.9MiB ETA:35m55s]
[#b7eb6c 5.8GiB/9.9GiB(59%) CN:7 DL:1.8MiB ETA:37m4s]
[#b7eb6c 5.8GiB/9.9GiB(59%) CN:7 DL:1.8MiB ETA:37m45s]
[#b7eb6c 5.8GiB/9.9GiB(59%) CN:7 DL:1.8MiB ETA:37m48s]
[#b7eb6c 5.8GiB/9.9GiB(59%) CN:7 DL:1.8MiB ETA:37m42s]
[#b7eb6c 5.8GiB/9.9GiB(59%) CN:7 DL:1.8MiB ETA:37m31s]
[#b7eb6c 5.8GiB/9.9GiB(59%) CN:7 DL:1.8MiB ETA:37m17s]
[#b7eb6c 5.8GiB/9.9GiB(59%) CN:7 DL:1.8MiB ETA:37m12s]
[#b7eb6c 5.8GiB/9.9GiB(59%) CN:7 DL:1.8MiB ETA:36m52s]
[#b7eb6c 5.8GiB/9.9GiB(59%) CN:7 DL:1.9MiB ETA:35m34s]
[#b7eb6c 5.8GiB/9.9GiB(59%) CN:7 DL:1.9MiB ETA:34m30s]
[#b7eb6c 5.8GiB/9.9GiB(59%) CN:7 DL:2.0MiB ETA:33m44s]
[#b7eb6c 5.8GiB/9.9GiB(59%) CN:7 DL:2.0MiB ETA:33m38s]
[#b7eb6c 5.8GiB/9.9GiB(59%) CN:7 DL:2.0MiB ETA:33m52s]
[#b7eb6c 5.9GiB/9.9GiB(59%) CN:7 DL:2.0MiB ETA:34m]
[#b7eb6c 5.9GiB/9.9GiB(59%) CN:7 DL:2.0MiB ETA:33m59s]
[#b7eb6c 5.9GiB/9.9GiB(59%) CN:7 DL:2.0MiB ETA:33m56s]
[#b7eb6c 5.9GiB/9.9GiB(59%) CN:7 DL:2.0MiB ETA:33m58s]
[#b7eb6c 5.9GiB/9.9GiB(59%) CN:7 DL:2.0MiB ETA:33m36s]
[#b7eb6c 5.9GiB/9.9GiB(59%) CN:7 DL:2.0MiB ETA:33m35s]
[#b7eb6c 5.9GiB/9.9GiB(59%) CN:7 DL:2.0MiB ETA:33m43s]
[#b7eb6c 5.9GiB/9.9GiB(59%) CN:7 DL:2.0MiB ETA:33m37s]
[#b7eb6c 5.9GiB/9.9GiB(59%) CN:7 DL:2.0MiB ETA:33m36s]
[#b7eb6c 5.9GiB/9.9GiB(59%) CN:7 DL:2.0MiB ETA:33m34s]
[#b7eb6c 5.9GiB/9.9GiB(59%) CN:7 DL:2.0MiB ETA:33m36s]
[#b7eb6c 5.9GiB/9.9GiB(59%) CN:7 DL:2.0MiB ETA:33m48s]
[#b7eb6c 5.9GiB/9.9GiB(59%) CN:7 DL:2.0MiB ETA:33m40s]
 *** Download Progress Summary as of Sun Sep 13 12:55:25 2026 *** 
===============================================================================
[#b7eb6c 5.9GiB/9.9GiB(59%) CN:7 DL:2.0MiB ETA:33m48s]
FILE: /home/cosmosapjw/.cache/htt-r9/sdss_pv_zenodo_6824749/mocks.tar.gz.partial
-------------------------------------------------------------------------------

[#b7eb6c 5.9GiB/9.9GiB(59%) CN:7 DL:2.0MiB ETA:33m48s]
[#b7eb6c 5.9GiB/9.9GiB(59%) CN:7 DL:1.9MiB ETA:34m10s]
[#b7eb6c 5.9GiB/9.9GiB(59%) CN:7 DL:1.9MiB ETA:34m18s]
[#b7eb6c 5.9GiB/9.9GiB(59%) CN:7 DL:1.9MiB ETA:34m21s]
[#b7eb6c 5.9GiB/9.9GiB(59%) CN:7 DL:1.9MiB ETA:34m22s]
[#b7eb6c 5.9GiB/9.9GiB(59%) CN:7 DL:1.9MiB ETA:34m17s]
[#b7eb6c 5.9GiB/9.9GiB(59%) CN:7 DL:1.9MiB ETA:34m8s]
[#b7eb6c 5.9GiB/9.9GiB(59%) CN:7 DL:1.9MiB ETA:34m12s]
[#b7eb6c 5.9GiB/9.9GiB(59%) CN:7 DL:1.9MiB ETA:34m42s]
[#b7eb6c 5.9GiB/9.9GiB(59%) CN:7 DL:1.9MiB ETA:35m3s]
[#b7eb6c 5.9GiB/9.9GiB(59%) CN:7 DL:1.9MiB ETA:34m34s]
[#b7eb6c 5.9GiB/9.9GiB(60%) CN:7 DL:1.9MiB ETA:34m6s]
[#b7eb6c 5.9GiB/9.9GiB(60%) CN:7 DL:1.9MiB ETA:34m7s]
[#b7eb6c 5.9GiB/9.9GiB(60%) CN:7 DL:1.9MiB ETA:34m5s]
[#b7eb6c 5.9GiB/9.9GiB(60%) CN:7 DL:1.9MiB ETA:34m12s]
[#b7eb6c 5.9GiB/9.9GiB(60%) CN:7 DL:1.9MiB ETA:34m14s]
[#b7eb6c 5.9GiB/9.9GiB(60%) CN:7 DL:1.9MiB ETA:34m11s]
[#b7eb6c 5.9GiB/9.9GiB(60%) CN:7 DL:1.9MiB ETA:34m]
[#b7eb6c 5.9GiB/9.9GiB(60%) CN:7 DL:2.0MiB ETA:33m1s]
[#b7eb6c 5.9GiB/9.9GiB(60%) CN:7 DL:2.0MiB ETA:33m12s]
[#b7eb6c 5.9GiB/9.9GiB(60%) CN:7 DL:2.0MiB ETA:33m12s]
[#b7eb6c 5.9GiB/9.9GiB(60%) CN:7 DL:2.0MiB ETA:33m29s]
[#b7eb6c 5.9GiB/9.9GiB(60%) CN:7 DL:2.0MiB ETA:33m26s]
[#b7eb6c 5.9GiB/9.9GiB(60%) CN:7 DL:2.0MiB ETA:33m24s]
[#b7eb6c 5.9GiB/9.9GiB(60%) CN:7 DL:2.0MiB ETA:33m18s]
[#b7eb6c 5.9GiB/9.9GiB(60%) CN:7 DL:2.0MiB ETA:33m32s]
[#b7eb6c 5.9GiB/9.9GiB(60%) CN:7 DL:1.9MiB ETA:33m37s]
[#b7eb6c 5.9GiB/9.9GiB(60%) CN:7 DL:1.9MiB ETA:33m57s]
[#b7eb6c 5.9GiB/9.9GiB(60%) CN:7 DL:1.9MiB ETA:34m7s]
[#b7eb6c 5.9GiB/9.9GiB(60%) CN:7 DL:1.9MiB ETA:33m54s]
[#b7eb6c 5.9GiB/9.9GiB(60%) CN:7 DL:1.9MiB ETA:33m56s]
[#b7eb6c 5.9GiB/9.9GiB(60%) CN:7 DL:1.9MiB ETA:33m51s]
[#b7eb6c 5.9GiB/9.9GiB(60%) CN:7 DL:1.9MiB ETA:33m46s]
[#b7eb6c 5.9GiB/9.9GiB(60%) CN:7 DL:1.9MiB ETA:33m43s]
[#b7eb6c 5.9GiB/9.9GiB(60%) CN:7 DL:1.9MiB ETA:33m31s]
[#b7eb6c 5.9GiB/9.9GiB(60%) CN:7 DL:2.0MiB ETA:33m24s]
[#b7eb6c 5.9GiB/9.9GiB(60%) CN:7 DL:2.0MiB ETA:33m3s]
[#b7eb6c 5.9GiB/9.9GiB(60%) CN:7 DL:1.9MiB ETA:34m12s]
[#b7eb6c 5.9GiB/9.9GiB(60%) CN:7 DL:1.9MiB ETA:34m48s]
[#b7eb6c 6.0GiB/9.9GiB(60%) CN:7 DL:1.9MiB ETA:33m33s]
[#b7eb6c 6.0GiB/9.9GiB(60%) CN:7 DL:2.1MiB ETA:31m38s]
[#b7eb6c 6.0GiB/9.9GiB(60%) CN:7 DL:2.1MiB ETA:31m13s]
[#b7eb6c 6.0GiB/9.9GiB(60%) CN:7 DL:2.1MiB ETA:30m47s]
[#b7eb6c 6.0GiB/9.9GiB(60%) CN:7 DL:2.1MiB ETA:30m30s]
[#b7eb6c 6.0GiB/9.9GiB(60%) CN:7 DL:2.2MiB ETA:30m12s]
[#b7eb6c 6.0GiB/9.9GiB(60%) CN:7 DL:2.2MiB ETA:29m56s]
[#b7eb6c 6.0GiB/9.9GiB(60%) CN:7 DL:2.2MiB ETA:29m40s]
[#b7eb6c 6.0GiB/9.9GiB(60%) CN:7 DL:2.3MiB ETA:28m22s]
[#b7eb6c 6.0GiB/9.9GiB(60%) CN:7 DL:2.3MiB ETA:28m12s]
[#b7eb6c 6.0GiB/9.9GiB(60%) CN:7 DL:2.3MiB ETA:28m31s]
[#b7eb6c 6.0GiB/9.9GiB(60%) CN:7 DL:2.2MiB ETA:29m42s]
[#b7eb6c 6.0GiB/9.9GiB(60%) CN:7 DL:2.2MiB ETA:29m38s]
[#b7eb6c 6.0GiB/9.9GiB(60%) CN:7 DL:2.2MiB ETA:29m34s]
[#b7eb6c 6.0GiB/9.9GiB(60%) CN:7 DL:2.2MiB ETA:29m34s]
[#b7eb6c 6.0GiB/9.9GiB(60%) CN:7 DL:2.2MiB ETA:29m31s]
[#b7eb6c 6.0GiB/9.9GiB(60%) CN:7 DL:2.2MiB ETA:29m46s]
[#b7eb6c 6.0GiB/9.9GiB(60%) CN:7 DL:2.3MiB ETA:28m31s]
[#b7eb6c 6.0GiB/9.9GiB(60%) CN:7 DL:2.1MiB ETA:30m29s]
[#b7eb6c 6.0GiB/9.9GiB(60%) CN:7 DL:2.2MiB ETA:29m27s]
[#b7eb6c 6.0GiB/9.9GiB(61%) CN:7 DL:2.2MiB ETA:29m14s]
[#b7eb6c 6.0GiB/9.9GiB(61%) CN:7 DL:2.2MiB ETA:29m27s]
 *** Download Progress Summary as of Sun Sep 13 12:56:25 2026 *** 
===============================================================================
[#b7eb6c 6.0GiB/9.9GiB(61%) CN:7 DL:2.2MiB ETA:29m23s]
FILE: /home/cosmosapjw/.cache/htt-r9/sdss_pv_zenodo_6824749/mocks.tar.gz.partial
-------------------------------------------------------------------------------

[#b7eb6c 6.0GiB/9.9GiB(61%) CN:7 DL:2.2MiB ETA:29m23s]
[#b7eb6c 6.0GiB/9.9GiB(61%) CN:7 DL:2.2MiB ETA:29m19s]
[#b7eb6c 6.0GiB/9.9GiB(61%) CN:7 DL:2.2MiB ETA:29m45s]
[#b7eb6c 6.0GiB/9.9GiB(61%) CN:7 DL:2.2MiB ETA:29m16s]
[#b7eb6c 6.0GiB/9.9GiB(61%) CN:7 DL:2.2MiB ETA:29m20s]
[#b7eb6c 6.0GiB/9.9GiB(61%) CN:7 DL:2.2MiB ETA:28m52s]
[#b7eb6c 6.0GiB/9.9GiB(61%) CN:7 DL:2.1MiB ETA:30m20s]
[#b7eb6c 6.0GiB/9.9GiB(61%) CN:7 DL:2.2MiB ETA:29m18s]
[#b7eb6c 6.0GiB/9.9GiB(61%) CN:7 DL:2.2MiB ETA:29m15s]
[#b7eb6c 6.0GiB/9.9GiB(61%) CN:7 DL:2.2MiB ETA:29m33s]
[#b7eb6c 6.0GiB/9.9GiB(61%) CN:7 DL:2.2MiB ETA:29m23s]
[#b7eb6c 6.0GiB/9.9GiB(61%) CN:7 DL:2.2MiB ETA:29m5s]
[#b7eb6c 6.0GiB/9.9GiB(61%) CN:7 DL:2.2MiB ETA:29m22s]
[#b7eb6c 6.0GiB/9.9GiB(61%) CN:7 DL:2.2MiB ETA:29m20s]
[#b7eb6c 6.0GiB/9.9GiB(61%) CN:7 DL:2.2MiB ETA:29m24s]
[#b7eb6c 6.0GiB/9.9GiB(61%) CN:7 DL:2.2MiB ETA:29m7s]
[#b7eb6c 6.0GiB/9.9GiB(61%) CN:7 DL:2.2MiB ETA:29m13s]
[#b7eb6c 6.0GiB/9.9GiB(61%) CN:7 DL:2.2MiB ETA:29m17s]
[#b7eb6c 6.0GiB/9.9GiB(61%) CN:7 DL:2.2MiB ETA:28m56s]
[#b7eb6c 6.0GiB/9.9GiB(61%) CN:7 DL:2.2MiB ETA:29m2s]
[#b7eb6c 6.0GiB/9.9GiB(61%) CN:7 DL:2.2MiB ETA:29m4s]
[#b7eb6c 6.0GiB/9.9GiB(61%) CN:7 DL:2.2MiB ETA:29m]
[#b7eb6c 6.0GiB/9.9GiB(61%) CN:7 DL:2.2MiB ETA:29m13s]
[#b7eb6c 6.1GiB/9.9GiB(61%) CN:7 DL:2.2MiB ETA:29m3s]
[#b7eb6c 6.1GiB/9.9GiB(61%) CN:7 DL:2.2MiB ETA:29m2s]
[#b7eb6c 6.1GiB/9.9GiB(61%) CN:7 DL:2.2MiB ETA:28m52s]
[#b7eb6c 6.1GiB/9.9GiB(61%) CN:7 DL:2.3MiB ETA:27m57s]
[#b7eb6c 6.1GiB/9.9GiB(61%) CN:7 DL:2.2MiB ETA:28m53s]
[#b7eb6c 6.1GiB/9.9GiB(61%) CN:7 DL:2.2MiB ETA:28m52s]
[#b7eb6c 6.1GiB/9.9GiB(61%) CN:7 DL:2.2MiB ETA:28m42s]
[#b7eb6c 6.1GiB/9.9GiB(61%) CN:7 DL:2.2MiB ETA:28m50s]
[#b7eb6c 6.1GiB/9.9GiB(61%) CN:7 DL:2.2MiB ETA:28m35s]
[#b7eb6c 6.1GiB/9.9GiB(61%) CN:7 DL:2.2MiB ETA:28m44s]
[#b7eb6c 6.1GiB/9.9GiB(61%) CN:7 DL:2.2MiB ETA:28m45s]
[#b7eb6c 6.1GiB/9.9GiB(61%) CN:7 DL:2.2MiB ETA:28m38s]
[#b7eb6c 6.1GiB/9.9GiB(61%) CN:7 DL:2.2MiB ETA:28m56s]
[#b7eb6c 6.1GiB/9.9GiB(61%) CN:7 DL:2.2MiB ETA:28m44s]
[#b7eb6c 6.1GiB/9.9GiB(61%) CN:7 DL:2.2MiB ETA:28m12s]
[#b7eb6c 6.1GiB/9.9GiB(61%) CN:7 DL:2.1MiB ETA:29m43s]
[#b7eb6c 6.1GiB/9.9GiB(61%) CN:7 DL:2.3MiB ETA:27m58s]
[#b7eb6c 6.1GiB/9.9GiB(61%) CN:7 DL:2.2MiB ETA:28m47s]
[#b7eb6c 6.1GiB/9.9GiB(61%) CN:7 DL:2.2MiB ETA:28m46s]
[#b7eb6c 6.1GiB/9.9GiB(61%) CN:7 DL:2.2MiB ETA:28m49s]
[#b7eb6c 6.1GiB/9.9GiB(61%) CN:7 DL:2.2MiB ETA:28m49s]
[#b7eb6c 6.1GiB/9.9GiB(62%) CN:7 DL:2.2MiB ETA:28m49s]
[#b7eb6c 6.1GiB/9.9GiB(62%) CN:7 DL:2.2MiB ETA:28m42s]
[#b7eb6c 6.1GiB/9.9GiB(62%) CN:7 DL:2.2MiB ETA:28m49s]
[#b7eb6c 6.1GiB/9.9GiB(62%) CN:7 DL:2.2MiB ETA:28m44s]
[#b7eb6c 6.1GiB/9.9GiB(62%) CN:7 DL:2.2MiB ETA:27m54s]
[#b7eb6c 6.1GiB/9.9GiB(62%) CN:7 DL:2.2MiB ETA:28m40s]
[#b7eb6c 6.1GiB/9.9GiB(62%) CN:7 DL:2.2MiB ETA:28m42s]
[#b7eb6c 6.1GiB/9.9GiB(62%) CN:7 DL:2.2MiB ETA:28m42s]
[#b7eb6c 6.1GiB/9.9GiB(62%) CN:7 DL:2.2MiB ETA:28m36s]
[#b7eb6c 6.1GiB/9.9GiB(62%) CN:7 DL:2.2MiB ETA:28m35s]
[#b7eb6c 6.1GiB/9.9GiB(62%) CN:7 DL:2.2MiB ETA:28m31s]
[#b7eb6c 6.1GiB/9.9GiB(62%) CN:7 DL:2.2MiB ETA:28m31s]
[#b7eb6c 6.1GiB/9.9GiB(62%) CN:7 DL:2.2MiB ETA:28m29s]
[#b7eb6c 6.1GiB/9.9GiB(62%) CN:7 DL:2.2MiB ETA:28m39s]
[#b7eb6c 6.1GiB/9.9GiB(62%) CN:7 DL:2.2MiB ETA:28m27s]
[#b7eb6c 6.1GiB/9.9GiB(62%) CN:7 DL:2.2MiB ETA:28m21s]
[#b7eb6c 6.1GiB/9.9GiB(62%) CN:7 DL:2.2MiB ETA:28m18s]
 *** Download Progress Summary as of Sun Sep 13 12:57:26 2026 *** 
===============================================================================
[#b7eb6c 6.1GiB/9.9GiB(62%) CN:7 DL:2.2MiB ETA:28m19s]
FILE: /home/cosmosapjw/.cache/htt-r9/sdss_pv_zenodo_6824749/mocks.tar.gz.partial
-------------------------------------------------------------------------------

[#b7eb6c 6.1GiB/9.9GiB(62%) CN:7 DL:2.2MiB ETA:28m19s]
[#b7eb6c 6.1GiB/9.9GiB(62%) CN:7 DL:2.2MiB ETA:28m18s]
[#b7eb6c 6.1GiB/9.9GiB(62%) CN:7 DL:2.2MiB ETA:28m17s]
[#b7eb6c 6.1GiB/9.9GiB(62%) CN:7 DL:2.2MiB ETA:28m16s]
[#b7eb6c 6.1GiB/9.9GiB(62%) CN:7 DL:2.2MiB ETA:28m6s]
[#b7eb6c 6.1GiB/9.9GiB(62%) CN:7 DL:2.2MiB ETA:28m14s]
[#b7eb6c 6.1GiB/9.9GiB(62%) CN:7 DL:2.3MiB ETA:27m32s]
[#b7eb6c 6.1GiB/9.9GiB(62%) CN:7 DL:2.2MiB ETA:28m18s]
[#b7eb6c 6.2GiB/9.9GiB(62%) CN:7 DL:2.2MiB ETA:28m14s]
[#b7eb6c 6.2GiB/9.9GiB(62%) CN:7 DL:2.2MiB ETA:28m12s]
[#b7eb6c 6.2GiB/9.9GiB(62%) CN:7 DL:2.2MiB ETA:28m12s]
[#b7eb6c 6.2GiB/9.9GiB(62%) CN:7 DL:2.2MiB ETA:28m13s]
[#b7eb6c 6.2GiB/9.9GiB(62%) CN:7 DL:2.2MiB ETA:28m9s]
[#b7eb6c 6.2GiB/9.9GiB(62%) CN:7 DL:2.2MiB ETA:27m44s]
[#b7eb6c 6.2GiB/9.9GiB(62%) CN:7 DL:2.2MiB ETA:28m29s]
[#b7eb6c 6.2GiB/9.9GiB(62%) CN:7 DL:2.2MiB ETA:27m49s]
[#b7eb6c 6.2GiB/9.9GiB(62%) CN:7 DL:2.1MiB ETA:28m49s]
[#b7eb6c 6.2GiB/9.9GiB(62%) CN:7 DL:2.3MiB ETA:27m14s]
[#b7eb6c 6.2GiB/9.9GiB(62%) CN:7 DL:2.1MiB ETA:28m45s]
[#b7eb6c 6.2GiB/9.9GiB(62%) CN:7 DL:2.2MiB ETA:27m59s]
[#b7eb6c 6.2GiB/9.9GiB(62%) CN:7 DL:2.2MiB ETA:27m57s]
[#b7eb6c 6.2GiB/9.9GiB(62%) CN:7 DL:2.2MiB ETA:27m58s]
[#b7eb6c 6.2GiB/9.9GiB(62%) CN:7 DL:2.2MiB ETA:28m6s]
[#b7eb6c 6.2GiB/9.9GiB(62%) CN:7 DL:2.2MiB ETA:28m1s]
[#b7eb6c 6.2GiB/9.9GiB(62%) CN:7 DL:2.1MiB ETA:29m]
[#b7eb6c 6.2GiB/9.9GiB(62%) CN:7 DL:2.2MiB ETA:28m9s]
[#b7eb6c 6.2GiB/9.9GiB(62%) CN:7 DL:2.2MiB ETA:28m5s]
[#b7eb6c 6.2GiB/9.9GiB(62%) CN:7 DL:2.2MiB ETA:28m1s]
[#b7eb6c 6.2GiB/9.9GiB(62%) CN:7 DL:2.2MiB ETA:28m1s]
[#b7eb6c 6.2GiB/9.9GiB(63%) CN:7 DL:2.2MiB ETA:28m]
[#b7eb6c 6.2GiB/9.9GiB(63%) CN:7 DL:2.2MiB ETA:27m59s]
[#b7eb6c 6.2GiB/9.9GiB(63%) CN:7 DL:2.1MiB ETA:29m1s]
[#b7eb6c 6.2GiB/9.9GiB(63%) CN:7 DL:2.2MiB ETA:28m9s]
[#b7eb6c 6.2GiB/9.9GiB(63%) CN:7 DL:2.2MiB ETA:28m6s]
[#b7eb6c 6.2GiB/9.9GiB(63%) CN:7 DL:2.2MiB ETA:28m8s]
[#b7eb6c 6.2GiB/9.9GiB(63%) CN:7 DL:2.2MiB ETA:28m5s]
[#b7eb6c 6.2GiB/9.9GiB(63%) CN:7 DL:2.2MiB ETA:28m3s]
[#b7eb6c 6.2GiB/9.9GiB(63%) CN:7 DL:2.2MiB ETA:28m15s]
[#b7eb6c 6.2GiB/9.9GiB(63%) CN:7 DL:2.2MiB ETA:28m2s]
[#b7eb6c 6.2GiB/9.9GiB(63%) CN:7 DL:2.2MiB ETA:28m7s]
[#b7eb6c 6.2GiB/9.9GiB(63%) CN:7 DL:2.2MiB ETA:28m2s]
[#b7eb6c 6.2GiB/9.9GiB(63%) CN:7 DL:2.2MiB ETA:27m47s]
[#b7eb6c 6.2GiB/9.9GiB(63%) CN:7 DL:2.2MiB ETA:27m53s]
[#b7eb6c 6.2GiB/9.9GiB(63%) CN:7 DL:2.2MiB ETA:27m48s]
[#b7eb6c 6.2GiB/9.9GiB(63%) CN:7 DL:2.2MiB ETA:27m44s]
[#b7eb6c 6.2GiB/9.9GiB(63%) CN:7 DL:2.2MiB ETA:27m47s]
[#b7eb6c 6.2GiB/9.9GiB(63%) CN:7 DL:2.2MiB ETA:27m42s]
[#b7eb6c 6.2GiB/9.9GiB(63%) CN:7 DL:2.2MiB ETA:28m4s]
[#b7eb6c 6.2GiB/9.9GiB(63%) CN:7 DL:2.2MiB ETA:27m45s]
[#b7eb6c 6.2GiB/9.9GiB(63%) CN:7 DL:2.1MiB ETA:28m47s]
[#b7eb6c 6.2GiB/9.9GiB(63%) CN:7 DL:2.1MiB ETA:29m13s]
[#b7eb6c 6.2GiB/9.9GiB(63%) CN:7 DL:2.0MiB ETA:29m40s]
[#b7eb6c 6.2GiB/9.9GiB(63%) CN:7 DL:2.0MiB ETA:30m2s]
[#b7eb6c 6.2GiB/9.9GiB(63%) CN:7 DL:2.0MiB ETA:30m28s]
[#b7eb6c 6.2GiB/9.9GiB(63%) CN:7 DL:1.9MiB ETA:31m]
[#b7eb6c 6.3GiB/9.9GiB(63%) CN:7 DL:1.9MiB ETA:31m12s]
[#b7eb6c 6.3GiB/9.9GiB(63%) CN:7 DL:1.9MiB ETA:31m19s]
[#b7eb6c 6.3GiB/9.9GiB(63%) CN:7 DL:1.9MiB ETA:31m36s]
[#b7eb6c 6.3GiB/9.9GiB(63%) CN:7 DL:2.0MiB ETA:30m39s]
[#b7eb6c 6.3GiB/9.9GiB(63%) CN:7 DL:2.0MiB ETA:29m48s]
[#b7eb6c 6.3GiB/9.9GiB(63%) CN:7 DL:2.1MiB ETA:29m2s]
 *** Download Progress Summary as of Sun Sep 13 12:58:27 2026 *** 
===============================================================================
[#b7eb6c 6.3GiB/9.9GiB(63%) CN:7 DL:2.1MiB ETA:28m38s]
FILE: /home/cosmosapjw/.cache/htt-r9/sdss_pv_zenodo_6824749/mocks.tar.gz.partial
-------------------------------------------------------------------------------

[#b7eb6c 6.3GiB/9.9GiB(63%) CN:7 DL:2.1MiB ETA:28m38s]
[#b7eb6c 6.3GiB/9.9GiB(63%) CN:7 DL:2.1MiB ETA:28m8s]
[#b7eb6c 6.3GiB/9.9GiB(63%) CN:7 DL:2.2MiB ETA:27m45s]
[#b7eb6c 6.3GiB/9.9GiB(63%) CN:7 DL:2.2MiB ETA:27m26s]
[#b7eb6c 6.3GiB/9.9GiB(63%) CN:7 DL:2.2MiB ETA:27m16s]
[#b7eb6c 6.3GiB/9.9GiB(63%) CN:7 DL:2.1MiB ETA:28m20s]
[#b7eb6c 6.3GiB/9.9GiB(63%) CN:7 DL:2.2MiB ETA:27m23s]
[#b7eb6c 6.3GiB/9.9GiB(63%) CN:7 DL:2.3MiB ETA:26m26s]
[#b7eb6c 6.3GiB/9.9GiB(63%) CN:7 DL:2.2MiB ETA:27m26s]
[#b7eb6c 6.3GiB/9.9GiB(63%) CN:7 DL:2.2MiB ETA:27m20s]
[#b7eb6c 6.3GiB/9.9GiB(63%) CN:7 DL:2.2MiB ETA:27m20s]
[#b7eb6c 6.3GiB/9.9GiB(63%) CN:7 DL:2.2MiB ETA:27m19s]
[#b7eb6c 6.3GiB/9.9GiB(63%) CN:7 DL:2.1MiB ETA:27m49s]
[#b7eb6c 6.3GiB/9.9GiB(63%) CN:7 DL:2.2MiB ETA:27m4s]
[#b7eb6c 6.3GiB/9.9GiB(64%) CN:7 DL:2.2MiB ETA:26m57s]
[#b7eb6c 6.3GiB/9.9GiB(64%) CN:7 DL:2.2MiB ETA:27m9s]
[#b7eb6c 6.3GiB/9.9GiB(64%) CN:7 DL:2.2MiB ETA:27m7s]
[#b7eb6c 6.3GiB/9.9GiB(64%) CN:7 DL:2.2MiB ETA:27m21s]
[#b7eb6c 6.3GiB/9.9GiB(64%) CN:7 DL:2.2MiB ETA:27m3s]
[#b7eb6c 6.3GiB/9.9GiB(64%) CN:7 DL:2.2MiB ETA:26m58s]
[#b7eb6c 6.3GiB/9.9GiB(64%) CN:7 DL:2.2MiB ETA:27m4s]
[#b7eb6c 6.3GiB/9.9GiB(64%) CN:7 DL:2.2MiB ETA:26m51s]
[#b7eb6c 6.3GiB/9.9GiB(64%) CN:7 DL:2.1MiB ETA:27m59s]
[#b7eb6c 6.3GiB/9.9GiB(64%) CN:7 DL:2.1MiB ETA:28m38s]
[#b7eb6c 6.3GiB/9.9GiB(64%) CN:7 DL:2.0MiB ETA:30m14s]
[#b7eb6c 6.3GiB/9.9GiB(64%) CN:7 DL:1.8MiB ETA:32m18s]
[#b7eb6c 6.3GiB/9.9GiB(64%) CN:7 DL:1.7MiB ETA:34m28s]
[#b7eb6c 6.3GiB/9.9GiB(64%) CN:7 DL:1.6MiB ETA:35m58s]
[#b7eb6c 6.3GiB/9.9GiB(64%) CN:7 DL:1.5MiB ETA:39m20s]
[#b7eb6c 6.3GiB/9.9GiB(64%) CN:7 DL:1.4MiB ETA:42m15s]
[#b7eb6c 6.3GiB/9.9GiB(64%) CN:7 DL:1.3MiB ETA:45m22s]
[#b7eb6c 6.3GiB/9.9GiB(64%) CN:7 DL:1.2MiB ETA:47m57s]
[#b7eb6c 6.3GiB/9.9GiB(64%) CN:7 DL:1.2MiB ETA:47m14s]
[#b7eb6c 6.3GiB/9.9GiB(64%) CN:7 DL:1.2MiB ETA:46m30s]
[#b7eb6c 6.3GiB/9.9GiB(64%) CN:7 DL:1.3MiB ETA:44m42s]
[#b7eb6c 6.3GiB/9.9GiB(64%) CN:7 DL:1.5MiB ETA:38m59s]
[#b7eb6c 6.3GiB/9.9GiB(64%) CN:7 DL:1.6MiB ETA:36m27s]
[#b7eb6c 6.3GiB/9.9GiB(64%) CN:7 DL:1.7MiB ETA:34m8s]
[#b7eb6c 6.3GiB/9.9GiB(64%) CN:7 DL:1.8MiB ETA:32m11s]
[#b7eb6c 6.3GiB/9.9GiB(64%) CN:7 DL:1.9MiB ETA:30m25s]
[#b7eb6c 6.3GiB/9.9GiB(64%) CN:7 DL:2.0MiB ETA:28m51s]
[#b7eb6c 6.3GiB/9.9GiB(64%) CN:7 DL:2.1MiB ETA:27m44s]
[#b7eb6c 6.3GiB/9.9GiB(64%) CN:7 DL:2.2MiB ETA:27m8s]
[#b7eb6c 6.3GiB/9.9GiB(64%) CN:7 DL:2.2MiB ETA:26m53s]
[#b7eb6c 6.3GiB/9.9GiB(64%) CN:7 DL:2.3MiB ETA:26m2s]
[#b7eb6c 6.4GiB/9.9GiB(64%) CN:7 DL:2.2MiB ETA:26m49s]
[#b7eb6c 6.4GiB/9.9GiB(64%) CN:7 DL:2.2MiB ETA:26m48s]
[#b7eb6c 6.4GiB/9.9GiB(64%) CN:7 DL:2.2MiB ETA:26m39s]
[#b7eb6c 6.4GiB/9.9GiB(64%) CN:7 DL:2.2MiB ETA:26m37s]
[#b7eb6c 6.4GiB/9.9GiB(64%) CN:7 DL:2.2MiB ETA:26m36s]
[#b7eb6c 6.4GiB/9.9GiB(64%) CN:7 DL:2.2MiB ETA:26m34s]
[#b7eb6c 6.4GiB/9.9GiB(64%) CN:7 DL:2.2MiB ETA:26m36s]
[#b7eb6c 6.4GiB/9.9GiB(64%) CN:7 DL:2.2MiB ETA:26m23s]
[#b7eb6c 6.4GiB/9.9GiB(64%) CN:7 DL:2.2MiB ETA:27m3s]
[#b7eb6c 6.4GiB/9.9GiB(64%) CN:7 DL:2.2MiB ETA:26m13s]
[#b7eb6c 6.4GiB/9.9GiB(64%) CN:7 DL:2.2MiB ETA:26m33s]
[#b7eb6c 6.4GiB/9.9GiB(64%) CN:7 DL:2.2MiB ETA:26m8s]
[#b7eb6c 6.4GiB/9.9GiB(64%) CN:7 DL:2.2MiB ETA:26m32s]
[#b7eb6c 6.4GiB/9.9GiB(64%) CN:7 DL:2.1MiB ETA:27m1s]
[#b7eb6c 6.4GiB/9.9GiB(64%) CN:7 DL:2.2MiB ETA:26m28s]
[#b7eb6c 6.4GiB/9.9GiB(64%) CN:7 DL:2.2MiB ETA:26m29s]
 *** Download Progress Summary as of Sun Sep 13 12:59:27 2026 *** 
===============================================================================
[#b7eb6c 6.4GiB/9.9GiB(64%) CN:7 DL:2.2MiB ETA:26m49s]
FILE: /home/cosmosapjw/.cache/htt-r9/sdss_pv_zenodo_6824749/mocks.tar.gz.partial
-------------------------------------------------------------------------------

[#b7eb6c 6.4GiB/9.9GiB(64%) CN:7 DL:2.2MiB ETA:26m49s]
[#b7eb6c 6.4GiB/9.9GiB(64%) CN:7 DL:2.1MiB ETA:27m13s]
[#b7eb6c 6.4GiB/9.9GiB(64%) CN:7 DL:2.1MiB ETA:27m18s]
[#b7eb6c 6.4GiB/9.9GiB(64%) CN:7 DL:2.1MiB ETA:27m19s]
[#b7eb6c 6.4GiB/9.9GiB(65%) CN:7 DL:2.1MiB ETA:27m16s]
[#b7eb6c 6.4GiB/9.9GiB(65%) CN:7 DL:2.1MiB ETA:27m3s]
[#b7eb6c 6.4GiB/9.9GiB(65%) CN:7 DL:2.1MiB ETA:27m17s]
[#b7eb6c 6.4GiB/9.9GiB(65%) CN:7 DL:2.1MiB ETA:27m11s]
[#b7eb6c 6.4GiB/9.9GiB(65%) CN:7 DL:2.1MiB ETA:27m32s]
[#b7eb6c 6.4GiB/9.9GiB(65%) CN:7 DL:2.1MiB ETA:27m14s]
[#b7eb6c 6.4GiB/9.9GiB(65%) CN:7 DL:2.2MiB ETA:26m4s]
[#b7eb6c 6.4GiB/9.9GiB(65%) CN:7 DL:2.2MiB ETA:26m20s]
[#b7eb6c 6.4GiB/9.9GiB(65%) CN:7 DL:2.2MiB ETA:26m13s]
[#b7eb6c 6.4GiB/9.9GiB(65%) CN:7 DL:2.2MiB ETA:26m14s]
[#b7eb6c 6.4GiB/9.9GiB(65%) CN:7 DL:2.2MiB ETA:26m11s]
[#b7eb6c 6.4GiB/9.9GiB(65%) CN:7 DL:2.2MiB ETA:26m6s]
[#b7eb6c 6.4GiB/9.9GiB(65%) CN:7 DL:2.2MiB ETA:26m6s]
[#b7eb6c 6.4GiB/9.9GiB(65%) CN:7 DL:2.2MiB ETA:26m6s]
[#b7eb6c 6.4GiB/9.9GiB(65%) CN:7 DL:2.2MiB ETA:25m46s]
[#b7eb6c 6.4GiB/9.9GiB(65%) CN:7 DL:2.2MiB ETA:26m6s]
[#b7eb6c 6.4GiB/9.9GiB(65%) CN:7 DL:2.2MiB ETA:26m1s]
[#b7eb6c 6.4GiB/9.9GiB(65%) CN:7 DL:2.2MiB ETA:26m6s]
[#b7eb6c 6.4GiB/9.9GiB(65%) CN:7 DL:2.2MiB ETA:26m4s]
[#b7eb6c 6.4GiB/9.9GiB(65%) CN:7 DL:2.2MiB ETA:26m25s]
[#b7eb6c 6.4GiB/9.9GiB(65%) CN:7 DL:2.2MiB ETA:26m]
[#b7eb6c 6.4GiB/9.9GiB(65%) CN:7 DL:2.2MiB ETA:25m38s]
[#b7eb6c 6.4GiB/9.9GiB(65%) CN:7 DL:2.2MiB ETA:26m1s]
[#b7eb6c 6.4GiB/9.9GiB(65%) CN:7 DL:2.3MiB ETA:25m8s]
[#b7eb6c 6.4GiB/9.9GiB(65%) CN:7 DL:2.1MiB ETA:26m41s]
[#b7eb6c 6.4GiB/9.9GiB(65%) CN:7 DL:2.2MiB ETA:25m58s]
[#b7eb6c 6.5GiB/9.9GiB(65%) CN:7 DL:2.2MiB ETA:26m4s]
[#b7eb6c 6.5GiB/9.9GiB(65%) CN:7 DL:2.2MiB ETA:26m]
[#b7eb6c 6.5GiB/9.9GiB(65%) CN:7 DL:2.2MiB ETA:25m52s]
[#b7eb6c 6.5GiB/9.9GiB(65%) CN:7 DL:2.2MiB ETA:25m59s]
[#b7eb6c 6.5GiB/9.9GiB(65%) CN:7 DL:2.2MiB ETA:25m57s]
[#b7eb6c 6.5GiB/9.9GiB(65%) CN:7 DL:2.2MiB ETA:26m2s]
[#b7eb6c 6.5GiB/9.9GiB(65%) CN:7 DL:2.2MiB ETA:25m47s]
[#b7eb6c 6.5GiB/9.9GiB(65%) CN:7 DL:2.2MiB ETA:26m4s]
[#b7eb6c 6.5GiB/9.9GiB(65%) CN:7 DL:2.2MiB ETA:25m53s]
[#b7eb6c 6.5GiB/9.9GiB(65%) CN:7 DL:2.2MiB ETA:25m50s]
[#b7eb6c 6.5GiB/9.9GiB(65%) CN:7 DL:2.2MiB ETA:25m48s]
[#b7eb6c 6.5GiB/9.9GiB(65%) CN:7 DL:2.2MiB ETA:25m36s]
[#b7eb6c 6.5GiB/9.9GiB(65%) CN:7 DL:2.2MiB ETA:25m45s]
[#b7eb6c 6.5GiB/9.9GiB(65%) CN:7 DL:2.2MiB ETA:25m44s]
[#b7eb6c 6.5GiB/9.9GiB(65%) CN:7 DL:2.2MiB ETA:25m35s]
[#b7eb6c 6.5GiB/9.9GiB(65%) CN:7 DL:2.2MiB ETA:25m42s]
[#b7eb6c 6.5GiB/9.9GiB(65%) CN:7 DL:2.2MiB ETA:25m35s]
[#b7eb6c 6.5GiB/9.9GiB(65%) CN:7 DL:2.2MiB ETA:25m51s]
[#b7eb6c 6.5GiB/9.9GiB(65%) CN:7 DL:2.2MiB ETA:25m51s]
[#b7eb6c 6.5GiB/9.9GiB(65%) CN:7 DL:2.2MiB ETA:25m49s]
[#b7eb6c 6.5GiB/9.9GiB(66%) CN:7 DL:2.2MiB ETA:25m49s]
[#b7eb6c 6.5GiB/9.9GiB(66%) CN:7 DL:2.2MiB ETA:25m51s]
[#b7eb6c 6.5GiB/9.9GiB(66%) CN:7 DL:2.2MiB ETA:25m49s]
[#b7eb6c 6.5GiB/9.9GiB(66%) CN:7 DL:2.1MiB ETA:26m40s]
[#b7eb6c 6.5GiB/9.9GiB(66%) CN:7 DL:2.2MiB ETA:25m48s]
[#b7eb6c 6.5GiB/9.9GiB(66%) CN:7 DL:2.2MiB ETA:25m26s]
[#b7eb6c 6.5GiB/9.9GiB(66%) CN:7 DL:2.1MiB ETA:26m3s]
[#b7eb6c 6.5GiB/9.9GiB(66%) CN:7 DL:2.2MiB ETA:25m44s]
[#b7eb6c 6.5GiB/9.9GiB(66%) CN:7 DL:2.2MiB ETA:25m36s]
[#b7eb6c 6.5GiB/9.9GiB(66%) CN:7 DL:2.2MiB ETA:25m36s]
[#b7eb6c 6.5GiB/9.9GiB(66%) CN:7 DL:2.2MiB ETA:25m33s]
 *** Download Progress Summary as of Sun Sep 13 13:00:28 2026 *** 
===============================================================================
[#b7eb6c 6.5GiB/9.9GiB(66%) CN:7 DL:2.2MiB ETA:25m34s]
FILE: /home/cosmosapjw/.cache/htt-r9/sdss_pv_zenodo_6824749/mocks.tar.gz.partial
-------------------------------------------------------------------------------

[#b7eb6c 6.5GiB/9.9GiB(66%) CN:7 DL:2.2MiB ETA:25m34s]
[#b7eb6c 6.5GiB/9.9GiB(66%) CN:7 DL:2.2MiB ETA:24m52s]
[#b7eb6c 6.5GiB/9.9GiB(66%) CN:7 DL:2.2MiB ETA:25m2s]
[#b7eb6c 6.5GiB/9.9GiB(66%) CN:7 DL:2.2MiB ETA:25m33s]
[#b7eb6c 6.5GiB/9.9GiB(66%) CN:7 DL:2.1MiB ETA:25m52s]
[#b7eb6c 6.5GiB/9.9GiB(66%) CN:7 DL:2.2MiB ETA:25m9s]
[#b7eb6c 6.5GiB/9.9GiB(66%) CN:7 DL:2.2MiB ETA:25m20s]
[#b7eb6c 6.5GiB/9.9GiB(66%) CN:7 DL:2.2MiB ETA:25m20s]
[#b7eb6c 6.5GiB/9.9GiB(66%) CN:7 DL:2.2MiB ETA:25m19s]
[#b7eb6c 6.5GiB/9.9GiB(66%) CN:7 DL:2.2MiB ETA:25m18s]
[#b7eb6c 6.5GiB/9.9GiB(66%) CN:7 DL:2.2MiB ETA:25m19s]
[#b7eb6c 6.5GiB/9.9GiB(66%) CN:7 DL:2.2MiB ETA:25m16s]
[#b7eb6c 6.5GiB/9.9GiB(66%) CN:7 DL:2.2MiB ETA:25m40s]
[#b7eb6c 6.5GiB/9.9GiB(66%) CN:7 DL:2.2MiB ETA:25m10s]
[#b7eb6c 6.5GiB/9.9GiB(66%) CN:7 DL:2.2MiB ETA:25m2s]
[#b7eb6c 6.6GiB/9.9GiB(66%) CN:7 DL:2.2MiB ETA:25m14s]
[#b7eb6c 6.6GiB/9.9GiB(66%) CN:7 DL:2.2MiB ETA:25m13s]
[#b7eb6c 6.6GiB/9.9GiB(66%) CN:7 DL:2.2MiB ETA:25m12s]
[#b7eb6c 6.6GiB/9.9GiB(66%) CN:7 DL:2.2MiB ETA:25m15s]
[#b7eb6c 6.6GiB/9.9GiB(66%) CN:7 DL:2.2MiB ETA:25m8s]
[#b7eb6c 6.6GiB/9.9GiB(66%) CN:7 DL:2.2MiB ETA:25m10s]
[#b7eb6c 6.6GiB/9.9GiB(66%) CN:7 DL:2.2MiB ETA:25m10s]
[#b7eb6c 6.6GiB/9.9GiB(66%) CN:7 DL:2.2MiB ETA:25m13s]
[#b7eb6c 6.6GiB/9.9GiB(66%) CN:7 DL:2.2MiB ETA:25m9s]
[#b7eb6c 6.6GiB/9.9GiB(66%) CN:7 DL:2.2MiB ETA:25m7s]
[#b7eb6c 6.6GiB/9.9GiB(66%) CN:7 DL:2.2MiB ETA:25m6s]
[#b7eb6c 6.6GiB/9.9GiB(66%) CN:7 DL:2.2MiB ETA:25m]
[#b7eb6c 6.6GiB/9.9GiB(66%) CN:7 DL:2.2MiB ETA:25m1s]
[#b7eb6c 6.6GiB/9.9GiB(66%) CN:7 DL:2.2MiB ETA:25m2s]
[#b7eb6c 6.6GiB/9.9GiB(66%) CN:7 DL:2.2MiB ETA:25m14s]
[#b7eb6c 6.6GiB/9.9GiB(66%) CN:7 DL:2.2MiB ETA:25m]
[#b7eb6c 6.6GiB/9.9GiB(66%) CN:7 DL:2.2MiB ETA:25m17s]
[#b7eb6c 6.6GiB/9.9GiB(66%) CN:7 DL:2.2MiB ETA:25m6s]
[#b7eb6c 6.6GiB/9.9GiB(66%) CN:7 DL:2.2MiB ETA:24m35s]
[#b7eb6c 6.6GiB/9.9GiB(67%) CN:7 DL:2.1MiB ETA:25m30s]
[#b7eb6c 6.6GiB/9.9GiB(67%) CN:7 DL:2.2MiB ETA:25m]
[#b7eb6c 6.6GiB/9.9GiB(67%) CN:7 DL:2.2MiB ETA:24m56s]
[#b7eb6c 6.6GiB/9.9GiB(67%) CN:7 DL:2.2MiB ETA:24m54s]
[#b7eb6c 6.6GiB/9.9GiB(67%) CN:7 DL:2.2MiB ETA:24m48s]
[#b7eb6c 6.6GiB/9.9GiB(67%) CN:7 DL:2.2MiB ETA:24m54s]
[#b7eb6c 6.6GiB/9.9GiB(67%) CN:7 DL:2.2MiB ETA:24m47s]
[#b7eb6c 6.6GiB/9.9GiB(67%) CN:7 DL:2.2MiB ETA:24m41s]
[#b7eb6c 6.6GiB/9.9GiB(67%) CN:7 DL:2.2MiB ETA:24m38s]
[#b7eb6c 6.6GiB/9.9GiB(67%) CN:7 DL:2.2MiB ETA:25m2s]
[#b7eb6c 6.6GiB/9.9GiB(67%) CN:7 DL:2.2MiB ETA:24m39s]
[#b7eb6c 6.6GiB/9.9GiB(67%) CN:7 DL:2.2MiB ETA:24m45s]
[#b7eb6c 6.6GiB/9.9GiB(67%) CN:7 DL:2.2MiB ETA:24m45s]
[#b7eb6c 6.6GiB/9.9GiB(67%) CN:7 DL:2.2MiB ETA:24m17s]
[#b7eb6c 6.6GiB/9.9GiB(67%) CN:7 DL:2.2MiB ETA:24m45s]
[#b7eb6c 6.6GiB/9.9GiB(67%) CN:7 DL:2.2MiB ETA:24m6s]
[#b7eb6c 6.6GiB/9.9GiB(67%) CN:7 DL:2.2MiB ETA:24m41s]
[#b7eb6c 6.6GiB/9.9GiB(67%) CN:7 DL:2.2MiB ETA:24m39s]
[#b7eb6c 6.6GiB/9.9GiB(67%) CN:7 DL:2.2MiB ETA:24m43s]
[#b7eb6c 6.6GiB/9.9GiB(67%) CN:7 DL:2.2MiB ETA:24m43s]
[#b7eb6c 6.6GiB/9.9GiB(67%) CN:7 DL:2.1MiB ETA:25m7s]
[#b7eb6c 6.6GiB/9.9GiB(67%) CN:7 DL:2.2MiB ETA:24m35s]
[#b7eb6c 6.6GiB/9.9GiB(67%) CN:7 DL:2.2MiB ETA:24m23s]
[#b7eb6c 6.6GiB/9.9GiB(67%) CN:7 DL:2.2MiB ETA:24m37s]
[#b7eb6c 6.6GiB/9.9GiB(67%) CN:7 DL:2.2MiB ETA:24m39s]
[#b7eb6c 6.6GiB/9.9GiB(67%) CN:7 DL:2.2MiB ETA:24m20s]
[#b7eb6c 6.6GiB/9.9GiB(67%) CN:7 DL:2.2MiB ETA:24m40s]
 *** Download Progress Summary as of Sun Sep 13 13:01:29 2026 *** 
===============================================================================
[#b7eb6c 6.7GiB/9.9GiB(67%) CN:7 DL:2.2MiB ETA:24m38s]
FILE: /home/cosmosapjw/.cache/htt-r9/sdss_pv_zenodo_6824749/mocks.tar.gz.partial
-------------------------------------------------------------------------------

[#b7eb6c 6.7GiB/9.9GiB(67%) CN:7 DL:2.2MiB ETA:24m38s]
[#b7eb6c 6.7GiB/9.9GiB(67%) CN:7 DL:2.2MiB ETA:24m39s]
[#b7eb6c 6.7GiB/9.9GiB(67%) CN:7 DL:2.2MiB ETA:24m36s]
[#b7eb6c 6.7GiB/9.9GiB(67%) CN:7 DL:2.2MiB ETA:24m41s]
[#b7eb6c 6.7GiB/9.9GiB(67%) CN:7 DL:2.1MiB ETA:25m23s]
[#b7eb6c 6.7GiB/9.9GiB(67%) CN:7 DL:2.2MiB ETA:24m45s]
[#b7eb6c 6.7GiB/9.9GiB(67%) CN:7 DL:2.2MiB ETA:24m36s]
[#b7eb6c 6.7GiB/9.9GiB(67%) CN:7 DL:2.2MiB ETA:24m31s]
[#b7eb6c 6.7GiB/9.9GiB(67%) CN:7 DL:2.2MiB ETA:24m36s]
[#b7eb6c 6.7GiB/9.9GiB(67%) CN:7 DL:2.2MiB ETA:23m57s]
[#b7eb6c 6.7GiB/9.9GiB(67%) CN:7 DL:2.2MiB ETA:24m33s]
[#b7eb6c 6.7GiB/9.9GiB(67%) CN:7 DL:2.2MiB ETA:24m39s]
[#b7eb6c 6.7GiB/9.9GiB(67%) CN:7 DL:2.2MiB ETA:24m32s]
[#b7eb6c 6.7GiB/9.9GiB(67%) CN:7 DL:2.2MiB ETA:24m16s]
[#b7eb6c 6.7GiB/9.9GiB(67%) CN:7 DL:2.2MiB ETA:24m37s]
[#b7eb6c 6.7GiB/9.9GiB(67%) CN:7 DL:2.2MiB ETA:24m20s]
[#b7eb6c 6.7GiB/9.9GiB(67%) CN:7 DL:2.2MiB ETA:24m20s]
[#b7eb6c 6.7GiB/9.9GiB(67%) CN:7 DL:2.2MiB ETA:24m11s]
[#b7eb6c 6.7GiB/9.9GiB(67%) CN:7 DL:2.2MiB ETA:24m9s]
[#b7eb6c 6.7GiB/9.9GiB(68%) CN:7 DL:2.2MiB ETA:24m13s]
[#b7eb6c 6.7GiB/9.9GiB(68%) CN:7 DL:2.2MiB ETA:24m13s]
[#b7eb6c 6.7GiB/9.9GiB(68%) CN:7 DL:2.2MiB ETA:24m23s]
[#b7eb6c 6.7GiB/9.9GiB(68%) CN:7 DL:2.2MiB ETA:24m19s]
[#b7eb6c 6.7GiB/9.9GiB(68%) CN:7 DL:2.2MiB ETA:24m]
[#b7eb6c 6.7GiB/9.9GiB(68%) CN:7 DL:2.2MiB ETA:24m16s]
[#b7eb6c 6.7GiB/9.9GiB(68%) CN:7 DL:2.2MiB ETA:24m10s]
[#b7eb6c 6.7GiB/9.9GiB(68%) CN:7 DL:2.2MiB ETA:24m9s]
[#b7eb6c 6.7GiB/9.9GiB(68%) CN:7 DL:2.2MiB ETA:24m9s]
[#b7eb6c 6.7GiB/9.9GiB(68%) CN:7 DL:2.2MiB ETA:24m6s]
[#b7eb6c 6.7GiB/9.9GiB(68%) CN:7 DL:2.2MiB ETA:24m4s]
[#b7eb6c 6.7GiB/9.9GiB(68%) CN:7 DL:2.2MiB ETA:24m5s]
[#b7eb6c 6.7GiB/9.9GiB(68%) CN:7 DL:2.2MiB ETA:23m55s]
[#b7eb6c 6.7GiB/9.9GiB(68%) CN:7 DL:2.2MiB ETA:24m]
[#b7eb6c 6.7GiB/9.9GiB(68%) CN:7 DL:2.2MiB ETA:23m56s]
[#b7eb6c 6.7GiB/9.9GiB(68%) CN:7 DL:2.2MiB ETA:23m57s]
[#b7eb6c 6.7GiB/9.9GiB(68%) CN:7 DL:2.2MiB ETA:23m57s]
[#b7eb6c 6.7GiB/9.9GiB(68%) CN:7 DL:2.2MiB ETA:23m56s]
[#b7eb6c 6.7GiB/9.9GiB(68%) CN:7 DL:2.2MiB ETA:23m59s]
[#b7eb6c 6.7GiB/9.9GiB(68%) CN:7 DL:2.2MiB ETA:23m57s]
[#b7eb6c 6.7GiB/9.9GiB(68%) CN:7 DL:2.2MiB ETA:24m10s]
[#b7eb6c 6.7GiB/9.9GiB(68%) CN:7 DL:2.2MiB ETA:23m50s]
[#b7eb6c 6.7GiB/9.9GiB(68%) CN:7 DL:2.2MiB ETA:23m51s]
[#b7eb6c 6.7GiB/9.9GiB(68%) CN:7 DL:2.2MiB ETA:23m54s]
[#b7eb6c 6.7GiB/9.9GiB(68%) CN:7 DL:2.2MiB ETA:23m58s]
[#b7eb6c 6.7GiB/9.9GiB(68%) CN:7 DL:2.2MiB ETA:23m47s]
[#b7eb6c 6.7GiB/9.9GiB(68%) CN:7 DL:2.2MiB ETA:23m49s]
[#b7eb6c 6.7GiB/9.9GiB(68%) CN:7 DL:2.2MiB ETA:23m48s]
[#b7eb6c 6.8GiB/9.9GiB(68%) CN:7 DL:2.2MiB ETA:23m55s]
[#b7eb6c 6.8GiB/9.9GiB(68%) CN:7 DL:2.2MiB ETA:23m54s]
[#b7eb6c 6.8GiB/9.9GiB(68%) CN:7 DL:2.2MiB ETA:23m30s]
[#b7eb6c 6.8GiB/9.9GiB(68%) CN:7 DL:2.2MiB ETA:24m2s]
[#b7eb6c 6.8GiB/9.9GiB(68%) CN:7 DL:2.2MiB ETA:24m]
[#b7eb6c 6.8GiB/9.9GiB(68%) CN:7 DL:2.2MiB ETA:23m54s]
[#b7eb6c 6.8GiB/9.9GiB(68%) CN:7 DL:2.2MiB ETA:23m58s]
[#b7eb6c 6.8GiB/9.9GiB(68%) CN:7 DL:2.2MiB ETA:23m57s]
[#b7eb6c 6.8GiB/9.9GiB(68%) CN:7 DL:2.1MiB ETA:24m2s]
[#b7eb6c 6.8GiB/9.9GiB(68%) CN:7 DL:2.1MiB ETA:24m11s]
[#b7eb6c 6.8GiB/9.9GiB(68%) CN:7 DL:2.2MiB ETA:23m57s]
[#b7eb6c 6.8GiB/9.9GiB(68%) CN:7 DL:2.1MiB ETA:23m56s]
[#b7eb6c 6.8GiB/9.9GiB(68%) CN:7 DL:2.1MiB ETA:24m20s]
[#b7eb6c 6.8GiB/9.9GiB(68%) CN:7 DL:2.2MiB ETA:23m42s]
 *** Download Progress Summary as of Sun Sep 13 13:02:29 2026 *** 
===============================================================================
[#b7eb6c 6.8GiB/9.9GiB(68%) CN:7 DL:2.1MiB ETA:23m55s]
FILE: /home/cosmosapjw/.cache/htt-r9/sdss_pv_zenodo_6824749/mocks.tar.gz.partial
-------------------------------------------------------------------------------

[#b7eb6c 6.8GiB/9.9GiB(68%) CN:7 DL:2.1MiB ETA:23m55s]
[#b7eb6c 6.8GiB/9.9GiB(68%) CN:7 DL:2.2MiB ETA:23m27s]
[#b7eb6c 6.8GiB/9.9GiB(68%) CN:7 DL:2.1MiB ETA:23m55s]
[#b7eb6c 6.8GiB/9.9GiB(68%) CN:7 DL:2.2MiB ETA:23m47s]
[#b7eb6c 6.8GiB/9.9GiB(69%) CN:7 DL:2.2MiB ETA:23m47s]
[#b7eb6c 6.8GiB/9.9GiB(69%) CN:7 DL:2.2MiB ETA:23m40s]
[#b7eb6c 6.8GiB/9.9GiB(69%) CN:7 DL:2.2MiB ETA:23m40s]
[#b7eb6c 6.8GiB/9.9GiB(69%) CN:7 DL:2.2MiB ETA:23m45s]
[#b7eb6c 6.8GiB/9.9GiB(69%) CN:7 DL:2.1MiB ETA:23m47s]
[#b7eb6c 6.8GiB/9.9GiB(69%) CN:7 DL:2.1MiB ETA:23m54s]
[#b7eb6c 6.8GiB/9.9GiB(69%) CN:7 DL:2.2MiB ETA:23m38s]
[#b7eb6c 6.8GiB/9.9GiB(69%) CN:7 DL:2.2MiB ETA:23m33s]
[#b7eb6c 6.8GiB/9.9GiB(69%) CN:7 DL:2.2MiB ETA:23m36s]
[#b7eb6c 6.8GiB/9.9GiB(69%) CN:7 DL:2.1MiB ETA:23m58s]
[#b7eb6c 6.8GiB/9.9GiB(69%) CN:7 DL:2.2MiB ETA:23m31s]
[#b7eb6c 6.8GiB/9.9GiB(69%) CN:7 DL:2.2MiB ETA:23m37s]
[#b7eb6c 6.8GiB/9.9GiB(69%) CN:7 DL:2.1MiB ETA:23m47s]
[#b7eb6c 6.8GiB/9.9GiB(69%) CN:7 DL:2.1MiB ETA:24m36s]
[#b7eb6c 6.8GiB/9.9GiB(69%) CN:7 DL:2.0MiB ETA:24m53s]
[#b7eb6c 6.8GiB/9.9GiB(69%) CN:7 DL:2.0MiB ETA:25m5s]
[#b7eb6c 6.8GiB/9.9GiB(69%) CN:7 DL:2.0MiB ETA:25m20s]
[#b7eb6c 6.8GiB/9.9GiB(69%) CN:7 DL:2.0MiB ETA:25m27s]
[#b7eb6c 6.8GiB/9.9GiB(69%) CN:7 DL:2.0MiB ETA:25m28s]
[#b7eb6c 6.8GiB/9.9GiB(69%) CN:7 DL:2.0MiB ETA:25m12s]
[#b7eb6c 6.8GiB/9.9GiB(69%) CN:7 DL:1.9MiB ETA:26m13s]
[#b7eb6c 6.8GiB/9.9GiB(69%) CN:7 DL:2.1MiB ETA:24m35s]
[#b7eb6c 6.8GiB/9.9GiB(69%) CN:7 DL:2.1MiB ETA:24m34s]
[#b7eb6c 6.8GiB/9.9GiB(69%) CN:7 DL:2.1MiB ETA:24m1s]
[#b7eb6c 6.8GiB/9.9GiB(69%) CN:7 DL:2.1MiB ETA:24m21s]
[#b7eb6c 6.8GiB/9.9GiB(69%) CN:7 DL:2.1MiB ETA:23m42s]
[#b7eb6c 6.8GiB/9.9GiB(69%) CN:7 DL:2.1MiB ETA:23m24s]
[#b7eb6c 6.8GiB/9.9GiB(69%) CN:7 DL:2.2MiB ETA:23m14s]
[#b7eb6c 6.8GiB/9.9GiB(69%) CN:7 DL:2.2MiB ETA:23m11s]
[#b7eb6c 6.9GiB/9.9GiB(69%) CN:7 DL:2.2MiB ETA:23m9s]
[#b7eb6c 6.9GiB/9.9GiB(69%) CN:7 DL:2.2MiB ETA:23m16s]
[#b7eb6c 6.9GiB/9.9GiB(69%) CN:7 DL:2.2MiB ETA:22m52s]
[#b7eb6c 6.9GiB/9.9GiB(69%) CN:7 DL:2.2MiB ETA:23m13s]
[#b7eb6c 6.9GiB/9.9GiB(69%) CN:7 DL:2.2MiB ETA:23m5s]
[#b7eb6c 6.9GiB/9.9GiB(69%) CN:7 DL:2.1MiB ETA:23m24s]
[#b7eb6c 6.9GiB/9.9GiB(69%) CN:7 DL:2.2MiB ETA:22m44s]
[#b7eb6c 6.9GiB/9.9GiB(69%) CN:7 DL:2.1MiB ETA:23m42s]
[#b7eb6c 6.9GiB/9.9GiB(69%) CN:7 DL:2.1MiB ETA:23m22s]
[#b7eb6c 6.9GiB/9.9GiB(69%) CN:7 DL:2.1MiB ETA:23m30s]
[#b7eb6c 6.9GiB/9.9GiB(69%) CN:7 DL:2.1MiB ETA:23m34s]
[#b7eb6c 6.9GiB/9.9GiB(69%) CN:7 DL:2.1MiB ETA:23m19s]
[#b7eb6c 6.9GiB/9.9GiB(69%) CN:7 DL:2.1MiB ETA:23m21s]
[#b7eb6c 6.9GiB/9.9GiB(69%) CN:7 DL:2.1MiB ETA:23m32s]
[#b7eb6c 6.9GiB/9.9GiB(69%) CN:7 DL:2.1MiB ETA:23m45s]
[#b7eb6c 6.9GiB/9.9GiB(69%) CN:7 DL:2.1MiB ETA:23m34s]
[#b7eb6c 6.9GiB/9.9GiB(69%) CN:7 DL:2.1MiB ETA:23m38s]
[#b7eb6c 6.9GiB/9.9GiB(69%) CN:7 DL:2.1MiB ETA:23m37s]
[#b7eb6c 6.9GiB/9.9GiB(70%) CN:7 DL:2.0MiB ETA:24m41s]
[#b7eb6c 6.9GiB/9.9GiB(70%) CN:7 DL:2.0MiB ETA:25m17s]
[#b7eb6c 6.9GiB/9.9GiB(70%) CN:7 DL:1.8MiB ETA:26m59s]
[#b7eb6c 6.9GiB/9.9GiB(70%) CN:7 DL:1.7MiB ETA:28m44s]
[#b7eb6c 6.9GiB/9.9GiB(70%) CN:7 DL:1.6MiB ETA:30m34s]
[#b7eb6c 6.9GiB/9.9GiB(70%) CN:7 DL:1.5MiB ETA:32m33s]
[#b7eb6c 6.9GiB/9.9GiB(70%) CN:7 DL:1.5MiB ETA:32m52s]
[#b7eb6c 6.9GiB/9.9GiB(70%) CN:7 DL:1.3MiB ETA:36m48s]
[#b7eb6c 6.9GiB/9.9GiB(70%) CN:7 DL:1.3MiB ETA:37m15s]
 *** Download Progress Summary as of Sun Sep 13 13:03:29 2026 *** 
===============================================================================
[#b7eb6c 6.9GiB/9.9GiB(70%) CN:7 DL:1.4MiB ETA:35m50s]
FILE: /home/cosmosapjw/.cache/htt-r9/sdss_pv_zenodo_6824749/mocks.tar.gz.partial
-------------------------------------------------------------------------------

[#b7eb6c 6.9GiB/9.9GiB(70%) CN:7 DL:1.4MiB ETA:35m50s]
[#b7eb6c 6.9GiB/9.9GiB(70%) CN:7 DL:1.4MiB ETA:35m11s]
[#b7eb6c 6.9GiB/9.9GiB(70%) CN:7 DL:1.6MiB ETA:31m26s]
[#b7eb6c 6.9GiB/9.9GiB(70%) CN:7 DL:1.7MiB ETA:29m5s]
[#b7eb6c 6.9GiB/9.9GiB(70%) CN:7 DL:1.8MiB ETA:27m55s]
[#b7eb6c 6.9GiB/9.9GiB(70%) CN:7 DL:1.9MiB ETA:25m50s]
[#b7eb6c 6.9GiB/9.9GiB(70%) CN:7 DL:2.0MiB ETA:24m27s]
[#b7eb6c 6.9GiB/9.9GiB(70%) CN:7 DL:2.1MiB ETA:23m28s]
[#b7eb6c 6.9GiB/9.9GiB(70%) CN:7 DL:2.2MiB ETA:22m41s]
[#b7eb6c 6.9GiB/9.9GiB(70%) CN:7 DL:2.2MiB ETA:22m45s]
[#b7eb6c 6.9GiB/9.9GiB(70%) CN:7 DL:2.3MiB ETA:21m31s]
[#b7eb6c 6.9GiB/9.9GiB(70%) CN:7 DL:2.2MiB ETA:22m22s]
[#b7eb6c 6.9GiB/9.9GiB(70%) CN:7 DL:2.2MiB ETA:22m19s]
[#b7eb6c 6.9GiB/9.9GiB(70%) CN:7 DL:2.2MiB ETA:21m57s]
[#b7eb6c 6.9GiB/9.9GiB(70%) CN:7 DL:2.2MiB ETA:22m21s]
[#b7eb6c 6.9GiB/9.9GiB(70%) CN:7 DL:2.2MiB ETA:22m18s]
[#b7eb6c 6.9GiB/9.9GiB(70%) CN:7 DL:2.2MiB ETA:22m21s]
[#b7eb6c 6.9GiB/9.9GiB(70%) CN:7 DL:2.1MiB ETA:22m47s]
[#b7eb6c 6.9GiB/9.9GiB(70%) CN:7 DL:2.2MiB ETA:22m37s]
[#b7eb6c 6.9GiB/9.9GiB(70%) CN:7 DL:2.1MiB ETA:23m3s]
[#b7eb6c 6.9GiB/9.9GiB(70%) CN:7 DL:2.1MiB ETA:22m58s]
[#b7eb6c 6.9GiB/9.9GiB(70%) CN:7 DL:2.1MiB ETA:23m]
[#b7eb6c 6.9GiB/9.9GiB(70%) CN:7 DL:2.1MiB ETA:23m6s]
[#b7eb6c 7.0GiB/9.9GiB(70%) CN:7 DL:2.1MiB ETA:23m8s]
[#b7eb6c 7.0GiB/9.9GiB(70%) CN:7 DL:2.1MiB ETA:23m2s]
[#b7eb6c 7.0GiB/9.9GiB(70%) CN:7 DL:2.1MiB ETA:23m3s]
[#b7eb6c 7.0GiB/9.9GiB(70%) CN:7 DL:2.1MiB ETA:23m1s]
[#b7eb6c 7.0GiB/9.9GiB(70%) CN:7 DL:2.1MiB ETA:23m12s]
[#b7eb6c 7.0GiB/9.9GiB(70%) CN:7 DL:2.1MiB ETA:22m46s]
[#b7eb6c 7.0GiB/9.9GiB(70%) CN:7 DL:2.1MiB ETA:22m32s]
[#b7eb6c 7.0GiB/9.9GiB(70%) CN:7 DL:2.1MiB ETA:23m22s]
[#b7eb6c 7.0GiB/9.9GiB(70%) CN:7 DL:2.1MiB ETA:23m9s]
[#b7eb6c 7.0GiB/9.9GiB(70%) CN:7 DL:2.1MiB ETA:23m2s]
[#b7eb6c 7.0GiB/9.9GiB(70%) CN:7 DL:2.1MiB ETA:22m57s]
[#b7eb6c 7.0GiB/9.9GiB(70%) CN:7 DL:2.1MiB ETA:22m57s]
[#b7eb6c 7.0GiB/9.9GiB(70%) CN:7 DL:2.1MiB ETA:22m56s]
[#b7eb6c 7.0GiB/9.9GiB(70%) CN:7 DL:2.1MiB ETA:22m54s]
[#b7eb6c 7.0GiB/9.9GiB(70%) CN:7 DL:2.1MiB ETA:22m43s]
[#b7eb6c 7.0GiB/9.9GiB(70%) CN:7 DL:2.1MiB ETA:22m46s]
[#b7eb6c 7.0GiB/9.9GiB(70%) CN:7 DL:2.1MiB ETA:22m43s]
[#b7eb6c 7.0GiB/9.9GiB(70%) CN:7 DL:2.1MiB ETA:22m22s]
[#b7eb6c 7.0GiB/9.9GiB(71%) CN:7 DL:2.2MiB ETA:21m54s]
[#b7eb6c 7.0GiB/9.9GiB(71%) CN:7 DL:2.2MiB ETA:21m57s]
[#b7eb6c 7.0GiB/9.9GiB(71%) CN:7 DL:2.2MiB ETA:21m50s]
[#b7eb6c 7.0GiB/9.9GiB(71%) CN:7 DL:2.2MiB ETA:21m48s]
[#b7eb6c 7.0GiB/9.9GiB(71%) CN:7 DL:2.2MiB ETA:21m54s]
[#b7eb6c 7.0GiB/9.9GiB(71%) CN:7 DL:2.2MiB ETA:21m54s]
[#b7eb6c 7.0GiB/9.9GiB(71%) CN:7 DL:2.2MiB ETA:21m48s]
[#b7eb6c 7.0GiB/9.9GiB(71%) CN:7 DL:2.2MiB ETA:21m57s]
[#b7eb6c 7.0GiB/9.9GiB(71%) CN:7 DL:2.2MiB ETA:21m47s]
[#b7eb6c 7.0GiB/9.9GiB(71%) CN:7 DL:2.2MiB ETA:21m54s]
[#b7eb6c 7.0GiB/9.9GiB(71%) CN:7 DL:2.2MiB ETA:21m53s]
[#b7eb6c 7.0GiB/9.9GiB(71%) CN:7 DL:2.2MiB ETA:21m43s]
[#b7eb6c 7.0GiB/9.9GiB(71%) CN:7 DL:2.2MiB ETA:21m51s]
[#b7eb6c 7.0GiB/9.9GiB(71%) CN:7 DL:2.2MiB ETA:21m51s]
[#b7eb6c 7.0GiB/9.9GiB(71%) CN:7 DL:2.2MiB ETA:21m37s]
[#b7eb6c 7.0GiB/9.9GiB(71%) CN:7 DL:2.2MiB ETA:21m50s]
[#b7eb6c 7.0GiB/9.9GiB(71%) CN:7 DL:2.2MiB ETA:21m45s]
[#b7eb6c 7.0GiB/9.9GiB(71%) CN:7 DL:2.1MiB ETA:22m12s]
[#b7eb6c 7.0GiB/9.9GiB(71%) CN:7 DL:2.2MiB ETA:21m37s]
[#b7eb6c 7.0GiB/9.9GiB(71%) CN:7 DL:2.2MiB ETA:21m44s]
 *** Download Progress Summary as of Sun Sep 13 13:04:30 2026 *** 
===============================================================================
[#b7eb6c 7.0GiB/9.9GiB(71%) CN:7 DL:2.2MiB ETA:21m43s]
FILE: /home/cosmosapjw/.cache/htt-r9/sdss_pv_zenodo_6824749/mocks.tar.gz.partial
-------------------------------------------------------------------------------

[#b7eb6c 7.0GiB/9.9GiB(71%) CN:7 DL:2.2MiB ETA:21m43s]
[#b7eb6c 7.0GiB/9.9GiB(71%) CN:7 DL:2.2MiB ETA:21m44s]
[#b7eb6c 7.0GiB/9.9GiB(71%) CN:7 DL:2.2MiB ETA:21m40s]
[#b7eb6c 7.0GiB/9.9GiB(71%) CN:7 DL:2.2MiB ETA:21m26s]
[#b7eb6c 7.0GiB/9.9GiB(71%) CN:7 DL:2.2MiB ETA:21m23s]
[#b7eb6c 7.0GiB/9.9GiB(71%) CN:7 DL:2.2MiB ETA:21m32s]
[#b7eb6c 7.0GiB/9.9GiB(71%) CN:7 DL:2.2MiB ETA:21m45s]
[#b7eb6c 7.0GiB/9.9GiB(71%) CN:7 DL:2.2MiB ETA:21m28s]
[#b7eb6c 7.0GiB/9.9GiB(71%) CN:7 DL:2.2MiB ETA:21m26s]
[#b7eb6c 7.1GiB/9.9GiB(71%) CN:7 DL:2.2MiB ETA:21m25s]
[#b7eb6c 7.1GiB/9.9GiB(71%) CN:7 DL:2.2MiB ETA:21m20s]
[#b7eb6c 7.1GiB/9.9GiB(71%) CN:7 DL:2.2MiB ETA:21m23s]
[#b7eb6c 7.1GiB/9.9GiB(71%) CN:7 DL:2.2MiB ETA:21m42s]
[#b7eb6c 7.1GiB/9.9GiB(71%) CN:7 DL:2.2MiB ETA:21m7s]
[#b7eb6c 7.1GiB/9.9GiB(71%) CN:7 DL:2.2MiB ETA:21m19s]
[#b7eb6c 7.1GiB/9.9GiB(71%) CN:7 DL:2.2MiB ETA:21m33s]
[#b7eb6c 7.1GiB/9.9GiB(71%) CN:7 DL:2.2MiB ETA:21m21s]
[#b7eb6c 7.1GiB/9.9GiB(71%) CN:7 DL:2.2MiB ETA:21m16s]
[#b7eb6c 7.1GiB/9.9GiB(71%) CN:7 DL:2.2MiB ETA:21m15s]
[#b7eb6c 7.1GiB/9.9GiB(71%) CN:7 DL:2.2MiB ETA:21m12s]
[#b7eb6c 7.1GiB/9.9GiB(71%) CN:7 DL:2.2MiB ETA:21m15s]
[#b7eb6c 7.1GiB/9.9GiB(71%) CN:7 DL:2.2MiB ETA:21m22s]
[#b7eb6c 7.1GiB/9.9GiB(71%) CN:7 DL:2.2MiB ETA:21m12s]
[#b7eb6c 7.1GiB/9.9GiB(71%) CN:7 DL:2.2MiB ETA:21m11s]
[#b7eb6c 7.1GiB/9.9GiB(71%) CN:7 DL:2.2MiB ETA:21m21s]
[#b7eb6c 7.1GiB/9.9GiB(71%) CN:7 DL:2.2MiB ETA:21m6s]
[#b7eb6c 7.1GiB/9.9GiB(72%) CN:7 DL:2.2MiB ETA:21m8s]
[#b7eb6c 7.1GiB/9.9GiB(72%) CN:7 DL:2.2MiB ETA:21m6s]
[#b7eb6c 7.1GiB/9.9GiB(72%) CN:7 DL:2.2MiB ETA:21m13s]
[#b7eb6c 7.1GiB/9.9GiB(72%) CN:7 DL:2.2MiB ETA:21m4s]
[#b7eb6c 7.1GiB/9.9GiB(72%) CN:7 DL:2.1MiB ETA:21m48s]
[#b7eb6c 7.1GiB/9.9GiB(72%) CN:7 DL:2.2MiB ETA:21m9s]
[#b7eb6c 7.1GiB/9.9GiB(72%) CN:7 DL:2.2MiB ETA:21m7s]
[#b7eb6c 7.1GiB/9.9GiB(72%) CN:7 DL:2.2MiB ETA:21m4s]
[#b7eb6c 7.1GiB/9.9GiB(72%) CN:7 DL:2.2MiB ETA:21m3s]
[#b7eb6c 7.1GiB/9.9GiB(72%) CN:7 DL:2.2MiB ETA:21m3s]
[#b7eb6c 7.1GiB/9.9GiB(72%) CN:7 DL:2.2MiB ETA:21m4s]
[#b7eb6c 7.1GiB/9.9GiB(72%) CN:7 DL:2.1MiB ETA:21m24s]
[#b7eb6c 7.1GiB/9.9GiB(72%) CN:7 DL:2.2MiB ETA:21m3s]
[#b7eb6c 7.1GiB/9.9GiB(72%) CN:7 DL:2.1MiB ETA:21m40s]
[#b7eb6c 7.1GiB/9.9GiB(72%) CN:7 DL:2.2MiB ETA:20m53s]
[#b7eb6c 7.1GiB/9.9GiB(72%) CN:7 DL:2.2MiB ETA:20m50s]
[#b7eb6c 7.1GiB/9.9GiB(72%) CN:7 DL:2.2MiB ETA:20m51s]
[#b7eb6c 7.1GiB/9.9GiB(72%) CN:7 DL:2.2MiB ETA:20m47s]
[#b7eb6c 7.1GiB/9.9GiB(72%) CN:7 DL:2.2MiB ETA:20m49s]
[#b7eb6c 7.1GiB/9.9GiB(72%) CN:7 DL:2.2MiB ETA:20m48s]
[#b7eb6c 7.1GiB/9.9GiB(72%) CN:7 DL:2.2MiB ETA:20m48s]
[#b7eb6c 7.1GiB/9.9GiB(72%) CN:7 DL:2.2MiB ETA:20m47s]
[#b7eb6c 7.1GiB/9.9GiB(72%) CN:7 DL:2.2MiB ETA:20m45s]
[#b7eb6c 7.1GiB/9.9GiB(72%) CN:7 DL:2.2MiB ETA:20m45s]
[#b7eb6c 7.1GiB/9.9GiB(72%) CN:7 DL:2.2MiB ETA:20m42s]
[#b7eb6c 7.1GiB/9.9GiB(72%) CN:7 DL:2.2MiB ETA:20m46s]
[#b7eb6c 7.1GiB/9.9GiB(72%) CN:7 DL:2.2MiB ETA:20m45s]
[#b7eb6c 7.1GiB/9.9GiB(72%) CN:7 DL:2.2MiB ETA:20m47s]
[#b7eb6c 7.1GiB/9.9GiB(72%) CN:7 DL:2.1MiB ETA:21m24s]
[#b7eb6c 7.2GiB/9.9GiB(72%) CN:7 DL:2.2MiB ETA:20m37s]
[#b7eb6c 7.2GiB/9.9GiB(72%) CN:7 DL:2.2MiB ETA:20m45s]
[#b7eb6c 7.2GiB/9.9GiB(72%) CN:7 DL:2.2MiB ETA:20m40s]
[#b7eb6c 7.2GiB/9.9GiB(72%) CN:7 DL:2.2MiB ETA:20m39s]
[#b7eb6c 7.2GiB/9.9GiB(72%) CN:7 DL:2.2MiB ETA:20m40s]
[#b7eb6c 7.2GiB/9.9GiB(72%) CN:7 DL:2.2MiB ETA:20m39s]
 *** Download Progress Summary as of Sun Sep 13 13:05:31 2026 *** 
===============================================================================
[#b7eb6c 7.2GiB/9.9GiB(72%) CN:7 DL:2.2MiB ETA:20m39s]
FILE: /home/cosmosapjw/.cache/htt-r9/sdss_pv_zenodo_6824749/mocks.tar.gz.partial
-------------------------------------------------------------------------------

[#b7eb6c 7.2GiB/9.9GiB(72%) CN:7 DL:2.2MiB ETA:20m39s]
[#b7eb6c 7.2GiB/9.9GiB(72%) CN:7 DL:2.2MiB ETA:20m38s]
[#b7eb6c 7.2GiB/9.9GiB(72%) CN:7 DL:2.2MiB ETA:20m27s]
[#b7eb6c 7.2GiB/9.9GiB(72%) CN:7 DL:2.1MiB ETA:21m3s]
[#b7eb6c 7.2GiB/9.9GiB(72%) CN:7 DL:2.2MiB ETA:20m33s]
[#b7eb6c 7.2GiB/9.9GiB(72%) CN:7 DL:2.2MiB ETA:20m33s]
[#b7eb6c 7.2GiB/9.9GiB(72%) CN:7 DL:2.1MiB ETA:21m8s]
[#b7eb6c 7.2GiB/9.9GiB(72%) CN:7 DL:2.2MiB ETA:20m36s]
[#b7eb6c 7.2GiB/9.9GiB(72%) CN:7 DL:2.2MiB ETA:20m35s]
[#b7eb6c 7.2GiB/9.9GiB(72%) CN:7 DL:2.1MiB ETA:21m14s]
[#b7eb6c 7.2GiB/9.9GiB(73%) CN:7 DL:2.2MiB ETA:20m31s]
[#b7eb6c 7.2GiB/9.9GiB(73%) CN:7 DL:2.2MiB ETA:20m31s]
[#b7eb6c 7.2GiB/9.9GiB(73%) CN:7 DL:2.2MiB ETA:20m11s]
[#b7eb6c 7.2GiB/9.9GiB(73%) CN:7 DL:2.2MiB ETA:20m27s]
[#b7eb6c 7.2GiB/9.9GiB(73%) CN:7 DL:2.1MiB ETA:21m5s]
[#b7eb6c 7.2GiB/9.9GiB(73%) CN:7 DL:2.2MiB ETA:20m4s]
[#b7eb6c 7.2GiB/9.9GiB(73%) CN:7 DL:2.2MiB ETA:20m20s]
[#b7eb6c 7.2GiB/9.9GiB(73%) CN:7 DL:2.1MiB ETA:20m45s]
[#b7eb6c 7.2GiB/9.9GiB(73%) CN:7 DL:2.2MiB ETA:19m44s]
[#b7eb6c 7.2GiB/9.9GiB(73%) CN:7 DL:2.2MiB ETA:20m2s]
[#b7eb6c 7.2GiB/9.9GiB(73%) CN:7 DL:2.2MiB ETA:20m16s]
[#b7eb6c 7.2GiB/9.9GiB(73%) CN:7 DL:2.2MiB ETA:20m15s]
[#b7eb6c 7.2GiB/9.9GiB(73%) CN:7 DL:2.2MiB ETA:20m14s]
[#b7eb6c 7.2GiB/9.9GiB(73%) CN:7 DL:2.2MiB ETA:20m14s]
[#b7eb6c 7.2GiB/9.9GiB(73%) CN:7 DL:2.3MiB ETA:19m35s]
[#b7eb6c 7.2GiB/9.9GiB(73%) CN:7 DL:2.2MiB ETA:20m4s]
[#b7eb6c 7.2GiB/9.9GiB(73%) CN:7 DL:2.1MiB ETA:20m33s]
[#b7eb6c 7.2GiB/9.9GiB(73%) CN:7 DL:2.2MiB ETA:19m52s]
[#b7eb6c 7.2GiB/9.9GiB(73%) CN:7 DL:2.2MiB ETA:20m18s]
[#b7eb6c 7.2GiB/9.9GiB(73%) CN:7 DL:2.2MiB ETA:19m44s]
[#b7eb6c 7.2GiB/9.9GiB(73%) CN:7 DL:2.2MiB ETA:19m58s]
[#b7eb6c 7.2GiB/9.9GiB(73%) CN:7 DL:2.2MiB ETA:20m8s]
[#b7eb6c 7.2GiB/9.9GiB(73%) CN:7 DL:2.2MiB ETA:20m]
[#b7eb6c 7.2GiB/9.9GiB(73%) CN:7 DL:2.2MiB ETA:20m11s]
[#b7eb6c 7.2GiB/9.9GiB(73%) CN:7 DL:2.2MiB ETA:20m]
[#b7eb6c 7.2GiB/9.9GiB(73%) CN:7 DL:2.2MiB ETA:19m57s]
[#b7eb6c 7.2GiB/9.9GiB(73%) CN:7 DL:2.2MiB ETA:19m39s]
[#b7eb6c 7.2GiB/9.9GiB(73%) CN:7 DL:2.2MiB ETA:19m56s]
[#b7eb6c 7.2GiB/9.9GiB(73%) CN:7 DL:2.1MiB ETA:20m22s]
[#b7eb6c 7.2GiB/9.9GiB(73%) CN:7 DL:2.2MiB ETA:19m52s]
[#b7eb6c 7.3GiB/9.9GiB(73%) CN:7 DL:2.2MiB ETA:19m51s]
[#b7eb6c 7.3GiB/9.9GiB(73%) CN:7 DL:2.2MiB ETA:19m46s]
[#b7eb6c 7.3GiB/9.9GiB(73%) CN:7 DL:2.2MiB ETA:19m49s]
[#b7eb6c 7.3GiB/9.9GiB(73%) CN:7 DL:2.2MiB ETA:19m38s]
[#b7eb6c 7.3GiB/9.9GiB(73%) CN:7 DL:2.2MiB ETA:19m47s]
[#b7eb6c 7.3GiB/9.9GiB(73%) CN:7 DL:2.2MiB ETA:19m48s]
[#b7eb6c 7.3GiB/9.9GiB(73%) CN:7 DL:2.2MiB ETA:19m45s]
[#b7eb6c 7.3GiB/9.9GiB(73%) CN:7 DL:2.2MiB ETA:19m48s]
[#b7eb6c 7.3GiB/9.9GiB(73%) CN:7 DL:2.2MiB ETA:19m37s]
[#b7eb6c 7.3GiB/9.9GiB(73%) CN:7 DL:2.2MiB ETA:19m44s]
[#b7eb6c 7.3GiB/9.9GiB(73%) CN:7 DL:2.2MiB ETA:19m45s]
[#b7eb6c 7.3GiB/9.9GiB(73%) CN:7 DL:2.2MiB ETA:19m43s]
[#b7eb6c 7.3GiB/9.9GiB(73%) CN:7 DL:2.2MiB ETA:19m45s]
[#b7eb6c 7.3GiB/9.9GiB(73%) CN:7 DL:2.2MiB ETA:19m44s]
[#b7eb6c 7.3GiB/9.9GiB(73%) CN:7 DL:2.2MiB ETA:19m52s]
[#b7eb6c 7.3GiB/9.9GiB(73%) CN:7 DL:2.2MiB ETA:19m42s]
[#b7eb6c 7.3GiB/9.9GiB(74%) CN:7 DL:2.2MiB ETA:19m16s]
[#b7eb6c 7.3GiB/9.9GiB(74%) CN:7 DL:2.2MiB ETA:19m39s]
[#b7eb6c 7.3GiB/9.9GiB(74%) CN:7 DL:2.2MiB ETA:19m38s]
[#b7eb6c 7.3GiB/9.9GiB(74%) CN:7 DL:2.2MiB ETA:19m38s]
[#b7eb6c 7.3GiB/9.9GiB(74%) CN:7 DL:2.2MiB ETA:19m34s]
 *** Download Progress Summary as of Sun Sep 13 13:06:32 2026 *** 
===============================================================================
[#b7eb6c 7.3GiB/9.9GiB(74%) CN:7 DL:2.2MiB ETA:19m14s]
FILE: /home/cosmosapjw/.cache/htt-r9/sdss_pv_zenodo_6824749/mocks.tar.gz.partial
-------------------------------------------------------------------------------

[#b7eb6c 7.3GiB/9.9GiB(74%) CN:7 DL:2.2MiB ETA:19m14s]
[#b7eb6c 7.3GiB/9.9GiB(74%) CN:7 DL:2.1MiB ETA:19m59s]
[#b7eb6c 7.3GiB/9.9GiB(74%) CN:7 DL:2.2MiB ETA:19m30s]
[#b7eb6c 7.3GiB/9.9GiB(74%) CN:7 DL:2.1MiB ETA:20m5s]
[#b7eb6c 7.3GiB/9.9GiB(74%) CN:7 DL:2.2MiB ETA:19m26s]
[#b7eb6c 7.3GiB/9.9GiB(74%) CN:7 DL:2.2MiB ETA:19m29s]
[#b7eb6c 7.3GiB/9.9GiB(74%) CN:7 DL:2.2MiB ETA:19m26s]
[#b7eb6c 7.3GiB/9.9GiB(74%) CN:7 DL:2.2MiB ETA:19m26s]
[#b7eb6c 7.3GiB/9.9GiB(74%) CN:7 DL:2.2MiB ETA:19m4s]
[#b7eb6c 7.3GiB/9.9GiB(74%) CN:7 DL:2.2MiB ETA:19m23s]
[#b7eb6c 7.3GiB/9.9GiB(74%) CN:7 DL:2.1MiB ETA:19m54s]
[#b7eb6c 7.3GiB/9.9GiB(74%) CN:7 DL:2.2MiB ETA:19m30s]
[#b7eb6c 7.3GiB/9.9GiB(74%) CN:7 DL:2.2MiB ETA:19m23s]
[#b7eb6c 7.3GiB/9.9GiB(74%) CN:7 DL:2.2MiB ETA:19m22s]
[#b7eb6c 7.3GiB/9.9GiB(74%) CN:7 DL:2.2MiB ETA:19m25s]
[#b7eb6c 7.3GiB/9.9GiB(74%) CN:7 DL:2.2MiB ETA:19m19s]
[#b7eb6c 7.3GiB/9.9GiB(74%) CN:7 DL:2.2MiB ETA:19m15s]
[#b7eb6c 7.3GiB/9.9GiB(74%) CN:7 DL:2.2MiB ETA:19m15s]
[#b7eb6c 7.3GiB/9.9GiB(74%) CN:7 DL:2.2MiB ETA:19m20s]
[#b7eb6c 7.3GiB/9.9GiB(74%) CN:7 DL:2.2MiB ETA:19m14s]
[#b7eb6c 7.3GiB/9.9GiB(74%) CN:7 DL:2.2MiB ETA:19m12s]
[#b7eb6c 7.3GiB/9.9GiB(74%) CN:7 DL:2.2MiB ETA:19m15s]
[#b7eb6c 7.3GiB/9.9GiB(74%) CN:7 DL:2.2MiB ETA:19m15s]
[#b7eb6c 7.3GiB/9.9GiB(74%) CN:7 DL:2.2MiB ETA:19m14s]
[#b7eb6c 7.3GiB/9.9GiB(74%) CN:7 DL:2.2MiB ETA:19m7s]
[#b7eb6c 7.4GiB/9.9GiB(74%) CN:7 DL:2.2MiB ETA:19m10s]
[#b7eb6c 7.4GiB/9.9GiB(74%) CN:7 DL:2.2MiB ETA:19m20s]
[#b7eb6c 7.4GiB/9.9GiB(74%) CN:7 DL:2.2MiB ETA:19m2s]
[#b7eb6c 7.4GiB/9.9GiB(74%) CN:7 DL:2.2MiB ETA:19m25s]
[#b7eb6c 7.4GiB/9.9GiB(74%) CN:7 DL:2.3MiB ETA:18m24s]
[#b7eb6c 7.4GiB/9.9GiB(74%) CN:7 DL:2.2MiB ETA:19m]
[#b7eb6c 7.4GiB/9.9GiB(74%) CN:7 DL:2.2MiB ETA:18m56s]
[#b7eb6c 7.4GiB/9.9GiB(74%) CN:7 DL:2.2MiB ETA:18m55s]
[#b7eb6c 7.4GiB/9.9GiB(74%) CN:7 DL:2.2MiB ETA:18m49s]
[#b7eb6c 7.4GiB/9.9GiB(74%) CN:7 DL:2.2MiB ETA:18m57s]
[#b7eb6c 7.4GiB/9.9GiB(74%) CN:7 DL:2.2MiB ETA:18m39s]
[#b7eb6c 7.4GiB/9.9GiB(74%) CN:7 DL:2.2MiB ETA:18m55s]
[#b7eb6c 7.4GiB/9.9GiB(74%) CN:7 DL:2.3MiB ETA:18m9s]
[#b7eb6c 7.4GiB/9.9GiB(74%) CN:7 DL:2.2MiB ETA:19m1s]
[#b7eb6c 7.4GiB/9.9GiB(74%) CN:7 DL:2.2MiB ETA:18m49s]
[#b7eb6c 7.4GiB/9.9GiB(75%) CN:7 DL:2.2MiB ETA:18m48s]
[#b7eb6c 7.4GiB/9.9GiB(75%) CN:7 DL:2.2MiB ETA:18m45s]
[#b7eb6c 7.4GiB/9.9GiB(75%) CN:7 DL:2.2MiB ETA:18m46s]
[#b7eb6c 7.4GiB/9.9GiB(75%) CN:7 DL:2.2MiB ETA:18m45s]
[#b7eb6c 7.4GiB/9.9GiB(75%) CN:7 DL:2.2MiB ETA:18m40s]
[#b7eb6c 7.4GiB/9.9GiB(75%) CN:7 DL:2.1MiB ETA:19m43s]
[#b7eb6c 7.4GiB/9.9GiB(75%) CN:7 DL:2.1MiB ETA:19m23s]
[#b7eb6c 7.4GiB/9.9GiB(75%) CN:7 DL:2.1MiB ETA:19m16s]
[#b7eb6c 7.4GiB/9.9GiB(75%) CN:7 DL:2.1MiB ETA:19m24s]
[#b7eb6c 7.4GiB/9.9GiB(75%) CN:7 DL:2.1MiB ETA:19m24s]
[#b7eb6c 7.4GiB/9.9GiB(75%) CN:7 DL:2.1MiB ETA:19m25s]
[#b7eb6c 7.4GiB/9.9GiB(75%) CN:7 DL:2.1MiB ETA:19m22s]
[#b7eb6c 7.4GiB/9.9GiB(75%) CN:7 DL:2.1MiB ETA:19m23s]
[#b7eb6c 7.4GiB/9.9GiB(75%) CN:7 DL:2.1MiB ETA:19m18s]
[#b7eb6c 7.4GiB/9.9GiB(75%) CN:7 DL:2.2MiB ETA:18m20s]
[#b7eb6c 7.4GiB/9.9GiB(75%) CN:7 DL:2.2MiB ETA:18m40s]
[#b7eb6c 7.4GiB/9.9GiB(75%) CN:7 DL:2.2MiB ETA:18m36s]
[#b7eb6c 7.4GiB/9.9GiB(75%) CN:7 DL:2.2MiB ETA:18m34s]
[#b7eb6c 7.4GiB/9.9GiB(75%) CN:7 DL:2.2MiB ETA:18m33s]
[#b7eb6c 7.4GiB/9.9GiB(75%) CN:7 DL:2.2MiB ETA:18m33s]
[#b7eb6c 7.4GiB/9.9GiB(75%) CN:7 DL:2.2MiB ETA:18m30s]
 *** Download Progress Summary as of Sun Sep 13 13:07:32 2026 *** 
===============================================================================
[#b7eb6c 7.4GiB/9.9GiB(75%) CN:7 DL:2.2MiB ETA:18m29s]
FILE: /home/cosmosapjw/.cache/htt-r9/sdss_pv_zenodo_6824749/mocks.tar.gz.partial
-------------------------------------------------------------------------------

[#b7eb6c 7.4GiB/9.9GiB(75%) CN:7 DL:2.2MiB ETA:18m29s]
[#b7eb6c 7.4GiB/9.9GiB(75%) CN:7 DL:2.2MiB ETA:18m29s]
[#b7eb6c 7.4GiB/9.9GiB(75%) CN:7 DL:2.2MiB ETA:18m34s]
[#b7eb6c 7.4GiB/9.9GiB(75%) CN:7 DL:2.2MiB ETA:18m28s]
[#b7eb6c 7.4GiB/9.9GiB(75%) CN:7 DL:2.2MiB ETA:18m3s]
[#b7eb6c 7.4GiB/9.9GiB(75%) CN:7 DL:2.2MiB ETA:18m26s]
[#b7eb6c 7.4GiB/9.9GiB(75%) CN:7 DL:2.2MiB ETA:18m26s]
[#b7eb6c 7.4GiB/9.9GiB(75%) CN:7 DL:2.2MiB ETA:18m28s]
[#b7eb6c 7.4GiB/9.9GiB(75%) CN:7 DL:2.2MiB ETA:18m25s]
[#b7eb6c 7.4GiB/9.9GiB(75%) CN:7 DL:2.2MiB ETA:18m23s]
[#b7eb6c 7.5GiB/9.9GiB(75%) CN:7 DL:2.2MiB ETA:18m29s]
[#b7eb6c 7.5GiB/9.9GiB(75%) CN:7 DL:2.2MiB ETA:18m21s]
[#b7eb6c 7.5GiB/9.9GiB(75%) CN:7 DL:2.3MiB ETA:17m43s]
[#b7eb6c 7.5GiB/9.9GiB(75%) CN:7 DL:2.2MiB ETA:18m18s]
[#b7eb6c 7.5GiB/9.9GiB(75%) CN:7 DL:2.2MiB ETA:18m17s]
[#b7eb6c 7.5GiB/9.9GiB(75%) CN:7 DL:2.2MiB ETA:18m15s]
[#b7eb6c 7.5GiB/9.9GiB(75%) CN:7 DL:2.2MiB ETA:18m14s]
[#b7eb6c 7.5GiB/9.9GiB(75%) CN:7 DL:2.2MiB ETA:18m13s]
[#b7eb6c 7.5GiB/9.9GiB(75%) CN:7 DL:2.2MiB ETA:18m12s]
[#b7eb6c 7.5GiB/9.9GiB(75%) CN:7 DL:2.0MiB ETA:19m49s]
[#b7eb6c 7.5GiB/9.9GiB(75%) CN:7 DL:2.0MiB ETA:20m14s]
[#b7eb6c 7.5GiB/9.9GiB(75%) CN:7 DL:1.9MiB ETA:21m1s]
[#b7eb6c 7.5GiB/9.9GiB(75%) CN:7 DL:1.8MiB ETA:21m58s]
[#b7eb6c 7.5GiB/9.9GiB(75%) CN:7 DL:1.7MiB ETA:23m37s]
[#b7eb6c 7.5GiB/9.9GiB(75%) CN:7 DL:1.6MiB ETA:25m5s]
[#b7eb6c 7.5GiB/9.9GiB(75%) CN:7 DL:1.5MiB ETA:26m39s]
[#b7eb6c 7.5GiB/9.9GiB(75%) CN:7 DL:1.4MiB ETA:27m45s]
[#b7eb6c 7.5GiB/9.9GiB(75%) CN:7 DL:1.4MiB ETA:28m59s]
[#b7eb6c 7.5GiB/9.9GiB(75%) CN:7 DL:1.4MiB ETA:27m27s]
[#b7eb6c 7.5GiB/9.9GiB(76%) CN:7 DL:1.5MiB ETA:25m33s]
[#b7eb6c 7.5GiB/9.9GiB(76%) CN:7 DL:1.6MiB ETA:24m13s]
[#b7eb6c 7.5GiB/9.9GiB(76%) CN:7 DL:1.6MiB ETA:23m53s]
[#b7eb6c 7.5GiB/9.9GiB(76%) CN:7 DL:1.8MiB ETA:21m39s]
[#b7eb6c 7.5GiB/9.9GiB(76%) CN:7 DL:1.9MiB ETA:20m25s]
[#b7eb6c 7.5GiB/9.9GiB(76%) CN:7 DL:2.0MiB ETA:19m28s]
[#b7eb6c 7.5GiB/9.9GiB(76%) CN:7 DL:2.1MiB ETA:18m36s]
[#b7eb6c 7.5GiB/9.9GiB(76%) CN:7 DL:2.2MiB ETA:18m6s]
[#b7eb6c 7.5GiB/9.9GiB(76%) CN:7 DL:2.2MiB ETA:17m57s]
[#b7eb6c 7.5GiB/9.9GiB(76%) CN:7 DL:2.2MiB ETA:17m46s]
[#b7eb6c 7.5GiB/9.9GiB(76%) CN:7 DL:2.2MiB ETA:17m55s]
[#b7eb6c 7.5GiB/9.9GiB(76%) CN:7 DL:2.2MiB ETA:17m49s]
[#b7eb6c 7.5GiB/9.9GiB(76%) CN:7 DL:2.2MiB ETA:17m52s]
[#b7eb6c 7.5GiB/9.9GiB(76%) CN:7 DL:2.2MiB ETA:17m50s]
[#b7eb6c 7.5GiB/9.9GiB(76%) CN:7 DL:2.2MiB ETA:17m53s]
[#b7eb6c 7.5GiB/9.9GiB(76%) CN:7 DL:2.2MiB ETA:17m51s]
[#b7eb6c 7.5GiB/9.9GiB(76%) CN:7 DL:2.2MiB ETA:17m49s]
[#b7eb6c 7.5GiB/9.9GiB(76%) CN:7 DL:2.2MiB ETA:17m48s]
[#b7eb6c 7.5GiB/9.9GiB(76%) CN:7 DL:2.2MiB ETA:17m37s]
[#b7eb6c 7.5GiB/9.9GiB(76%) CN:7 DL:2.2MiB ETA:17m46s]
[#b7eb6c 7.5GiB/9.9GiB(76%) CN:7 DL:2.2MiB ETA:17m58s]
[#b7eb6c 7.5GiB/9.9GiB(76%) CN:7 DL:2.2MiB ETA:17m35s]
[#b7eb6c 7.5GiB/9.9GiB(76%) CN:7 DL:2.2MiB ETA:17m42s]
[#b7eb6c 7.5GiB/9.9GiB(76%) CN:7 DL:2.2MiB ETA:17m41s]
[#b7eb6c 7.5GiB/9.9GiB(76%) CN:7 DL:2.2MiB ETA:17m43s]
[#b7eb6c 7.5GiB/9.9GiB(76%) CN:7 DL:2.2MiB ETA:17m39s]
[#b7eb6c 7.5GiB/9.9GiB(76%) CN:7 DL:2.2MiB ETA:17m41s]
[#b7eb6c 7.5GiB/9.9GiB(76%) CN:7 DL:2.2MiB ETA:17m16s]
[#b7eb6c 7.5GiB/9.9GiB(76%) CN:7 DL:2.2MiB ETA:17m37s]
[#b7eb6c 7.5GiB/9.9GiB(76%) CN:7 DL:2.1MiB ETA:18m11s]
[#b7eb6c 7.5GiB/9.9GiB(76%) CN:7 DL:2.1MiB ETA:18m9s]
[#b7eb6c 7.6GiB/9.9GiB(76%) CN:7 DL:2.1MiB ETA:18m15s]
 *** Download Progress Summary as of Sun Sep 13 13:08:33 2026 *** 
===============================================================================
[#b7eb6c 7.6GiB/9.9GiB(76%) CN:7 DL:2.1MiB ETA:18m18s]
FILE: /home/cosmosapjw/.cache/htt-r9/sdss_pv_zenodo_6824749/mocks.tar.gz.partial
-------------------------------------------------------------------------------

[#b7eb6c 7.6GiB/9.9GiB(76%) CN:7 DL:2.1MiB ETA:18m18s]
[#b7eb6c 7.6GiB/9.9GiB(76%) CN:7 DL:2.1MiB ETA:18m17s]
[#b7eb6c 7.6GiB/9.9GiB(76%) CN:7 DL:2.1MiB ETA:18m18s]
[#b7eb6c 7.6GiB/9.9GiB(76%) CN:7 DL:2.1MiB ETA:18m18s]
[#b7eb6c 7.6GiB/9.9GiB(76%) CN:7 DL:2.1MiB ETA:18m18s]
[#b7eb6c 7.6GiB/9.9GiB(76%) CN:7 DL:2.0MiB ETA:19m6s]
[#b7eb6c 7.6GiB/9.9GiB(76%) CN:7 DL:2.2MiB ETA:17m48s]
[#b7eb6c 7.6GiB/9.9GiB(76%) CN:7 DL:2.1MiB ETA:18m8s]
[#b7eb6c 7.6GiB/9.9GiB(76%) CN:7 DL:2.1MiB ETA:17m47s]
[#b7eb6c 7.6GiB/9.9GiB(76%) CN:7 DL:2.2MiB ETA:17m36s]
[#b7eb6c 7.6GiB/9.9GiB(76%) CN:7 DL:2.2MiB ETA:17m33s]
[#b7eb6c 7.6GiB/9.9GiB(76%) CN:7 DL:2.2MiB ETA:17m31s]
[#b7eb6c 7.6GiB/9.9GiB(76%) CN:7 DL:2.2MiB ETA:17m29s]
[#b7eb6c 7.6GiB/9.9GiB(76%) CN:7 DL:2.2MiB ETA:17m27s]
[#b7eb6c 7.6GiB/9.9GiB(77%) CN:7 DL:2.2MiB ETA:17m24s]
[#b7eb6c 7.6GiB/9.9GiB(77%) CN:7 DL:2.2MiB ETA:17m3s]
[#b7eb6c 7.6GiB/9.9GiB(77%) CN:7 DL:2.2MiB ETA:17m20s]
[#b7eb6c 7.6GiB/9.9GiB(77%) CN:7 DL:2.2MiB ETA:16m55s]
[#b7eb6c 7.6GiB/9.9GiB(77%) CN:7 DL:2.2MiB ETA:17m15s]
[#b7eb6c 7.6GiB/9.9GiB(77%) CN:7 DL:2.2MiB ETA:17m18s]
[#b7eb6c 7.6GiB/9.9GiB(77%) CN:7 DL:2.2MiB ETA:17m16s]
[#b7eb6c 7.6GiB/9.9GiB(77%) CN:7 DL:2.2MiB ETA:17m14s]
[#b7eb6c 7.6GiB/9.9GiB(77%) CN:7 DL:2.2MiB ETA:17m19s]
[#b7eb6c 7.6GiB/9.9GiB(77%) CN:7 DL:2.1MiB ETA:17m40s]
[#b7eb6c 7.6GiB/9.9GiB(77%) CN:7 DL:2.1MiB ETA:17m50s]
[#b7eb6c 7.6GiB/9.9GiB(77%) CN:7 DL:2.1MiB ETA:17m31s]
[#b7eb6c 7.6GiB/9.9GiB(77%) CN:7 DL:2.1MiB ETA:17m55s]
[#b7eb6c 7.6GiB/9.9GiB(77%) CN:7 DL:2.1MiB ETA:17m50s]
[#b7eb6c 7.6GiB/9.9GiB(77%) CN:7 DL:2.1MiB ETA:17m52s]
[#b7eb6c 7.6GiB/9.9GiB(77%) CN:7 DL:2.1MiB ETA:17m51s]
[#b7eb6c 7.6GiB/9.9GiB(77%) CN:7 DL:2.0MiB ETA:18m28s]
[#b7eb6c 7.6GiB/9.9GiB(77%) CN:7 DL:2.1MiB ETA:17m51s]
[#b7eb6c 7.6GiB/9.9GiB(77%) CN:7 DL:2.1MiB ETA:17m26s]
[#b7eb6c 7.6GiB/9.9GiB(77%) CN:7 DL:2.2MiB ETA:17m16s]
[#b7eb6c 7.6GiB/9.9GiB(77%) CN:7 DL:2.2MiB ETA:17m6s]
[#b7eb6c 7.6GiB/9.9GiB(77%) CN:7 DL:2.2MiB ETA:17m3s]
[#b7eb6c 7.6GiB/9.9GiB(77%) CN:7 DL:2.2MiB ETA:17m8s]
[#b7eb6c 7.6GiB/9.9GiB(77%) CN:7 DL:2.2MiB ETA:17m13s]
[#b7eb6c 7.6GiB/9.9GiB(77%) CN:7 DL:2.2MiB ETA:17m11s]
[#b7eb6c 7.6GiB/9.9GiB(77%) CN:7 DL:2.2MiB ETA:17m9s]
[#b7eb6c 7.6GiB/9.9GiB(77%) CN:7 DL:2.2MiB ETA:16m46s]
[#b7eb6c 7.6GiB/9.9GiB(77%) CN:7 DL:2.2MiB ETA:17m7s]
[#b7eb6c 7.6GiB/9.9GiB(77%) CN:7 DL:2.2MiB ETA:17m11s]
[#b7eb6c 7.6GiB/9.9GiB(77%) CN:7 DL:2.1MiB ETA:17m20s]
[#b7eb6c 7.6GiB/9.9GiB(77%) CN:7 DL:2.1MiB ETA:17m21s]
[#b7eb6c 7.7GiB/9.9GiB(77%) CN:7 DL:2.1MiB ETA:17m22s]
[#b7eb6c 7.7GiB/9.9GiB(77%) CN:7 DL:2.2MiB ETA:17m8s]
[#b7eb6c 7.7GiB/9.9GiB(77%) CN:7 DL:2.2MiB ETA:17m5s]
[#b7eb6c 7.7GiB/9.9GiB(77%) CN:7 DL:2.2MiB ETA:17m5s]
[#b7eb6c 7.7GiB/9.9GiB(77%) CN:7 DL:2.1MiB ETA:17m8s]
[#b7eb6c 7.7GiB/9.9GiB(77%) CN:7 DL:2.2MiB ETA:16m53s]
[#b7eb6c 7.7GiB/9.9GiB(77%) CN:7 DL:2.2MiB ETA:16m59s]
[#b7eb6c 7.7GiB/9.9GiB(77%) CN:7 DL:2.2MiB ETA:16m48s]
[#b7eb6c 7.7GiB/9.9GiB(77%) CN:7 DL:2.2MiB ETA:16m47s]
[#b7eb6c 7.7GiB/9.9GiB(77%) CN:7 DL:2.2MiB ETA:16m50s]
[#b7eb6c 7.7GiB/9.9GiB(77%) CN:7 DL:2.2MiB ETA:16m45s]
[#b7eb6c 7.7GiB/9.9GiB(77%) CN:7 DL:2.2MiB ETA:16m46s]
[#b7eb6c 7.7GiB/9.9GiB(77%) CN:7 DL:2.1MiB ETA:17m4s]
[#b7eb6c 7.7GiB/9.9GiB(77%) CN:7 DL:2.2MiB ETA:16m44s]
[#b7eb6c 7.7GiB/9.9GiB(77%) CN:7 DL:2.2MiB ETA:16m39s]
[#b7eb6c 7.7GiB/9.9GiB(78%) CN:7 DL:2.2MiB ETA:16m45s]
 *** Download Progress Summary as of Sun Sep 13 13:09:34 2026 *** 
===============================================================================
[#b7eb6c 7.7GiB/9.9GiB(78%) CN:7 DL:2.2MiB ETA:16m32s]
FILE: /home/cosmosapjw/.cache/htt-r9/sdss_pv_zenodo_6824749/mocks.tar.gz.partial
-------------------------------------------------------------------------------

[#b7eb6c 7.7GiB/9.9GiB(78%) CN:7 DL:2.2MiB ETA:16m32s]
[#b7eb6c 7.7GiB/9.9GiB(78%) CN:7 DL:2.2MiB ETA:16m41s]
[#b7eb6c 7.7GiB/9.9GiB(78%) CN:7 DL:2.2MiB ETA:16m39s]
[#b7eb6c 7.7GiB/9.9GiB(78%) CN:7 DL:2.2MiB ETA:16m23s]
[#b7eb6c 7.7GiB/9.9GiB(78%) CN:7 DL:2.2MiB ETA:16m34s]
[#b7eb6c 7.7GiB/9.9GiB(78%) CN:7 DL:2.2MiB ETA:16m35s]
[#b7eb6c 7.7GiB/9.9GiB(78%) CN:7 DL:2.2MiB ETA:16m31s]
[#b7eb6c 7.7GiB/9.9GiB(78%) CN:7 DL:2.2MiB ETA:16m28s]
[#b7eb6c 7.7GiB/9.9GiB(78%) CN:7 DL:2.2MiB ETA:16m19s]
[#b7eb6c 7.7GiB/9.9GiB(78%) CN:7 DL:2.2MiB ETA:16m23s]
[#b7eb6c 7.7GiB/9.9GiB(78%) CN:7 DL:2.2MiB ETA:15m59s]
[#b7eb6c 7.7GiB/9.9GiB(78%) CN:7 DL:2.2MiB ETA:16m20s]
[#b7eb6c 7.7GiB/9.9GiB(78%) CN:7 DL:2.2MiB ETA:16m19s]
[#b7eb6c 7.7GiB/9.9GiB(78%) CN:7 DL:2.2MiB ETA:16m19s]
[#b7eb6c 7.7GiB/9.9GiB(78%) CN:7 DL:2.2MiB ETA:16m15s]
[#b7eb6c 7.7GiB/9.9GiB(78%) CN:7 DL:2.2MiB ETA:16m11s]
[#b7eb6c 7.7GiB/9.9GiB(78%) CN:7 DL:2.2MiB ETA:16m15s]
[#b7eb6c 7.7GiB/9.9GiB(78%) CN:7 DL:2.3MiB ETA:15m49s]
[#b7eb6c 7.7GiB/9.9GiB(78%) CN:7 DL:2.2MiB ETA:16m33s]
[#b7eb6c 7.7GiB/9.9GiB(78%) CN:7 DL:2.3MiB ETA:15m43s]
[#b7eb6c 7.7GiB/9.9GiB(78%) CN:7 DL:2.2MiB ETA:16m16s]
[#b7eb6c 7.7GiB/9.9GiB(78%) CN:7 DL:2.2MiB ETA:16m15s]
[#b7eb6c 7.7GiB/9.9GiB(78%) CN:7 DL:2.2MiB ETA:16m25s]
[#b7eb6c 7.7GiB/9.9GiB(78%) CN:7 DL:2.2MiB ETA:16m13s]
[#b7eb6c 7.7GiB/9.9GiB(78%) CN:7 DL:2.2MiB ETA:16m14s]
[#b7eb6c 7.7GiB/9.9GiB(78%) CN:7 DL:2.2MiB ETA:16m22s]
[#b7eb6c 7.7GiB/9.9GiB(78%) CN:7 DL:2.2MiB ETA:16m19s]
[#b7eb6c 7.7GiB/9.9GiB(78%) CN:7 DL:2.2MiB ETA:16m19s]
[#b7eb6c 7.7GiB/9.9GiB(78%) CN:7 DL:2.2MiB ETA:16m13s]
[#b7eb6c 7.7GiB/9.9GiB(78%) CN:7 DL:2.2MiB ETA:16m11s]
[#b7eb6c 7.7GiB/9.9GiB(78%) CN:7 DL:2.2MiB ETA:16m13s]
[#b7eb6c 7.8GiB/9.9GiB(78%) CN:7 DL:2.2MiB ETA:15m56s]
[#b7eb6c 7.8GiB/9.9GiB(78%) CN:7 DL:2.2MiB ETA:16m14s]
[#b7eb6c 7.8GiB/9.9GiB(78%) CN:7 DL:2.2MiB ETA:16m13s]
[#b7eb6c 7.8GiB/9.9GiB(78%) CN:7 DL:2.2MiB ETA:15m47s]
[#b7eb6c 7.8GiB/9.9GiB(78%) CN:7 DL:2.1MiB ETA:16m20s]
[#b7eb6c 7.8GiB/9.9GiB(78%) CN:7 DL:2.2MiB ETA:16m]
[#b7eb6c 7.8GiB/9.9GiB(78%) CN:7 DL:2.2MiB ETA:16m1s]
[#b7eb6c 7.8GiB/9.9GiB(78%) CN:7 DL:2.1MiB ETA:16m22s]
[#b7eb6c 7.8GiB/9.9GiB(78%) CN:7 DL:2.2MiB ETA:16m3s]
[#b7eb6c 7.8GiB/9.9GiB(78%) CN:7 DL:2.2MiB ETA:16m1s]
[#b7eb6c 7.8GiB/9.9GiB(78%) CN:7 DL:2.2MiB ETA:16m2s]
[#b7eb6c 7.8GiB/9.9GiB(78%) CN:7 DL:2.2MiB ETA:15m56s]
[#b7eb6c 7.8GiB/9.9GiB(78%) CN:7 DL:2.2MiB ETA:15m56s]
[#b7eb6c 7.8GiB/9.9GiB(78%) CN:7 DL:2.2MiB ETA:15m57s]
[#b7eb6c 7.8GiB/9.9GiB(79%) CN:7 DL:2.2MiB ETA:15m51s]
[#b7eb6c 7.8GiB/9.9GiB(79%) CN:7 DL:2.2MiB ETA:15m52s]
[#b7eb6c 7.8GiB/9.9GiB(79%) CN:7 DL:2.2MiB ETA:15m47s]
[#b7eb6c 7.8GiB/9.9GiB(79%) CN:7 DL:2.2MiB ETA:15m46s]
[#b7eb6c 7.8GiB/9.9GiB(79%) CN:7 DL:2.2MiB ETA:15m46s]
[#b7eb6c 7.8GiB/9.9GiB(79%) CN:7 DL:2.1MiB ETA:16m5s]
[#b7eb6c 7.8GiB/9.9GiB(79%) CN:7 DL:2.1MiB ETA:16m5s]
[#b7eb6c 7.8GiB/9.9GiB(79%) CN:7 DL:2.2MiB ETA:15m50s]
[#b7eb6c 7.8GiB/9.9GiB(79%) CN:7 DL:2.2MiB ETA:15m48s]
[#b7eb6c 7.8GiB/9.9GiB(79%) CN:7 DL:2.2MiB ETA:15m41s]
[#b7eb6c 7.8GiB/9.9GiB(79%) CN:7 DL:2.1MiB ETA:16m1s]
[#b7eb6c 7.8GiB/9.9GiB(79%) CN:7 DL:2.2MiB ETA:15m51s]
[#b7eb6c 7.8GiB/9.9GiB(79%) CN:7 DL:2.2MiB ETA:15m38s]
[#b7eb6c 7.8GiB/9.9GiB(79%) CN:7 DL:2.2MiB ETA:15m51s]
[#b7eb6c 7.8GiB/9.9GiB(79%) CN:7 DL:2.2MiB ETA:15m46s]
[#b7eb6c 7.8GiB/9.9GiB(79%) CN:7 DL:2.2MiB ETA:15m30s]
 *** Download Progress Summary as of Sun Sep 13 13:10:34 2026 *** 
===============================================================================
[#b7eb6c 7.8GiB/9.9GiB(79%) CN:7 DL:2.2MiB ETA:15m28s]
FILE: /home/cosmosapjw/.cache/htt-r9/sdss_pv_zenodo_6824749/mocks.tar.gz.partial
-------------------------------------------------------------------------------

[#b7eb6c 7.8GiB/9.9GiB(79%) CN:7 DL:2.2MiB ETA:15m28s]
[#b7eb6c 7.8GiB/9.9GiB(79%) CN:7 DL:2.2MiB ETA:15m37s]
[#b7eb6c 7.8GiB/9.9GiB(79%) CN:7 DL:2.2MiB ETA:15m41s]
[#b7eb6c 7.8GiB/9.9GiB(79%) CN:7 DL:2.2MiB ETA:15m38s]
[#b7eb6c 7.8GiB/9.9GiB(79%) CN:7 DL:2.2MiB ETA:15m36s]
[#b7eb6c 7.8GiB/9.9GiB(79%) CN:7 DL:2.1MiB ETA:15m48s]
[#b7eb6c 7.8GiB/9.9GiB(79%) CN:7 DL:2.2MiB ETA:15m32s]
[#b7eb6c 7.8GiB/9.9GiB(79%) CN:7 DL:2.2MiB ETA:15m30s]
[#b7eb6c 7.8GiB/9.9GiB(79%) CN:7 DL:2.2MiB ETA:15m29s]
[#b7eb6c 7.8GiB/9.9GiB(79%) CN:7 DL:2.2MiB ETA:15m26s]
[#b7eb6c 7.8GiB/9.9GiB(79%) CN:7 DL:2.2MiB ETA:15m27s]
[#b7eb6c 7.8GiB/9.9GiB(79%) CN:7 DL:2.2MiB ETA:15m27s]
[#b7eb6c 7.8GiB/9.9GiB(79%) CN:7 DL:2.2MiB ETA:15m35s]
[#b7eb6c 7.8GiB/9.9GiB(79%) CN:7 DL:2.2MiB ETA:15m23s]
[#b7eb6c 7.8GiB/9.9GiB(79%) CN:7 DL:2.2MiB ETA:15m23s]
[#b7eb6c 7.8GiB/9.9GiB(79%) CN:7 DL:2.2MiB ETA:15m15s]
[#b7eb6c 7.9GiB/9.9GiB(79%) CN:7 DL:2.2MiB ETA:15m18s]
[#b7eb6c 7.9GiB/9.9GiB(79%) CN:7 DL:2.2MiB ETA:15m17s]
[#b7eb6c 7.9GiB/9.9GiB(79%) CN:7 DL:2.2MiB ETA:15m18s]
[#b7eb6c 7.9GiB/9.9GiB(79%) CN:7 DL:2.2MiB ETA:15m17s]
[#b7eb6c 7.9GiB/9.9GiB(79%) CN:7 DL:2.2MiB ETA:15m14s]
[#b7eb6c 7.9GiB/9.9GiB(79%) CN:7 DL:2.1MiB ETA:15m34s]
[#b7eb6c 7.9GiB/9.9GiB(79%) CN:7 DL:2.2MiB ETA:15m7s]
[#b7eb6c 7.9GiB/9.9GiB(79%) CN:7 DL:2.2MiB ETA:15m11s]
[#b7eb6c 7.9GiB/9.9GiB(79%) CN:7 DL:2.2MiB ETA:15m11s]
[#b7eb6c 7.9GiB/9.9GiB(79%) CN:7 DL:2.1MiB ETA:15m49s]
[#b7eb6c 7.9GiB/9.9GiB(79%) CN:7 DL:2.2MiB ETA:15m17s]
[#b7eb6c 7.9GiB/9.9GiB(79%) CN:7 DL:2.2MiB ETA:15m16s]
[#b7eb6c 7.9GiB/9.9GiB(79%) CN:7 DL:2.2MiB ETA:15m16s]
[#b7eb6c 7.9GiB/9.9GiB(80%) CN:7 DL:2.2MiB ETA:15m5s]
[#b7eb6c 7.9GiB/9.9GiB(80%) CN:7 DL:2.2MiB ETA:15m14s]
[#b7eb6c 7.9GiB/9.9GiB(80%) CN:7 DL:2.2MiB ETA:15m10s]
[#b7eb6c 7.9GiB/9.9GiB(80%) CN:7 DL:2.2MiB ETA:15m12s]
[#b7eb6c 7.9GiB/9.9GiB(80%) CN:7 DL:2.2MiB ETA:15m11s]
[#b7eb6c 7.9GiB/9.9GiB(80%) CN:7 DL:2.2MiB ETA:15m10s]
[#b7eb6c 7.9GiB/9.9GiB(80%) CN:7 DL:2.2MiB ETA:14m50s]
[#b7eb6c 7.9GiB/9.9GiB(80%) CN:7 DL:2.2MiB ETA:15m2s]
[#b7eb6c 7.9GiB/9.9GiB(80%) CN:7 DL:2.2MiB ETA:14m58s]
[#b7eb6c 7.9GiB/9.9GiB(80%) CN:7 DL:2.2MiB ETA:15m2s]
[#b7eb6c 7.9GiB/9.9GiB(80%) CN:7 DL:2.2MiB ETA:15m]
[#b7eb6c 7.9GiB/9.9GiB(80%) CN:7 DL:2.2MiB ETA:15m]
[#b7eb6c 7.9GiB/9.9GiB(80%) CN:7 DL:2.3MiB ETA:14m28s]
[#b7eb6c 7.9GiB/9.9GiB(80%) CN:7 DL:2.1MiB ETA:15m14s]
[#b7eb6c 7.9GiB/9.9GiB(80%) CN:7 DL:2.2MiB ETA:14m57s]
[#b7eb6c 7.9GiB/9.9GiB(80%) CN:7 DL:2.2MiB ETA:15m]
[#b7eb6c 7.9GiB/9.9GiB(80%) CN:7 DL:2.2MiB ETA:14m54s]
[#b7eb6c 7.9GiB/9.9GiB(80%) CN:7 DL:2.2MiB ETA:14m52s]
[#b7eb6c 7.9GiB/9.9GiB(80%) CN:7 DL:2.2MiB ETA:14m50s]
[#b7eb6c 7.9GiB/9.9GiB(80%) CN:7 DL:2.2MiB ETA:14m50s]
[#b7eb6c 7.9GiB/9.9GiB(80%) CN:7 DL:2.2MiB ETA:14m29s]
[#b7eb6c 7.9GiB/9.9GiB(80%) CN:7 DL:2.2MiB ETA:14m55s]
[#b7eb6c 7.9GiB/9.9GiB(80%) CN:7 DL:2.2MiB ETA:14m43s]
[#b7eb6c 7.9GiB/9.9GiB(80%) CN:7 DL:2.2MiB ETA:14m42s]
[#b7eb6c 7.9GiB/9.9GiB(80%) CN:7 DL:2.2MiB ETA:14m50s]
[#b7eb6c 7.9GiB/9.9GiB(80%) CN:7 DL:2.2MiB ETA:14m34s]
[#b7eb6c 7.9GiB/9.9GiB(80%) CN:7 DL:2.2MiB ETA:14m49s]
[#b7eb6c 7.9GiB/9.9GiB(80%) CN:7 DL:2.2MiB ETA:14m44s]
[#b7eb6c 7.9GiB/9.9GiB(80%) CN:7 DL:2.2MiB ETA:14m46s]
[#b7eb6c 7.9GiB/9.9GiB(80%) CN:7 DL:2.2MiB ETA:14m44s]
[#b7eb6c 7.9GiB/9.9GiB(80%) CN:7 DL:2.2MiB ETA:14m43s]
[#b7eb6c 7.9GiB/9.9GiB(80%) CN:7 DL:2.2MiB ETA:14m44s]
 *** Download Progress Summary as of Sun Sep 13 13:11:35 2026 *** 
===============================================================================
[#b7eb6c 7.9GiB/9.9GiB(80%) CN:7 DL:2.2MiB ETA:14m42s]
FILE: /home/cosmosapjw/.cache/htt-r9/sdss_pv_zenodo_6824749/mocks.tar.gz.partial
-------------------------------------------------------------------------------

[#b7eb6c 7.9GiB/9.9GiB(80%) CN:7 DL:2.2MiB ETA:14m42s]
[#b7eb6c 8.0GiB/9.9GiB(80%) CN:7 DL:2.2MiB ETA:14m24s]
[#b7eb6c 8.0GiB/9.9GiB(80%) CN:7 DL:2.2MiB ETA:14m24s]
[#b7eb6c 8.0GiB/9.9GiB(80%) CN:7 DL:2.2MiB ETA:14m30s]
[#b7eb6c 8.0GiB/9.9GiB(80%) CN:7 DL:2.2MiB ETA:14m35s]
[#b7eb6c 8.0GiB/9.9GiB(80%) CN:7 DL:2.2MiB ETA:14m29s]
[#b7eb6c 8.0GiB/9.9GiB(80%) CN:7 DL:2.1MiB ETA:14m52s]
[#b7eb6c 8.0GiB/9.9GiB(80%) CN:7 DL:2.2MiB ETA:14m22s]
[#b7eb6c 8.0GiB/9.9GiB(80%) CN:7 DL:2.2MiB ETA:14m23s]
[#b7eb6c 8.0GiB/9.9GiB(80%) CN:7 DL:2.2MiB ETA:14m25s]
[#b7eb6c 8.0GiB/9.9GiB(80%) CN:7 DL:2.2MiB ETA:14m23s]
[#b7eb6c 8.0GiB/9.9GiB(80%) CN:7 DL:2.2MiB ETA:14m22s]
[#b7eb6c 8.0GiB/9.9GiB(80%) CN:7 DL:2.2MiB ETA:14m28s]
[#b7eb6c 8.0GiB/9.9GiB(80%) CN:7 DL:2.2MiB ETA:14m17s]
[#b7eb6c 8.0GiB/9.9GiB(80%) CN:7 DL:2.1MiB ETA:15m1s]
[#b7eb6c 8.0GiB/9.9GiB(81%) CN:7 DL:2.1MiB ETA:14m57s]
[#b7eb6c 8.0GiB/9.9GiB(81%) CN:7 DL:2.0MiB ETA:15m22s]
[#b7eb6c 8.0GiB/9.9GiB(81%) CN:7 DL:2.0MiB ETA:15m20s]
[#b7eb6c 8.0GiB/9.9GiB(81%) CN:7 DL:2.0MiB ETA:15m19s]
[#b7eb6c 8.0GiB/9.9GiB(81%) CN:7 DL:2.0MiB ETA:15m16s]
[#b7eb6c 8.0GiB/9.9GiB(81%) CN:7 DL:2.0MiB ETA:15m50s]
[#b7eb6c 8.0GiB/9.9GiB(81%) CN:7 DL:2.0MiB ETA:15m17s]
[#b7eb6c 8.0GiB/9.9GiB(81%) CN:7 DL:2.1MiB ETA:14m47s]
[#b7eb6c 8.0GiB/9.9GiB(81%) CN:7 DL:2.1MiB ETA:14m44s]
[#b7eb6c 8.0GiB/9.9GiB(81%) CN:7 DL:2.2MiB ETA:14m16s]
[#b7eb6c 8.0GiB/9.9GiB(81%) CN:7 DL:2.2MiB ETA:14m11s]
[#b7eb6c 8.0GiB/9.9GiB(81%) CN:7 DL:2.2MiB ETA:14m11s]
[#b7eb6c 8.0GiB/9.9GiB(81%) CN:7 DL:2.2MiB ETA:14m12s]
[#b7eb6c 8.0GiB/9.9GiB(81%) CN:7 DL:2.2MiB ETA:14m22s]
[#b7eb6c 8.0GiB/9.9GiB(81%) CN:7 DL:2.2MiB ETA:13m46s]
[#b7eb6c 8.0GiB/9.9GiB(81%) CN:7 DL:2.2MiB ETA:13m49s]
[#b7eb6c 8.0GiB/9.9GiB(81%) CN:7 DL:2.2MiB ETA:14m8s]
[#b7eb6c 8.0GiB/9.9GiB(81%) CN:7 DL:2.2MiB ETA:14m6s]
[#b7eb6c 8.0GiB/9.9GiB(81%) CN:7 DL:2.2MiB ETA:13m58s]
[#b7eb6c 8.0GiB/9.9GiB(81%) CN:7 DL:2.2MiB ETA:14m4s]
[#b7eb6c 8.0GiB/9.9GiB(81%) CN:7 DL:2.2MiB ETA:14m3s]
[#b7eb6c 8.0GiB/9.9GiB(81%) CN:7 DL:2.2MiB ETA:14m4s]
[#b7eb6c 8.0GiB/9.9GiB(81%) CN:7 DL:2.1MiB ETA:14m24s]
[#b7eb6c 8.0GiB/9.9GiB(81%) CN:7 DL:2.2MiB ETA:13m49s]
[#b7eb6c 8.0GiB/9.9GiB(81%) CN:7 DL:2.2MiB ETA:14m1s]
[#b7eb6c 8.0GiB/9.9GiB(81%) CN:7 DL:2.1MiB ETA:14m22s]
[#b7eb6c 8.0GiB/9.9GiB(81%) CN:7 DL:2.2MiB ETA:13m57s]
[#b7eb6c 8.0GiB/9.9GiB(81%) CN:7 DL:2.2MiB ETA:13m57s]
[#b7eb6c 8.0GiB/9.9GiB(81%) CN:7 DL:2.2MiB ETA:13m55s]
[#b7eb6c 8.0GiB/9.9GiB(81%) CN:7 DL:2.2MiB ETA:13m55s]
[#b7eb6c 8.0GiB/9.9GiB(81%) CN:7 DL:2.2MiB ETA:13m56s]
[#b7eb6c 8.0GiB/9.9GiB(81%) CN:7 DL:2.2MiB ETA:13m56s]
[#b7eb6c 8.0GiB/9.9GiB(81%) CN:7 DL:2.1MiB ETA:14m30s]
[#b7eb6c 8.1GiB/9.9GiB(81%) CN:7 DL:2.0MiB ETA:14m51s]
[#b7eb6c 8.1GiB/9.9GiB(81%) CN:7 DL:2.1MiB ETA:14m41s]
[#b7eb6c 8.1GiB/9.9GiB(81%) CN:7 DL:1.9MiB ETA:16m8s]
[#b7eb6c 8.1GiB/9.9GiB(81%) CN:7 DL:1.7MiB ETA:17m12s]
[#b7eb6c 8.1GiB/9.9GiB(81%) CN:7 DL:1.7MiB ETA:17m46s]
[#b7eb6c 8.1GiB/9.9GiB(81%) CN:7 DL:1.6MiB ETA:18m52s]
[#b7eb6c 8.1GiB/9.9GiB(81%) CN:7 DL:1.5MiB ETA:19m55s]
[#b7eb6c 8.1GiB/9.9GiB(81%) CN:7 DL:1.4MiB ETA:20m56s]
[#b7eb6c 8.1GiB/9.9GiB(81%) CN:7 DL:1.4MiB ETA:21m36s]
[#b7eb6c 8.1GiB/9.9GiB(81%) CN:7 DL:1.5MiB ETA:20m24s]
[#b7eb6c 8.1GiB/9.9GiB(81%) CN:7 DL:1.4MiB ETA:20m44s]
[#b7eb6c 8.1GiB/9.9GiB(81%) CN:7 DL:1.5MiB ETA:19m11s]
[#b7eb6c 8.1GiB/9.9GiB(81%) CN:7 DL:1.6MiB ETA:18m11s]
 *** Download Progress Summary as of Sun Sep 13 13:12:36 2026 *** 
===============================================================================
[#b7eb6c 8.1GiB/9.9GiB(81%) CN:7 DL:1.8MiB ETA:16m45s]
FILE: /home/cosmosapjw/.cache/htt-r9/sdss_pv_zenodo_6824749/mocks.tar.gz.partial
-------------------------------------------------------------------------------

[#b7eb6c 8.1GiB/9.9GiB(81%) CN:7 DL:1.8MiB ETA:16m45s]
[#b7eb6c 8.1GiB/9.9GiB(81%) CN:7 DL:1.9MiB ETA:15m53s]
[#b7eb6c 8.1GiB/9.9GiB(81%) CN:7 DL:1.9MiB ETA:15m20s]
[#b7eb6c 8.1GiB/9.9GiB(82%) CN:7 DL:2.1MiB ETA:14m22s]
[#b7eb6c 8.1GiB/9.9GiB(82%) CN:7 DL:2.1MiB ETA:13m52s]
[#b7eb6c 8.1GiB/9.9GiB(82%) CN:7 DL:2.2MiB ETA:13m44s]
[#b7eb6c 8.1GiB/9.9GiB(82%) CN:7 DL:2.2MiB ETA:13m33s]
[#b7eb6c 8.1GiB/9.9GiB(82%) CN:7 DL:2.2MiB ETA:13m36s]
[#b7eb6c 8.1GiB/9.9GiB(82%) CN:7 DL:2.2MiB ETA:13m33s]
[#b7eb6c 8.1GiB/9.9GiB(82%) CN:7 DL:2.2MiB ETA:13m18s]
[#b7eb6c 8.1GiB/9.9GiB(82%) CN:7 DL:2.2MiB ETA:13m32s]
[#b7eb6c 8.1GiB/9.9GiB(82%) CN:7 DL:2.2MiB ETA:13m32s]
[#b7eb6c 8.1GiB/9.9GiB(82%) CN:7 DL:2.2MiB ETA:13m30s]
[#b7eb6c 8.1GiB/9.9GiB(82%) CN:7 DL:2.2MiB ETA:13m29s]
[#b7eb6c 8.1GiB/9.9GiB(82%) CN:7 DL:2.2MiB ETA:13m26s]
[#b7eb6c 8.1GiB/9.9GiB(82%) CN:7 DL:2.2MiB ETA:13m30s]
[#b7eb6c 8.1GiB/9.9GiB(82%) CN:7 DL:2.2MiB ETA:13m26s]
[#b7eb6c 8.1GiB/9.9GiB(82%) CN:7 DL:2.2MiB ETA:13m5s]
[#b7eb6c 8.1GiB/9.9GiB(82%) CN:7 DL:2.2MiB ETA:13m21s]
[#b7eb6c 8.1GiB/9.9GiB(82%) CN:7 DL:2.2MiB ETA:13m22s]
[#b7eb6c 8.1GiB/9.9GiB(82%) CN:7 DL:2.2MiB ETA:13m19s]
[#b7eb6c 8.1GiB/9.9GiB(82%) CN:7 DL:2.2MiB ETA:13m17s]
[#b7eb6c 8.1GiB/9.9GiB(82%) CN:7 DL:2.2MiB ETA:13m21s]
[#b7eb6c 8.1GiB/9.9GiB(82%) CN:7 DL:2.2MiB ETA:13m18s]
[#b7eb6c 8.1GiB/9.9GiB(82%) CN:7 DL:2.1MiB ETA:13m40s]
[#b7eb6c 8.1GiB/9.9GiB(82%) CN:7 DL:2.2MiB ETA:13m]
[#b7eb6c 8.1GiB/9.9GiB(82%) CN:7 DL:2.1MiB ETA:13m34s]
[#b7eb6c 8.1GiB/9.9GiB(82%) CN:7 DL:2.1MiB ETA:13m45s]
[#b7eb6c 8.1GiB/9.9GiB(82%) CN:7 DL:2.1MiB ETA:13m51s]
[#b7eb6c 8.1GiB/9.9GiB(82%) CN:7 DL:2.1MiB ETA:13m57s]
[#b7eb6c 8.1GiB/9.9GiB(82%) CN:7 DL:2.0MiB ETA:14m5s]
[#b7eb6c 8.1GiB/9.9GiB(82%) CN:7 DL:2.1MiB ETA:13m53s]
[#b7eb6c 8.1GiB/9.9GiB(82%) CN:7 DL:2.0MiB ETA:14m1s]
[#b7eb6c 8.1GiB/9.9GiB(82%) CN:7 DL:2.0MiB ETA:14m2s]
[#b7eb6c 8.1GiB/9.9GiB(82%) CN:7 DL:2.0MiB ETA:14m35s]
[#b7eb6c 8.1GiB/9.9GiB(82%) CN:7 DL:2.1MiB ETA:13m24s]
[#b7eb6c 8.1GiB/9.9GiB(82%) CN:7 DL:2.1MiB ETA:13m36s]
[#b7eb6c 8.2GiB/9.9GiB(82%) CN:7 DL:2.1MiB ETA:13m22s]
[#b7eb6c 8.2GiB/9.9GiB(82%) CN:7 DL:2.1MiB ETA:13m38s]
[#b7eb6c 8.2GiB/9.9GiB(82%) CN:7 DL:2.2MiB ETA:13m8s]
[#b7eb6c 8.2GiB/9.9GiB(82%) CN:7 DL:2.2MiB ETA:13m4s]
[#b7eb6c 8.2GiB/9.9GiB(82%) CN:7 DL:2.2MiB ETA:13m]
[#b7eb6c 8.2GiB/9.9GiB(82%) CN:7 DL:2.2MiB ETA:12m59s]
[#b7eb6c 8.2GiB/9.9GiB(82%) CN:7 DL:2.2MiB ETA:12m57s]
[#b7eb6c 8.2GiB/9.9GiB(82%) CN:7 DL:2.2MiB ETA:12m57s]
[#b7eb6c 8.2GiB/9.9GiB(82%) CN:7 DL:2.1MiB ETA:13m9s]
[#b7eb6c 8.2GiB/9.9GiB(82%) CN:7 DL:2.2MiB ETA:12m39s]
[#b7eb6c 8.2GiB/9.9GiB(82%) CN:7 DL:2.2MiB ETA:13m]
[#b7eb6c 8.2GiB/9.9GiB(82%) CN:7 DL:2.2MiB ETA:12m54s]
[#b7eb6c 8.2GiB/9.9GiB(83%) CN:7 DL:2.2MiB ETA:12m51s]
[#b7eb6c 8.2GiB/9.9GiB(83%) CN:7 DL:2.2MiB ETA:12m50s]
[#b7eb6c 8.2GiB/9.9GiB(83%) CN:7 DL:2.2MiB ETA:12m49s]
[#b7eb6c 8.2GiB/9.9GiB(83%) CN:7 DL:2.2MiB ETA:12m49s]
[#b7eb6c 8.2GiB/9.9GiB(83%) CN:7 DL:2.2MiB ETA:12m48s]
[#b7eb6c 8.2GiB/9.9GiB(83%) CN:7 DL:2.2MiB ETA:12m46s]
[#b7eb6c 8.2GiB/9.9GiB(83%) CN:7 DL:2.2MiB ETA:12m45s]
[#b7eb6c 8.2GiB/9.9GiB(83%) CN:7 DL:2.2MiB ETA:12m43s]
[#b7eb6c 8.2GiB/9.9GiB(83%) CN:7 DL:2.2MiB ETA:12m44s]
[#b7eb6c 8.2GiB/9.9GiB(83%) CN:7 DL:2.2MiB ETA:12m42s]
[#b7eb6c 8.2GiB/9.9GiB(83%) CN:7 DL:2.2MiB ETA:12m30s]
[#b7eb6c 8.2GiB/9.9GiB(83%) CN:7 DL:2.2MiB ETA:12m38s]
 *** Download Progress Summary as of Sun Sep 13 13:13:37 2026 *** 
===============================================================================
[#b7eb6c 8.2GiB/9.9GiB(83%) CN:7 DL:2.2MiB ETA:12m38s]
FILE: /home/cosmosapjw/.cache/htt-r9/sdss_pv_zenodo_6824749/mocks.tar.gz.partial
-------------------------------------------------------------------------------

[#b7eb6c 8.2GiB/9.9GiB(83%) CN:7 DL:2.2MiB ETA:12m38s]
[#b7eb6c 8.2GiB/9.9GiB(83%) CN:7 DL:2.2MiB ETA:12m37s]
[#b7eb6c 8.2GiB/9.9GiB(83%) CN:7 DL:2.2MiB ETA:12m38s]
[#b7eb6c 8.2GiB/9.9GiB(83%) CN:7 DL:2.2MiB ETA:12m36s]
[#b7eb6c 8.2GiB/9.9GiB(83%) CN:7 DL:2.1MiB ETA:12m55s]
[#b7eb6c 8.2GiB/9.9GiB(83%) CN:7 DL:2.2MiB ETA:12m37s]
[#b7eb6c 8.2GiB/9.9GiB(83%) CN:7 DL:2.2MiB ETA:12m38s]
[#b7eb6c 8.2GiB/9.9GiB(83%) CN:7 DL:2.2MiB ETA:12m39s]
[#b7eb6c 8.2GiB/9.9GiB(83%) CN:7 DL:2.2MiB ETA:12m34s]
[#b7eb6c 8.2GiB/9.9GiB(83%) CN:7 DL:2.2MiB ETA:12m38s]
[#b7eb6c 8.2GiB/9.9GiB(83%) CN:7 DL:2.2MiB ETA:12m37s]
[#b7eb6c 8.2GiB/9.9GiB(83%) CN:7 DL:2.2MiB ETA:12m24s]
[#b7eb6c 8.2GiB/9.9GiB(83%) CN:7 DL:2.2MiB ETA:12m36s]
[#b7eb6c 8.2GiB/9.9GiB(83%) CN:7 DL:2.2MiB ETA:12m12s]
[#b7eb6c 8.2GiB/9.9GiB(83%) CN:7 DL:2.2MiB ETA:12m35s]
[#b7eb6c 8.2GiB/9.9GiB(83%) CN:7 DL:2.2MiB ETA:12m33s]
[#b7eb6c 8.2GiB/9.9GiB(83%) CN:7 DL:2.2MiB ETA:12m28s]
[#b7eb6c 8.2GiB/9.9GiB(83%) CN:7 DL:2.2MiB ETA:12m26s]
[#b7eb6c 8.2GiB/9.9GiB(83%) CN:7 DL:2.2MiB ETA:12m26s]
[#b7eb6c 8.2GiB/9.9GiB(83%) CN:7 DL:2.2MiB ETA:12m23s]
[#b7eb6c 8.2GiB/9.9GiB(83%) CN:7 DL:2.2MiB ETA:12m22s]
[#b7eb6c 8.2GiB/9.9GiB(83%) CN:7 DL:2.2MiB ETA:12m27s]
[#b7eb6c 8.3GiB/9.9GiB(83%) CN:7 DL:2.2MiB ETA:12m20s]
[#b7eb6c 8.3GiB/9.9GiB(83%) CN:7 DL:2.2MiB ETA:12m17s]
[#b7eb6c 8.3GiB/9.9GiB(83%) CN:7 DL:2.2MiB ETA:12m13s]
[#b7eb6c 8.3GiB/9.9GiB(83%) CN:7 DL:2.2MiB ETA:12m22s]
[#b7eb6c 8.3GiB/9.9GiB(83%) CN:7 DL:2.1MiB ETA:12m34s]
[#b7eb6c 8.3GiB/9.9GiB(83%) CN:7 DL:2.1MiB ETA:12m37s]
[#b7eb6c 8.3GiB/9.9GiB(83%) CN:7 DL:2.1MiB ETA:12m38s]
[#b7eb6c 8.3GiB/9.9GiB(83%) CN:7 DL:2.1MiB ETA:12m53s]
[#b7eb6c 8.3GiB/9.9GiB(83%) CN:7 DL:2.0MiB ETA:13m5s]
[#b7eb6c 8.3GiB/9.9GiB(83%) CN:7 DL:2.1MiB ETA:12m31s]
[#b7eb6c 8.3GiB/9.9GiB(83%) CN:7 DL:2.0MiB ETA:12m56s]
[#b7eb6c 8.3GiB/9.9GiB(83%) CN:7 DL:2.1MiB ETA:12m36s]
[#b7eb6c 8.3GiB/9.9GiB(84%) CN:7 DL:2.1MiB ETA:12m37s]
[#b7eb6c 8.3GiB/9.9GiB(84%) CN:7 DL:2.1MiB ETA:12m22s]
[#b7eb6c 8.3GiB/9.9GiB(84%) CN:7 DL:2.2MiB ETA:12m9s]
[#b7eb6c 8.3GiB/9.9GiB(84%) CN:7 DL:2.2MiB ETA:12m4s]
[#b7eb6c 8.3GiB/9.9GiB(84%) CN:7 DL:2.2MiB ETA:12m4s]
[#b7eb6c 8.3GiB/9.9GiB(84%) CN:7 DL:2.2MiB ETA:11m59s]
[#b7eb6c 8.3GiB/9.9GiB(84%) CN:7 DL:2.2MiB ETA:12m2s]
[#b7eb6c 8.3GiB/9.9GiB(84%) CN:7 DL:2.2MiB ETA:11m59s]
[#b7eb6c 8.3GiB/9.9GiB(84%) CN:7 DL:2.2MiB ETA:11m56s]
[#b7eb6c 8.3GiB/9.9GiB(84%) CN:7 DL:2.2MiB ETA:11m58s]
[#b7eb6c 8.3GiB/9.9GiB(84%) CN:7 DL:2.2MiB ETA:11m56s]
[#b7eb6c 8.3GiB/9.9GiB(84%) CN:7 DL:2.2MiB ETA:11m54s]
[#b7eb6c 8.3GiB/9.9GiB(84%) CN:7 DL:2.2MiB ETA:11m54s]
[#b7eb6c 8.3GiB/9.9GiB(84%) CN:7 DL:2.2MiB ETA:12m1s]
[#b7eb6c 8.3GiB/9.9GiB(84%) CN:7 DL:2.1MiB ETA:12m6s]
[#b7eb6c 8.3GiB/9.9GiB(84%) CN:7 DL:2.2MiB ETA:11m53s]
[#b7eb6c 8.3GiB/9.9GiB(84%) CN:7 DL:2.2MiB ETA:11m53s]
[#b7eb6c 8.3GiB/9.9GiB(84%) CN:7 DL:2.2MiB ETA:11m49s]
[#b7eb6c 8.3GiB/9.9GiB(84%) CN:7 DL:2.2MiB ETA:11m40s]
[#b7eb6c 8.3GiB/9.9GiB(84%) CN:7 DL:2.2MiB ETA:11m48s]
[#b7eb6c 8.3GiB/9.9GiB(84%) CN:7 DL:2.2MiB ETA:11m46s]
[#b7eb6c 8.3GiB/9.9GiB(84%) CN:7 DL:2.2MiB ETA:11m53s]
[#b7eb6c 8.3GiB/9.9GiB(84%) CN:7 DL:2.2MiB ETA:11m45s]
[#b7eb6c 8.3GiB/9.9GiB(84%) CN:7 DL:2.2MiB ETA:11m42s]
[#b7eb6c 8.3GiB/9.9GiB(84%) CN:7 DL:2.2MiB ETA:11m47s]
[#b7eb6c 8.3GiB/9.9GiB(84%) CN:7 DL:2.2MiB ETA:11m39s]
[#b7eb6c 8.3GiB/9.9GiB(84%) CN:7 DL:2.3MiB ETA:11m20s]
 *** Download Progress Summary as of Sun Sep 13 13:14:37 2026 *** 
===============================================================================
[#b7eb6c 8.3GiB/9.9GiB(84%) CN:7 DL:2.2MiB ETA:11m35s]
FILE: /home/cosmosapjw/.cache/htt-r9/sdss_pv_zenodo_6824749/mocks.tar.gz.partial
-------------------------------------------------------------------------------

[#b7eb6c 8.3GiB/9.9GiB(84%) CN:7 DL:2.2MiB ETA:11m35s]
[#b7eb6c 8.3GiB/9.9GiB(84%) CN:7 DL:2.2MiB ETA:11m35s]
[#b7eb6c 8.3GiB/9.9GiB(84%) CN:7 DL:2.2MiB ETA:11m34s]
[#b7eb6c 8.3GiB/9.9GiB(84%) CN:7 DL:2.2MiB ETA:11m33s]
[#b7eb6c 8.3GiB/9.9GiB(84%) CN:7 DL:2.2MiB ETA:11m25s]
[#b7eb6c 8.3GiB/9.9GiB(84%) CN:7 DL:2.2MiB ETA:11m31s]
[#b7eb6c 8.3GiB/9.9GiB(84%) CN:7 DL:2.2MiB ETA:11m41s]
[#b7eb6c 8.3GiB/9.9GiB(84%) CN:7 DL:2.2MiB ETA:11m28s]
[#b7eb6c 8.4GiB/9.9GiB(84%) CN:7 DL:2.1MiB ETA:11m47s]
[#b7eb6c 8.4GiB/9.9GiB(84%) CN:7 DL:2.2MiB ETA:11m27s]
[#b7eb6c 8.4GiB/9.9GiB(84%) CN:7 DL:2.2MiB ETA:11m21s]
[#b7eb6c 8.4GiB/9.9GiB(84%) CN:7 DL:2.2MiB ETA:11m32s]
[#b7eb6c 8.4GiB/9.9GiB(84%) CN:7 DL:2.2MiB ETA:11m25s]
[#b7eb6c 8.4GiB/9.9GiB(84%) CN:7 DL:2.2MiB ETA:11m11s]
[#b7eb6c 8.4GiB/9.9GiB(84%) CN:7 DL:2.1MiB ETA:11m39s]
[#b7eb6c 8.4GiB/9.9GiB(84%) CN:7 DL:2.2MiB ETA:11m22s]
[#b7eb6c 8.4GiB/9.9GiB(84%) CN:7 DL:2.2MiB ETA:11m21s]
[#b7eb6c 8.4GiB/9.9GiB(84%) CN:7 DL:2.2MiB ETA:11m21s]
[#b7eb6c 8.4GiB/9.9GiB(84%) CN:7 DL:2.2MiB ETA:11m20s]
[#b7eb6c 8.4GiB/9.9GiB(85%) CN:7 DL:2.2MiB ETA:11m20s]
[#b7eb6c 8.4GiB/9.9GiB(85%) CN:7 DL:2.2MiB ETA:11m21s]
[#b7eb6c 8.4GiB/9.9GiB(85%) CN:7 DL:2.2MiB ETA:11m17s]
[#b7eb6c 8.4GiB/9.9GiB(85%) CN:7 DL:2.2MiB ETA:11m16s]
[#b7eb6c 8.4GiB/9.9GiB(85%) CN:7 DL:2.1MiB ETA:11m30s]
[#b7eb6c 8.4GiB/9.9GiB(85%) CN:7 DL:2.2MiB ETA:11m14s]
[#b7eb6c 8.4GiB/9.9GiB(85%) CN:7 DL:2.1MiB ETA:11m27s]
[#b7eb6c 8.4GiB/9.9GiB(85%) CN:7 DL:2.3MiB ETA:10m50s]
[#b7eb6c 8.4GiB/9.9GiB(85%) CN:7 DL:2.2MiB ETA:11m8s]
[#b7eb6c 8.4GiB/9.9GiB(85%) CN:7 DL:2.2MiB ETA:11m7s]
[#b7eb6c 8.4GiB/9.9GiB(85%) CN:7 DL:2.2MiB ETA:11m5s]
[#b7eb6c 8.4GiB/9.9GiB(85%) CN:7 DL:2.2MiB ETA:11m6s]
[#b7eb6c 8.4GiB/9.9GiB(85%) CN:7 DL:2.2MiB ETA:11m8s]
[#b7eb6c 8.4GiB/9.9GiB(85%) CN:7 DL:2.2MiB ETA:11m1s]
[#b7eb6c 8.4GiB/9.9GiB(85%) CN:7 DL:2.2MiB ETA:11m2s]
[#b7eb6c 8.4GiB/9.9GiB(85%) CN:7 DL:2.2MiB ETA:11m1s]
[#b7eb6c 8.4GiB/9.9GiB(85%) CN:7 DL:2.2MiB ETA:11m]
[#b7eb6c 8.4GiB/9.9GiB(85%) CN:7 DL:2.2MiB ETA:11m7s]
[#b7eb6c 8.4GiB/9.9GiB(85%) CN:7 DL:2.2MiB ETA:10m58s]
[#b7eb6c 8.4GiB/9.9GiB(85%) CN:7 DL:2.1MiB ETA:11m19s]
[#b7eb6c 8.4GiB/9.9GiB(85%) CN:7 DL:2.2MiB ETA:10m58s]
[#b7eb6c 8.4GiB/9.9GiB(85%) CN:7 DL:2.2MiB ETA:10m57s]
[#b7eb6c 8.4GiB/9.9GiB(85%) CN:7 DL:2.2MiB ETA:10m56s]
[#b7eb6c 8.4GiB/9.9GiB(85%) CN:7 DL:2.2MiB ETA:10m56s]
[#b7eb6c 8.4GiB/9.9GiB(85%) CN:7 DL:2.2MiB ETA:10m54s]
[#b7eb6c 8.4GiB/9.9GiB(85%) CN:7 DL:2.2MiB ETA:10m55s]
[#b7eb6c 8.4GiB/9.9GiB(85%) CN:7 DL:2.2MiB ETA:10m50s]
[#b7eb6c 8.4GiB/9.9GiB(85%) CN:7 DL:2.2MiB ETA:11m3s]
[#b7eb6c 8.4GiB/9.9GiB(85%) CN:7 DL:2.2MiB ETA:10m38s]
[#b7eb6c 8.4GiB/9.9GiB(85%) CN:7 DL:2.2MiB ETA:10m48s]
[#b7eb6c 8.4GiB/9.9GiB(85%) CN:7 DL:2.2MiB ETA:10m51s]
[#b7eb6c 8.4GiB/9.9GiB(85%) CN:7 DL:2.2MiB ETA:10m51s]
[#b7eb6c 8.4GiB/9.9GiB(85%) CN:7 DL:2.2MiB ETA:10m53s]
[#b7eb6c 8.4GiB/9.9GiB(85%) CN:7 DL:2.2MiB ETA:10m52s]
[#b7eb6c 8.5GiB/9.9GiB(85%) CN:7 DL:2.2MiB ETA:10m41s]
[#b7eb6c 8.5GiB/9.9GiB(85%) CN:7 DL:2.2MiB ETA:10m53s]
[#b7eb6c 8.5GiB/9.9GiB(85%) CN:7 DL:2.2MiB ETA:10m53s]
[#b7eb6c 8.5GiB/9.9GiB(85%) CN:7 DL:2.1MiB ETA:10m56s]
[#b7eb6c 8.5GiB/9.9GiB(85%) CN:7 DL:2.1MiB ETA:11m1s]
[#b7eb6c 8.5GiB/9.9GiB(85%) CN:7 DL:2.1MiB ETA:11m1s]
[#b7eb6c 8.5GiB/9.9GiB(85%) CN:7 DL:2.1MiB ETA:11m]
[#b7eb6c 8.5GiB/9.9GiB(85%) CN:7 DL:2.1MiB ETA:10m57s]
 *** Download Progress Summary as of Sun Sep 13 13:15:38 2026 *** 
===============================================================================
[#b7eb6c 8.5GiB/9.9GiB(85%) CN:7 DL:2.1MiB ETA:11m]
FILE: /home/cosmosapjw/.cache/htt-r9/sdss_pv_zenodo_6824749/mocks.tar.gz.partial
-------------------------------------------------------------------------------

[#b7eb6c 8.5GiB/9.9GiB(85%) CN:7 DL:2.1MiB ETA:11m]
[#b7eb6c 8.5GiB/9.9GiB(85%) CN:7 DL:2.1MiB ETA:10m54s]
[#b7eb6c 8.5GiB/9.9GiB(85%) CN:7 DL:2.1MiB ETA:11m1s]
[#b7eb6c 8.5GiB/9.9GiB(85%) CN:7 DL:2.1MiB ETA:10m51s]
[#b7eb6c 8.5GiB/9.9GiB(86%) CN:7 DL:2.1MiB ETA:11m8s]
[#b7eb6c 8.5GiB/9.9GiB(86%) CN:7 DL:2.1MiB ETA:10m55s]
[#b7eb6c 8.5GiB/9.9GiB(86%) CN:7 DL:2.1MiB ETA:10m53s]
[#b7eb6c 8.5GiB/9.9GiB(86%) CN:7 DL:2.1MiB ETA:10m47s]
[#b7eb6c 8.5GiB/9.9GiB(86%) CN:7 DL:2.1MiB ETA:10m54s]
[#b7eb6c 8.5GiB/9.9GiB(86%) CN:7 DL:2.1MiB ETA:10m54s]
[#b7eb6c 8.5GiB/9.9GiB(86%) CN:7 DL:2.1MiB ETA:10m49s]
[#b7eb6c 8.5GiB/9.9GiB(86%) CN:7 DL:2.1MiB ETA:10m50s]
[#b7eb6c 8.5GiB/9.9GiB(86%) CN:7 DL:2.1MiB ETA:10m41s]
[#b7eb6c 8.5GiB/9.9GiB(86%) CN:7 DL:2.1MiB ETA:10m47s]
[#b7eb6c 8.5GiB/9.9GiB(86%) CN:7 DL:2.2MiB ETA:10m31s]
[#b7eb6c 8.5GiB/9.9GiB(86%) CN:7 DL:2.1MiB ETA:10m57s]
[#b7eb6c 8.5GiB/9.9GiB(86%) CN:7 DL:2.1MiB ETA:10m34s]
[#b7eb6c 8.5GiB/9.9GiB(86%) CN:7 DL:2.2MiB ETA:10m32s]
[#b7eb6c 8.5GiB/9.9GiB(86%) CN:7 DL:2.2MiB ETA:10m21s]
[#b7eb6c 8.5GiB/9.9GiB(86%) CN:7 DL:2.2MiB ETA:10m22s]
[#b7eb6c 8.5GiB/9.9GiB(86%) CN:7 DL:2.2MiB ETA:10m21s]
[#b7eb6c 8.5GiB/9.9GiB(86%) CN:7 DL:2.2MiB ETA:10m20s]
[#b7eb6c 8.5GiB/9.9GiB(86%) CN:7 DL:2.2MiB ETA:10m18s]
[#b7eb6c 8.5GiB/9.9GiB(86%) CN:7 DL:2.2MiB ETA:10m16s]
[#b7eb6c 8.5GiB/9.9GiB(86%) CN:7 DL:2.1MiB ETA:10m32s]
[#b7eb6c 8.5GiB/9.9GiB(86%) CN:7 DL:2.2MiB ETA:10m]
[#b7eb6c 8.5GiB/9.9GiB(86%) CN:7 DL:2.2MiB ETA:10m12s]
[#b7eb6c 8.5GiB/9.9GiB(86%) CN:7 DL:2.2MiB ETA:10m12s]
[#b7eb6c 8.5GiB/9.9GiB(86%) CN:7 DL:2.2MiB ETA:10m10s]
[#b7eb6c 8.5GiB/9.9GiB(86%) CN:7 DL:2.2MiB ETA:10m8s]
[#b7eb6c 8.5GiB/9.9GiB(86%) CN:7 DL:2.2MiB ETA:10m5s]
[#b7eb6c 8.5GiB/9.9GiB(86%) CN:7 DL:2.1MiB ETA:10m30s]
[#b7eb6c 8.5GiB/9.9GiB(86%) CN:7 DL:2.2MiB ETA:10m5s]
[#b7eb6c 8.5GiB/9.9GiB(86%) CN:7 DL:2.1MiB ETA:10m18s]
[#b7eb6c 8.5GiB/9.9GiB(86%) CN:7 DL:2.2MiB ETA:10m5s]
[#b7eb6c 8.5GiB/9.9GiB(86%) CN:7 DL:2.2MiB ETA:10m4s]
[#b7eb6c 8.5GiB/9.9GiB(86%) CN:7 DL:2.2MiB ETA:10m3s]
[#b7eb6c 8.5GiB/9.9GiB(86%) CN:7 DL:2.2MiB ETA:10m3s]
[#b7eb6c 8.5GiB/9.9GiB(86%) CN:7 DL:2.2MiB ETA:10m4s]
[#b7eb6c 8.6GiB/9.9GiB(86%) CN:7 DL:2.2MiB ETA:10m9s]
[#b7eb6c 8.6GiB/9.9GiB(86%) CN:7 DL:2.1MiB ETA:10m19s]
[#b7eb6c 8.6GiB/9.9GiB(86%) CN:7 DL:2.1MiB ETA:10m18s]
[#b7eb6c 8.6GiB/9.9GiB(86%) CN:7 DL:2.0MiB ETA:10m52s]
[#b7eb6c 8.6GiB/9.9GiB(86%) CN:7 DL:2.0MiB ETA:10m46s]
[#b7eb6c 8.6GiB/9.9GiB(86%) CN:7 DL:1.9MiB ETA:11m7s]
[#b7eb6c 8.6GiB/9.9GiB(86%) CN:7 DL:1.9MiB ETA:11m15s]
[#b7eb6c 8.6GiB/9.9GiB(86%) CN:7 DL:1.9MiB ETA:11m23s]
[#b7eb6c 8.6GiB/9.9GiB(86%) CN:7 DL:1.9MiB ETA:11m25s]
[#b7eb6c 8.6GiB/9.9GiB(86%) CN:7 DL:1.9MiB ETA:11m17s]
[#b7eb6c 8.6GiB/9.9GiB(86%) CN:7 DL:1.9MiB ETA:11m12s]
[#b7eb6c 8.6GiB/9.9GiB(86%) CN:7 DL:2.0MiB ETA:10m41s]
[#b7eb6c 8.6GiB/9.9GiB(87%) CN:7 DL:2.0MiB ETA:10m43s]
[#b7eb6c 8.6GiB/9.9GiB(87%) CN:7 DL:2.0MiB ETA:10m48s]
[#b7eb6c 8.6GiB/9.9GiB(87%) CN:7 DL:2.0MiB ETA:10m26s]
[#b7eb6c 8.6GiB/9.9GiB(87%) CN:7 DL:2.1MiB ETA:10m20s]
[#b7eb6c 8.6GiB/9.9GiB(87%) CN:7 DL:2.1MiB ETA:10m14s]
[#b7eb6c 8.6GiB/9.9GiB(87%) CN:7 DL:2.1MiB ETA:10m15s]
[#b7eb6c 8.6GiB/9.9GiB(87%) CN:7 DL:2.1MiB ETA:10m8s]
[#b7eb6c 8.6GiB/9.9GiB(87%) CN:7 DL:2.2MiB ETA:9m50s]
[#b7eb6c 8.6GiB/9.9GiB(87%) CN:7 DL:2.1MiB ETA:10m10s]
[#b7eb6c 8.6GiB/9.9GiB(87%) CN:7 DL:2.1MiB ETA:9m52s]
 *** Download Progress Summary as of Sun Sep 13 13:16:39 2026 *** 
===============================================================================
[#b7eb6c 8.6GiB/9.9GiB(87%) CN:7 DL:2.2MiB ETA:9m49s]
FILE: /home/cosmosapjw/.cache/htt-r9/sdss_pv_zenodo_6824749/mocks.tar.gz.partial
-------------------------------------------------------------------------------

[#b7eb6c 8.6GiB/9.9GiB(87%) CN:7 DL:2.2MiB ETA:9m49s]
[#b7eb6c 8.6GiB/9.9GiB(87%) CN:7 DL:2.1MiB ETA:9m52s]
[#b7eb6c 8.6GiB/9.9GiB(87%) CN:7 DL:2.2MiB ETA:9m44s]
[#b7eb6c 8.6GiB/9.9GiB(87%) CN:7 DL:2.2MiB ETA:9m43s]
[#b7eb6c 8.6GiB/9.9GiB(87%) CN:7 DL:2.1MiB ETA:9m45s]
[#b7eb6c 8.6GiB/9.9GiB(87%) CN:7 DL:2.2MiB ETA:9m37s]
[#b7eb6c 8.6GiB/9.9GiB(87%) CN:7 DL:2.1MiB ETA:9m49s]
[#b7eb6c 8.6GiB/9.9GiB(87%) CN:7 DL:2.2MiB ETA:9m33s]
[#b7eb6c 8.6GiB/9.9GiB(87%) CN:7 DL:2.2MiB ETA:9m41s]
[#b7eb6c 8.6GiB/9.9GiB(87%) CN:7 DL:2.2MiB ETA:9m33s]
[#b7eb6c 8.6GiB/9.9GiB(87%) CN:7 DL:2.2MiB ETA:9m28s]
[#b7eb6c 8.6GiB/9.9GiB(87%) CN:7 DL:2.2MiB ETA:9m34s]
[#b7eb6c 8.6GiB/9.9GiB(87%) CN:7 DL:2.2MiB ETA:9m32s]
[#b7eb6c 8.6GiB/9.9GiB(87%) CN:7 DL:2.2MiB ETA:9m30s]
[#b7eb6c 8.6GiB/9.9GiB(87%) CN:7 DL:2.2MiB ETA:9m30s]
[#b7eb6c 8.6GiB/9.9GiB(87%) CN:7 DL:2.2MiB ETA:9m23s]
[#b7eb6c 8.6GiB/9.9GiB(87%) CN:7 DL:2.0MiB ETA:10m23s]
[#b7eb6c 8.6GiB/9.9GiB(87%) CN:7 DL:1.9MiB ETA:10m36s]
[#b7eb6c 8.6GiB/9.9GiB(87%) CN:7 DL:1.8MiB ETA:11m6s]
[#b7eb6c 8.6GiB/9.9GiB(87%) CN:7 DL:1.8MiB ETA:11m28s]
[#b7eb6c 8.6GiB/9.9GiB(87%) CN:7 DL:1.7MiB ETA:11m57s]
[#b7eb6c 8.6GiB/9.9GiB(87%) CN:7 DL:1.6MiB ETA:12m27s]
[#b7eb6c 8.6GiB/9.9GiB(87%) CN:7 DL:1.6MiB ETA:12m57s]
[#b7eb6c 8.6GiB/9.9GiB(87%) CN:7 DL:1.5MiB ETA:13m17s]
[#b7eb6c 8.6GiB/9.9GiB(87%) CN:7 DL:1.5MiB ETA:13m21s]
[#b7eb6c 8.6GiB/9.9GiB(87%) CN:7 DL:1.5MiB ETA:13m3s]
[#b7eb6c 8.6GiB/9.9GiB(87%) CN:7 DL:1.8MiB ETA:11m29s]
[#b7eb6c 8.6GiB/9.9GiB(87%) CN:7 DL:1.8MiB ETA:11m8s]
[#b7eb6c 8.7GiB/9.9GiB(87%) CN:7 DL:1.9MiB ETA:10m36s]
[#b7eb6c 8.7GiB/9.9GiB(87%) CN:7 DL:2.0MiB ETA:10m12s]
[#b7eb6c 8.7GiB/9.9GiB(87%) CN:7 DL:2.1MiB ETA:9m48s]
[#b7eb6c 8.7GiB/9.9GiB(87%) CN:7 DL:2.1MiB ETA:9m27s]
[#b7eb6c 8.7GiB/9.9GiB(87%) CN:7 DL:2.2MiB ETA:9m12s]
[#b7eb6c 8.7GiB/9.9GiB(87%) CN:7 DL:2.2MiB ETA:9m7s]
[#b7eb6c 8.7GiB/9.9GiB(87%) CN:7 DL:2.2MiB ETA:9m5s]
[#b7eb6c 8.7GiB/9.9GiB(87%) CN:7 DL:2.1MiB ETA:9m25s]
[#b7eb6c 8.7GiB/9.9GiB(87%) CN:7 DL:2.2MiB ETA:9m3s]
[#b7eb6c 8.7GiB/9.9GiB(87%) CN:7 DL:2.2MiB ETA:8m52s]
[#b7eb6c 8.7GiB/9.9GiB(88%) CN:7 DL:2.2MiB ETA:9m3s]
[#b7eb6c 8.7GiB/9.9GiB(88%) CN:7 DL:2.2MiB ETA:9m1s]
[#b7eb6c 8.7GiB/9.9GiB(88%) CN:7 DL:2.2MiB ETA:9m1s]
[#b7eb6c 8.7GiB/9.9GiB(88%) CN:7 DL:2.2MiB ETA:9m]
[#b7eb6c 8.7GiB/9.9GiB(88%) CN:7 DL:2.2MiB ETA:8m59s]
[#b7eb6c 8.7GiB/9.9GiB(88%) CN:7 DL:2.2MiB ETA:9m5s]
[#b7eb6c 8.7GiB/9.9GiB(88%) CN:7 DL:2.2MiB ETA:8m58s]
[#b7eb6c 8.7GiB/9.9GiB(88%) CN:7 DL:2.2MiB ETA:8m56s]
[#b7eb6c 8.7GiB/9.9GiB(88%) CN:7 DL:2.2MiB ETA:8m55s]
[#b7eb6c 8.7GiB/9.9GiB(88%) CN:7 DL:2.3MiB ETA:8m33s]
[#b7eb6c 8.7GiB/9.9GiB(88%) CN:7 DL:2.2MiB ETA:8m52s]
[#b7eb6c 8.7GiB/9.9GiB(88%) CN:7 DL:2.2MiB ETA:8m52s]
[#b7eb6c 8.7GiB/9.9GiB(88%) CN:7 DL:2.2MiB ETA:8m51s]
[#b7eb6c 8.7GiB/9.9GiB(88%) CN:7 DL:2.2MiB ETA:8m57s]
[#b7eb6c 8.7GiB/9.9GiB(88%) CN:7 DL:2.2MiB ETA:8m49s]
[#b7eb6c 8.7GiB/9.9GiB(88%) CN:7 DL:2.2MiB ETA:8m50s]
[#b7eb6c 8.7GiB/9.9GiB(88%) CN:7 DL:2.1MiB ETA:9m5s]
[#b7eb6c 8.7GiB/9.9GiB(88%) CN:7 DL:2.1MiB ETA:9m7s]
[#b7eb6c 8.7GiB/9.9GiB(88%) CN:7 DL:2.1MiB ETA:9m5s]
[#b7eb6c 8.7GiB/9.9GiB(88%) CN:7 DL:2.1MiB ETA:9m6s]
[#b7eb6c 8.7GiB/9.9GiB(88%) CN:7 DL:2.1MiB ETA:8m58s]
[#b7eb6c 8.7GiB/9.9GiB(88%) CN:7 DL:2.1MiB ETA:9m2s]
 *** Download Progress Summary as of Sun Sep 13 13:17:39 2026 *** 
===============================================================================
[#b7eb6c 8.7GiB/9.9GiB(88%) CN:7 DL:2.1MiB ETA:8m58s]
FILE: /home/cosmosapjw/.cache/htt-r9/sdss_pv_zenodo_6824749/mocks.tar.gz.partial
-------------------------------------------------------------------------------

[#b7eb6c 8.7GiB/9.9GiB(88%) CN:7 DL:2.1MiB ETA:8m58s]
[#b7eb6c 8.7GiB/9.9GiB(88%) CN:7 DL:2.1MiB ETA:9m4s]
[#b7eb6c 8.7GiB/9.9GiB(88%) CN:7 DL:2.1MiB ETA:8m56s]
[#b7eb6c 8.7GiB/9.9GiB(88%) CN:7 DL:2.1MiB ETA:8m57s]
[#b7eb6c 8.7GiB/9.9GiB(88%) CN:7 DL:2.2MiB ETA:8m36s]
[#b7eb6c 8.7GiB/9.9GiB(88%) CN:7 DL:2.2MiB ETA:8m35s]
[#b7eb6c 8.7GiB/9.9GiB(88%) CN:7 DL:2.2MiB ETA:8m33s]
[#b7eb6c 8.7GiB/9.9GiB(88%) CN:7 DL:2.2MiB ETA:8m33s]
[#b7eb6c 8.7GiB/9.9GiB(88%) CN:7 DL:2.2MiB ETA:8m32s]
[#b7eb6c 8.7GiB/9.9GiB(88%) CN:7 DL:2.2MiB ETA:8m31s]
[#b7eb6c 8.7GiB/9.9GiB(88%) CN:7 DL:2.2MiB ETA:8m24s]
[#b7eb6c 8.7GiB/9.9GiB(88%) CN:7 DL:2.2MiB ETA:8m29s]
[#b7eb6c 8.7GiB/9.9GiB(88%) CN:7 DL:2.3MiB ETA:8m12s]
[#b7eb6c 8.7GiB/9.9GiB(88%) CN:7 DL:2.3MiB ETA:8m13s]
[#b7eb6c 8.7GiB/9.9GiB(88%) CN:7 DL:2.2MiB ETA:8m26s]
[#b7eb6c 8.8GiB/9.9GiB(88%) CN:7 DL:2.2MiB ETA:8m24s]
[#b7eb6c 8.8GiB/9.9GiB(88%) CN:7 DL:2.2MiB ETA:8m25s]
[#b7eb6c 8.8GiB/9.9GiB(88%) CN:7 DL:2.2MiB ETA:8m33s]
[#b7eb6c 8.8GiB/9.9GiB(88%) CN:7 DL:2.2MiB ETA:8m24s]
[#b7eb6c 8.8GiB/9.9GiB(88%) CN:7 DL:2.2MiB ETA:8m22s]
[#b7eb6c 8.8GiB/9.9GiB(88%) CN:7 DL:2.2MiB ETA:8m26s]
[#b7eb6c 8.8GiB/9.9GiB(88%) CN:7 DL:2.2MiB ETA:8m26s]
[#b7eb6c 8.8GiB/9.9GiB(88%) CN:7 DL:2.2MiB ETA:8m24s]
[#b7eb6c 8.8GiB/9.9GiB(88%) CN:7 DL:2.2MiB ETA:8m26s]
[#b7eb6c 8.8GiB/9.9GiB(89%) CN:7 DL:2.2MiB ETA:8m24s]
[#b7eb6c 8.8GiB/9.9GiB(89%) CN:7 DL:2.2MiB ETA:8m24s]
[#b7eb6c 8.8GiB/9.9GiB(89%) CN:7 DL:2.1MiB ETA:8m33s]
[#b7eb6c 8.8GiB/9.9GiB(89%) CN:7 DL:2.2MiB ETA:8m11s]
[#b7eb6c 8.8GiB/9.9GiB(89%) CN:7 DL:2.2MiB ETA:8m23s]
[#b7eb6c 8.8GiB/9.9GiB(89%) CN:7 DL:2.2MiB ETA:8m17s]
[#b7eb6c 8.8GiB/9.9GiB(89%) CN:7 DL:2.2MiB ETA:8m15s]
[#b7eb6c 8.8GiB/9.9GiB(89%) CN:7 DL:2.2MiB ETA:8m18s]
[#b7eb6c 8.8GiB/9.9GiB(89%) CN:7 DL:2.2MiB ETA:8m14s]
[#b7eb6c 8.8GiB/9.9GiB(89%) CN:7 DL:2.2MiB ETA:8m14s]
[#b7eb6c 8.8GiB/9.9GiB(89%) CN:7 DL:2.1MiB ETA:8m24s]
[#b7eb6c 8.8GiB/9.9GiB(89%) CN:7 DL:2.1MiB ETA:8m17s]
[#b7eb6c 8.8GiB/9.9GiB(89%) CN:7 DL:2.2MiB ETA:8m9s]
[#b7eb6c 8.8GiB/9.9GiB(89%) CN:7 DL:2.1MiB ETA:8m15s]
[#b7eb6c 8.8GiB/9.9GiB(89%) CN:7 DL:2.2MiB ETA:8m6s]
[#b7eb6c 8.8GiB/9.9GiB(89%) CN:7 DL:2.1MiB ETA:8m14s]
[#b7eb6c 8.8GiB/9.9GiB(89%) CN:7 DL:2.1MiB ETA:8m11s]
[#b7eb6c 8.8GiB/9.9GiB(89%) CN:7 DL:2.2MiB ETA:8m9s]
[#b7eb6c 8.8GiB/9.9GiB(89%) CN:7 DL:2.2MiB ETA:8m6s]
[#b7eb6c 8.8GiB/9.9GiB(89%) CN:7 DL:2.2MiB ETA:7m56s]
[#b7eb6c 8.8GiB/9.9GiB(89%) CN:7 DL:2.2MiB ETA:8m2s]
[#b7eb6c 8.8GiB/9.9GiB(89%) CN:7 DL:2.2MiB ETA:8m]
[#b7eb6c 8.8GiB/9.9GiB(89%) CN:7 DL:2.2MiB ETA:7m58s]
[#b7eb6c 8.8GiB/9.9GiB(89%) CN:7 DL:2.2MiB ETA:7m57s]
[#b7eb6c 8.8GiB/9.9GiB(89%) CN:7 DL:2.2MiB ETA:7m57s]
[#b7eb6c 8.8GiB/9.9GiB(89%) CN:7 DL:2.2MiB ETA:7m56s]
[#b7eb6c 8.8GiB/9.9GiB(89%) CN:7 DL:2.2MiB ETA:7m41s]
[#b7eb6c 8.8GiB/9.9GiB(89%) CN:7 DL:2.2MiB ETA:7m54s]
[#b7eb6c 8.8GiB/9.9GiB(89%) CN:7 DL:2.2MiB ETA:7m39s]
[#b7eb6c 8.8GiB/9.9GiB(89%) CN:7 DL:2.1MiB ETA:7m59s]
[#b7eb6c 8.8GiB/9.9GiB(89%) CN:7 DL:2.2MiB ETA:7m56s]
[#b7eb6c 8.8GiB/9.9GiB(89%) CN:7 DL:2.1MiB ETA:8m5s]
[#b7eb6c 8.8GiB/9.9GiB(89%) CN:7 DL:2.1MiB ETA:8m8s]
[#b7eb6c 8.8GiB/9.9GiB(89%) CN:7 DL:2.1MiB ETA:8m8s]
[#b7eb6c 8.8GiB/9.9GiB(89%) CN:7 DL:2.1MiB ETA:7m54s]
[#b7eb6c 8.8GiB/9.9GiB(89%) CN:7 DL:2.1MiB ETA:8m6s]
[#b7eb6c 8.8GiB/9.9GiB(89%) CN:7 DL:2.1MiB ETA:7m53s]
 *** Download Progress Summary as of Sun Sep 13 13:18:40 2026 *** 
===============================================================================
[#b7eb6c 8.9GiB/9.9GiB(89%) CN:7 DL:2.1MiB ETA:8m4s]
FILE: /home/cosmosapjw/.cache/htt-r9/sdss_pv_zenodo_6824749/mocks.tar.gz.partial
-------------------------------------------------------------------------------

[#b7eb6c 8.9GiB/9.9GiB(89%) CN:7 DL:2.1MiB ETA:8m4s]
[#b7eb6c 8.9GiB/9.9GiB(89%) CN:7 DL:2.1MiB ETA:8m2s]
[#b7eb6c 8.9GiB/9.9GiB(89%) CN:7 DL:2.2MiB ETA:7m48s]
[#b7eb6c 8.9GiB/9.9GiB(89%) CN:7 DL:2.1MiB ETA:7m48s]
[#b7eb6c 8.9GiB/9.9GiB(89%) CN:7 DL:2.2MiB ETA:7m44s]
[#b7eb6c 8.9GiB/9.9GiB(89%) CN:7 DL:2.2MiB ETA:7m39s]
[#b7eb6c 8.9GiB/9.9GiB(89%) CN:7 DL:2.2MiB ETA:7m37s]
[#b7eb6c 8.9GiB/9.9GiB(89%) CN:7 DL:2.1MiB ETA:7m47s]
[#b7eb6c 8.9GiB/9.9GiB(89%) CN:7 DL:2.2MiB ETA:7m35s]
[#b7eb6c 8.9GiB/9.9GiB(89%) CN:7 DL:2.3MiB ETA:7m20s]
[#b7eb6c 8.9GiB/9.9GiB(90%) CN:7 DL:2.2MiB ETA:7m34s]
[#b7eb6c 8.9GiB/9.9GiB(90%) CN:7 DL:2.2MiB ETA:7m33s]
[#b7eb6c 8.9GiB/9.9GiB(90%) CN:7 DL:2.2MiB ETA:7m32s]
[#b7eb6c 8.9GiB/9.9GiB(90%) CN:7 DL:2.2MiB ETA:7m30s]
[#b7eb6c 8.9GiB/9.9GiB(90%) CN:7 DL:2.2MiB ETA:7m32s]
[#b7eb6c 8.9GiB/9.9GiB(90%) CN:7 DL:2.2MiB ETA:7m28s]
[#b7eb6c 8.9GiB/9.9GiB(90%) CN:7 DL:2.2MiB ETA:7m24s]
[#b7eb6c 8.9GiB/9.9GiB(90%) CN:7 DL:2.2MiB ETA:7m27s]
[#b7eb6c 8.9GiB/9.9GiB(90%) CN:7 DL:2.2MiB ETA:7m26s]
[#b7eb6c 8.9GiB/9.9GiB(90%) CN:7 DL:2.1MiB ETA:7m40s]
[#b7eb6c 8.9GiB/9.9GiB(90%) CN:7 DL:2.2MiB ETA:7m26s]
[#b7eb6c 8.9GiB/9.9GiB(90%) CN:7 DL:2.2MiB ETA:7m26s]
[#b7eb6c 8.9GiB/9.9GiB(90%) CN:7 DL:2.2MiB ETA:7m24s]
[#b7eb6c 8.9GiB/9.9GiB(90%) CN:7 DL:2.2MiB ETA:7m23s]
[#b7eb6c 8.9GiB/9.9GiB(90%) CN:7 DL:2.1MiB ETA:7m31s]
[#b7eb6c 8.9GiB/9.9GiB(90%) CN:7 DL:2.2MiB ETA:7m22s]
[#b7eb6c 8.9GiB/9.9GiB(90%) CN:7 DL:2.1MiB ETA:7m29s]
[#b7eb6c 8.9GiB/9.9GiB(90%) CN:7 DL:2.2MiB ETA:7m20s]
[#b7eb6c 8.9GiB/9.9GiB(90%) CN:7 DL:2.2MiB ETA:7m4s]
[#b7eb6c 8.9GiB/9.9GiB(90%) CN:7 DL:2.2MiB ETA:7m15s]
[#b7eb6c 8.9GiB/9.9GiB(90%) CN:7 DL:2.2MiB ETA:7m18s]
[#b7eb6c 8.9GiB/9.9GiB(90%) CN:7 DL:2.2MiB ETA:7m12s]
[#b7eb6c 8.9GiB/9.9GiB(90%) CN:7 DL:2.2MiB ETA:7m12s]
[#b7eb6c 8.9GiB/9.9GiB(90%) CN:7 DL:2.2MiB ETA:7m4s]
[#b7eb6c 8.9GiB/9.9GiB(90%) CN:7 DL:2.2MiB ETA:7m8s]
[#b7eb6c 8.9GiB/9.9GiB(90%) CN:7 DL:2.2MiB ETA:6m57s]
[#b7eb6c 8.9GiB/9.9GiB(90%) CN:7 DL:2.2MiB ETA:7m7s]
[#b7eb6c 8.9GiB/9.9GiB(90%) CN:7 DL:2.2MiB ETA:7m8s]
[#b7eb6c 8.9GiB/9.9GiB(90%) CN:7 DL:2.2MiB ETA:7m6s]
[#b7eb6c 8.9GiB/9.9GiB(90%) CN:7 DL:2.2MiB ETA:7m3s]
[#b7eb6c 8.9GiB/9.9GiB(90%) CN:7 DL:2.2MiB ETA:7m2s]
[#b7eb6c 8.9GiB/9.9GiB(90%) CN:7 DL:2.2MiB ETA:7m3s]
[#b7eb6c 8.9GiB/9.9GiB(90%) CN:7 DL:2.1MiB ETA:7m8s]
[#b7eb6c 8.9GiB/9.9GiB(90%) CN:7 DL:2.2MiB ETA:7m1s]
[#b7eb6c 8.9GiB/9.9GiB(90%) CN:7 DL:2.1MiB ETA:7m7s]
[#b7eb6c 8.9GiB/9.9GiB(90%) CN:7 DL:2.2MiB ETA:6m59s]
[#b7eb6c 9.0GiB/9.9GiB(90%) CN:7 DL:2.2MiB ETA:6m57s]
[#b7eb6c 9.0GiB/9.9GiB(90%) CN:7 DL:2.2MiB ETA:6m56s]
[#b7eb6c 9.0GiB/9.9GiB(90%) CN:7 DL:2.2MiB ETA:6m56s]
[#b7eb6c 9.0GiB/9.9GiB(90%) CN:7 DL:2.2MiB ETA:6m54s]
[#b7eb6c 9.0GiB/9.9GiB(90%) CN:7 DL:2.2MiB ETA:6m53s]
[#b7eb6c 9.0GiB/9.9GiB(90%) CN:7 DL:2.1MiB ETA:7m]
[#b7eb6c 9.0GiB/9.9GiB(90%) CN:7 DL:2.2MiB ETA:6m45s]
[#b7eb6c 9.0GiB/9.9GiB(90%) CN:7 DL:2.2MiB ETA:6m50s]
[#b7eb6c 9.0GiB/9.9GiB(90%) CN:7 DL:2.2MiB ETA:6m50s]
[#b7eb6c 9.0GiB/9.9GiB(90%) CN:7 DL:2.2MiB ETA:6m47s]
[#b7eb6c 9.0GiB/9.9GiB(91%) CN:7 DL:2.2MiB ETA:6m46s]
[#b7eb6c 9.0GiB/9.9GiB(91%) CN:7 DL:2.2MiB ETA:6m46s]
[#b7eb6c 9.0GiB/9.9GiB(91%) CN:7 DL:2.2MiB ETA:6m44s]
[#b7eb6c 9.0GiB/9.9GiB(91%) CN:7 DL:2.2MiB ETA:6m43s]
[#b7eb6c 9.0GiB/9.9GiB(91%) CN:7 DL:2.2MiB ETA:6m42s]
 *** Download Progress Summary as of Sun Sep 13 13:19:40 2026 *** 
===============================================================================
[#b7eb6c 9.0GiB/9.9GiB(91%) CN:7 DL:2.2MiB ETA:6m36s]
FILE: /home/cosmosapjw/.cache/htt-r9/sdss_pv_zenodo_6824749/mocks.tar.gz.partial
-------------------------------------------------------------------------------

[#b7eb6c 9.0GiB/9.9GiB(91%) CN:7 DL:2.2MiB ETA:6m36s]
[#b7eb6c 9.0GiB/9.9GiB(91%) CN:7 DL:2.2MiB ETA:6m40s]
[#b7eb6c 9.0GiB/9.9GiB(91%) CN:7 DL:2.2MiB ETA:6m40s]
[#b7eb6c 9.0GiB/9.9GiB(91%) CN:7 DL:2.2MiB ETA:6m30s]
[#b7eb6c 9.0GiB/9.9GiB(91%) CN:7 DL:2.2MiB ETA:6m36s]
[#b7eb6c 9.0GiB/9.9GiB(91%) CN:7 DL:2.2MiB ETA:6m35s]
[#b7eb6c 9.0GiB/9.9GiB(91%) CN:7 DL:2.2MiB ETA:6m31s]
[#b7eb6c 9.0GiB/9.9GiB(91%) CN:7 DL:2.2MiB ETA:6m33s]
[#b7eb6c 9.0GiB/9.9GiB(91%) CN:7 DL:2.2MiB ETA:6m27s]
[#b7eb6c 9.0GiB/9.9GiB(91%) CN:7 DL:2.2MiB ETA:6m31s]
[#b7eb6c 9.0GiB/9.9GiB(91%) CN:7 DL:2.2MiB ETA:6m29s]
[#b7eb6c 9.0GiB/9.9GiB(91%) CN:7 DL:2.2MiB ETA:6m29s]
[#b7eb6c 9.0GiB/9.9GiB(91%) CN:7 DL:2.2MiB ETA:6m26s]
[#b7eb6c 9.0GiB/9.9GiB(91%) CN:7 DL:2.2MiB ETA:6m27s]
[#b7eb6c 9.0GiB/9.9GiB(91%) CN:7 DL:2.2MiB ETA:6m21s]
[#b7eb6c 9.0GiB/9.9GiB(91%) CN:7 DL:2.2MiB ETA:6m26s]
[#b7eb6c 9.0GiB/9.9GiB(91%) CN:7 DL:2.2MiB ETA:6m25s]
[#b7eb6c 9.0GiB/9.9GiB(91%) CN:7 DL:2.2MiB ETA:6m24s]
[#b7eb6c 9.0GiB/9.9GiB(91%) CN:7 DL:2.2MiB ETA:6m27s]
[#b7eb6c 9.0GiB/9.9GiB(91%) CN:7 DL:2.2MiB ETA:6m23s]
[#b7eb6c 9.0GiB/9.9GiB(91%) CN:7 DL:2.1MiB ETA:6m35s]
[#b7eb6c 9.0GiB/9.9GiB(91%) CN:7 DL:2.2MiB ETA:6m16s]
[#b7eb6c 9.0GiB/9.9GiB(91%) CN:7 DL:2.2MiB ETA:6m18s]
[#b7eb6c 9.0GiB/9.9GiB(91%) CN:7 DL:2.2MiB ETA:6m18s]
[#b7eb6c 9.0GiB/9.9GiB(91%) CN:7 DL:2.2MiB ETA:6m17s]
[#b7eb6c 9.0GiB/9.9GiB(91%) CN:7 DL:2.1MiB ETA:6m27s]
[#b7eb6c 9.0GiB/9.9GiB(91%) CN:7 DL:2.2MiB ETA:6m16s]
[#b7eb6c 9.0GiB/9.9GiB(91%) CN:7 DL:2.2MiB ETA:6m15s]
[#b7eb6c 9.0GiB/9.9GiB(91%) CN:7 DL:2.1MiB ETA:6m22s]
[#b7eb6c 9.0GiB/9.9GiB(91%) CN:7 DL:2.2MiB ETA:6m15s]
[#b7eb6c 9.0GiB/9.9GiB(91%) CN:7 DL:2.2MiB ETA:6m14s]
[#b7eb6c 9.0GiB/9.9GiB(91%) CN:7 DL:2.2MiB ETA:6m13s]
[#b7eb6c 9.1GiB/9.9GiB(91%) CN:7 DL:2.2MiB ETA:6m12s]
[#b7eb6c 9.1GiB/9.9GiB(91%) CN:7 DL:2.2MiB ETA:6m11s]
[#b7eb6c 9.1GiB/9.9GiB(91%) CN:7 DL:2.2MiB ETA:6m13s]
[#b7eb6c 9.1GiB/9.9GiB(91%) CN:7 DL:2.2MiB ETA:6m7s]
[#b7eb6c 9.1GiB/9.9GiB(91%) CN:7 DL:2.2MiB ETA:6m6s]
[#b7eb6c 9.1GiB/9.9GiB(91%) CN:7 DL:2.1MiB ETA:6m12s]
[#b7eb6c 9.1GiB/9.9GiB(91%) CN:7 DL:2.2MiB ETA:6m4s]
[#b7eb6c 9.1GiB/9.9GiB(91%) CN:7 DL:2.2MiB ETA:6m4s]
[#b7eb6c 9.1GiB/9.9GiB(92%) CN:7 DL:2.2MiB ETA:6m4s]
[#b7eb6c 9.1GiB/9.9GiB(92%) CN:7 DL:2.2MiB ETA:6m5s]
[#b7eb6c 9.1GiB/9.9GiB(92%) CN:7 DL:2.2MiB ETA:6m3s]
[#b7eb6c 9.1GiB/9.9GiB(92%) CN:7 DL:2.2MiB ETA:6m2s]
[#b7eb6c 9.1GiB/9.9GiB(92%) CN:7 DL:2.2MiB ETA:6m1s]
[#b7eb6c 9.1GiB/9.9GiB(92%) CN:7 DL:2.2MiB ETA:6m]
[#b7eb6c 9.1GiB/9.9GiB(92%) CN:7 DL:2.1MiB ETA:6m7s]
[#b7eb6c 9.1GiB/9.9GiB(92%) CN:7 DL:2.2MiB ETA:5m58s]
[#b7eb6c 9.1GiB/9.9GiB(92%) CN:7 DL:2.2MiB ETA:5m56s]
[#b7eb6c 9.1GiB/9.9GiB(92%) CN:7 DL:2.2MiB ETA:5m54s]
[#b7eb6c 9.1GiB/9.9GiB(92%) CN:7 DL:2.2MiB ETA:5m52s]
[#b7eb6c 9.1GiB/9.9GiB(92%) CN:7 DL:2.2MiB ETA:5m50s]
[#b7eb6c 9.1GiB/9.9GiB(92%) CN:7 DL:2.2MiB ETA:5m50s]
[#b7eb6c 9.1GiB/9.9GiB(92%) CN:7 DL:2.2MiB ETA:5m53s]
[#b7eb6c 9.1GiB/9.9GiB(92%) CN:7 DL:2.2MiB ETA:5m49s]
[#b7eb6c 9.1GiB/9.9GiB(92%) CN:7 DL:2.2MiB ETA:5m47s]
[#b7eb6c 9.1GiB/9.9GiB(92%) CN:7 DL:2.2MiB ETA:5m46s]
[#b7eb6c 9.1GiB/9.9GiB(92%) CN:7 DL:2.2MiB ETA:5m50s]
[#b7eb6c 9.1GiB/9.9GiB(92%) CN:7 DL:2.2MiB ETA:5m44s]
[#b7eb6c 9.1GiB/9.9GiB(92%) CN:7 DL:2.2MiB ETA:5m38s]
[#b7eb6c 9.1GiB/9.9GiB(92%) CN:7 DL:2.2MiB ETA:5m41s]
 *** Download Progress Summary as of Sun Sep 13 13:20:41 2026 *** 
===============================================================================
[#b7eb6c 9.1GiB/9.9GiB(92%) CN:7 DL:2.2MiB ETA:5m40s]
FILE: /home/cosmosapjw/.cache/htt-r9/sdss_pv_zenodo_6824749/mocks.tar.gz.partial
-------------------------------------------------------------------------------

[#b7eb6c 9.1GiB/9.9GiB(92%) CN:7 DL:2.2MiB ETA:5m40s]
[#b7eb6c 9.1GiB/9.9GiB(92%) CN:7 DL:2.2MiB ETA:5m41s]
[#b7eb6c 9.1GiB/9.9GiB(92%) CN:7 DL:2.2MiB ETA:5m40s]
[#b7eb6c 9.1GiB/9.9GiB(92%) CN:7 DL:2.2MiB ETA:5m39s]
[#b7eb6c 9.1GiB/9.9GiB(92%) CN:7 DL:2.2MiB ETA:5m38s]
[#b7eb6c 9.1GiB/9.9GiB(92%) CN:7 DL:2.2MiB ETA:5m36s]
[#b7eb6c 9.1GiB/9.9GiB(92%) CN:7 DL:2.2MiB ETA:5m36s]
[#b7eb6c 9.1GiB/9.9GiB(92%) CN:7 DL:2.1MiB ETA:5m41s]
[#b7eb6c 9.1GiB/9.9GiB(92%) CN:7 DL:2.2MiB ETA:5m38s]
[#b7eb6c 9.1GiB/9.9GiB(92%) CN:7 DL:2.2MiB ETA:5m38s]
[#b7eb6c 9.1GiB/9.9GiB(92%) CN:7 DL:2.1MiB ETA:5m48s]
[#b7eb6c 9.1GiB/9.9GiB(92%) CN:7 DL:2.1MiB ETA:5m47s]
[#b7eb6c 9.1GiB/9.9GiB(92%) CN:7 DL:2.1MiB ETA:5m46s]
[#b7eb6c 9.1GiB/9.9GiB(92%) CN:7 DL:2.1MiB ETA:5m46s]
[#b7eb6c 9.1GiB/9.9GiB(92%) CN:7 DL:2.1MiB ETA:5m45s]
[#b7eb6c 9.1GiB/9.9GiB(92%) CN:7 DL:2.1MiB ETA:5m43s]
[#b7eb6c 9.1GiB/9.9GiB(92%) CN:7 DL:2.1MiB ETA:5m41s]
[#b7eb6c 9.2GiB/9.9GiB(92%) CN:7 DL:2.1MiB ETA:5m35s]
[#b7eb6c 9.2GiB/9.9GiB(92%) CN:7 DL:2.1MiB ETA:5m38s]
[#b7eb6c 9.2GiB/9.9GiB(92%) CN:7 DL:2.2MiB ETA:5m27s]
[#b7eb6c 9.2GiB/9.9GiB(92%) CN:7 DL:2.2MiB ETA:5m21s]
[#b7eb6c 9.2GiB/9.9GiB(92%) CN:7 DL:2.2MiB ETA:5m20s]
[#b7eb6c 9.2GiB/9.9GiB(92%) CN:7 DL:2.2MiB ETA:5m18s]
[#b7eb6c 9.2GiB/9.9GiB(92%) CN:7 DL:2.2MiB ETA:5m18s]
[#b7eb6c 9.2GiB/9.9GiB(92%) CN:7 DL:2.2MiB ETA:5m17s]
[#b7eb6c 9.2GiB/9.9GiB(93%) CN:7 DL:2.2MiB ETA:5m15s]
[#b7eb6c 9.2GiB/9.9GiB(93%) CN:7 DL:2.2MiB ETA:5m18s]
[#b7eb6c 9.2GiB/9.9GiB(93%) CN:7 DL:2.2MiB ETA:5m14s]
[#b7eb6c 9.2GiB/9.9GiB(93%) CN:7 DL:2.2MiB ETA:5m12s]
[#b7eb6c 9.2GiB/9.9GiB(93%) CN:7 DL:2.2MiB ETA:5m12s]
[#b7eb6c 9.2GiB/9.9GiB(93%) CN:7 DL:2.2MiB ETA:5m11s]
[#b7eb6c 9.2GiB/9.9GiB(93%) CN:7 DL:2.2MiB ETA:5m11s]
[#b7eb6c 9.2GiB/9.9GiB(93%) CN:7 DL:2.2MiB ETA:5m9s]
[#b7eb6c 9.2GiB/9.9GiB(93%) CN:7 DL:2.2MiB ETA:5m9s]
[#b7eb6c 9.2GiB/9.9GiB(93%) CN:7 DL:2.2MiB ETA:5m12s]
[#b7eb6c 9.2GiB/9.9GiB(93%) CN:7 DL:2.2MiB ETA:5m7s]
[#b7eb6c 9.2GiB/9.9GiB(93%) CN:7 DL:2.2MiB ETA:5m5s]
[#b7eb6c 9.2GiB/9.9GiB(93%) CN:7 DL:2.2MiB ETA:5m4s]
[#b7eb6c 9.2GiB/9.9GiB(93%) CN:7 DL:2.2MiB ETA:4m56s]
[#b7eb6c 9.2GiB/9.9GiB(93%) CN:7 DL:2.2MiB ETA:5m2s]
[#b7eb6c 9.2GiB/9.9GiB(93%) CN:7 DL:2.2MiB ETA:5m2s]
[#b7eb6c 9.2GiB/9.9GiB(93%) CN:7 DL:2.2MiB ETA:5m1s]
[#b7eb6c 9.2GiB/9.9GiB(93%) CN:7 DL:2.2MiB ETA:5m]
[#b7eb6c 9.2GiB/9.9GiB(93%) CN:7 DL:2.2MiB ETA:4m59s]
[#b7eb6c 9.2GiB/9.9GiB(93%) CN:7 DL:2.2MiB ETA:4m51s]
[#b7eb6c 9.2GiB/9.9GiB(93%) CN:7 DL:2.1MiB ETA:5m14s]
[#b7eb6c 9.2GiB/9.9GiB(93%) CN:7 DL:2.0MiB ETA:5m17s]
[#b7eb6c 9.2GiB/9.9GiB(93%) CN:7 DL:1.9MiB ETA:5m38s]
[#b7eb6c 9.2GiB/9.9GiB(93%) CN:7 DL:1.8MiB ETA:6m1s]
[#b7eb6c 9.2GiB/9.9GiB(93%) CN:7 DL:1.7MiB ETA:6m26s]
[#b7eb6c 9.2GiB/9.9GiB(93%) CN:7 DL:1.5MiB ETA:6m53s]
[#b7eb6c 9.2GiB/9.9GiB(93%) CN:7 DL:1.4MiB ETA:7m25s]
[#b7eb6c 9.2GiB/9.9GiB(93%) CN:7 DL:1.4MiB ETA:7m43s]
[#b7eb6c 9.2GiB/9.9GiB(93%) CN:7 DL:1.3MiB ETA:8m24s]
[#b7eb6c 9.2GiB/9.9GiB(93%) CN:7 DL:1.3MiB ETA:8m10s]
[#b7eb6c 9.2GiB/9.9GiB(93%) CN:7 DL:1.2MiB ETA:8m32s]
[#b7eb6c 9.2GiB/9.9GiB(93%) CN:7 DL:1.4MiB ETA:7m14s]
[#b7eb6c 9.2GiB/9.9GiB(93%) CN:7 DL:1.5MiB ETA:6m45s]
[#b7eb6c 9.2GiB/9.9GiB(93%) CN:7 DL:1.7MiB ETA:6m14s]
[#b7eb6c 9.2GiB/9.9GiB(93%) CN:7 DL:1.8MiB ETA:5m47s]
[#b7eb6c 9.2GiB/9.9GiB(93%) CN:7 DL:1.9MiB ETA:5m25s]
 *** Download Progress Summary as of Sun Sep 13 13:21:42 2026 *** 
===============================================================================
[#b7eb6c 9.2GiB/9.9GiB(93%) CN:7 DL:2.0MiB ETA:5m6s]
FILE: /home/cosmosapjw/.cache/htt-r9/sdss_pv_zenodo_6824749/mocks.tar.gz.partial
-------------------------------------------------------------------------------

[#b7eb6c 9.2GiB/9.9GiB(93%) CN:7 DL:2.0MiB ETA:5m6s]
[#b7eb6c 9.2GiB/9.9GiB(93%) CN:7 DL:2.1MiB ETA:4m52s]
[#b7eb6c 9.2GiB/9.9GiB(93%) CN:7 DL:2.2MiB ETA:4m43s]
[#b7eb6c 9.2GiB/9.9GiB(93%) CN:7 DL:2.2MiB ETA:4m44s]
[#b7eb6c 9.2GiB/9.9GiB(93%) CN:7 DL:2.3MiB ETA:4m30s]
[#b7eb6c 9.2GiB/9.9GiB(93%) CN:7 DL:2.2MiB ETA:4m41s]
[#b7eb6c 9.3GiB/9.9GiB(93%) CN:7 DL:2.2MiB ETA:4m36s]
[#b7eb6c 9.3GiB/9.9GiB(93%) CN:7 DL:2.2MiB ETA:4m41s]
[#b7eb6c 9.3GiB/9.9GiB(93%) CN:7 DL:2.2MiB ETA:4m40s]
[#b7eb6c 9.3GiB/9.9GiB(93%) CN:7 DL:2.2MiB ETA:4m39s]
[#b7eb6c 9.3GiB/9.9GiB(93%) CN:7 DL:2.2MiB ETA:4m38s]
[#b7eb6c 9.3GiB/9.9GiB(93%) CN:7 DL:2.2MiB ETA:4m37s]
[#b7eb6c 9.3GiB/9.9GiB(93%) CN:7 DL:2.2MiB ETA:4m35s]
[#b7eb6c 9.3GiB/9.9GiB(93%) CN:7 DL:2.2MiB ETA:4m28s]
[#b7eb6c 9.3GiB/9.9GiB(94%) CN:7 DL:2.2MiB ETA:4m32s]
[#b7eb6c 9.3GiB/9.9GiB(94%) CN:7 DL:2.2MiB ETA:4m23s]
[#b7eb6c 9.3GiB/9.9GiB(94%) CN:7 DL:2.2MiB ETA:4m28s]
[#b7eb6c 9.3GiB/9.9GiB(94%) CN:7 DL:2.2MiB ETA:4m27s]
[#b7eb6c 9.3GiB/9.9GiB(94%) CN:7 DL:2.2MiB ETA:4m26s]
[#b7eb6c 9.3GiB/9.9GiB(94%) CN:7 DL:2.2MiB ETA:4m26s]
[#b7eb6c 9.3GiB/9.9GiB(94%) CN:7 DL:2.2MiB ETA:4m25s]
[#b7eb6c 9.3GiB/9.9GiB(94%) CN:7 DL:2.2MiB ETA:4m24s]
[#b7eb6c 9.3GiB/9.9GiB(94%) CN:7 DL:2.1MiB ETA:4m30s]
[#b7eb6c 9.3GiB/9.9GiB(94%) CN:7 DL:2.1MiB ETA:4m29s]
[#b7eb6c 9.3GiB/9.9GiB(94%) CN:7 DL:2.2MiB ETA:4m22s]
[#b7eb6c 9.3GiB/9.9GiB(94%) CN:7 DL:2.1MiB ETA:4m27s]
[#b7eb6c 9.3GiB/9.9GiB(94%) CN:7 DL:2.1MiB ETA:4m26s]
[#b7eb6c 9.3GiB/9.9GiB(94%) CN:7 DL:2.1MiB ETA:4m25s]
[#b7eb6c 9.3GiB/9.9GiB(94%) CN:7 DL:2.1MiB ETA:4m29s]
[#b7eb6c 9.3GiB/9.9GiB(94%) CN:7 DL:2.1MiB ETA:4m23s]
[#b7eb6c 9.3GiB/9.9GiB(94%) CN:7 DL:2.1MiB ETA:4m25s]
[#b7eb6c 9.3GiB/9.9GiB(94%) CN:7 DL:2.1MiB ETA:4m21s]
[#b7eb6c 9.3GiB/9.9GiB(94%) CN:7 DL:2.2MiB ETA:4m15s]
[#b7eb6c 9.3GiB/9.9GiB(94%) CN:7 DL:2.2MiB ETA:4m15s]
[#b7eb6c 9.3GiB/9.9GiB(94%) CN:7 DL:2.1MiB ETA:4m19s]
[#b7eb6c 9.3GiB/9.9GiB(94%) CN:7 DL:2.1MiB ETA:4m16s]
[#b7eb6c 9.3GiB/9.9GiB(94%) CN:7 DL:2.0MiB ETA:4m31s]
[#b7eb6c 9.3GiB/9.9GiB(94%) CN:7 DL:1.9MiB ETA:4m42s]
[#b7eb6c 9.3GiB/9.9GiB(94%) CN:7 DL:1.9MiB ETA:4m53s]
[#b7eb6c 9.3GiB/9.9GiB(94%) CN:7 DL:1.8MiB ETA:5m4s]
[#b7eb6c 9.3GiB/9.9GiB(94%) CN:7 DL:1.7MiB ETA:5m19s]
[#b7eb6c 9.3GiB/9.9GiB(94%) CN:7 DL:1.6MiB ETA:5m35s]
[#b7eb6c 9.3GiB/9.9GiB(94%) CN:7 DL:1.6MiB ETA:5m37s]
[#b7eb6c 9.3GiB/9.9GiB(94%) CN:7 DL:1.5MiB ETA:6m5s]
[#b7eb6c 9.3GiB/9.9GiB(94%) CN:7 DL:1.4MiB ETA:6m15s]
[#b7eb6c 9.3GiB/9.9GiB(94%) CN:7 DL:1.4MiB ETA:6m27s]
[#b7eb6c 9.3GiB/9.9GiB(94%) CN:7 DL:1.3MiB ETA:6m38s]
[#b7eb6c 9.3GiB/9.9GiB(94%) CN:7 DL:1.3MiB ETA:6m55s]
[#b7eb6c 9.3GiB/9.9GiB(94%) CN:7 DL:1.2MiB ETA:7m11s]
[#b7eb6c 9.3GiB/9.9GiB(94%) CN:7 DL:1.2MiB ETA:7m25s]
[#b7eb6c 9.3GiB/9.9GiB(94%) CN:7 DL:1.1MiB ETA:7m47s]
[#b7eb6c 9.3GiB/9.9GiB(94%) CN:7 DL:1.1MiB ETA:8m5s]
[#b7eb6c 9.3GiB/9.9GiB(94%) CN:7 DL:1.0MiB ETA:8m14s]
[#b7eb6c 9.3GiB/9.9GiB(94%) CN:7 DL:1.0MiB ETA:8m32s]
[#b7eb6c 9.3GiB/9.9GiB(94%) CN:7 DL:1.0MiB ETA:8m30s]
[#b7eb6c 9.3GiB/9.9GiB(94%) CN:7 DL:1.0MiB ETA:8m35s]
[#b7eb6c 9.3GiB/9.9GiB(94%) CN:7 DL:1.0MiB ETA:8m33s]
[#b7eb6c 9.3GiB/9.9GiB(94%) CN:7 DL:1.0MiB ETA:8m12s]
[#b7eb6c 9.3GiB/9.9GiB(94%) CN:7 DL:1.1MiB ETA:7m54s]
[#b7eb6c 9.3GiB/9.9GiB(94%) CN:7 DL:1.1MiB ETA:7m45s]
[#b7eb6c 9.3GiB/9.9GiB(94%) CN:7 DL:1.1MiB ETA:7m37s]
 *** Download Progress Summary as of Sun Sep 13 13:22:42 2026 *** 
===============================================================================
[#b7eb6c 9.3GiB/9.9GiB(94%) CN:7 DL:1.1MiB ETA:7m30s]
FILE: /home/cosmosapjw/.cache/htt-r9/sdss_pv_zenodo_6824749/mocks.tar.gz.partial
-------------------------------------------------------------------------------

[#b7eb6c 9.3GiB/9.9GiB(94%) CN:7 DL:1.1MiB ETA:7m30s]
[#b7eb6c 9.3GiB/9.9GiB(94%) CN:7 DL:1.1MiB ETA:7m27s]
[#b7eb6c 9.3GiB/9.9GiB(94%) CN:7 DL:1.2MiB ETA:7m13s]
[#b7eb6c 9.3GiB/9.9GiB(94%) CN:7 DL:1.2MiB ETA:6m56s]
[#b7eb6c 9.3GiB/9.9GiB(94%) CN:7 DL:1.2MiB ETA:6m49s]
[#b7eb6c 9.4GiB/9.9GiB(94%) CN:7 DL:1.2MiB ETA:6m45s]
[#b7eb6c 9.4GiB/9.9GiB(94%) CN:7 DL:1.3MiB ETA:6m38s]
[#b7eb6c 9.4GiB/9.9GiB(94%) CN:7 DL:1.2MiB ETA:6m43s]
[#b7eb6c 9.4GiB/9.9GiB(94%) CN:7 DL:1.2MiB ETA:6m41s]
[#b7eb6c 9.4GiB/9.9GiB(94%) CN:7 DL:1.2MiB ETA:6m40s]
[#b7eb6c 9.4GiB/9.9GiB(94%) CN:7 DL:1.2MiB ETA:6m41s]
[#b7eb6c 9.4GiB/9.9GiB(94%) CN:7 DL:1.2MiB ETA:6m39s]
[#b7eb6c 9.4GiB/9.9GiB(94%) CN:7 DL:1.2MiB ETA:6m42s]
[#b7eb6c 9.4GiB/9.9GiB(94%) CN:7 DL:1.2MiB ETA:6m47s]
[#b7eb6c 9.4GiB/9.9GiB(94%) CN:7 DL:1.2MiB ETA:6m50s]
[#b7eb6c 9.4GiB/9.9GiB(94%) CN:7 DL:1.2MiB ETA:6m43s]
[#b7eb6c 9.4GiB/9.9GiB(94%) CN:7 DL:1.2MiB ETA:6m40s]
[#b7eb6c 9.4GiB/9.9GiB(94%) CN:7 DL:1.3MiB ETA:6m25s]
[#b7eb6c 9.4GiB/9.9GiB(95%) CN:7 DL:1.3MiB ETA:6m4s]
[#b7eb6c 9.4GiB/9.9GiB(95%) CN:7 DL:1.4MiB ETA:5m40s]
[#b7eb6c 9.4GiB/9.9GiB(95%) CN:7 DL:1.5MiB ETA:5m16s]
[#b7eb6c 9.4GiB/9.9GiB(95%) CN:7 DL:1.6MiB ETA:4m54s]
[#b7eb6c 9.4GiB/9.9GiB(95%) CN:7 DL:1.7MiB ETA:4m40s]
[#b7eb6c 9.4GiB/9.9GiB(95%) CN:7 DL:1.8MiB ETA:4m25s]
[#b7eb6c 9.4GiB/9.9GiB(95%) CN:7 DL:1.9MiB ETA:4m11s]
[#b7eb6c 9.4GiB/9.9GiB(95%) CN:7 DL:2.0MiB ETA:4m]
[#b7eb6c 9.4GiB/9.9GiB(95%) CN:7 DL:2.1MiB ETA:3m51s]
[#b7eb6c 9.4GiB/9.9GiB(95%) CN:7 DL:2.1MiB ETA:3m47s]
[#b7eb6c 9.4GiB/9.9GiB(95%) CN:7 DL:2.1MiB ETA:3m45s]
[#b7eb6c 9.4GiB/9.9GiB(95%) CN:7 DL:2.1MiB ETA:3m48s]
[#b7eb6c 9.4GiB/9.9GiB(95%) CN:7 DL:2.1MiB ETA:3m47s]
[#b7eb6c 9.4GiB/9.9GiB(95%) CN:7 DL:2.0MiB ETA:3m49s]
[#b7eb6c 9.4GiB/9.9GiB(95%) CN:7 DL:2.1MiB ETA:3m46s]
[#b7eb6c 9.4GiB/9.9GiB(95%) CN:7 DL:2.1MiB ETA:3m39s]
[#b7eb6c 9.4GiB/9.9GiB(95%) CN:7 DL:2.1MiB ETA:3m43s]
[#b7eb6c 9.4GiB/9.9GiB(95%) CN:7 DL:2.1MiB ETA:3m42s]
[#b7eb6c 9.4GiB/9.9GiB(95%) CN:7 DL:2.1MiB ETA:3m41s]
[#b7eb6c 9.4GiB/9.9GiB(95%) CN:7 DL:2.1MiB ETA:3m33s]
[#b7eb6c 9.4GiB/9.9GiB(95%) CN:7 DL:2.1MiB ETA:3m40s]
[#b7eb6c 9.4GiB/9.9GiB(95%) CN:7 DL:2.1MiB ETA:3m32s]
[#b7eb6c 9.4GiB/9.9GiB(95%) CN:7 DL:2.1MiB ETA:3m30s]
[#b7eb6c 9.4GiB/9.9GiB(95%) CN:7 DL:2.1MiB ETA:3m29s]
[#b7eb6c 9.4GiB/9.9GiB(95%) CN:7 DL:2.1MiB ETA:3m32s]
[#b7eb6c 9.4GiB/9.9GiB(95%) CN:7 DL:2.1MiB ETA:3m25s]
[#b7eb6c 9.4GiB/9.9GiB(95%) CN:7 DL:2.2MiB ETA:3m24s]
[#b7eb6c 9.4GiB/9.9GiB(95%) CN:7 DL:2.1MiB ETA:3m28s]
[#b7eb6c 9.4GiB/9.9GiB(95%) CN:7 DL:2.2MiB ETA:3m21s]
[#b7eb6c 9.4GiB/9.9GiB(95%) CN:7 DL:2.2MiB ETA:3m21s]
[#b7eb6c 9.4GiB/9.9GiB(95%) CN:7 DL:2.2MiB ETA:3m18s]
[#b7eb6c 9.4GiB/9.9GiB(95%) CN:7 DL:2.2MiB ETA:3m16s]
[#b7eb6c 9.4GiB/9.9GiB(95%) CN:7 DL:2.2MiB ETA:3m15s]
[#b7eb6c 9.4GiB/9.9GiB(95%) CN:7 DL:2.2MiB ETA:3m14s]
[#b7eb6c 9.4GiB/9.9GiB(95%) CN:7 DL:2.2MiB ETA:3m11s]
[#b7eb6c 9.4GiB/9.9GiB(95%) CN:7 DL:2.2MiB ETA:3m11s]
[#b7eb6c 9.4GiB/9.9GiB(95%) CN:7 DL:2.2MiB ETA:3m10s]
[#b7eb6c 9.4GiB/9.9GiB(95%) CN:7 DL:2.2MiB ETA:3m12s]
[#b7eb6c 9.4GiB/9.9GiB(95%) CN:7 DL:2.2MiB ETA:3m9s]
[#b7eb6c 9.5GiB/9.9GiB(95%) CN:7 DL:2.2MiB ETA:3m7s]
[#b7eb6c 9.5GiB/9.9GiB(95%) CN:7 DL:2.2MiB ETA:3m7s]
[#b7eb6c 9.5GiB/9.9GiB(95%) CN:7 DL:2.2MiB ETA:3m6s]
[#b7eb6c 9.5GiB/9.9GiB(95%) CN:7 DL:2.2MiB ETA:3m3s]
 *** Download Progress Summary as of Sun Sep 13 13:23:43 2026 *** 
===============================================================================
[#b7eb6c 9.5GiB/9.9GiB(95%) CN:7 DL:2.2MiB ETA:3m4s]
FILE: /home/cosmosapjw/.cache/htt-r9/sdss_pv_zenodo_6824749/mocks.tar.gz.partial
-------------------------------------------------------------------------------

[#b7eb6c 9.5GiB/9.9GiB(95%) CN:7 DL:2.2MiB ETA:3m4s]
[#b7eb6c 9.5GiB/9.9GiB(95%) CN:7 DL:2.2MiB ETA:3m]
[#b7eb6c 9.5GiB/9.9GiB(95%) CN:7 DL:2.2MiB ETA:3m4s]
[#b7eb6c 9.5GiB/9.9GiB(95%) CN:7 DL:2.2MiB ETA:3m3s]
[#b7eb6c 9.5GiB/9.9GiB(96%) CN:7 DL:2.2MiB ETA:3m3s]
[#b7eb6c 9.5GiB/9.9GiB(96%) CN:7 DL:2.2MiB ETA:3m1s]
[#b7eb6c 9.5GiB/9.9GiB(96%) CN:7 DL:2.2MiB ETA:3m]
[#b7eb6c 9.5GiB/9.9GiB(96%) CN:7 DL:2.2MiB ETA:2m55s]
[#b7eb6c 9.5GiB/9.9GiB(96%) CN:7 DL:2.2MiB ETA:2m58s]
[#b7eb6c 9.5GiB/9.9GiB(96%) CN:7 DL:2.1MiB ETA:3m3s]
[#b7eb6c 9.5GiB/9.9GiB(96%) CN:7 DL:2.2MiB ETA:2m52s]
[#b7eb6c 9.5GiB/9.9GiB(96%) CN:7 DL:2.2MiB ETA:2m53s]
[#b7eb6c 9.5GiB/9.9GiB(96%) CN:7 DL:2.2MiB ETA:2m53s]
[#b7eb6c 9.5GiB/9.9GiB(96%) CN:7 DL:2.2MiB ETA:2m52s]
[#b7eb6c 9.5GiB/9.9GiB(96%) CN:7 DL:2.2MiB ETA:2m51s]
[#b7eb6c 9.5GiB/9.9GiB(96%) CN:7 DL:2.2MiB ETA:2m50s]
[#b7eb6c 9.5GiB/9.9GiB(96%) CN:7 DL:2.2MiB ETA:2m49s]
[#b7eb6c 9.5GiB/9.9GiB(96%) CN:7 DL:2.2MiB ETA:2m48s]
[#b7eb6c 9.5GiB/9.9GiB(96%) CN:7 DL:2.2MiB ETA:2m47s]
[#b7eb6c 9.5GiB/9.9GiB(96%) CN:7 DL:2.1MiB ETA:2m49s]
[#b7eb6c 9.5GiB/9.9GiB(96%) CN:7 DL:2.3MiB ETA:2m39s]
[#b7eb6c 9.5GiB/9.9GiB(96%) CN:7 DL:2.1MiB ETA:2m50s]
[#b7eb6c 9.5GiB/9.9GiB(96%) CN:7 DL:2.2MiB ETA:2m44s]
[#b7eb6c 9.5GiB/9.9GiB(96%) CN:7 DL:2.2MiB ETA:2m43s]
[#b7eb6c 9.5GiB/9.9GiB(96%) CN:7 DL:2.2MiB ETA:2m42s]
[#b7eb6c 9.5GiB/9.9GiB(96%) CN:7 DL:2.2MiB ETA:2m41s]
[#b7eb6c 9.5GiB/9.9GiB(96%) CN:7 DL:2.2MiB ETA:2m36s]
[#b7eb6c 9.5GiB/9.9GiB(96%) CN:7 DL:2.2MiB ETA:2m39s]
[#b7eb6c 9.5GiB/9.9GiB(96%) CN:7 DL:2.2MiB ETA:2m35s]
[#b7eb6c 9.5GiB/9.9GiB(96%) CN:7 DL:2.2MiB ETA:2m36s]
[#b7eb6c 9.5GiB/9.9GiB(96%) CN:7 DL:2.2MiB ETA:2m33s]
[#b7eb6c 9.5GiB/9.9GiB(96%) CN:7 DL:2.2MiB ETA:2m34s]
[#b7eb6c 9.5GiB/9.9GiB(96%) CN:7 DL:2.2MiB ETA:2m32s]
[#b7eb6c 9.5GiB/9.9GiB(96%) CN:7 DL:2.2MiB ETA:2m31s]
[#b7eb6c 9.5GiB/9.9GiB(96%) CN:7 DL:2.2MiB ETA:2m30s]
[#b7eb6c 9.5GiB/9.9GiB(96%) CN:7 DL:2.2MiB ETA:2m29s]
[#b7eb6c 9.5GiB/9.9GiB(96%) CN:7 DL:2.2MiB ETA:2m27s]
[#b7eb6c 9.5GiB/9.9GiB(96%) CN:7 DL:2.2MiB ETA:2m27s]
[#b7eb6c 9.5GiB/9.9GiB(96%) CN:7 DL:2.2MiB ETA:2m26s]
[#b7eb6c 9.5GiB/9.9GiB(96%) CN:7 DL:2.2MiB ETA:2m25s]
[#b7eb6c 9.5GiB/9.9GiB(96%) CN:7 DL:2.2MiB ETA:2m24s]
[#b7eb6c 9.5GiB/9.9GiB(96%) CN:7 DL:2.2MiB ETA:2m23s]
[#b7eb6c 9.5GiB/9.9GiB(96%) CN:7 DL:2.2MiB ETA:2m22s]
[#b7eb6c 9.6GiB/9.9GiB(96%) CN:7 DL:2.2MiB ETA:2m21s]
[#b7eb6c 9.6GiB/9.9GiB(96%) CN:7 DL:2.2MiB ETA:2m21s]
[#b7eb6c 9.6GiB/9.9GiB(96%) CN:7 DL:2.2MiB ETA:2m19s]
[#b7eb6c 9.6GiB/9.9GiB(96%) CN:7 DL:2.1MiB ETA:2m22s]
[#b7eb6c 9.6GiB/9.9GiB(96%) CN:7 DL:2.2MiB ETA:2m17s]
[#b7eb6c 9.6GiB/9.9GiB(96%) CN:7 DL:2.2MiB ETA:2m16s]
[#b7eb6c 9.6GiB/9.9GiB(97%) CN:7 DL:2.1MiB ETA:2m19s]
[#b7eb6c 9.6GiB/9.9GiB(97%) CN:7 DL:2.2MiB ETA:2m15s]
[#b7eb6c 9.6GiB/9.9GiB(97%) CN:7 DL:2.2MiB ETA:2m14s]
[#b7eb6c 9.6GiB/9.9GiB(97%) CN:7 DL:2.2MiB ETA:2m14s]
[#b7eb6c 9.6GiB/9.9GiB(97%) CN:7 DL:2.2MiB ETA:2m12s]
[#b7eb6c 9.6GiB/9.9GiB(97%) CN:7 DL:2.2MiB ETA:2m10s]
[#b7eb6c 9.6GiB/9.9GiB(97%) CN:7 DL:2.1MiB ETA:2m13s]
[#b7eb6c 9.6GiB/9.9GiB(97%) CN:7 DL:2.2MiB ETA:2m8s]
[#b7eb6c 9.6GiB/9.9GiB(97%) CN:7 DL:2.2MiB ETA:2m9s]
[#b7eb6c 9.6GiB/9.9GiB(97%) CN:7 DL:2.2MiB ETA:2m8s]
[#b7eb6c 9.6GiB/9.9GiB(97%) CN:7 DL:2.2MiB ETA:2m5s]
[#b7eb6c 9.6GiB/9.9GiB(97%) CN:7 DL:2.2MiB ETA:2m6s]
 *** Download Progress Summary as of Sun Sep 13 13:24:44 2026 *** 
===============================================================================
[#b7eb6c 9.6GiB/9.9GiB(97%) CN:7 DL:2.2MiB ETA:2m5s]
FILE: /home/cosmosapjw/.cache/htt-r9/sdss_pv_zenodo_6824749/mocks.tar.gz.partial
-------------------------------------------------------------------------------

[#b7eb6c 9.6GiB/9.9GiB(97%) CN:7 DL:2.2MiB ETA:2m5s]
[#b7eb6c 9.6GiB/9.9GiB(97%) CN:7 DL:2.1MiB ETA:2m5s]
[#b7eb6c 9.6GiB/9.9GiB(97%) CN:7 DL:2.2MiB ETA:2m2s]
[#b7eb6c 9.6GiB/9.9GiB(97%) CN:7 DL:2.1MiB ETA:2m6s]
[#b7eb6c 9.6GiB/9.9GiB(97%) CN:7 DL:2.2MiB ETA:1m58s]
[#b7eb6c 9.6GiB/9.9GiB(97%) CN:7 DL:2.2MiB ETA:1m59s]
[#b7eb6c 9.6GiB/9.9GiB(97%) CN:7 DL:2.2MiB ETA:1m57s]
[#b7eb6c 9.6GiB/9.9GiB(97%) CN:7 DL:2.2MiB ETA:1m56s]
[#b7eb6c 9.6GiB/9.9GiB(97%) CN:7 DL:2.2MiB ETA:1m55s]
[#b7eb6c 9.6GiB/9.9GiB(97%) CN:7 DL:2.2MiB ETA:1m55s]
[#b7eb6c 9.6GiB/9.9GiB(97%) CN:7 DL:2.2MiB ETA:1m53s]
[#b7eb6c 9.6GiB/9.9GiB(97%) CN:7 DL:2.2MiB ETA:1m52s]
[#b7eb6c 9.6GiB/9.9GiB(97%) CN:7 DL:2.2MiB ETA:1m53s]
[#b7eb6c 9.6GiB/9.9GiB(97%) CN:7 DL:2.2MiB ETA:1m51s]
[#b7eb6c 9.6GiB/9.9GiB(97%) CN:7 DL:2.2MiB ETA:1m51s]
[#b7eb6c 9.6GiB/9.9GiB(97%) CN:7 DL:2.2MiB ETA:1m50s]
[#b7eb6c 9.6GiB/9.9GiB(97%) CN:7 DL:2.2MiB ETA:1m49s]
[#b7eb6c 9.6GiB/9.9GiB(97%) CN:7 DL:2.1MiB ETA:1m49s]
[#b7eb6c 9.6GiB/9.9GiB(97%) CN:7 DL:2.1MiB ETA:1m48s]
[#b7eb6c 9.6GiB/9.9GiB(97%) CN:7 DL:2.2MiB ETA:1m45s]
[#b7eb6c 9.6GiB/9.9GiB(97%) CN:7 DL:2.1MiB ETA:1m46s]
[#b7eb6c 9.6GiB/9.9GiB(97%) CN:7 DL:2.1MiB ETA:1m48s]
[#b7eb6c 9.6GiB/9.9GiB(97%) CN:7 DL:2.2MiB ETA:1m43s]
[#b7eb6c 9.6GiB/9.9GiB(97%) CN:7 DL:2.2MiB ETA:1m41s]
[#b7eb6c 9.6GiB/9.9GiB(97%) CN:7 DL:2.1MiB ETA:1m42s]
[#b7eb6c 9.6GiB/9.9GiB(97%) CN:7 DL:2.2MiB ETA:1m37s]
[#b7eb6c 9.6GiB/9.9GiB(97%) CN:7 DL:2.1MiB ETA:1m42s]
[#b7eb6c 9.6GiB/9.9GiB(97%) CN:7 DL:2.2MiB ETA:1m36s]
[#b7eb6c 9.7GiB/9.9GiB(97%) CN:7 DL:2.2MiB ETA:1m34s]
[#b7eb6c 9.7GiB/9.9GiB(97%) CN:7 DL:2.2MiB ETA:1m35s]
[#b7eb6c 9.7GiB/9.9GiB(97%) CN:7 DL:2.2MiB ETA:1m33s]
[#b7eb6c 9.7GiB/9.9GiB(97%) CN:7 DL:2.2MiB ETA:1m33s]
[#b7eb6c 9.7GiB/9.9GiB(97%) CN:7 DL:2.2MiB ETA:1m31s]
[#b7eb6c 9.7GiB/9.9GiB(97%) CN:7 DL:2.2MiB ETA:1m30s]
[#b7eb6c 9.7GiB/9.9GiB(98%) CN:7 DL:2.1MiB ETA:1m32s]
[#b7eb6c 9.7GiB/9.9GiB(98%) CN:7 DL:2.2MiB ETA:1m29s]
[#b7eb6c 9.7GiB/9.9GiB(98%) CN:7 DL:2.2MiB ETA:1m27s]
[#b7eb6c 9.7GiB/9.9GiB(98%) CN:7 DL:2.1MiB ETA:1m30s]
[#b7eb6c 9.7GiB/9.9GiB(98%) CN:7 DL:2.1MiB ETA:1m29s]
[#b7eb6c 9.7GiB/9.9GiB(98%) CN:7 DL:2.1MiB ETA:1m29s]
[#b7eb6c 9.7GiB/9.9GiB(98%) CN:7 DL:2.1MiB ETA:1m28s]
[#b7eb6c 9.7GiB/9.9GiB(98%) CN:6 DL:2.0MiB ETA:1m30s]
[#b7eb6c 9.7GiB/9.9GiB(98%) CN:6 DL:2.0MiB ETA:1m33s]
[#b7eb6c 9.7GiB/9.9GiB(98%) CN:6 DL:1.9MiB ETA:1m35s]
[#b7eb6c 9.7GiB/9.9GiB(98%) CN:6 DL:1.8MiB ETA:1m36s]
[#b7eb6c 9.7GiB/9.9GiB(98%) CN:6 DL:1.8MiB ETA:1m35s]
[#b7eb6c 9.7GiB/9.9GiB(98%) CN:6 DL:1.9MiB ETA:1m33s]
[#b7eb6c 9.7GiB/9.9GiB(98%) CN:6 DL:1.9MiB ETA:1m30s]
[#b7eb6c 9.7GiB/9.9GiB(98%) CN:6 DL:1.9MiB ETA:1m28s]
[#b7eb6c 9.7GiB/9.9GiB(98%) CN:6 DL:1.9MiB ETA:1m26s]
[#b7eb6c 9.7GiB/9.9GiB(98%) CN:6 DL:1.9MiB ETA:1m24s]
[#b7eb6c 9.7GiB/9.9GiB(98%) CN:6 DL:2.0MiB ETA:1m21s]
[#b7eb6c 9.7GiB/9.9GiB(98%) CN:6 DL:2.1MiB ETA:1m16s]
[#b7eb6c 9.7GiB/9.9GiB(98%) CN:6 DL:2.2MiB ETA:1m13s]
[#b7eb6c 9.7GiB/9.9GiB(98%) CN:6 DL:2.2MiB ETA:1m11s]
[#b7eb6c 9.7GiB/9.9GiB(98%) CN:6 DL:2.2MiB ETA:1m10s]
[#b7eb6c 9.7GiB/9.9GiB(98%) CN:6 DL:2.3MiB ETA:1m7s]
[#b7eb6c 9.7GiB/9.9GiB(98%) CN:6 DL:2.2MiB ETA:1m9s]
[#b7eb6c 9.7GiB/9.9GiB(98%) CN:6 DL:2.2MiB ETA:1m7s]
[#b7eb6c 9.7GiB/9.9GiB(98%) CN:6 DL:2.2MiB ETA:1m6s]
[#b7eb6c 9.7GiB/9.9GiB(98%) CN:6 DL:2.3MiB ETA:1m3s]
 *** Download Progress Summary as of Sun Sep 13 13:25:44 2026 *** 
===============================================================================
[#b7eb6c 9.7GiB/9.9GiB(98%) CN:6 DL:2.2MiB ETA:1m4s]
FILE: /home/cosmosapjw/.cache/htt-r9/sdss_pv_zenodo_6824749/mocks.tar.gz.partial
-------------------------------------------------------------------------------

[#b7eb6c 9.7GiB/9.9GiB(98%) CN:6 DL:2.2MiB ETA:1m4s]
[#b7eb6c 9.7GiB/9.9GiB(98%) CN:6 DL:2.2MiB ETA:1m4s]
[#b7eb6c 9.7GiB/9.9GiB(98%) CN:6 DL:2.2MiB ETA:1m3s]
[#b7eb6c 9.7GiB/9.9GiB(98%) CN:6 DL:2.2MiB ETA:1m1s]
[#b7eb6c 9.7GiB/9.9GiB(98%) CN:6 DL:2.2MiB ETA:1m]
[#b7eb6c 9.7GiB/9.9GiB(98%) CN:6 DL:2.2MiB ETA:59s]
[#b7eb6c 9.7GiB/9.9GiB(98%) CN:6 DL:2.2MiB ETA:58s]
[#b7eb6c 9.7GiB/9.9GiB(98%) CN:6 DL:2.2MiB ETA:58s]
[#b7eb6c 9.7GiB/9.9GiB(98%) CN:6 DL:2.3MiB ETA:54s]
[#b7eb6c 9.7GiB/9.9GiB(98%) CN:6 DL:2.2MiB ETA:55s]
[#b7eb6c 9.7GiB/9.9GiB(98%) CN:6 DL:2.2MiB ETA:55s]
[#b7eb6c 9.7GiB/9.9GiB(98%) CN:6 DL:2.2MiB ETA:53s]
[#b7eb6c 9.7GiB/9.9GiB(98%) CN:6 DL:2.1MiB ETA:55s]
[#b7eb6c 9.7GiB/9.9GiB(98%) CN:6 DL:1.9MiB ETA:59s]
[#b7eb6c 9.7GiB/9.9GiB(98%) CN:6 DL:1.9MiB ETA:59s]
[#b7eb6c 9.7GiB/9.9GiB(98%) CN:6 DL:1.8MiB ETA:1m2s]
[#b7eb6c 9.8GiB/9.9GiB(98%) CN:6 DL:1.7MiB ETA:1m5s]
[#b7eb6c 9.8GiB/9.9GiB(98%) CN:6 DL:1.6MiB ETA:1m8s]
[#b7eb6c 9.8GiB/9.9GiB(98%) CN:6 DL:1.5MiB ETA:1m12s]
[#b7eb6c 9.8GiB/9.9GiB(98%) CN:6 DL:1.4MiB ETA:1m15s]
[#b7eb6c 9.8GiB/9.9GiB(98%) CN:6 DL:1.3MiB ETA:1m18s]
[#b7eb6c 9.8GiB/9.9GiB(98%) CN:6 DL:1.3MiB ETA:1m18s]
[#b7eb6c 9.8GiB/9.9GiB(98%) CN:6 DL:1.5MiB ETA:1m9s]
[#b7eb6c 9.8GiB/9.9GiB(99%) CN:6 DL:1.5MiB ETA:1m3s]
[#b7eb6c 9.8GiB/9.9GiB(99%) CN:6 DL:1.6MiB ETA:58s]
[#b7eb6c 9.8GiB/9.9GiB(99%) CN:6 DL:1.8MiB ETA:53s]
[#b7eb6c 9.8GiB/9.9GiB(99%) CN:6 DL:1.9MiB ETA:49s]
[#b7eb6c 9.8GiB/9.9GiB(99%) CN:6 DL:2.0MiB ETA:45s]
[#b7eb6c 9.8GiB/9.9GiB(99%) CN:6 DL:2.1MiB ETA:42s]
[#b7eb6c 9.8GiB/9.9GiB(99%) CN:6 DL:2.1MiB ETA:40s]
[#b7eb6c 9.8GiB/9.9GiB(99%) CN:6 DL:2.2MiB ETA:38s]
[#b7eb6c 9.8GiB/9.9GiB(99%) CN:6 DL:2.2MiB ETA:37s]
[#b7eb6c 9.8GiB/9.9GiB(99%) CN:6 DL:2.2MiB ETA:36s]
[#b7eb6c 9.8GiB/9.9GiB(99%) CN:6 DL:2.2MiB ETA:35s]
[#b7eb6c 9.8GiB/9.9GiB(99%) CN:6 DL:2.2MiB ETA:34s]
[#b7eb6c 9.8GiB/9.9GiB(99%) CN:6 DL:2.2MiB ETA:33s]
[#b7eb6c 9.8GiB/9.9GiB(99%) CN:6 DL:2.2MiB ETA:32s]
[#b7eb6c 9.8GiB/9.9GiB(99%) CN:6 DL:2.2MiB ETA:30s]
[#b7eb6c 9.8GiB/9.9GiB(99%) CN:6 DL:2.2MiB ETA:30s]
[#b7eb6c 9.8GiB/9.9GiB(99%) CN:6 DL:2.2MiB ETA:29s]
[#b7eb6c 9.8GiB/9.9GiB(99%) CN:5 DL:2.2MiB ETA:28s]
[#b7eb6c 9.8GiB/9.9GiB(99%) CN:5 DL:2.2MiB ETA:27s]
[#b7eb6c 9.8GiB/9.9GiB(99%) CN:5 DL:2.2MiB ETA:26s]
[#b7eb6c 9.8GiB/9.9GiB(99%) CN:5 DL:2.2MiB ETA:25s]
[#b7eb6c 9.8GiB/9.9GiB(99%) CN:5 DL:2.1MiB ETA:25s]
[#b7eb6c 9.8GiB/9.9GiB(99%) CN:4 DL:2.1MiB ETA:24s]
[#b7eb6c 9.8GiB/9.9GiB(99%) CN:4 DL:2.1MiB ETA:23s]
[#b7eb6c 9.8GiB/9.9GiB(99%) CN:4 DL:2.1MiB ETA:22s]
[#b7eb6c 9.8GiB/9.9GiB(99%) CN:4 DL:2.1MiB ETA:21s]
[#b7eb6c 9.8GiB/9.9GiB(99%) CN:4 DL:2.1MiB ETA:20s]
[#b7eb6c 9.8GiB/9.9GiB(99%) CN:4 DL:2.1MiB ETA:19s]
[#b7eb6c 9.8GiB/9.9GiB(99%) CN:3 DL:2.0MiB ETA:19s]
[#b7eb6c 9.8GiB/9.9GiB(99%) CN:3 DL:1.9MiB ETA:20s]
[#b7eb6c 9.8GiB/9.9GiB(99%) CN:3 DL:1.8MiB ETA:20s]
[#b7eb6c 9.8GiB/9.9GiB(99%) CN:3 DL:1.7MiB ETA:21s]
[#b7eb6c 9.8GiB/9.9GiB(99%) CN:3 DL:1.6MiB ETA:22s]
[#b7eb6c 9.8GiB/9.9GiB(99%) CN:3 DL:1.4MiB ETA:23s]
[#b7eb6c 9.8GiB/9.9GiB(99%) CN:3 DL:1.3MiB ETA:24s]
[#b7eb6c 9.8GiB/9.9GiB(99%) CN:3 DL:1.2MiB ETA:25s]
[#b7eb6c 9.8GiB/9.9GiB(99%) CN:3 DL:1.2MiB ETA:25s]
[#b7eb6c 9.8GiB/9.9GiB(99%) CN:3 DL:1.2MiB ETA:23s]
 *** Download Progress Summary as of Sun Sep 13 13:26:45 2026 *** 
===============================================================================
[#b7eb6c 9.8GiB/9.9GiB(99%) CN:3 DL:1.4MiB ETA:19s]
FILE: /home/cosmosapjw/.cache/htt-r9/sdss_pv_zenodo_6824749/mocks.tar.gz.partial
-------------------------------------------------------------------------------

[#b7eb6c 9.8GiB/9.9GiB(99%) CN:3 DL:1.4MiB ETA:19s]
[#b7eb6c 9.8GiB/9.9GiB(99%) CN:3 DL:1.4MiB ETA:17s]
[#b7eb6c 9.8GiB/9.9GiB(99%) CN:3 DL:1.6MiB ETA:13s]
[#b7eb6c 9.8GiB/9.9GiB(99%) CN:3 DL:1.7MiB ETA:11s]
[#b7eb6c 9.8GiB/9.9GiB(99%) CN:3 DL:1.8MiB ETA:10s]
[#b7eb6c 9.8GiB/9.9GiB(99%) CN:2 DL:1.9MiB ETA:8s]
[#b7eb6c 9.8GiB/9.9GiB(99%) CN:2 DL:1.9MiB ETA:7s]
[#b7eb6c 9.8GiB/9.9GiB(99%) CN:1 DL:1.9MiB ETA:6s]
[#b7eb6c 9.8GiB/9.9GiB(99%) CN:1 DL:1.8MiB ETA:6s]
[#b7eb6c 9.9GiB/9.9GiB(99%) CN:1 DL:1.7MiB ETA:6s]
[#b7eb6c 9.9GiB/9.9GiB(99%) CN:1 DL:1.6MiB ETA:6s]
[#b7eb6c 9.9GiB/9.9GiB(99%) CN:1 DL:1.4MiB ETA:7s]
[#b7eb6c 9.9GiB/9.9GiB(99%) CN:1 DL:1.2MiB ETA:6s]
[#b7eb6c 9.9GiB/9.9GiB(99%) CN:1 DL:1.1MiB ETA:6s]
[#b7eb6c 9.9GiB/9.9GiB(99%) CN:1 DL:1.0MiB ETA:5s]
[#b7eb6c 9.9GiB/9.9GiB(99%) CN:1 DL:1.0MiB ETA:5s]
[#b7eb6c 9.9GiB/9.9GiB(99%) CN:1 DL:0.9MiB ETA:4s]
[#b7eb6c 9.9GiB/9.9GiB(99%) CN:1 DL:0.9MiB ETA:3s]
[#b7eb6c 9.9GiB/9.9GiB(99%) CN:1 DL:1.0MiB ETA:2s]
[#b7eb6c 9.9GiB/9.9GiB(99%) CN:1 DL:1.0MiB]

Download Results:
gid   |stat|avg speed  |  %|path/URI
======+====+===========+===+===================================================
b7eb6c|OK  |   2.1MiB/s|100|/home/cosmosapjw/.cache/htt-r9/sdss_pv_zenodo_6824749/mocks.tar.gz.partial

Status Legend:
(OK):download completed.
