anchor_id,proposed_id,title,role,rationale_ko,source,line_start,line_end,excerpt,linked_item_ids,prior_proof_statuses,proof_support,novelty_assessment
role-61db4486cf9c9245,NT2-A1,NT2-A1 — Genuine multi-multipole Fisher–Cramér–Rao floor on `F_shear`  [Provable; flagship],research_proposal_candidate,후보 문서가 제시한 구체 절/명제다. 조건부·forecast·proved 등의 표기는 원문 역할/가정을 보존할 뿐 이 매핑의 증명 판정이 아니다.,"{""content_id"": ""8111df9ea26f901196aa4fac7e29c4c5dc57fc05588004161615aca001e31d3a:dd0517db"", ""git_blob"": null, ""id"": ""91609f70a7bf077d9a71b2a3744a0bbd"", ""observed_commit"": null, ""path"": ""audit_files.zip!/egs_extension_program.zip!/04_THEOREM_CANDIDATES.md"", ""source_id"": ""main_overlay""}",9,22,"### NT2-A1 — Genuine multi-multipole Fisher–Cramér–Rao floor on `F_shear`  [Provable; flagship]

**Statement.** Let `F_shear` depend on the low-ℓ CMB through the multipole powers `{C_ℓ}_{ℓ≥2}`, with response `r_ℓ = ∂ln C_ℓ/∂ln F_shear` (`r₂=1` by NT-A1; `r_{ℓ>2}>0` because the shear sources `ℓ>2` via the EGS gradient/octupole chain). For Gaussian multipoles on a fraction `f_sky` of sky, the Fisher information is `I = Σ_{ℓ≥2}(2ℓ+1)/2·f_sky·r_ℓ²`, and the Cramér–Rao bound on *any* unbiased estimator is
`σ(F_shear)/F_shear ≥ I^{−1/2} = [Σ_{ℓ≥2}(2ℓ+1)/2·f_sky·r_ℓ²]^{−1/2}`.
This is **strictly below** the single-ℓ value `√(2/(2·2+1))=√(2/5)≈0.632`, and decreases as more multipoles are included; sky cuts (`f_sky<1`) raise it.

**Why it matters (audit fix).** The report's NT-A3 labels the single-estimator sampling dispersion a ""Cramér–Rao floor / irreducible / unmeasurable below 63%"". That is not a floor over all estimators. NT2-A1 supplies the actual floor and shows it is lower — the report's ""floor"" language becomes correct only once stated as NT2-A1.

**Proof sketch.** For independent Gaussian `a_{ℓm}` with variance `C_ℓ`, `−∂²lnL/∂C_ℓ² ⇒ I(C_ℓ)=(2ℓ+1)f_sky/(2C_ℓ²)`; chain through `r_ℓ` to `F_shear` and sum the independent multipoles (Fisher additivity). The single-ℓ term recovers `√(2/5)`; any `r_{ℓ>2}>0` strictly increases `I`, lowering the floor. ∎ (MC-verified: a multipole-combining MLE achieves the floor, ratio→1.)

**Numerical support.** NT2-A1: floor 0.632→0.474→0.424 (`L=2,5,20`, `f_sky=1`); `f_sky=0.7` raises it; MC MLE ratio 0.99–1.00.

**To close.** Replace the toy response `r_ℓ` with the exact covariant ℓ=2/ℓ=3 coefficients and a real low-ℓ transfer; quote the floor with Planck `f_sky` and mask coupling.
",[],{},NOT_ESTABLISHED_FOR_THIS_PROPOSAL,NOT_EVALUATED
role-ac63913e9a4082d8,NT2-A2,NT2-A2 — Quadrupole+octupole sufficiency / EGS information saturation  [Conditional],research_proposal_candidate,후보 문서가 제시한 구체 절/명제다. 조건부·forecast·proved 등의 표기는 원문 역할/가정을 보존할 뿐 이 매핑의 증명 판정이 아니다.,"{""content_id"": ""8111df9ea26f901196aa4fac7e29c4c5dc57fc05588004161615aca001e31d3a:dd0517db"", ""git_blob"": null, ""id"": ""91609f70a7bf077d9a71b2a3744a0bbd"", ""observed_commit"": null, ""path"": ""audit_files.zip!/egs_extension_program.zip!/04_THEOREM_CANDIDATES.md"", ""source_id"": ""main_overlay""}",23,30,"### NT2-A2 — Quadrupole+octupole sufficiency / EGS information saturation  [Conditional]

**Statement.** At leading EGS order the shear sources only `ℓ=2,3` appreciably (`r_ℓ` decays for `ℓ>3`); hence `(a₂,a₃)` is an approximately sufficient statistic for `F_shear`, and the marginal Fisher information from `ℓ>3` is bounded by `Σ_{ℓ>3}(2ℓ+1)/2·f_sky·r_ℓ²`, which converges. Measuring beyond the octupole yields diminishing returns for the shear-filling.

**Proof sketch.** Sufficiency from the factorisation of the Gaussian likelihood given `(C₂,C₃)` when `r_{ℓ>3}≈0`; the bound is the Fisher tail sum, convergent for any decaying `r_ℓ`. ∎

**To close.** A dedicated experiment computing the Fisher tail with the real `r_ℓ`; quantify the `(a₂,a₃)` sufficiency gap.
",[],{},NOT_ESTABLISHED_FOR_THIS_PROPOSAL,NOT_EVALUATED
role-93d992474af4a17c,NT2-A3,NT2-A3 — Registered global exceedance bound  [Conditional → Forecast],research_proposal_candidate,후보 문서가 제시한 구체 절/명제다. 조건부·forecast·proved 등의 표기는 원문 역할/가정을 보존할 뿐 이 매핑의 증명 판정이 아니다.,"{""content_id"": ""8111df9ea26f901196aa4fac7e29c4c5dc57fc05588004161615aca001e31d3a:dd0517db"", ""git_blob"": null, ""id"": ""91609f70a7bf077d9a71b2a3744a0bbd"", ""observed_commit"": null, ""path"": ""audit_files.zip!/egs_extension_program.zip!/04_THEOREM_CANDIDATES.md"", ""source_id"": ""main_overlay""}",31,40,"### NT2-A3 — Registered global exceedance bound  [Conditional → Forecast]

**Statement.** For a frozen family of `m` low-ℓ statistics, convert each to a tail score, take the max, and form the rank Monte-Carlo p-value with the `+1` correction: `p_global=(#{sim max ≥ obs max}+1)/(N+1)`. Then `p_global ≥ max_i p_local,i` (no look-elsewhere undercount), and the registered exceedance `Π` over the family is calibrated. This makes the K1 ""not globally significant"" statement a *theorem* about the estimator, not a caveat.

**Proof sketch.** The max-scan rank statistic dominates each component rank; the `+1` correction bounds the estimator from below. ∎

**To close.** Run on the public Planck E2E ensemble (see `BLOCKER_SOLUTIONS.md`, K1).

---
",[],{},NOT_ESTABLISHED_FOR_THIS_PROPOSAL,NOT_EVALUATED
role-7656eee17e6a41ff,NT2-B1,NT2-B1 — Two-sided quadrupole+octupole shear/`F` bracket  [Conditional; flagship],research_proposal_candidate,후보 문서가 제시한 구체 절/명제다. 조건부·forecast·proved 등의 표기는 원문 역할/가정을 보존할 뿐 이 매핑의 증명 판정이 아니다.,"{""content_id"": ""8111df9ea26f901196aa4fac7e29c4c5dc57fc05588004161615aca001e31d3a:dd0517db"", ""git_blob"": null, ""id"": ""91609f70a7bf077d9a71b2a3744a0bbd"", ""observed_commit"": null, ""path"": ""audit_files.zip!/egs_extension_program.zip!/04_THEOREM_CANDIDATES.md"", ""source_id"": ""main_overlay""}",43,54,"### NT2-B1 — Two-sided quadrupole+octupole shear/`F` bracket  [Conditional; flagship]

**Statement.** Under H3 (`R_EGS=a₃/a₂≤R*`), the shear is bracketed by the observed quadrupole+octupole:
`a₂·κ/(1+R_EGS) ≤ Σ ≤ C_up·a₂`,
so `F_shear ∈ [ (a₂κ/(1+R_EGS))²/x_max , (C_up a₂)²/x_max ]`. The **lower** bound is the new, strong content: a **nonzero** CMB quadrupole **forbids a vanishing shear-filling** — an exclusion of zero at fixed `a₂`, not merely an upper limit.

**Proof sketch.** Upper: MES. Lower: the ℓ=2 relation `a₂=κΣ + (derivative correction)`; H3 bounds the derivative correction by `R_EGS·a₂`, so `Σ ≥ a₂/(κ⁻¹(1+R_EGS))`. ∎ (verified: `F_lo>0` in all rows.)

**Numerical support.** NT2-B1: e.g. `a₂=3×10⁻⁵, a₃=6×10⁻⁶ (R_EGS=0.2)` → `F_shear∈[2.45×10⁻⁶, 7.88×10⁻³]`, bounded away from zero.

**To close.** Exact MES upper constant and the covariant derivative-correction coefficient; quote the bracket with Planck `a₂,a₃`.
",[],{},NOT_ESTABLISHED_FOR_THIS_PROPOSAL,NOT_EVALUATED
role-268fdb1bddd84233,NT2-B2,NT2-B2 — GR shear-memory-sourced depth transport of `G_F`  [Conditional],research_proposal_candidate,후보 문서가 제시한 구체 절/명제다. 조건부·forecast·proved 등의 표기는 원문 역할/가정을 보존할 뿐 이 매핑의 증명 판정이 아니다.,"{""content_id"": ""8111df9ea26f901196aa4fac7e29c4c5dc57fc05588004161615aca001e31d3a:dd0517db"", ""git_blob"": null, ""id"": ""91609f70a7bf077d9a71b2a3744a0bbd"", ""observed_commit"": null, ""path"": ""audit_files.zip!/egs_extension_program.zip!/04_THEOREM_CANDIDATES.md"", ""source_id"": ""main_overlay""}",55,64,"### NT2-B2 — GR shear-memory-sourced depth transport of `G_F`  [Conditional]

**Statement.** Using PAPER-B's shear-memory law `σ̇=−3Hσ+3H²Π` (`Π` the tilt anisotropic stress), the depth gap obeys a transport equation whose source is `Π(z)`: a depth-evolving `Π(z)` produces a depth-evolving `G_F(z)`, while a steady `Π` relaxes `G_F` toward a constant (EGS-like). This upgrades NT-B3's ""a `ΔF` trend is attributable to the tilt only with a response-rank gate"" to ""the tilt anisotropic stress is the **explicit GR source** of the depth gap.""

**Proof sketch.** Integrate the shear-memory ODE with source `3H²Π(z)`; `F_shear(z)=σ(z)²/x_max`; differentiate along the line of sight. Steady `Π` → `σ→` const → flat `G_F`; growing `Π(z)` → growing `σ(z)` → depth-dependent `G_F`. ∎ (verified.)

**Numerical support.** NT2-B2: steady `Π` → `G_F` spread 0; growing `Π(z)~z` → spread 2.45.

**To close.** The real `H(z)` and a survey-matched depth binning; couple to the prior tomographic forecast.
",[],{},NOT_ESTABLISHED_FOR_THIS_PROPOSAL,NOT_EVALUATED
role-9526674fe35823d9,NT2-B3,"NT2-B3 — Vorticity joint blind-sector no-go  [Provable, grounded]",research_proposal_candidate,후보 문서가 제시한 구체 절/명제다. 조건부·forecast·proved 등의 표기는 원문 역할/가정을 보존할 뿐 이 매핑의 증명 판정이 아니다.,"{""content_id"": ""8111df9ea26f901196aa4fac7e29c4c5dc57fc05588004161615aca001e31d3a:dd0517db"", ""git_blob"": null, ""id"": ""91609f70a7bf077d9a71b2a3744a0bbd"", ""observed_commit"": null, ""path"": ""audit_files.zip!/egs_extension_program.zip!/04_THEOREM_CANDIDATES.md"", ""source_id"": ""main_overlay""}",65,74,"### NT2-B3 — Vorticity joint blind-sector no-go  [Provable, grounded]

**Statement.** The vorticity term `W²_std` in `x_C` is unconstrained by the two observational channels the program uses, *simultaneously*: (i) CMB temperature multipoles do not bound the curl/magnetic-Weyl sector at EGS order (H3/Weyl loophole), and (ii) radial peculiar-velocity data carry no vorticity, since `n^aΩ_ab n^b=0` exactly for any antisymmetric `Ω` (PAPER-A A-radial-novortex). Therefore no estimator built on CMB-temperature + radial velocities alone can constrain the comparator's vorticity term — a strong no-go on the diagnostic's reach.

**Proof sketch.** (ii) is an algebraic identity (`Ω` antisymmetric ⇒ `n·Ω·n=0`); (i) is the Weyl loophole (NUWL 1999). The union closes both channels. ∎ (verified: radial projection 3.3e-16; CMB-T sensitivity 0.)

**To close.** State which *additional* channel (tangential velocities, polarisation B-modes, or the native low-ℓ morphology) re-opens the vorticity sector.

---
",[],{},NOT_ESTABLISHED_FOR_THIS_PROPOSAL,NOT_EVALUATED
role-3fc75c9afe77083a,A37,A37 — Evidence anatomy consistency theorem,research_proposal_candidate,구판 연구계획이 신규 appendix A37로 증명 목표와 근사 합산식을 명시한다. 가정·오차의 정식화 및 후속 구현은 이 역할 판정에서 확인하지 않았다.,"{""content_id"": ""da980db92be1208852e018841c1d6929e22e538691beb32b0151ca498dc3e264:c57f56a5"", ""git_blob"": ""400e2e535416a7edb4764065207f2f1bb22ace15"", ""id"": ""f4883ca95891c6beba1f68d112166963"", ""observed_commit"": ""96e69e648f1182f4ae4f977a854066e0dc6c154f"", ""path"": ""docs/BASS_PY_HTT_TSC_MIO_RESEARCH_PLAN_v4_critical_upgraded.md"", ""source_id"": ""htt_base""}",2856,2856,| A37 | **Evidence anatomy consistency theorem** (Σ channels Δln B ≈ total ln B) | ~200 L |,[],{},NOT_ESTABLISHED_FOR_THIS_PROPOSAL,NOT_EVALUATED
role-c5a99d504477c00a,T1,T1. Signed curvature-coordinate domain theorem,research_proposal_candidate,후보 문서가 제시한 구체 절/명제다. 조건부·forecast·proved 등의 표기는 원문 역할/가정을 보존할 뿐 이 매핑의 증명 판정이 아니다.,"{""content_id"": ""ec2c68c146b714e64d967885c83bd08392d6a69f55a8cf541e3d6ef638b2f063:dd0517db"", ""git_blob"": ""e7d6647a43d4f0910cd5682d49fb0d26cbe47fdc"", ""id"": ""fc2331242ba83130a7abfa46f3a54e8e"", ""observed_commit"": ""373941f2768511cdb3612c1e5b450d4da22a486b"", ""path"": ""docs/audits/external_2026-07-09/critical_review/theorem_candidates.md"", ""source_id"": ""htt_base""}",5,14,"## T1. Signed curvature-coordinate domain theorem

**Statement.** \(\Omega_{k,{\rm aniso}}\)를 signed coordinate로 둘 때와 nonnegative magnitude로 둘 때, comparator \(x_C\), physical cone \(C_{\rm phys}\), endpoint decomposition의 필요충분 조건을 분류한다.

**Assumptions.** Registered congruence, fixed FLRW reference branch, explicit residual \(R_{\rm undeclared}\), declared curvature convention.

**Proof path.** Affine coordinate transformation과 cone image를 비교한다. signed case는 interval arithmetic, magnitude case는 non-linear absolute-value map 또는 split variables \(g_k^+,g_k^-\)로 처리한다.

**Numerical witness.** Random reference curvature를 뽑아 \(\Omega_k-\Omega_{k,ref}\)가 음수가 되는 예를 생성하고, 기존 nonnegative cone endpoint가 틀어지는 사례를 보여준다.
","[""7f92b14a20fa131efdc4443e389349a0""]","{""proof_completion_unconfirmed"": 1}",NOT_ESTABLISHED_FOR_THIS_PROPOSAL,NOT_EVALUATED
role-97ffbd65abc8a965,T2,T2. Component-cone sharpness versus GR-realizability theorem,research_proposal_candidate,후보 문서가 제시한 구체 절/명제다. 조건부·forecast·proved 등의 표기는 원문 역할/가정을 보존할 뿐 이 매핑의 증명 판정이 아니다.,"{""content_id"": ""ec2c68c146b714e64d967885c83bd08392d6a69f55a8cf541e3d6ef638b2f063:dd0517db"", ""git_blob"": ""e7d6647a43d4f0910cd5682d49fb0d26cbe47fdc"", ""id"": ""fc2331242ba83130a7abfa46f3a54e8e"", ""observed_commit"": ""373941f2768511cdb3612c1e5b450d4da22a486b"", ""path"": ""docs/audits/external_2026-07-09/critical_review/theorem_candidates.md"", ""source_id"": ""htt_base""}",15,24,"## T2. Component-cone sharpness versus GR-realizability theorem

**Statement.** P31의 sharpness는 registered convex component model에서는 성립하지만, full Einstein constraint/evolution admissible set에서는 일반적으로 더 좁아질 수 있다.

**Assumptions.** Abstract box/cone admissible set \(C_{\rm box}\), physical solution admissible set \(C_{\rm GR}\subseteq C_{\rm box}\).

**Proof path.** Linear functional image inclusion: \(c^TC_{\rm GR}\subseteq c^TC_{\rm box}\). Equality requires a realization theorem for every endpoint. 이 조건을 별도 lemma로 둔다.

**Numerical witness.** Toy coupled constraint \(g_W\le a g_\Sigma\)를 추가하면 기존 interval이 sharp하지 않음을 보인다.
","[""e9adc031681cc6b701292c4fd4cd6bf4""]","{""proof_completion_unconfirmed"": 1}",NOT_ESTABLISHED_FOR_THIS_PROPOSAL,NOT_EVALUATED
role-af7d61b9223e159d,T3,T3. Endpoint inference under active-set changes,research_proposal_candidate,후보 문서가 제시한 구체 절/명제다. 조건부·forecast·proved 등의 표기는 원문 역할/가정을 보존할 뿐 이 매핑의 증명 판정이 아니다.,"{""content_id"": ""ec2c68c146b714e64d967885c83bd08392d6a69f55a8cf541e3d6ef638b2f063:dd0517db"", ""git_blob"": ""e7d6647a43d4f0910cd5682d49fb0d26cbe47fdc"", ""id"": ""fc2331242ba83130a7abfa46f3a54e8e"", ""observed_commit"": ""373941f2768511cdb3612c1e5b450d4da22a486b"", ""path"": ""docs/audits/external_2026-07-09/critical_review/theorem_candidates.md"", ""source_id"": ""htt_base""}",25,34,"## T3. Endpoint inference under active-set changes

**Statement.** Box/cone-constrained reachable estimator의 endpoint maps가 active-set 변화 지점에서 nonsmooth일 때, Gaussian endpoint CI 대신 directional bootstrap 또는 simulation calibration이 필요하다.

**Assumptions.** Local asymptotic normality, convex compact feasible set, endpoint map Hadamard directionally differentiable.

**Proof path.** Shapiro-style directional delta method. Smooth region에서는 IM critical value, kink에서는 bootstrap consistency 조건을 제시한다.

**Numerical witness.** True endpoint가 nonnegative boundary \(g_j=0\)에 있을 때 naive Gaussian endpoint CI가 왜곡되는 MC.
",[],{},NOT_ESTABLISHED_FOR_THIS_PROPOSAL,NOT_EVALUATED
role-e72a06362c26102c,T4,T4. Joint feasible ratio interval compatibility theorem,research_proposal_candidate,후보 문서가 제시한 구체 절/명제다. 조건부·forecast·proved 등의 표기는 원문 역할/가정을 보존할 뿐 이 매핑의 증명 판정이 아니다.,"{""content_id"": ""ec2c68c146b714e64d967885c83bd08392d6a69f55a8cf541e3d6ef638b2f063:dd0517db"", ""git_blob"": ""e7d6647a43d4f0910cd5682d49fb0d26cbe47fdc"", ""id"": ""fc2331242ba83130a7abfa46f3a54e8e"", ""observed_commit"": ""373941f2768511cdb3612c1e5b450d4da22a486b"", ""path"": ""docs/audits/external_2026-07-09/critical_review/theorem_candidates.md"", ""source_id"": ""htt_base""}",35,44,"## T4. Joint feasible ratio interval compatibility theorem

**Statement.** Joint ratio interval \(\{N(s)/D(s):s\in S\}\)가 naive quotient interval과 같아지는 필요충분 조건은 numerator와 denominator의 extremizers가 common feasible point에서 호환되는 것이다. Strict inclusion은 generic하지만 unconditional은 아니다.

**Assumptions.** Compact convex \(S\), affine \(N,D\), \(D>0\) on \(S\).

**Proof path.** Naive interval은 \(S\times S\), joint interval은 diagonal \(\{(s,s)\}\). Equality iff product-space extrema intersect diagonal.

**Numerical witness.** `scripts/run_all_experiments.py`의 \(N=2+s,D=5-s\) 반례.
","[""1110b39c4126927b2022de12097d7c48"", ""ced485eab54119209d866368ea32bc19"", ""d6ae7e89194b99b3cfcc59fa7f6deb39""]","{""proof_completion_unconfirmed"": 3}",NOT_ESTABLISHED_FOR_THIS_PROPOSAL,NOT_EVALUATED
role-7b08208fb33137fa,T5,T5. Prior-mediated null-direction update theorem,research_proposal_candidate,후보 문서가 제시한 구체 절/명제다. 조건부·forecast·proved 등의 표기는 원문 역할/가정을 보존할 뿐 이 매핑의 증명 판정이 아니다.,"{""content_id"": ""ec2c68c146b714e64d967885c83bd08392d6a69f55a8cf541e3d6ef638b2f063:dd0517db"", ""git_blob"": ""e7d6647a43d4f0910cd5682d49fb0d26cbe47fdc"", ""id"": ""fc2331242ba83130a7abfa46f3a54e8e"", ""observed_commit"": ""373941f2768511cdb3612c1e5b450d4da22a486b"", ""path"": ""docs/audits/external_2026-07-09/critical_review/theorem_candidates.md"", ""source_id"": ""htt_base""}",45,54,"## T5. Prior-mediated null-direction update theorem

**Statement.** Likelihood가 null coordinate에 직접 의존하지 않으면 independent prior에서는 posterior marginal이 prior와 같고 KL=0이다. Coupled prior에서는 posterior marginal이 움직일 수 있지만, 그 update는 reachable coordinate와의 prior coupling을 통한 prior-mediated update로 분해된다.

**Assumptions.** Dominated Bayesian model, likelihood \(L(y|Rg)\), null column \(R_j=0\), prior conditional \(\pi(g_j|g_R)\).

**Proof path.** Posterior marginal \(p(g_j|y)=\int \pi(g_j|g_R)p(g_R|y)dg_R\). Independent case는 \(\pi(g_j)\). Coupled case는 likelihood update가 \(p(g_R|y)\)에만 직접 작용함을 보인다.

**Numerical witness.** Gaussian coupled prior KL 계산. 포함 코드에서 independent KL=0, coupled KL>0.
","[""341a4384df47f9bcd9dccaba595c5c85""]","{""proof_completion_unconfirmed"": 1}",NOT_ESTABLISHED_FOR_THIS_PROPOSAL,NOT_EVALUATED
role-a7860f17a42d01c5,T6,T6. Estimated-covariance e-value calibration theorem,research_proposal_candidate,후보 문서가 제시한 구체 절/명제다. 조건부·forecast·proved 등의 표기는 원문 역할/가정을 보존할 뿐 이 매핑의 증명 판정이 아니다.,"{""content_id"": ""ec2c68c146b714e64d967885c83bd08392d6a69f55a8cf541e3d6ef638b2f063:dd0517db"", ""git_blob"": ""e7d6647a43d4f0910cd5682d49fb0d26cbe47fdc"", ""id"": ""fc2331242ba83130a7abfa46f3a54e8e"", ""observed_commit"": ""373941f2768511cdb3612c1e5b450d4da22a486b"", ""path"": ""docs/audits/external_2026-07-09/critical_review/theorem_candidates.md"", ""source_id"": ""htt_base""}",55,64,"## T6. Estimated-covariance e-value calibration theorem

**Statement.** Whitening covariance가 finite simulation ensemble에서 추정될 때, Hartlap-corrected Gaussian route 또는 Sellentin–Heavens t route를 쓰지 않으면 nominal e-value/null calibration이 보수성 또는 size를 잃을 수 있다.

**Assumptions.** Wishart sample covariance, independent simulations, dimension \(m\), simulation count \(N_{sim}>m+2\).

**Proof path.** \(E[S^{-1}]=(N_{sim}-1)/(N_{sim}-m-2)C^{-1}\)에서 precision inflation을 보이고, corrected statistic의 expectation을 재계산한다.

**Numerical witness.** 포함 코드의 Hartlap experiment: \(N_{sim}=300,m=20\)에서 raw precision trace inflation \(\simeq1.076\), correction 후 \(\simeq1.001\).
","[""0ee3d1d4bbcfdfd582efc527e8468b6e""]","{""proof_completion_unconfirmed"": 1}",NOT_ESTABLISHED_FOR_THIS_PROPOSAL,NOT_EVALUATED
role-f1977e327e2d3377,T7,T7. Predeclared finite-cover scan validity theorem,research_proposal_candidate,후보 문서가 제시한 구체 절/명제다. 조건부·forecast·proved 등의 표기는 원문 역할/가정을 보존할 뿐 이 매핑의 증명 판정이 아니다.,"{""content_id"": ""ec2c68c146b714e64d967885c83bd08392d6a69f55a8cf541e3d6ef638b2f063:dd0517db"", ""git_blob"": ""e7d6647a43d4f0910cd5682d49fb0d26cbe47fdc"", ""id"": ""fc2331242ba83130a7abfa46f3a54e8e"", ""observed_commit"": ""373941f2768511cdb3612c1e5b450d4da22a486b"", ""path"": ""docs/audits/external_2026-07-09/critical_review/theorem_candidates.md"", ""source_id"": ""htt_base""}",65,74,"## T7. Predeclared finite-cover scan validity theorem

**Statement.** Threshold/cell/window weights가 data-independent로 predeclared된 finite cover에서는 convex e-value merge가 arbitrary dependence에서도 e-value를 유지한다. Data-adaptive cover/weights는 별도 correction 없이는 보장되지 않는다.

**Assumptions.** \(E_0[E_k]\le1\), deterministic or predictable weights, finite \(K\).

**Proof path.** Linearity of expectation. Adaptive nonpredictable weight에 대한 counterexample를 appendix에 둔다.

**Numerical witness.** Common-factor dependent e-values와 post-hoc max-selected e-values 비교.
","[""e0108cf4bd5d31d29a72ad93b993d082""]","{""proof_completion_unconfirmed"": 1}",NOT_ESTABLISHED_FOR_THIS_PROPOSAL,NOT_EVALUATED
role-9924acbc3185d19c,T8,T8. Response-class quotient theorem,research_proposal_candidate,후보 문서가 제시한 구체 절/명제다. 조건부·forecast·proved 등의 표기는 원문 역할/가정을 보존할 뿐 이 매핑의 증명 판정이 아니다.,"{""content_id"": ""ec2c68c146b714e64d967885c83bd08392d6a69f55a8cf541e3d6ef638b2f063:dd0517db"", ""git_blob"": ""e7d6647a43d4f0910cd5682d49fb0d26cbe47fdc"", ""id"": ""fc2331242ba83130a7abfa46f3a54e8e"", ""observed_commit"": ""373941f2768511cdb3612c1e5b450d4da22a486b"", ""path"": ""docs/audits/external_2026-07-09/critical_review/theorem_candidates.md"", ""source_id"": ""htt_base""}",75,84,"## T8. Response-class quotient theorem

**Statement.** Whitened response rows/columns의 equivalence relation으로 legacy family labels를 quotient하면 현재 관측 support에서 구별 가능한 response classes만 남는다.

**Assumptions.** Registered feature map, nuisance-projected whitened response matrix, tolerance policy.

**Proof path.** Identifiability equivalence \(\theta\sim\theta'\iff R\theta=R\theta'\). Quotient parameter space의 Fisher rank가 identifiable dimension.

**Numerical witness.** Column duplication/row duplication examples. 포함 코드에서 column duplication은 rank 증가 없음, row duplication은 noise correlation \(\rho\)에 따라 Fisher factor \(2/(1+\rho)\).
","[""1358f4893db83dd584ca541653da34b4""]","{""proof_completion_unconfirmed"": 1}",NOT_ESTABLISHED_FOR_THIS_PROPOSAL,NOT_EVALUATED
role-000c930234f68e78,T9,T9. Data-promotion gate theorem,research_proposal_candidate,후보 문서가 제시한 구체 절/명제다. 조건부·forecast·proved 등의 표기는 원문 역할/가정을 보존할 뿐 이 매핑의 증명 판정이 아니다.,"{""content_id"": ""ec2c68c146b714e64d967885c83bd08392d6a69f55a8cf541e3d6ef638b2f063:dd0517db"", ""git_blob"": ""e7d6647a43d4f0910cd5682d49fb0d26cbe47fdc"", ""id"": ""fc2331242ba83130a7abfa46f3a54e8e"", ""observed_commit"": ""373941f2768511cdb3612c1e5b450d4da22a486b"", ""path"": ""docs/audits/external_2026-07-09/critical_review/theorem_candidates.md"", ""source_id"": ""htt_base""}",85,94,"## T9. Data-promotion gate theorem

**Statement.** A diagnostic figure can be promoted to calibrated inference iff it has a registered observable vector, selection/window model, covariance/null ensemble, transfer response, predeclared statistic, and reproducible generator manifest.

**Assumptions.** Gate schema with monotone promotion rule.

**Proof path.** 이건 수학 정리보다는 software-contract theorem에 가깝다. Promotion predicate를 Boolean lattice로 정의하고, missing gate가 있으면 posterior/evidence claim이 type error임을 보인다.

**Numerical witness.** 현재 package sidecar 24개 모두 failed gates 때문에 diagnostic_only로 머무는 감사 스크립트.
","[""0c0b6ffe972580ee5f485725472d5a92""]","{""proof_completion_unconfirmed"": 1}",NOT_ESTABLISHED_FOR_THIS_PROPOSAL,NOT_EVALUATED
role-c76ec0bf89c0db3d,T10,T10. Transverse/spin-2 vorticity reopening theorem,research_proposal_candidate,후보 문서가 제시한 구체 절/명제다. 조건부·forecast·proved 등의 표기는 원문 역할/가정을 보존할 뿐 이 매핑의 증명 판정이 아니다.,"{""content_id"": ""ec2c68c146b714e64d967885c83bd08392d6a69f55a8cf541e3d6ef638b2f063:dd0517db"", ""git_blob"": ""e7d6647a43d4f0910cd5682d49fb0d26cbe47fdc"", ""id"": ""fc2331242ba83130a7abfa46f3a54e8e"", ""observed_commit"": ""373941f2768511cdb3612c1e5b450d4da22a486b"", ""path"": ""docs/audits/external_2026-07-09/critical_review/theorem_candidates.md"", ""source_id"": ""htt_base""}",95,103,"## T10. Transverse/spin-2 vorticity reopening theorem

**Statement.** radial dyad response는 antisymmetric vorticity를 annihilate하지만, transverse screen/tensor 또는 spin-2 response basis가 충분한 rank 조건을 만족하면 vorticity-related sector가 row-space로 들어올 수 있다.

**Assumptions.** Screen basis completeness, noise whitening, nuisance projection, nonzero curl-sensitive template columns.

**Proof path.** Representation decomposition: radial scalar channel은 antisymmetric sector에 zero projection, transverse/spin-2 basis는 nonzero projection 가능. Rank condition을 necessary/sufficient로 제시.

**Numerical witness.** Toy response matrix rank 2에서 transverse/spin-2 rows 추가 시 rank 4가 되는 실험.","[""782fbb8751f5ee9e5980e58a34793da7""]","{""proof_completion_unconfirmed"": 1}",NOT_ESTABLISHED_FOR_THIS_PROPOSAL,NOT_EVALUATED
role-865dd5e8e067db8e,T1,T1. 부호 있는 널-박스에 대한 식별구간 (P26의 양측 일반화),research_proposal_candidate,후보 문서가 제시한 구체 절/명제다. 조건부·forecast·proved 등의 표기는 원문 역할/가정을 보존할 뿐 이 매핑의 증명 판정이 아니다.,"{""content_id"": ""70d95410bce7756cff0ae09ecb6c8b12122abf40b0ca2d2da0e3dd4dce23ac78:dd0517db"", ""git_blob"": ""57cadc66d14e7a1ad4bf7910fd7d039d002866c7"", ""id"": ""e91b07f2be2abc11952f67f5683a10eb"", ""observed_commit"": ""373941f2768511cdb3612c1e5b450d4da22a486b"", ""path"": ""docs/audits/external_2026-07-09/referee_fortification/03_theorem_candidates_ko.md"", ""source_id"": ""htt_base""}",7,31,"## T1. 부호 있는 널-박스에 대한 식별구간 (P26의 양측 일반화)

**진술.**
```latex
\begin{theorem}[Signed-box partial-identification interval]
Let ${\cal G}(y)$ be the feasible set of \S3.3 with null columns of $R$,
${\cal C}_{\rm phys}=\{\bm g:\ g_\Sigma,g_W,g_t\ge0\}\times\R_{(k)}$, and
signed ceiling boxes $g_j\in[L_j,U_j]$ ($L_j\le0\le U_j$ allowed) on the
null components.  If ${\cal G}(y)\ne\emptyset$, the image
$\{c^T\bm g\}$ is the closed interval with endpoints
\[
x_C^\pm=\Bigl(\hbox{extremes of }c_R^T\bm g_R\Bigr)
+\sum_{j\in{\rm null}}
{\textstyle\bigl[\min(c_jL_j,c_jU_j),\ \max(c_jL_j,c_jU_j)\bigr]}^{\mp},
\]
and the one-sided case $L_j=0$ recovers P26.  In particular a two-sided
curvature box $|\Omega_{k,\rm aniso}|\le U_k$ moves the LOWER endpoint by
$-U_k$ relative to the one-sided declaration.
\end{theorem}
```
**증명 스케치.** P26과 동일: 볼록성 + 선형 함수 상 구간; 널 방향 인수분해; 박스 끝점에서의 극값은 \(c_j\) 부호에 따라 \(c_jL_j\) 또는 \(c_jU_j\). 새 내용은 부호 있는 박스의 min/max 정리(one-liner)뿐이므로 완결 증명 난이도는 낮다.
**난이도**: 하. **역할**: F1(치명 결함)의 수리 그 자체. **검증 훅**: exp02 (하한 0.11→0.09, 끝점 attainment 확인 완료).

---
",[],{},NOT_ESTABLISHED_FOR_THIS_PROPOSAL,NOT_EVALUATED
role-ba74640447b01832,T2,T2. Joint-대-naive 구간의 엄격성 판별 정리 (P36 교정),research_proposal_candidate,후보 문서가 제시한 구체 절/명제다. 조건부·forecast·proved 등의 표기는 원문 역할/가정을 보존할 뿐 이 매핑의 증명 판정이 아니다.,"{""content_id"": ""70d95410bce7756cff0ae09ecb6c8b12122abf40b0ca2d2da0e3dd4dce23ac78:dd0517db"", ""git_blob"": ""57cadc66d14e7a1ad4bf7910fd7d039d002866c7"", ""id"": ""e91b07f2be2abc11952f67f5683a10eb"", ""observed_commit"": ""373941f2768511cdb3612c1e5b450d4da22a486b"", ""path"": ""docs/audits/external_2026-07-09/referee_fortification/03_theorem_candidates_ko.md"", ""source_id"": ""htt_base""}",32,51,"## T2. Joint-대-naive 구간의 엄격성 판별 정리 (P36 교정)

**진술.**
```latex
\begin{theorem}[Strictness criterion for the joint depth-gap interval]
In the setting of P36 with box ${\cal S}=\prod_j[s_j^-,s_j^+]$ and $D>0$
on the feasible set, the joint and naive upper endpoints coincide iff the
set $\arg\max_{s}\,c_N\!\cdot\!s\ \cap\ \arg\min_{s}\,c_D\!\cdot\!s$ is
nonempty, which for a box holds iff $c_{N,j}\,c_{D,j}\le0$ for every $j$
with a nondegenerate interval (aligned regime).  Hence the inclusion of
P36 is strict at the upper endpoint iff some shared component competes,
$c_{N,j}c_{D,j}>0$ with $s_j^-<s_j^+$; the lower endpoint is analogous
with $\arg\min c_N\cdot s\cap\arg\max c_D\cdot s$.
\end{theorem}
```
**증명 스케치.** (⇐ 일치) 정렬 레짐이면 성분별로 \(c_{N,j}>0 \Rightarrow c_{D,j}\le 0\)이므로 \(s_j=s_j^+\)가 분자 최대·분모 최소를 동시에 달성(반대 부호도 대칭). 공통 최적점 \(s^\*\)에서 naive 상한 = joint 상한. (⇒ 엄격) 경쟁 성분 \(j\)가 있으면 naive는 분자에 \(s_j^+\), 분모에 \(s_j^-\)를 따로 쓰지만 joint는 하나의 \(s_j\)만 허용; 분수의 단조성으로 상한이 진성으로 작아짐. 박스 구조 덕에 argmax/argmin이 성분별로 분리된다는 사실만 쓰면 된다.
**난이도**: 하. **역할**: M1 수리; DER 등급 항목의 신뢰 회복. **검증 훅**: exp04 (정렬 레짐 등식 재현, 교정 기준 예측 일치 93/94 — 나머지 1건은 수치 허용오차 경계 사례).

---
","[""9b8b1af9bb69e8169952709951fcf29a""]","{""proof_completion_unconfirmed"": 1}",NOT_ESTABLISHED_FOR_THIS_PROPOSAL,NOT_EVALUATED
role-4c327ea816d036a1,T3,T3. 박스 극점의 제약-적합성 (P31 승격용 보조정리),research_proposal_candidate,후보 문서가 제시한 구체 절/명제다. 조건부·forecast·proved 등의 표기는 원문 역할/가정을 보존할 뿐 이 매핑의 증명 판정이 아니다.,"{""content_id"": ""70d95410bce7756cff0ae09ecb6c8b12122abf40b0ca2d2da0e3dd4dce23ac78:dd0517db"", ""git_blob"": ""57cadc66d14e7a1ad4bf7910fd7d039d002866c7"", ""id"": ""e91b07f2be2abc11952f67f5683a10eb"", ""observed_commit"": ""373941f2768511cdb3612c1e5b450d4da22a486b"", ""path"": ""docs/audits/external_2026-07-09/referee_fortification/03_theorem_candidates_ko.md"", ""source_id"": ""htt_base""}",52,72,"## T3. 박스 극점의 제약-적합성 (P31 승격용 보조정리)

**진술.**
```latex
\begin{lemma}[Constraint compatibility of ceiling-box extremes]
Fix reachable values $(\Sigma^2,\Omega_t)$ with $w>-1$ and any null-box
values $(W^2,\Omega_k)$ with $x_C\le x_{\max}<1$.  Then there exists a
1+3 initial-data set (an LRS tilted-fluid configuration plus, if needed,
an antipodal kinetic stream pair) satisfying BOTH the Gauss constraint
\eqref{eq:parent} and the momentum constraint, with $\mu\ge0$,
$\Omega_\Lambda$ free of sign, and the weak energy condition on the
matter sector, whose normalized invariants realize the four prescribed
values.  Consequently the interval of T1 is sharp as a statement about
physically admissible configurations, not merely about the convex program.
\end{lemma}
```
**증명 스케치.** (1) Gauss: \(\Omega_m+\Omega_\Lambda=1-x_C>0\)로 예산 마감 — \(\Omega_m\ge0\) 선택 후 \(\Omega_\Lambda\) 부호 자유. (2) 운동량: LRS Bianchi V형 구성에서 \(2A\Sigma_+=(1+w)\Omega_m\beta\) (P5의 제약)가 shear–tilt 균형을 명시적으로 제공 — 임의의 \((\Sigma^2,\Omega_t,\Omega_k>0)\) 조합은 \((A,\beta,\Omega_m)\) 조절로 도달, \(\Omega_k<0\)쪽은 Kantowski–Sachs/Bianchi IX형 LRS 구성으로 동일 절차. (3) vorticity: LRS 회전 계열(예: tilted LRS class III) 또는 국소 kinetic 구성으로 \(W^2\) 주입 후, 유도되는 \(q_a\), \(\Pi_{ab}\)를 P11 스트림으로 흡수. (4) 에너지 조건은 작은-예산 영역(\(x_{\max}\ll1\))에서 열린 조건으로 성립. 주의: (3)이 실제 부담이며, 회전+틸트 LRS 제약대수의 명시적 해(Hewitt–Wainwright 계열)에 기대는 것이 최단 경로다. 완전 일반 증명이 무거우면 ""각 극점의 실현 가능 분기 목록""으로 약화해도 P31 승격에는 충분하다.
**난이도**: 중~상 (프로그램 내 최대 가치). **역할**: M2 해소 — sharpness를 물리 명제로 승격. **검증 훅**: 신규 sympy seal 1개(제약 양변 대입 검증) 권장; P5 seal(exp12)이 부분 원형.

---
","[""ba1c07e1a8611bf59b26c7cc5cacf907""]","{""proof_completion_unconfirmed"": 1}",NOT_ESTABLISHED_FOR_THIS_PROPOSAL,NOT_EVALUATED
role-a9299e33f4ebb50f,T4,T4. 추정 공분산 하 두-단계 커버리지 (P35의 유한-\(N_{\rm sim}\) 판),research_proposal_candidate,후보 문서가 제시한 구체 절/명제다. 조건부·forecast·proved 등의 표기는 원문 역할/가정을 보존할 뿐 이 매핑의 증명 판정이 아니다.,"{""content_id"": ""70d95410bce7756cff0ae09ecb6c8b12122abf40b0ca2d2da0e3dd4dce23ac78:dd0517db"", ""git_blob"": ""57cadc66d14e7a1ad4bf7910fd7d039d002866c7"", ""id"": ""e91b07f2be2abc11952f67f5683a10eb"", ""observed_commit"": ""373941f2768511cdb3612c1e5b450d4da22a486b"", ""path"": ""docs/audits/external_2026-07-09/referee_fortification/03_theorem_candidates_ko.md"", ""source_id"": ""htt_base""}",73,97,"## T4. 추정 공분산 하 두-단계 커버리지 (P35의 유한-\(N_{\rm sim}\) 판)

**진술.**
```latex
\begin{theorem}[Two-stage coverage with simulation-estimated covariance]
Let $\widehat C_y$ be a Wishart covariance estimate from $N_{\rm sim}$
independent Gaussian simulations, $N_{\rm sim}>m+3$.  Replace the stage-1
and stage-2 thresholds by the Hotelling-type quantiles
\[
\tau_1'=\frac{(m-r)\,(N_{\rm sim}-1)}{N_{\rm sim}-(m-r)}\,
F_{m-r,\ N_{\rm sim}-(m-r),\ 1-\alpha_1},\qquad
\tau_2'\ \hbox{analogously with }r .
\]
Then statement (i) of P35 holds exactly at finite $N_{\rm sim}$; the
$\chi^2$ thresholds are recovered as $N_{\rm sim}\to\infty$; and the
uncorrected procedure has stage-1 size
$\alpha_1'=1-F_{m-r,N_{\rm sim}-(m-r)}\!\bigl(\tfrac{N_{\rm sim}-(m-r)}{(m-r)(N_{\rm sim}-1)}\chi^2_{m-r,1-\alpha_1}\bigr)>\alpha_1$,
quantifying the refutation-inflation of an uncorrected EMPTY verdict.
\end{theorem}
```
**증명 스케치.** 잔차 부분공간으로의 직교 사영 후 표준 Hotelling \(T^2\) 분포론: \(x^T\widehat C^{-1}x\)의 사영 성분은 \(T^2_{k,N-1} = \frac{k(N-1)}{N-k}F_{k,N-k}\). 사영들의 독립성(가우스 직교 사영)은 known-covariance 경우와 동일하게 성립하되, \(\widehat C\) 공유로 stage 1/2의 임계값 결합이 필요하면 Bonferroni로 처리(그대로 P35의 (i) 구조). IM 끝점 부분은 \(\widehat\sigma^\pm\)의 일치성만 요구하므로 asymptotic 문장은 유지.
**난이도**: 중 (표준 다변량 분포론). **역할**: M3 해소; K1 lane의 등록요건을 §3.4 본문 정리로 승격. **검증 훅**: exp11 (미보정 크기 0.072 재현; F-임계값 MC는 동일 코드 1줄 교체).

---
",[],{},NOT_ESTABLISHED_FOR_THIS_PROPOSAL,NOT_EVALUATED
role-9ab025238e4af52e,T5,T5. 결정론적 폭 레짐에서 IM 구간의 정확(비점근) 커버리지,research_proposal_candidate,후보 문서가 제시한 구체 절/명제다. 조건부·forecast·proved 등의 표기는 원문 역할/가정을 보존할 뿐 이 매핑의 증명 판정이 아니다.,"{""content_id"": ""70d95410bce7756cff0ae09ecb6c8b12122abf40b0ca2d2da0e3dd4dce23ac78:dd0517db"", ""git_blob"": ""57cadc66d14e7a1ad4bf7910fd7d039d002866c7"", ""id"": ""e91b07f2be2abc11952f67f5683a10eb"", ""observed_commit"": ""373941f2768511cdb3612c1e5b450d4da22a486b"", ""path"": ""docs/audits/external_2026-07-09/referee_fortification/03_theorem_candidates_ko.md"", ""source_id"": ""htt_base""}",98,117,"## T5. 결정론적 폭 레짐에서 IM 구간의 정확(비점근) 커버리지

**진술.**
```latex
\begin{proposition}[Exact finite-sample IM coverage under deterministic width]
In the registered regime where both endpoint estimators share one
Gaussian reachable noise, $\widehat x^\pm = x^\pm + \varepsilon$,
$\varepsilon\sim{\cal N}(0,\sigma^2)$ with $\sigma$ known and
$\Delta=x^+-x^-$ DETERMINISTIC, the Imbens--Manski interval
$[\widehat x^--C_N\sigma,\ \widehat x^++C_N\sigma]$ has EXACT coverage
$\ge1-\alpha$ for every $\theta\in[x^-,x^+]$, with equality at the
endpoints; no asymptotics and no Stoye-type uniformity condition are
needed.
\end{proposition}
```
**증명 스케치.** 끝점 \(\theta=x^-\)에서 커버리지 = \(\Prob(-C_N\sigma\le\varepsilon\le C_N\sigma+\Delta)=\Phi(C_N+\Delta/\sigma)-\Phi(-C_N)=1-\alpha\) (IM 방정식 그 자체). 내부점은 단조성으로 \(\ge\). \(\Delta\) 추정 불확실성이 0이므로 Stoye 조건은 공허하게 성립. 이 관찰은 보고서가 이미 산문으로 언급한 것(""the exact regime"")의 정식화이며, 비용 없이 P35를 강화한다.
**난이도**: 하. **역할**: P35(iii)의 점근 문구를 정확 문장으로 승격 — 심사자 관점에서 가장 값싼 강화. **검증 훅**: exp03 (커버리지 0.9465 ≈ 0.95, Δ→0에서 0.953).

---
","[""1911738ef1f06aa31300d2a941bc54f5""]","{""proof_completion_unconfirmed"": 1}",NOT_ESTABLISHED_FOR_THIS_PROPOSAL,NOT_EVALUATED
role-4c6fd5b5b84d7f36,T6,T6. 횡속도 채널의 vorticity Fisher 하한 (P22의 정량판),research_proposal_candidate,후보 문서가 제시한 구체 절/명제다. 조건부·forecast·proved 등의 표기는 원문 역할/가정을 보존할 뿐 이 매핑의 증명 판정이 아니다.,"{""content_id"": ""70d95410bce7756cff0ae09ecb6c8b12122abf40b0ca2d2da0e3dd4dce23ac78:dd0517db"", ""git_blob"": ""57cadc66d14e7a1ad4bf7910fd7d039d002866c7"", ""id"": ""e91b07f2be2abc11952f67f5683a10eb"", ""observed_commit"": ""373941f2768511cdb3612c1e5b450d4da22a486b"", ""path"": ""docs/audits/external_2026-07-09/referee_fortification/03_theorem_candidates_ko.md"", ""source_id"": ""htt_base""}",118,141,"## T6. 횡속도 채널의 vorticity Fisher 하한 (P22의 정량판)

**진술.**
```latex
\begin{proposition}[Quantitative reopening of the vorticity sector]
Let the observable set add a transverse-velocity template
$t_a = P_{ab}\,\omega^{bc} n_c$ (screen projector $P_{ab}$) with white
noise level $\sigma_t$ over $N_{\rm src}$ sources of mean depth $\chi$.
Then the Fisher information for $W^2$ satisfies
\[
{\cal I}(W^2)\ \ge\ \frac{N_{\rm src}}{4\,\sigma_t^2}\,
\frac{(3H^2)\,\overline{\chi^2}\,\xi_{\rm geom}}{W^2},
\qquad \xi_{\rm geom}=\E\bigl[\|P\,\hat\omega\times n\|^2\bigr]>0
\]
for isotropic source distributions, with $\xi_{\rm geom}=2/3$ in the
full-sky limit.  Hence the structural null of P9 is broken at a
computable rate, not merely qualitatively.
\end{proposition}
```
**증명 스케치.** 횡속도 응답 \(v_\perp = \omega\times r\)의 스크린 사영 놈 기대값 계산(구면 평균 → \(2/3\)); 가우스 잡음 하 진폭 파라미터의 Fisher는 응답 제곱합/σ²; \(W^2 = \omega^2/(3H^2)\)로 변수 변환 시 야코비안 \(1/(2\sqrt{W^2}\cdot)\)에서 \(1/W^2\) 인자. full-sky 극한 상수는 exp07류 MC로 검증 가능.
**난이도**: 하~중. **역할**: P22를 ""재개방 가능""에서 ""얼마나 빨리 재개방되는가""로 승격 — K6 lane의 요구 데이터 양 산정 근거. **검증 훅**: 소형 MC 추가 (스크립트 1개, exp07 확장).

---
","[""c49e416df1615b068d67b7daf0acbb6c""]","{""proof_completion_unconfirmed"": 1}",NOT_ESTABLISHED_FOR_THIS_PROPOSAL,NOT_EVALUATED
role-db9982d7d61a57c0,T8,T8. 사양검정의 검정력 단조성과 일치성 (E3의 정리판),research_proposal_candidate,후보 문서가 제시한 구체 절/명제다. 조건부·forecast·proved 등의 표기는 원문 역할/가정을 보존할 뿐 이 매핑의 증명 판정이 아니다.,"{""content_id"": ""70d95410bce7756cff0ae09ecb6c8b12122abf40b0ca2d2da0e3dd4dce23ac78:dd0517db"", ""git_blob"": ""57cadc66d14e7a1ad4bf7910fd7d039d002866c7"", ""id"": ""e91b07f2be2abc11952f67f5683a10eb"", ""observed_commit"": ""373941f2768511cdb3612c1e5b450d4da22a486b"", ""path"": ""docs/audits/external_2026-07-09/referee_fortification/03_theorem_candidates_ko.md"", ""source_id"": ""htt_base""}",150,169,"## T8. 사양검정의 검정력 단조성과 일치성 (E3의 정리판)

**진술.**
```latex
\begin{proposition}[Monotone power of the stage-1 refutation test]
Under Gaussian noise the stage-1 statistic is noncentral
$\chi^2_{m-r}(\lambda)$ with $\lambda=\|P_\perp\mu_{\rm mis}\|^2$.  Its
rejection probability at any fixed threshold is strictly increasing in
$\lambda$ (MLR property of the noncentral $\chi^2$ family), equals
$\alpha_1$ at $\lambda=0$, and tends to $1$ as $\lambda\to\infty$.
Hence EMPTY-as-refutability is a consistent test against any
misspecification with a residual-space component, and is BLIND to
misspecification inside the reachable column space.
\end{proposition}
```
**증명 스케치.** 비중심 χ² 족의 단조우도비 성질(표준); \(\lambda\)의 정의에서 도달-공간 성분은 사영으로 소거 — 마지막 문장이 과학적으로 중요한 부분(반증력의 사각지대 명시).
**난이도**: 하. **역할**: E3 곡선을 정리로 승격 + ""reachable-space 오설정은 EMPTY로 잡히지 않는다""는 한계의 정직한 명문화. **검증 훅**: exp03 검정력 곡선 (0.0518 → 1.000).

---
","[""bac9939dbd03f68b01e78b8609ef6a60""]","{""proof_completion_unconfirmed"": 1}",NOT_ESTABLISHED_FOR_THIS_PROPOSAL,NOT_EVALUATED
role-8ed3bd0914680891,T9,T9. 다성분 틸트 예산의 정확 분해 (m1의 정리판),research_proposal_candidate,후보 문서가 제시한 구체 절/명제다. 조건부·forecast·proved 등의 표기는 원문 역할/가정을 보존할 뿐 이 매핑의 증명 판정이 아니다.,"{""content_id"": ""70d95410bce7756cff0ae09ecb6c8b12122abf40b0ca2d2da0e3dd4dce23ac78:dd0517db"", ""git_blob"": ""57cadc66d14e7a1ad4bf7910fd7d039d002866c7"", ""id"": ""e91b07f2be2abc11952f67f5683a10eb"", ""observed_commit"": ""373941f2768511cdb3612c1e5b450d4da22a486b"", ""path"": ""docs/audits/external_2026-07-09/referee_fortification/03_theorem_candidates_ko.md"", ""source_id"": ""htt_base""}",170,191,"## T9. 다성분 틸트 예산의 정확 분해 (m1의 정리판)

**진술.**
```latex
\begin{proposition}[Exact multi-component tilt budget]
For $K$ non-interacting perfect-fluid components with equations of state
$w_i$ and rapidities $\beta_i$ relative to the normal frame,
\[
1=\sum_i\Omega_i+\Omega_\Lambda+\Omega_k+\Omt^{\rm tot}+\Sig-\Wsq,
\qquad
\Omt^{\rm tot}=\sum_i(1+w_i)\,\Omega_i\sinh^2\beta_i ,
\]
EXACTLY in every $\beta_i$; the boost-induced energy fluxes and
anisotropic stresses enter only the momentum constraint and the
evolution equations, not the Gauss budget.
\end{proposition}
```
**증명 스케치.** 성분별 \(T^{(i)}_{ab}n^an^b=\mu_i+(\mu_i+p_i)\sinh^2\beta_i\)의 합산(정확식, exp01의 단일 성분 계산과 동일); Gauss 제약은 총 \(T_{ab}n^an^b\)만 본다는 사실로 마감. CMB-물질 상대 틸트가 있는 시대(예: 재결합 전후)로 comparator를 확장할 때 필요한 정확한 형태.
**난이도**: 하. **역할**: m1 수리 + \(\Omega_{\rm tilt}\) 정의의 다성분 일반화 — Paper A의 완결성 요건. **검증 훅**: exp01 확장 1줄 (성분 합 잔차 0).

---
","[""e64050de0e5aa951b0508544f36f126e""]","{""proof_completion_unconfirmed"": 1}",NOT_ESTABLISHED_FOR_THIS_PROPOSAL,NOT_EVALUATED
role-3c4443150307ed93,T1′,§1. T1′ — 부호 있는 널-박스 식별구간 (P26의 일반화; F1의 반전),research_proposal_candidate,강화안에서 기존 결과를 더 강한 진술로 대체할 구체적인 정리·잔여 증명 목표를 제시한다. 원문의 완전 증명 표기는 별도 대조 대상이다.,"{""content_id"": ""4bacfb0d7d0edf22e53526c3b31181a8de41e1cd97b2dc4ffd98e8f267b72571:d283db23"", ""git_blob"": ""9c403f04bf21dae895c4662c543bd433b2590250"", ""id"": ""979fb5f2922936b3207eb04b057726c5"", ""observed_commit"": ""373941f2768511cdb3612c1e5b450d4da22a486b"", ""path"": ""docs/audits/external_2026-07-09/referee_fortification/06_strengthened_theorems_ko.md"", ""source_id"": ""htt_base""}",7,29,"## §1. T1′ — 부호 있는 널-박스 식별구간 (P26의 일반화; F1의 반전)

**정리 T1′.** \(\mathcal{G}(y)\)를 §3.3의 feasible set이라 하자. 단, (i) \(R\)의 널 성분은 0-컬럼, (ii) \(\mathcal{C}_{\rm phys} = \{g_\Sigma, g_W, g_t \ge 0\} \times \mathbb{R}_{(k)}\), (iii) 각 널 성분 \(j\)는 선언된 부호 박스 \(g_j \in [L_j, U_j]\), \(L_j \le U_j\) (단측 선언은 \(L_j = 0\))를 갖는다. \(\mathcal{G}(y) \neq \emptyset\)이면 상 \(\{c^T \bm g : \bm g \in \mathcal{G}(y)\}\)는 닫힌구간 \([x_C^-, x_C^+]\)이고,

\[
x_C^{\pm} = \Bigl(\text{도달 타원체} \cap \text{콘 위 } c_R^T \bm g_R \text{의 극값}\Bigr) + \sum_{j \in \rm null} \bigl[\min(c_j L_j,\, c_j U_j),\ \max(c_j L_j,\, c_j U_j)\bigr]^{\mp}
\]

(윗첨자 \(\mp\): 하한에는 min-합, 상한에는 max-합). \(L_j = 0\)이면 P26으로 환원된다.

**증명.** (a) *구간성·닫힘*: \(\mathcal{G}(y)\)는 타원체 원기둥 ∩ 콘 ∩ 박스의 교집합으로 볼록·닫힘이고, 도달 슬라이스는 유계(타원체가 도달 좌표에서 유계), 널 박스는 콤팩트이므로 \(\mathcal{G}(y)\)는 콤팩트 볼록. 선형 함수의 콤팩트 볼록집합 상은 닫힌구간이다. (b) *분해*: 널 컬럼이 0이므로 데이터 misfit은 널 좌표에 의존하지 않고, 콘·박스 제약은 좌표 분리형이다. 따라서 \(\mathcal{G}(y) = \mathcal{G}_R(y) \times \prod_j [L_j, U_j]\)로 인수분해되고, \(\sup(A+B) = \sup A + \sup B\), \(\inf(A+B) = \inf A + \inf B\) (독립 좌표의 선형 결합)에 의해 극값이 성분별 합으로 분해된다. (c) *널 성분 극값*: 구간 \([L_j, U_j]\) 위에서 \(c_j g_j\)의 최소·최대는 \(\min(c_j L_j, c_j U_j)\), \(\max(c_j L_j, c_j U_j)\) — 이는 \(c_j\)와 \(L_j\)의 부호에 관계없이 성립한다. ∎

**따름정리 DL1 (분기-단조성).** 선언 박스 \([L_j, U_j] \subseteq [L_j', U_j']\)이면 \([x_C^-, x_C^+] \subseteq [x_C^{-\prime}, x_C^{+\prime}]\). 특히 open-branch(\(L_k = 0\)) 구간은 all-branch(\(L_k = -U_k\)) 구간에 포함되고, 하한 차는 정확히 \(|c_k| U_k\)이다.

**증명.** 박스 확대는 feasible set의 확대이므로 상의 확대. 하한 차는 T1′ 공식에서 \(\min(c_k L_k, c_k U_k)\)의 차로 즉시 계산된다. ∎

**따름정리 DL2 (분기-민감도 카드의 정당성).** 선언 분기가 서로 다른 두 구간은 모두 각자의 선언 하에서 sharp하므로, 두 구간을 병기하는 것(카드)은 보수화가 아니라 **선언의 가격을 정확히 인쇄하는 것**이다.

**[반전]** F1(""비음수 가정이 닫힌형 곡률을 무언 배제"")은 이제 이렇게 읽힌다: v6의 \([0.11, 0.17]\)은 open-branch 선언(\(L_k=0\))의 sharp 구간으로 **참**이고, all-branch 선언의 sharp 구간 \([0.09, 0.17]\)이 **추가**되었으며, 두 값의 차이는 DL1이 예측하는 정확한 양(\(U_k = 0.02\))이다. 적용 범위는 늘었고 철회된 것은 없다.
**[검증]** FORT01 자가시험: open \([0.1100, 0.1700]\), all \([0.0900, 0.1700]\), DL1 단조성 True, 상태대수 4분기(FEASIBLE/EMPTY/UNBOUNDED/CEILING_UNFIT) 전부 실행.

---
",[],{},NOT_ESTABLISHED_FOR_THIS_PROPOSAL,NOT_EVALUATED
role-1df684ccd0112e30,T2′,§2. T2′ — joint-대-naive 구간의 엄격성 판별 (P36의 강화; M1의 반전),research_proposal_candidate,강화안에서 기존 결과를 더 강한 진술로 대체할 구체적인 정리·잔여 증명 목표를 제시한다. 원문의 완전 증명 표기는 별도 대조 대상이다.,"{""content_id"": ""4bacfb0d7d0edf22e53526c3b31181a8de41e1cd97b2dc4ffd98e8f267b72571:d283db23"", ""git_blob"": ""9c403f04bf21dae895c4662c543bd433b2590250"", ""id"": ""979fb5f2922936b3207eb04b057726c5"", ""observed_commit"": ""373941f2768511cdb3612c1e5b450d4da22a486b"", ""path"": ""docs/audits/external_2026-07-09/referee_fortification/06_strengthened_theorems_ko.md"", ""source_id"": ""htt_base""}",30,44,"## §2. T2′ — joint-대-naive 구간의 엄격성 판별 (P36의 강화; M1의 반전)

**정리 T2′.** P36의 세팅(공유 널 성분 \(s \in \mathcal{S} = \prod_j [s_j^-, s_j^+]\), \(N(s) = n + c_N \cdot s\), \(D(s) = d + c_D \cdot s > 0\), \(n \in [n^-, n^+]\), \(d \in [d^-, d^+]\))에서:

(i) **포함**: joint 구간 ⊆ naive 구간 (항상).
(ii) **상한 등식 판별**: joint 상한 = naive 상한 \(\iff \arg\max_{s \in \mathcal{S}} c_N \cdot s \,\cap\, \arg\min_{s \in \mathcal{S}} c_D \cdot s \neq \emptyset\). 박스에서 이는 \(\forall j\) (비퇴화 구간): \(c_{N,j} c_{D,j} \le 0\)과 동치다.
(iii) **엄격성**: 따라서 상한에서 포함이 엄격 \(\iff \exists j:\ c_{N,j} c_{D,j} > 0\)이고 \(s_j^- < s_j^+\). 하한은 \(\arg\min c_N \cdot s \cap \arg\max c_D \cdot s\)로 대칭.

**증명.** (i) naive는 \((s_N, s_D) \in \mathcal{S} \times \mathcal{S}\) 위의 최적화, joint는 대각 \(\{(s,s)\}\) 위의 최적화 — 부분집합 위의 sup는 크지 않다. (ii, ⇐) 교집합에 \(s^\* \)가 있으면 naive 상한 \(= \frac{n^+ + c_N \cdot s^\*}{d^- + c_D \cdot s^\*}\)이 대각 원소 \((s^\*, s^\*)\)에서 달성되므로 joint 상한과 일치. (ii, ⇒) 박스에서 \(\arg\max c_N \cdot s\)는 \(\{s_j = s_j^+ \text{ if } c_{N,j} > 0;\ s_j^- \text{ if } c_{N,j} < 0;\ \text{임의 if } c_{N,j} = 0\}\)의 곱집합이고 \(\arg\min c_D \cdot s\)도 마찬가지. 두 곱집합의 교집합이 공집합 \(\iff\) 어떤 \(j\)에서 요구 꼭짓점이 상반 \(\iff c_{N,j} c_{D,j} > 0\) (비퇴화 \(j\)). 교집합이 공집합인 경우, naive 상한을 주는 어떤 \((s_N, s_D)\)도 \(s_N \neq s_D\)이며, 고정 \(s\)에 대해 \(\frac{n^+ + c_N \cdot s}{d^- + c_D \cdot s}\)는 경쟁 성분 \(j\)에서 \(s_j\)를 어느 쪽으로 움직여도 분자·분모가 같은 방향으로 움직여 진성 손실이 생긴다: 구체적으로 \(f(s) = \frac{a + c_N \cdot s}{b + c_D \cdot s}\)의 \(s_j\)-도함수는 \(\frac{c_{N,j}(b + c_D \cdot s) - c_{D,j}(a + c_N \cdot s)}{(b + c_D \cdot s)^2}\)로, naive가 요구하는 두 극값을 동시에 만족하는 \(s_j\)가 없으므로 \(\max_s f < \) naive 상한 (엄격). (iii)은 (ii)의 대우. ∎

**[반전]** M1의 반례(정렬 레짐 등식)는 이제 정리의 한 분기다. v6의 충분조건적 진술(""항상 엄격"")은 필요충분 판별로 대체되어 **원문보다 강한** 정리가 되었고, ""joint 구성은 결코 naive보다 나쁘지 않으며 언제 정확히 이기는지 안다""는 완결적 주장으로 승격되었다.
**[검증]** FORT02: 유리수 정확 산술(허용오차 0) 371/371 판별 일치; 엄격 260건, 등식 111건; v6 문구에 대한 명시 반례 1건 보존.

---
",[],{},NOT_ESTABLISHED_FOR_THIS_PROPOSAL,NOT_EVALUATED
role-23bc0ad168e0e8f7,T4′,§3. T4′ — 시뮬레이션-추정 공분산 하 두-단계 절차의 정확 크기 (M3의 반전),research_proposal_candidate,강화안에서 기존 결과를 더 강한 진술로 대체할 구체적인 정리·잔여 증명 목표를 제시한다. 원문의 완전 증명 표기는 별도 대조 대상이다.,"{""content_id"": ""4bacfb0d7d0edf22e53526c3b31181a8de41e1cd97b2dc4ffd98e8f267b72571:d283db23"", ""git_blob"": ""9c403f04bf21dae895c4662c543bd433b2590250"", ""id"": ""979fb5f2922936b3207eb04b057726c5"", ""observed_commit"": ""373941f2768511cdb3612c1e5b450d4da22a486b"", ""path"": ""docs/audits/external_2026-07-09/referee_fortification/06_strengthened_theorems_ko.md"", ""source_id"": ""htt_base""}",45,61,"## §3. T4′ — 시뮬레이션-추정 공분산 하 두-단계 절차의 정확 크기 (M3의 반전)

**정리 T4′.** \(\widehat{C}_y\)가 \(N_{\rm sim} > m + 3\)개의 독립 Gaussian 시뮬레이션의 표본공분산이고 데이터와 독립이라 하자. 잔차 부분공간(차원 \(k = m - r\))의 정규직교 기저 \(B\)에 대해 \(q = x_r^T (B^T \widehat{C}_y B)^{-1} x_r\), \(x_r = B^T x\)로 두면, 귀무(올바른 사양) 하에서

\[
\frac{N_{\rm sim} - k}{k (N_{\rm sim} - 1)}\, q \sim F_{k,\, N_{\rm sim} - k},
\]

이므로 임계값 \(\tau_1' = \frac{k (N_{\rm sim} - 1)}{N_{\rm sim} - k} F_{k, N_{\rm sim} - k, 1 - \alpha_1}\)를 쓰는 사양검정은 **유한 \(N_{\rm sim}\)에서 크기가 정확히 \(\alpha_1\)**이다. stage-2도 \(k \to r\)로 동일하며, \(N_{\rm sim} \to \infty\)에서 \(\chi^2\) 임계값으로 수렴한다. 미보정 \(\chi^2\) 임계값의 실제 크기는 \(\alpha_1' = 1 - F_{k, N_{\rm sim}-k}\bigl(\tfrac{N_{\rm sim}-k}{k(N_{\rm sim}-1)} \chi^2_{k, 1-\alpha_1}\bigr) > \alpha_1\)로 닫힌형 계산된다.

**증명.** \(x_r \sim \mathcal{N}(0, \Sigma_r)\), \((N_{\rm sim}-1) B^T \widehat{C}_y B \sim \mathcal{W}_k(\Sigma_r, N_{\rm sim}-1)\)이고 서로 독립이므로 \(q\)는 자유도 \((k, N_{\rm sim}-1)\)의 Hotelling \(T^2\) — 그 분포는 정의에 의해 \(\frac{k(N_{\rm sim}-1)}{N_{\rm sim}-k} F_{k, N_{\rm sim}-k}\)이고 \(\Sigma_r\)에 무관(피벗). 잔차·도달 사영의 독립성은 Gaussian 직교 사영에서 그대로 성립한다. 수렴과 미보정 크기 식은 \(F\)-분포의 극한과 단조성에서 즉시. ∎

**[반전]** M3(""χ² 임계값은 추정 공분산에서 부정확, EMPTY가 과대"")는 ""**F-임계값 두-단계는 유한 \(N_{\rm sim}\)에서 정확하며, 따라서 EMPTY(반증) 판정은 추정 공분산 하에서도 유효한 주장**""으로 대체된다. v6의 등록요건(M5′, percent-level 언급)보다 강한 결론이고, Hartlap은 평균 보정일 뿐 꼬리는 F가 정답이라는 위계도 확정된다.
**[검증]** FORT03 (\(m=10, k=8, N_{\rm sim}=300\), 6000 MC): 미보정 크기 0.0665, F-임계값 0.0555 ± 0.0028 (명목 0.05와 2σ 이내), 검정력 손실 ≤ 3%p.

---
",[],{},NOT_ESTABLISHED_FOR_THIS_PROPOSAL,NOT_EVALUATED
role-57696bddacdd3dc1,T5′,§4. T5′ — 결정론적 폭 레짐에서 IM 구간의 정확 유한표본 커버리지 (P35 강화),research_proposal_candidate,강화안에서 기존 결과를 더 강한 진술로 대체할 구체적인 정리·잔여 증명 목표를 제시한다. 원문의 완전 증명 표기는 별도 대조 대상이다.,"{""content_id"": ""4bacfb0d7d0edf22e53526c3b31181a8de41e1cd97b2dc4ffd98e8f267b72571:d283db23"", ""git_blob"": ""9c403f04bf21dae895c4662c543bd433b2590250"", ""id"": ""979fb5f2922936b3207eb04b057726c5"", ""observed_commit"": ""373941f2768511cdb3612c1e5b450d4da22a486b"", ""path"": ""docs/audits/external_2026-07-09/referee_fortification/06_strengthened_theorems_ko.md"", ""source_id"": ""htt_base""}",62,72,"## §4. T5′ — 결정론적 폭 레짐에서 IM 구간의 정확 유한표본 커버리지 (P35 강화)

**정리 T5′.** 두 끝점 추정량이 하나의 Gaussian 도달 잡음을 공유하고(\(\widehat{x}^{\pm} = x^{\pm} + \varepsilon\), \(\varepsilon \sim \mathcal{N}(0, \sigma^2)\), \(\sigma\) 기지), 폭 \(\Delta = x^+ - x^-\)가 결정론적(널-박스 폭)이라 하자. IM 방정식 \(\Phi(C_N + \Delta/\sigma) - \Phi(-C_N) = 1 - \alpha\)의 해 \(C_N\)에 대해 구간 \([\widehat{x}^- - C_N \sigma,\ \widehat{x}^+ + C_N \sigma]\)는 **모든** \(\theta \in [x^-, x^+]\)에 대해 유한표본 커버리지 \(\ge 1 - \alpha\)를 가지며 끝점에서 등호가 성립한다. 점근 논법도 Stoye형 균일성 조건도 불필요하다.

**증명.** \(\theta = x^- + t\), \(t \in [0, \Delta]\)에 대해 커버리지 사건은 \(\{\widehat{x}^- - C\sigma \le \theta \le \widehat{x}^+ + C\sigma\} = \{-C\sigma - (\Delta - t) \le \varepsilon \le C\sigma + t\}\)... 정확히는 \(\theta \ge \widehat{x}^- - C\sigma \iff \varepsilon \le t + C\sigma\), \(\theta \le \widehat{x}^+ + C\sigma \iff \varepsilon \ge t - \Delta - C\sigma\). 확률 \(= \Phi(C + t/\sigma) - \Phi(-C - (\Delta - t)/\sigma)\). 이 함수는 \(t = 0\)과 \(t = \Delta\)에서 같은 값 \(\Phi(C + \Delta/\sigma) - \Phi(-C)\)을 갖고(대칭), 도함수 \(\frac{1}{\sigma}[\varphi(C + t/\sigma) - \varphi(C + (\Delta - t)/\sigma)]\)의 부호가 \(t < \Delta/2\)에서 양, \(t > \Delta/2\)에서 음이므로(\(\varphi\)는 \([0,\infty)\)에서 감소) 단봉이며 최솟값은 끝점에서 달성된다. 끝점 값은 IM 방정식에 의해 정확히 \(1 - \alpha\). ∎

**[반전]** P35(iii)의 ""asymptotic"" 문구가 ""exact""로 승격된다 — 비용 0의 강화.
**[검증]** exp03: IM 커버리지 0.9465 (N=4000, 명목 0.95, SE 0.0034); \(\Delta \to 0\)에서 0.953.

---
",[],{},NOT_ESTABLISHED_FOR_THIS_PROPOSAL,NOT_EVALUATED
role-77aea85b91faac39,T8′,§5. T8′ — 사양검정 검정력의 단조성·일치성과 사각지대 (E3의 정리화),research_proposal_candidate,강화안에서 기존 결과를 더 강한 진술로 대체할 구체적인 정리·잔여 증명 목표를 제시한다. 원문의 완전 증명 표기는 별도 대조 대상이다.,"{""content_id"": ""4bacfb0d7d0edf22e53526c3b31181a8de41e1cd97b2dc4ffd98e8f267b72571:d283db23"", ""git_blob"": ""9c403f04bf21dae895c4662c543bd433b2590250"", ""id"": ""979fb5f2922936b3207eb04b057726c5"", ""observed_commit"": ""373941f2768511cdb3612c1e5b450d4da22a486b"", ""path"": ""docs/audits/external_2026-07-09/referee_fortification/06_strengthened_theorems_ko.md"", ""source_id"": ""htt_base""}",73,83,"## §5. T8′ — 사양검정 검정력의 단조성·일치성과 사각지대 (E3의 정리화)

**정리 T8′.** Gaussian 잡음에서 stage-1 통계는 비중심 \(\chi^2_{m-r}(\lambda)\), \(\lambda = \|P_\perp \mu_{\rm mis}\|^2\)이다. 고정 임계값에 대한 기각확률은 \(\lambda\)에 강단조 증가(비중심 \(\chi^2\) 족의 MLR 성질), \(\lambda = 0\)에서 \(\alpha_1\), \(\lambda \to \infty\)에서 1이다. 즉 EMPTY-as-refutability는 잔차 성분을 갖는 **모든** 오설정에 대해 일치(consistent) 검정이며, 도달 열공간 내부의 오설정(\(P_\perp \mu_{\rm mis} = 0\))에는 원리적으로 무감하다.

**증명.** 비중심 \(\chi^2\)의 밀도비가 \(\lambda\)에 대해 단조우도비임은 표준 사실(베셀 급수 표현에서 즉시). 기각확률의 극한은 비중심 모수 발산에서 자명. 사각지대 문장은 \(\lambda\)의 정의 그 자체다. ∎

**[반전]** E3의 ""rising to 1.00""이 정리가 되고, 동시에 반증력의 한계(도달-공간 오설정)가 정직하게 명문화되어 ""우리는 무엇을 반증할 수 없는지도 증명했다""는 프로그램 어법이 완성된다.
**[검증]** exp03 검정력 곡선 (0.0518 → 1.000, 단조).

---
","[""46b8ed7852051e06db417d53c8c0b175""]","{""proof_completion_unconfirmed"": 1}",NOT_ESTABLISHED_FOR_THIS_PROPOSAL,NOT_EVALUATED
role-ecea2c58cade1809,T9′,§6. T9′ — 다성분 틸트 예산의 정확 분해 (m1의 정리화),research_proposal_candidate,강화안에서 기존 결과를 더 강한 진술로 대체할 구체적인 정리·잔여 증명 목표를 제시한다. 원문의 완전 증명 표기는 별도 대조 대상이다.,"{""content_id"": ""4bacfb0d7d0edf22e53526c3b31181a8de41e1cd97b2dc4ffd98e8f267b72571:d283db23"", ""git_blob"": ""9c403f04bf21dae895c4662c543bd433b2590250"", ""id"": ""979fb5f2922936b3207eb04b057726c5"", ""observed_commit"": ""373941f2768511cdb3612c1e5b450d4da22a486b"", ""path"": ""docs/audits/external_2026-07-09/referee_fortification/06_strengthened_theorems_ko.md"", ""source_id"": ""htt_base""}",84,102,"## §6. T9′ — 다성분 틸트 예산의 정확 분해 (m1의 정리화)

**정리 T9′.** 상호작용 없는 \(K\)개 완전유체(상태방정식 \(w_i\), 정규 프레임 대비 rapidity \(\beta_i\))에 대해

\[
1 = \sum_i \Omega_i + \Omega_\Lambda + \Omega_k + \Omega_{\rm tilt}^{\rm tot} + \Sigma^2 - W^2, \qquad \Omega_{\rm tilt}^{\rm tot} = \sum_i (1 + w_i)\, \Omega_i \sinh^2 \beta_i,
\]

이 항등식은 모든 \(\beta_i\)에서 **정확**하다. 부스트 유도 에너지플럭스 \(q_a^{(i)} = (\mu_i + p_i) \sinh\beta_i \cosh\beta_i\, e_a^{(i)}\)와 비등방응력은 Gauss 예산이 아니라 운동량 제약·진화 방정식에만 들어간다.

**증명.** 성분별로 \(T^{(i)}_{ab} n^a n^b = (\mu_i + p_i) \cosh^2\beta_i - p_i = \mu_i + (\mu_i + p_i) \sinh^2\beta_i\) (정확식; \(u^{(i)} \cdot n = -\cosh\beta_i\)). Gauss 제약은 총 \(T_{ab} n^a n^b = \sum_i T^{(i)}_{ab} n^a n^b\)만 포함하므로 합산 후 \(3H^2\)로 나누면 진술식. 플럭스·응력은 \(T_{ab} n^a h^b{}_c\), \(T_{\langle ab \rangle}\) 성분으로 Gauss(시간-시간 성분)에 나타나지 않는다. ∎

**따름정리.** 반대 방향 틸트 쌍(\(\beta, -\beta\), 동일 \(w, \Omega\))은 \(q\)를 상쇄하면서 \(\Omega_{\rm tilt}^{\rm tot}\)에는 가산 기여한다 — T3(실현 정리)의 핵심 구성 요소.

**[반전]** m1(""O(sinh²β)는 과소 진술"")이 다성분 정확 정리로 승격되어, 복사+물질 시대(재결합 전후)로 comparator를 확장하는 Paper A의 완결성 요건을 충족한다.
**[검증]** exp01 (단일 성분 정확성; 다성분은 합산의 선형성으로 자명).

---
","[""1a8383a15dfd45ce7da73833cf5435e7""]","{""proof_completion_unconfirmed"": 1}",NOT_ESTABLISHED_FOR_THIS_PROPOSAL,NOT_EVALUATED
role-d5077977ee82eac0,T3-lin,§7. T3-lin — 선형화 실현 정리 (P31 승격의 중간 단계; M2 대응) — 증명 스케치 + 잔여 보조정리,research_proposal_candidate,강화안에서 기존 결과를 더 강한 진술로 대체할 구체적인 정리·잔여 증명 목표를 제시한다. 원문의 완전 증명 표기는 별도 대조 대상이다.,"{""content_id"": ""4bacfb0d7d0edf22e53526c3b31181a8de41e1cd97b2dc4ffd98e8f267b72571:d283db23"", ""git_blob"": ""9c403f04bf21dae895c4662c543bd433b2590250"", ""id"": ""979fb5f2922936b3207eb04b057726c5"", ""observed_commit"": ""373941f2768511cdb3612c1e5b450d4da22a486b"", ""path"": ""docs/audits/external_2026-07-09/referee_fortification/06_strengthened_theorems_ko.md"", ""source_id"": ""htt_base""}",103,112,"## §7. T3-lin — 선형화 실현 정리 (P31 승격의 중간 단계; M2 대응) — 증명 스케치 + 잔여 보조정리

**명제 T3-lin (등록 목표).** \(x_{\max} \ll 1\)인 임의의 목표 \((\Sigma^2_\*, W^2_\*, \Omega_{t\*}, \Omega_{k\*})\) (부호 박스·콘 준수)에 대해, FLRW 배경 위 선형화 초기데이터와 물질 배치가 존재하여 (i) Gauss·운동량 제약을 선형 차수에서 만족하고, (ii) 정규화 불변량이 목표값을 재현하며, (iii) 물질 부문이 약에너지조건을 만족한다. 따라서 T1′ 구간의 sharpness는 선형화 레짐에서 물리 명제다.

**증명 스케치.** (1) \(\Sigma^2_\*\): Bianchi I형 균질 전단 모드 — 운동량 제약이 자동 충족(대각 전단, \(q = 0\)). (2) \(\Omega_{k\*}\): FLRW 곡률 분기 혼합(등방 성분)과 Bianchi V/IX형 균질 곡률 모드; open/closed 부호 모두. (3) \(\Omega_{t\*}\): T9′ 따름정리의 반대-틸트 쌍 — 순 플럭스 0으로 운동량 제약 무부담. (4) \(W^2_\*\): 선형 벡터(회전) 모드 — 운동량 제약이 \(\nabla^2\)-역으로 \(q_{\rm vec}\)를 결정하며, 이는 (3)의 쌍에 소량의 비대칭 틸트를 얹어 공급; 진폭 자유. (5) 에너지조건: 모든 모드 진폭이 \(O(\sqrt{x_{\max}})\)이므로 배경 \(\mu > 0\)에 대한 선형 교란으로 유지. **잔여 보조정리 (등록 필요):** (4)에서 벡터 모드의 \(\omega\)와 (1)의 \(\sigma\)가 2차 결합 없이 목표 4-튜플을 독립 조준할 수 있음 — 선형 차수에서는 모드 중첩의 선형성으로 성립하나, ""congruence 선택(정규 vs 물질 프레임)의 규약 고정"" 문장을 정확히 써야 한다. 완전판(비선형, King–Ellis 틸트 Bianchi V 불변량 사상)은 WBS-C1.

**[반전]** M2(""sharpness는 물리 명제로 미증명"")는 ""선형화 레짐(comparator의 실사용 영역 전체)에서 증명, 비선형 완전판은 등록된 정리 후보""로 재배치된다 — 갭의 인정이 아니라 정리 사다리의 명시.

---
","[""bcfb6eecfb18be2a191ed524b1859af8""]","{""proof_completion_unconfirmed"": 1}",NOT_ESTABLISHED_FOR_THIS_PROPOSAL,NOT_EVALUATED
role-ee7999df52c88418,T1,T1. Constraint-derived uniqueness of the signed comparator,research_proposal_candidate,연구제안서가 구체적인 명제와 증명 목표를 후보로 명시한다.,"{""content_id"": ""c8c248d188e8bcaae0ad38e5c29501c7efd93703b5d1a81efbcb43d0a4a40163:dd0517db"", ""git_blob"": ""42b2f3dece7640a6d4a8bea799a3775f53981461"", ""id"": ""d02eaa0709036077bbc7e26f79c26799"", ""observed_commit"": ""373941f2768511cdb3612c1e5b450d4da22a486b"", ""path"": ""docs/audits/external_2026-07-09/strengthened_publication/theorem_upgrade_candidates.md"", ""source_id"": ""htt_base""}",5,24,"## T1. Constraint-derived uniqueness of the signed comparator

**Statement.** Fix signature (-,+,+,+), congruence n^a, H=Θ/3, and registered dimensionless components

\[
\Sigma^2=\frac{\sigma_{ab}\sigma^{ab}}{6H^2},\quad
W^2=\frac{\omega_{ab}\omega^{ab}}{6H^2},\quad
\Omega_{\rm tilt}=(1+w)\Omega_m\sinh^2\beta,
\]

with curvature component \(\Omega_{k,\rm aniso}=\Omega_k-\Omega_{k,\rm ref}\). Among linear dimensionless comparators that read off the non-FLRW contribution to the Gauss constraint while assigning zero to the FLRW reference branch, the coefficient vector is uniquely

\[
c=(1,-1,1,1).
\]

**Proof route.** Divide the 1+3 Gauss constraint by \(3H^2\), match normalized shear/vorticity terms, introduce tilted-frame energy excess, and subtract the registered FLRW reference. Uniqueness follows because the four registered components form an independent coordinate basis in the comparator layer.

**Potential obstruction.** If \(\Omega_{k,\rm aniso}\) is allowed to be signed, the “component magnitude cone” must be replaced by a signed affine coordinate. The theorem must explicitly choose one convention.
",[],{},NOT_ESTABLISHED_FOR_THIS_PROPOSAL,NOT_EVALUATED
role-b9902c3443c8cbae,T2,T2. Local constrained-data sharpness theorem for P31,research_proposal_candidate,연구제안서가 구체적인 명제와 증명 목표를 후보로 명시한다.,"{""content_id"": ""c8c248d188e8bcaae0ad38e5c29501c7efd93703b5d1a81efbcb43d0a4a40163:dd0517db"", ""git_blob"": ""42b2f3dece7640a6d4a8bea799a3775f53981461"", ""id"": ""d02eaa0709036077bbc7e26f79c26799"", ""observed_commit"": ""373941f2768511cdb3612c1e5b450d4da22a486b"", ""path"": ""docs/audits/external_2026-07-09/strengthened_publication/theorem_upgrade_candidates.md"", ""source_id"": ""htt_base""}",25,34,"## T2. Local constrained-data sharpness theorem for P31

**Statement.** Let \(g\) be sufficiently small in the registered HTT component cone and let the branch specify an equation of state and energy-condition domain. Under nondegeneracy of the York/conformal constraint operator, each endpoint of the P26 identified interval is realized by a local CMC initial-data family whose first-jet invariants match the endpoint components up to controlled \(O(\|g\|^2)\) residual; after conformal correction the Hamiltonian and momentum residuals vanish to solver tolerance.

**Proof route.** Start with local nearly-FLRW initial data, add transverse-traceless shear, stream-realized tilt stress, and small anisotropic curvature perturbations. Check first-order constraints. Apply implicit-function/conformal method to correct residuals. Use continuous dependence to preserve the comparator endpoint value up to controlled error.

**Numerical witness.** Implement `constraint_realization_endpoint_solver.py`: sweep eps, solve correction, report residual norms and convergence slopes.

**Why this strengthens the paper.** It turns “sharp over an abstract cone” into “sharp over an explicit physically realizable local-data class.”
","[""a15729374d15baecfaa2004ab5d2826a""]","{""proof_completion_unconfirmed"": 1}",NOT_ESTABLISHED_FOR_THIS_PROPOSAL,NOT_EVALUATED
role-003903a09bc241a0,T3,T3. Exact equality conditions for P36 joint depth-gap intervals,research_proposal_candidate,연구제안서가 구체적인 명제와 증명 목표를 후보로 명시한다.,"{""content_id"": ""c8c248d188e8bcaae0ad38e5c29501c7efd93703b5d1a81efbcb43d0a4a40163:dd0517db"", ""git_blob"": ""42b2f3dece7640a6d4a8bea799a3775f53981461"", ""id"": ""d02eaa0709036077bbc7e26f79c26799"", ""observed_commit"": ""373941f2768511cdb3612c1e5b450d4da22a486b"", ""path"": ""docs/audits/external_2026-07-09/strengthened_publication/theorem_upgrade_candidates.md"", ""source_id"": ""htt_base""}",35,42,"## T3. Exact equality conditions for P36 joint depth-gap intervals

**Statement.** Let \(S\) be a compact polytope and \(N(s)=n+c_N\cdot s\), \(D(s)=d+c_D\cdot s>0\). The joint feasible interval for \(G_F=N/D\) is the exact image of the diagonal feasible set and is always contained in the marginal quotient interval. Equality of the lower endpoint holds iff the numerator-minimizing feasible face and denominator-maximizing feasible face contain a common point satisfying the linear-fractional lower optimum. Equality of the upper endpoint holds iff the numerator-maximizing feasible face and denominator-minimizing feasible face contain a common point satisfying the upper optimum. Outside these compatibility conditions, inclusion is strict. For generic coefficient vectors, equality conditions define a lower-dimensional algebraic/face-incidence set.

**Proof route.** Use Charnes-Cooper transform or quasiconvex/quasiconcave linear-fractional optimization on polytopes. Marginal quotient optimizes over \(S\times S\), joint over diagonal \(\Delta(S)\). Strictness reduces to whether product-space extremizers intersect the diagonal.

**Numerical witness.** Included in `scripts/strengthening_core.py`; strictness is generic in random coefficient draws, while the critique equality case is reproduced exactly.
",[],{},NOT_ESTABLISHED_FOR_THIS_PROPOSAL,NOT_EVALUATED
role-f6399f090540f95a,T4,T4. Known-covariance two-stage identified-set coverage,research_proposal_candidate,연구제안서가 구체적인 명제와 증명 목표를 후보로 명시한다.,"{""content_id"": ""c8c248d188e8bcaae0ad38e5c29501c7efd93703b5d1a81efbcb43d0a4a40163:dd0517db"", ""git_blob"": ""42b2f3dece7640a6d4a8bea799a3775f53981461"", ""id"": ""d02eaa0709036077bbc7e26f79c26799"", ""observed_commit"": ""373941f2768511cdb3612c1e5b450d4da22a486b"", ""path"": ""docs/audits/external_2026-07-09/strengthened_publication/theorem_upgrade_candidates.md"", ""source_id"": ""htt_base""}",43,50,"## T4. Known-covariance two-stage identified-set coverage

**Statement.** Under Gaussian whitened noise with fixed response matrix R, the residual projection statistic is \(\chi^2_{m-r}\) and independent of the reachable projection. Stage-1 EMPTY controls specification-test false rejection at \(\alpha_1\). Conditional stage-2 ellipsoid covers the reachable projection at \(1-\alpha_2\). For scalar \(x_C\) inside an interval-identified set, Imbens-Manski critical values give pointwise parameter coverage; two-sided endpoint/projection intervals give simultaneous identified-set coverage.

**Proof route.** Orthogonal projection of Gaussian vector into column space and residual space; then standard partial-identification endpoint logic.

**Numerical witness.** Included: residual EMPTY rate at zero shift is 0.04868 for \(\alpha_1=0.05\); power rises with residual shifts.
",[],{},NOT_ESTABLISHED_FOR_THIS_PROPOSAL,NOT_EVALUATED
role-57a3c3d765388607,T5,T5. Estimated-covariance robust endpoint coverage,research_proposal_candidate,연구제안서가 구체적인 명제와 증명 목표를 후보로 명시한다.,"{""content_id"": ""c8c248d188e8bcaae0ad38e5c29501c7efd93703b5d1a81efbcb43d0a4a40163:dd0517db"", ""git_blob"": ""42b2f3dece7640a6d4a8bea799a3775f53981461"", ""id"": ""d02eaa0709036077bbc7e26f79c26799"", ""observed_commit"": ""373941f2768511cdb3612c1e5b450d4da22a486b"", ""path"": ""docs/audits/external_2026-07-09/strengthened_publication/theorem_upgrade_candidates.md"", ""source_id"": ""htt_base""}",51,58,"## T5. Estimated-covariance robust endpoint coverage

**Statement.** If covariance is estimated from \(N_{\rm sim}\) Gaussian simulations, the inverse sample covariance is biased. Using uncorrected Gaussian plug-in precision inflates reachable-sector precision. Hartlap correction removes first-order precision bias; Sellentin-Heavens covariance marginalization replaces the Gaussian likelihood by a multivariate-t form and propagates covariance uncertainty. Endpoint intervals must condition on this policy.

**Proof route.** Wishart expectation of inverse covariance; compare plug-in, Hartlap-corrected, and covariance-marginalized likelihood.

**Numerical witness.** Included: for p=20, raw precision trace ratio is ~1.075 at Nsim=300 and ~1.036 at Nsim=600; Hartlap-corrected mean is ~1.
",[],{},NOT_ESTABLISHED_FOR_THIS_PROPOSAL,NOT_EVALUATED
role-8ec6cab279698714,T6,T6. Prior-exposure decomposition theorem,research_proposal_candidate,연구제안서가 구체적인 명제와 증명 목표를 후보로 명시한다.,"{""content_id"": ""c8c248d188e8bcaae0ad38e5c29501c7efd93703b5d1a81efbcb43d0a4a40163:dd0517db"", ""git_blob"": ""42b2f3dece7640a6d4a8bea799a3775f53981461"", ""id"": ""d02eaa0709036077bbc7e26f79c26799"", ""observed_commit"": ""373941f2768511cdb3612c1e5b450d4da22a486b"", ""path"": ""docs/audits/external_2026-07-09/strengthened_publication/theorem_upgrade_candidates.md"", ""source_id"": ""htt_base""}",59,66,"## T6. Prior-exposure decomposition theorem

**Statement.** If likelihood depends on g only through Rg and column j of R is zero, then an independent prior leaves the posterior marginal of \(g_j\) equal to the prior exactly. If prior couples \(g_j\) to reachable coordinates, posterior movement of \(g_j\) is mediated entirely by the prior coupling and must be labelled prior-exposed.

**Proof route.** Factorization of posterior density; KL divergence of identical prior/posterior marginal is zero.

**Numerical witness.** Included in response-rank/prior exposure script.
","[""1823398a92948e658dccbdb1b3373540""]","{""proof_completion_unconfirmed"": 1}",NOT_ESTABLISHED_FOR_THIS_PROPOSAL,NOT_EVALUATED
role-3d8178be2fa52eb4,T7,T7. Finite-cover dependent e-value merger theorem for K1/K5 scans,research_proposal_candidate,연구제안서가 구체적인 명제와 증명 목표를 후보로 명시한다.,"{""content_id"": ""c8c248d188e8bcaae0ad38e5c29501c7efd93703b5d1a81efbcb43d0a4a40163:dd0517db"", ""git_blob"": ""42b2f3dece7640a6d4a8bea799a3775f53981461"", ""id"": ""d02eaa0709036077bbc7e26f79c26799"", ""observed_commit"": ""373941f2768511cdb3612c1e5b450d4da22a486b"", ""path"": ""docs/audits/external_2026-07-09/strengthened_publication/theorem_upgrade_candidates.md"", ""source_id"": ""htt_base""}",67,74,"## T7. Finite-cover dependent e-value merger theorem for K1/K5 scans

**Statement.** For e-values \(E_k\) satisfying \(E_0 E_k\le 1\) under a common null, any convex weighted average is an e-value under arbitrary dependence. If sequential e-values satisfy \(E_0[E_t\mid\mathcal F_{t-1}]\le 1\), the product process is a nonnegative supermartingale and Ville control is anytime-valid.

**Proof route.** Linearity of expectation for finite cover; supermartingale property and Ville inequality.

**Numerical witness.** Included: dependent average e-value mean is ~0.997 and 200-step Ville crossing is 0.0397 for β=0.05.
","[""87493ec4ed694f3365a1d57497ec2bc9""]","{""proof_completion_unconfirmed"": 1}",NOT_ESTABLISHED_FOR_THIS_PROPOSAL,NOT_EVALUATED
role-a961420736a6ae59,T8,T8. Scalar/BiPoSH non-equivalence theorem,research_proposal_candidate,연구제안서가 구체적인 명제와 증명 목표를 후보로 명시한다.,"{""content_id"": ""c8c248d188e8bcaae0ad38e5c29501c7efd93703b5d1a81efbcb43d0a4a40163:dd0517db"", ""git_blob"": ""42b2f3dece7640a6d4a8bea799a3775f53981461"", ""id"": ""d02eaa0709036077bbc7e26f79c26799"", ""observed_commit"": ""373941f2768511cdb3612c1e5b450d4da22a486b"", ""path"": ""docs/audits/external_2026-07-09/strengthened_publication/theorem_upgrade_candidates.md"", ""source_id"": ""htt_base""}",75,82,"## T8. Scalar/BiPoSH non-equivalence theorem

**Statement.** Diagonal \(C_\ell\)-style compression annihilates off-diagonal \(L>0\) covariance morphology. Therefore scalar low-ell statistics and BiPoSH covariance statistics are non-equivalent projections; agreement or disagreement between them is a diagnostic pattern, not a geometry label.

**Proof route.** Schur orthogonality and rotational decomposition of covariance into BiPoSH coefficients.

**Data witness.** K1 map-stability matrix must report scalar and BiPoSH channels side by side with separate nulls.
","[""960450a8d9aad912f086076b940b859d""]","{""proof_completion_unconfirmed"": 1}",NOT_ESTABLISHED_FOR_THIS_PROPOSAL,NOT_EVALUATED
role-629bfb4bf59ad05b,T9,T9. Transverse/spin-2 reopening theorem,research_proposal_candidate,연구제안서가 구체적인 명제와 증명 목표를 후보로 명시한다.,"{""content_id"": ""c8c248d188e8bcaae0ad38e5c29501c7efd93703b5d1a81efbcb43d0a4a40163:dd0517db"", ""git_blob"": ""42b2f3dece7640a6d4a8bea799a3775f53981461"", ""id"": ""d02eaa0709036077bbc7e26f79c26799"", ""observed_commit"": ""373941f2768511cdb3612c1e5b450d4da22a486b"", ""path"": ""docs/audits/external_2026-07-09/strengthened_publication/theorem_upgrade_candidates.md"", ""source_id"": ""htt_base""}",83,90,"## T9. Transverse/spin-2 reopening theorem

**Statement.** Radial contractions annihilate antisymmetric vorticity contributions, but transverse velocity and spin-2 response tensors need not. Adding such channels can increase response rank and reopen sectors that are structural nulls for scalar/radial channels.

**Proof route.** Tensor symmetry: \(n^a\Omega_{ab}n^b=0\), while screen-space and spin-2 tensors are not equivalent to the radial dyad.

**Numerical witness.** Toy rank certificates: scalar/radial rank 2, enlarged transverse/spin-2 rank 4.
","[""4349b4614dbf4909034d07f4d7b93f8c""]","{""proof_completion_unconfirmed"": 1}",NOT_ESTABLISHED_FOR_THIS_PROPOSAL,NOT_EVALUATED
role-e4b260081c8a7d5e,S0,S0 — EGS fixed-point semantics,research_proposal_candidate,MES/EGS 확장 연구프로그램이 S/G/B/E 축의 정리 목표로 정리한 구체적 진술이다. 기존 문헌 명제와의 차이는 학술 신규성 미검증으로 남긴다.,"{""content_id"": ""fad00fd7e6f460755698883fa3479cd274bd0de9c26cd23a0b9b07e773f9e53e:d283db23"", ""git_blob"": null, ""id"": ""2a568e599a65cc11dfda56bfe8af74f0"", ""observed_commit"": ""9271a43e083f5e86ab24744a6bfea09886cf3334"", ""path"": ""docs/audits/external_research_inputs_2026-06-20/htt_beyond_mes_egs_theorem_program_2026-06-19.zip!/htt_beyond_mes_egs_theorem_program_2026-06-19/docs/12_consolidated_theorem_statements.md"", ""source_id"": ""htt_pre_rewrite""}",5,5,"1. **S0 — EGS fixed-point semantics.** Matched FLRW fixed point에서 \(x=F=0\), \(\Pi(q>0)=0\), \(G\)는 \(0/0\)이므로 undefined다.",[],{},NOT_ESTABLISHED_FOR_THIS_PROPOSAL,NOT_EVALUATED
role-d9e55ff54126cec1,S1,S1 — angular relative-entropy multipole theorem,research_proposal_candidate,MES/EGS 확장 연구프로그램이 S/G/B/E 축의 정리 목표로 정리한 구체적 진술이다. 기존 문헌 명제와의 차이는 학술 신규성 미검증으로 남긴다.,"{""content_id"": ""fad00fd7e6f460755698883fa3479cd274bd0de9c26cd23a0b9b07e773f9e53e:d283db23"", ""git_blob"": null, ""id"": ""2a568e599a65cc11dfda56bfe8af74f0"", ""observed_commit"": ""9271a43e083f5e86ab24744a6bfea09886cf3334"", ""path"": ""docs/audits/external_research_inputs_2026-06-20/htt_beyond_mes_egs_theorem_program_2026-06-19.zip!/htt_beyond_mes_egs_theorem_program_2026-06-19/docs/12_consolidated_theorem_statements.md"", ""source_id"": ""htt_pre_rewrite""}",6,6,2. **S1 — angular relative-entropy multipole theorem.** \(\epsilon_\ell\le(2\ell+1)\sqrt{D_{\rm KL}/(2\pi)}\).,[],{},NOT_ESTABLISHED_FOR_THIS_PROPOSAL,NOT_EVALUATED
role-2704b6f24d18dbee,S2,S2 — information-to-MES transduction,research_proposal_candidate,MES/EGS 확장 연구프로그램이 S/G/B/E 축의 정리 목표로 정리한 구체적 진술이다. 기존 문헌 명제와의 차이는 학술 신규성 미검증으로 남긴다.,"{""content_id"": ""fad00fd7e6f460755698883fa3479cd274bd0de9c26cd23a0b9b07e773f9e53e:d283db23"", ""git_blob"": null, ""id"": ""2a568e599a65cc11dfda56bfe8af74f0"", ""observed_commit"": ""9271a43e083f5e86ab24744a6bfea09886cf3334"", ""path"": ""docs/audits/external_research_inputs_2026-06-20/htt_beyond_mes_egs_theorem_program_2026-06-19.zip!/htt_beyond_mes_egs_theorem_program_2026-06-19/docs/12_consolidated_theorem_statements.md"", ""source_id"": ""htt_pre_rewrite""}",7,7,3. **S2 — information-to-MES transduction.** explicit bridge \(M_\ell\)과 derivative budget 아래 KL cap이 shear/vorticity/acceleration ceiling을 준다.,[],{},NOT_ESTABLISHED_FOR_THIS_PROPOSAL,NOT_EVALUATED
role-ef736581dca76002,S3,S3 — dynamic budget barrier,research_proposal_candidate,MES/EGS 확장 연구프로그램이 S/G/B/E 축의 정리 목표로 정리한 구체적 진술이다. 기존 문헌 명제와의 차이는 학술 신규성 미검증으로 남긴다.,"{""content_id"": ""fad00fd7e6f460755698883fa3479cd274bd0de9c26cd23a0b9b07e773f9e53e:d283db23"", ""git_blob"": null, ""id"": ""2a568e599a65cc11dfda56bfe8af74f0"", ""observed_commit"": ""9271a43e083f5e86ab24744a6bfea09886cf3334"", ""path"": ""docs/audits/external_research_inputs_2026-06-20/htt_beyond_mes_egs_theorem_program_2026-06-19.zip!/htt_beyond_mes_egs_theorem_program_2026-06-19/docs/12_consolidated_theorem_statements.md"", ""source_id"": ""htt_pre_rewrite""}",8,8,"4. **S3 — dynamic budget barrier.** 같은 comparison operator와 source envelope를 갖는 \(X,U\)에 대해 \(X_0\le U_0\Rightarrow0\le F=X/U\le1\); margin과 \(\dot F\)의 explicit bound가 있다.",[],{},NOT_ESTABLISHED_FOR_THIS_PROPOSAL,NOT_EVALUATED
role-8c1fbf170ae84f59,S4,S4 — certified \(\Pi\) domination,research_proposal_candidate,MES/EGS 확장 연구프로그램이 S/G/B/E 축의 정리 목표로 정리한 구체적 진술이다. 기존 문헌 명제와의 차이는 학술 신규성 미검증으로 남긴다.,"{""content_id"": ""fad00fd7e6f460755698883fa3479cd274bd0de9c26cd23a0b9b07e773f9e53e:d283db23"", ""git_blob"": null, ""id"": ""2a568e599a65cc11dfda56bfe8af74f0"", ""observed_commit"": ""9271a43e083f5e86ab24744a6bfea09886cf3334"", ""path"": ""docs/audits/external_research_inputs_2026-06-20/htt_beyond_mes_egs_theorem_program_2026-06-19.zip!/htt_beyond_mes_egs_theorem_program_2026-06-19/docs/12_consolidated_theorem_statements.md"", ""source_id"": ""htt_pre_rewrite""}",9,9,5. **S4 — certified \(\Pi\) domination.** \(X\le B\) a.s.이면 \(P(X>q)\le P(B>q)\) for all \(q\).,[],{},NOT_ESTABLISHED_FOR_THIS_PROPOSAL,NOT_EVALUATED
role-3b29fc2cffbb5812,S5,S5 — finite-cover Copernican extension,research_proposal_candidate,MES/EGS 확장 연구프로그램이 S/G/B/E 축의 정리 목표로 정리한 구체적 진술이다. 기존 문헌 명제와의 차이는 학술 신규성 미검증으로 남긴다.,"{""content_id"": ""fad00fd7e6f460755698883fa3479cd274bd0de9c26cd23a0b9b07e773f9e53e:d283db23"", ""git_blob"": null, ""id"": ""2a568e599a65cc11dfda56bfe8af74f0"", ""observed_commit"": ""9271a43e083f5e86ab24744a6bfea09886cf3334"", ""path"": ""docs/audits/external_research_inputs_2026-06-20/htt_beyond_mes_egs_theorem_program_2026-06-19.zip!/htt_beyond_mes_egs_theorem_program_2026-06-19/docs/12_consolidated_theorem_statements.md"", ""source_id"": ""htt_pre_rewrite""}",10,10,6. **S5 — finite-cover Copernican extension.** Lipschitz \(D\)와 \(r\)-net sample에 대해 \(\sup D\le\max_iD_i+Lr\).,[],{},NOT_ESTABLISHED_FOR_THIS_PROPOSAL,NOT_EVALUATED
role-dc83d80ad7ea5b68,G1,G1 — local Liouville isotropy rigidity,research_proposal_candidate,MES/EGS 확장 연구프로그램이 S/G/B/E 축의 정리 목표로 정리한 구체적 진술이다. 기존 문헌 명제와의 차이는 학술 신규성 미검증으로 남긴다.,"{""content_id"": ""fad00fd7e6f460755698883fa3479cd274bd0de9c26cd23a0b9b07e773f9e53e:d283db23"", ""git_blob"": null, ""id"": ""2a568e599a65cc11dfda56bfe8af74f0"", ""observed_commit"": ""9271a43e083f5e86ab24744a6bfea09886cf3334"", ""path"": ""docs/audits/external_research_inputs_2026-06-20/htt_beyond_mes_egs_theorem_program_2026-06-19.zip!/htt_beyond_mes_egs_theorem_program_2026-06-19/docs/12_consolidated_theorem_statements.md"", ""source_id"": ""htt_pre_rewrite""}",14,14,"7. **G1 — local Liouville isotropy rigidity.** isotropic thermal massless distribution이 collisionless Liouville equation을 만족하면 \(\dot{\ln T}+H=0\), \(A_a+D_a\ln T=0\), \(\sigma_{ab}=0\).",[],{},NOT_ESTABLISHED_FOR_THIS_PROPOSAL,NOT_EVALUATED
role-5832d294cc13bde3,G2,G2 — two-frame thermal rigidity,research_proposal_candidate,MES/EGS 확장 연구프로그램이 S/G/B/E 축의 정리 목표로 정리한 구체적 진술이다. 기존 문헌 명제와의 차이는 학술 신규성 미검증으로 남긴다.,"{""content_id"": ""fad00fd7e6f460755698883fa3479cd274bd0de9c26cd23a0b9b07e773f9e53e:d283db23"", ""git_blob"": null, ""id"": ""2a568e599a65cc11dfda56bfe8af74f0"", ""observed_commit"": ""9271a43e083f5e86ab24744a6bfea09886cf3334"", ""path"": ""docs/audits/external_research_inputs_2026-06-20/htt_beyond_mes_egs_theorem_program_2026-06-19.zip!/htt_beyond_mes_egs_theorem_program_2026-06-19/docs/12_consolidated_theorem_statements.md"", ""source_id"": ""htt_pre_rewrite""}",15,15,8. **G2 — two-frame thermal rigidity.** nonconstant thermal radiation은 서로 다른 두 timelike frame에서 exact isotropy일 수 없다. Boosted isotropic radiation moments는 exact one-dimensional stress orbit를 이룬다.,[],{},NOT_ESTABLISHED_FOR_THIS_PROPOSAL,NOT_EVALUATED
role-adc6a1bcf36de1d4,G3,G3 — Raychaudhuri–Hamiltonian consistency,research_proposal_candidate,MES/EGS 확장 연구프로그램이 S/G/B/E 축의 정리 목표로 정리한 구체적 진술이다. 기존 문헌 명제와의 차이는 학술 신규성 미검증으로 남긴다.,"{""content_id"": ""fad00fd7e6f460755698883fa3479cd274bd0de9c26cd23a0b9b07e773f9e53e:d283db23"", ""git_blob"": null, ""id"": ""2a568e599a65cc11dfda56bfe8af74f0"", ""observed_commit"": ""9271a43e083f5e86ab24744a6bfea09886cf3334"", ""path"": ""docs/audits/external_research_inputs_2026-06-20/htt_beyond_mes_egs_theorem_program_2026-06-19.zip!/htt_beyond_mes_egs_theorem_program_2026-06-19/docs/12_consolidated_theorem_statements.md"", ""source_id"": ""htt_pre_rewrite""}",16,16,"9. **G3 — Raychaudhuri–Hamiltonian consistency.** \(\Delta q=2x+\frac32(w-1)\Omega_{\rm tilt}-2\Omega_{k,\rm aniso}+\Delta q_A\); \(w\neq1\)에서 tilt inversion, \(w=1\)에서 exact degeneracy.",[],{},NOT_ESTABLISHED_FOR_THIS_PROPOSAL,NOT_EVALUATED
role-0b9d662b37fd1d39,G4,G4 — Bianchi-I filling-odds flow,research_proposal_candidate,MES/EGS 확장 연구프로그램이 S/G/B/E 축의 정리 목표로 정리한 구체적 진술이다. 기존 문헌 명제와의 차이는 학술 신규성 미검증으로 남긴다.,"{""content_id"": ""fad00fd7e6f460755698883fa3479cd274bd0de9c26cd23a0b9b07e773f9e53e:d283db23"", ""git_blob"": null, ""id"": ""2a568e599a65cc11dfda56bfe8af74f0"", ""observed_commit"": ""9271a43e083f5e86ab24744a6bfea09886cf3334"", ""path"": ""docs/audits/external_research_inputs_2026-06-20/htt_beyond_mes_egs_theorem_program_2026-06-19.zip!/htt_beyond_mes_egs_theorem_program_2026-06-19/docs/12_consolidated_theorem_statements.md"", ""source_id"": ""htt_pre_rewrite""}",17,17,10. **G4 — Bianchi-I filling-odds flow.** \(\operatorname{logit}F_{\sigma|m}=\operatorname{logit}F_0+3(1-w)\ln(1+z)\).,[],{},NOT_ESTABLISHED_FOR_THIS_PROPOSAL,NOT_EVALUATED
role-f595d458c3acd6b9,G5,G5 — depth-slope degeneracy,research_proposal_candidate,MES/EGS 확장 연구프로그램이 S/G/B/E 축의 정리 목표로 정리한 구체적 진술이다. 기존 문헌 명제와의 차이는 학술 신규성 미검증으로 남긴다.,"{""content_id"": ""fad00fd7e6f460755698883fa3479cd274bd0de9c26cd23a0b9b07e773f9e53e:d283db23"", ""git_blob"": null, ""id"": ""2a568e599a65cc11dfda56bfe8af74f0"", ""observed_commit"": ""9271a43e083f5e86ab24744a6bfea09886cf3334"", ""path"": ""docs/audits/external_research_inputs_2026-06-20/htt_beyond_mes_egs_theorem_program_2026-06-19.zip!/htt_beyond_mes_egs_theorem_program_2026-06-19/docs/12_consolidated_theorem_statements.md"", ""source_id"": ""htt_pre_rewrite""}",18,18,"11. **G5 — depth-slope degeneracy.** local/global degeneracy at \(w=0\), local/shear at \(w=1/3\), global/shear at \(w=-1/3\).",[],{},NOT_ESTABLISHED_FOR_THIS_PROPOSAL,NOT_EVALUATED
role-611a9a7c03082522,G6,G6 — Weyl-completeness obstruction,research_proposal_candidate,MES/EGS 확장 연구프로그램이 S/G/B/E 축의 정리 목표로 정리한 구체적 진술이다. 기존 문헌 명제와의 차이는 학술 신규성 미검증으로 남긴다.,"{""content_id"": ""fad00fd7e6f460755698883fa3479cd274bd0de9c26cd23a0b9b07e773f9e53e:d283db23"", ""git_blob"": null, ""id"": ""2a568e599a65cc11dfda56bfe8af74f0"", ""observed_commit"": ""9271a43e083f5e86ab24744a6bfea09886cf3334"", ""path"": ""docs/audits/external_research_inputs_2026-06-20/htt_beyond_mes_egs_theorem_program_2026-06-19.zip!/htt_beyond_mes_egs_theorem_program_2026-06-19/docs/12_consolidated_theorem_statements.md"", ""source_id"": ""htt_pre_rewrite""}",19,19,12. **G6 — Weyl-completeness obstruction.** amplitude-only near-isotropy does not universally imply small normalized Weyl curvature.,[],{},NOT_ESTABLISHED_FOR_THIS_PROPOSAL,NOT_EVALUATED
role-11903f505fdd694d,B1,B1 — coercive Boltzmann memory,research_proposal_candidate,MES/EGS 확장 연구프로그램이 S/G/B/E 축의 정리 목표로 정리한 구체적 진술이다. 기존 문헌 명제와의 차이는 학술 신규성 미검증으로 남긴다.,"{""content_id"": ""fad00fd7e6f460755698883fa3479cd274bd0de9c26cd23a0b9b07e773f9e53e:d283db23"", ""git_blob"": null, ""id"": ""2a568e599a65cc11dfda56bfe8af74f0"", ""observed_commit"": ""9271a43e083f5e86ab24744a6bfea09886cf3334"", ""path"": ""docs/audits/external_research_inputs_2026-06-20/htt_beyond_mes_egs_theorem_program_2026-06-19.zip!/htt_beyond_mes_egs_theorem_program_2026-06-19/docs/12_consolidated_theorem_statements.md"", ""source_id"": ""htt_pre_rewrite""}",23,23,13. **B1 — coercive Boltzmann memory.** anisotropic state norm is an integrating-factor memory of geometric forcing plus nuisance.,[],{},NOT_ESTABLISHED_FOR_THIS_PROPOSAL,NOT_EVALUATED
role-7cce0a1e86175dce,B2,B2 — source-rank inverse almost-EGS,research_proposal_candidate,MES/EGS 확장 연구프로그램이 S/G/B/E 축의 정리 목표로 정리한 구체적 진술이다. 기존 문헌 명제와의 차이는 학술 신규성 미검증으로 남긴다.,"{""content_id"": ""fad00fd7e6f460755698883fa3479cd274bd0de9c26cd23a0b9b07e773f9e53e:d283db23"", ""git_blob"": null, ""id"": ""2a568e599a65cc11dfda56bfe8af74f0"", ""observed_commit"": ""9271a43e083f5e86ab24744a6bfea09886cf3334"", ""path"": ""docs/audits/external_research_inputs_2026-06-20/htt_beyond_mes_egs_theorem_program_2026-06-19.zip!/htt_beyond_mes_egs_theorem_program_2026-06-19/docs/12_consolidated_theorem_statements.md"", ""source_id"": ""htt_pre_rewrite""}",24,24,"14. **B2 — source-rank inverse almost-EGS.** positive source minimum singular value converts \((h,\dot h)\) and nuisance bounds into a kinematic bound; zero rank is no-claim.",[],{},NOT_ESTABLISHED_FOR_THIS_PROPOSAL,NOT_EVALUATED
role-9896e3eec39de8c4,B3,B3 — tight-coupling tracking,research_proposal_candidate,MES/EGS 확장 연구프로그램이 S/G/B/E 축의 정리 목표로 정리한 구체적 진술이다. 기존 문헌 명제와의 차이는 학술 신규성 미검증으로 남긴다.,"{""content_id"": ""fad00fd7e6f460755698883fa3479cd274bd0de9c26cd23a0b9b07e773f9e53e:d283db23"", ""git_blob"": null, ""id"": ""2a568e599a65cc11dfda56bfe8af74f0"", ""observed_commit"": ""9271a43e083f5e86ab24744a6bfea09886cf3334"", ""path"": ""docs/audits/external_research_inputs_2026-06-20/htt_beyond_mes_egs_theorem_program_2026-06-19.zip!/htt_beyond_mes_egs_theorem_program_2026-06-19/docs/12_consolidated_theorem_statements.md"", ""source_id"": ""htt_pre_rewrite""}",25,25,15. **B3 — tight-coupling tracking.** \(Q'+\kappa Q=c_\sigma\sigma\)에서 quasi-static error와 shear inversion error가 explicit memory envelope로 제어된다.,[],{},NOT_ESTABLISHED_FOR_THIS_PROPOSAL,NOT_EVALUATED
role-0d37836a94a9c45b,B4,B4 — visibility rigidity/no-go,research_proposal_candidate,MES/EGS 확장 연구프로그램이 S/G/B/E 축의 정리 목표로 정리한 구체적 진술이다. 기존 문헌 명제와의 차이는 학술 신규성 미검증으로 남긴다.,"{""content_id"": ""fad00fd7e6f460755698883fa3479cd274bd0de9c26cd23a0b9b07e773f9e53e:d283db23"", ""git_blob"": null, ""id"": ""2a568e599a65cc11dfda56bfe8af74f0"", ""observed_commit"": ""9271a43e083f5e86ab24744a6bfea09886cf3334"", ""path"": ""docs/audits/external_research_inputs_2026-06-20/htt_beyond_mes_egs_theorem_program_2026-06-19.zip!/htt_beyond_mes_egs_theorem_program_2026-06-19/docs/12_consolidated_theorem_statements.md"", ""source_id"": ""htt_pre_rewrite""}",26,26,"16. **B4 — visibility rigidity/no-go.** positive kernel와 sign-coherent source이면 inverse LOS bound가 가능하고, sign-changing source이면 일반적으로 불가능하다.",[],{},NOT_ESTABLISHED_FOR_THIS_PROPOSAL,NOT_EVALUATED
role-5f1566de3063c8c0,E1,E1 — remote-observer statistical almost-EGS,research_proposal_candidate,MES/EGS 확장 연구프로그램이 S/G/B/E 축의 정리 목표로 정리한 구체적 진술이다. 기존 문헌 명제와의 차이는 학술 신규성 미검증으로 남긴다.,"{""content_id"": ""fad00fd7e6f460755698883fa3479cd274bd0de9c26cd23a0b9b07e773f9e53e:d283db23"", ""git_blob"": null, ""id"": ""2a568e599a65cc11dfda56bfe8af74f0"", ""observed_commit"": ""9271a43e083f5e86ab24744a6bfea09886cf3334"", ""path"": ""docs/audits/external_research_inputs_2026-06-20/htt_beyond_mes_egs_theorem_program_2026-06-19.zip!/htt_beyond_mes_egs_theorem_program_2026-06-19/docs/12_consolidated_theorem_statements.md"", ""source_id"": ""htt_pre_rewrite""}",30,30,17. **E1 — remote-observer statistical almost-EGS.** remote angular information/derivative/Weyl diagnostics의 physical finite cover와 calibrated MES/Boltzmann bridge가 있으면 regional kinematic fillings와 conservative \(\Pi\) certificate가 구성된다.,[],{},NOT_ESTABLISHED_FOR_THIS_PROPOSAL,NOT_EVALUATED
role-229717dd6ca7353f,T1,T1. Nuisance-projected local identifiability theorem,research_proposal_candidate,후보 문서가 제시한 구체 절/명제다. 조건부·forecast·proved 등의 표기는 원문 역할/가정을 보존할 뿐 이 매핑의 증명 판정이 아니다.,"{""content_id"": ""8530848e41eda1063b98d4ccd3a7e7af5827dd453a7df30fc4cb8a8110143ce2:dd0517db"", ""git_blob"": null, ""id"": ""33805cbd6c628e6c298d16e3d422d6b7"", ""observed_commit"": ""9271a43e083f5e86ab24744a6bfea09886cf3334"", ""path"": ""docs/audits/external_research_inputs_2026-06-20/htt_publishable_novel_analysis_program_2026-06-19.zip!/htt_publishable_novel_analysis_program_2026-06-19/docs/04_theorem_candidates_and_proofs.md"", ""source_id"": ""htt_pre_rewrite""}",7,55,"## T1. Nuisance-projected local identifiability theorem

### Statement

Let

\[
\mathbf y=R_t\theta+R_n\eta+\epsilon,
\qquad
\epsilon\sim\mathcal N(0,C),
\]

with positive-definite \(C\). Define whitened responses

\[
\widetilde R_t=C^{-1/2}R_t,
\qquad
\widetilde R_n=C^{-1/2}R_n,
\]

and let \(P_n^\perp\) be the orthogonal projector onto the complement of \(\operatorname{col}(\widetilde R_n)\). Then \(\theta\) is locally identifiable modulo \(\eta\) if and only if

\[
\operatorname{rank}(P_n^\perp\widetilde R_t)=\dim\theta.
\]

### Proof

Two target parameter perturbations \(\delta\theta_1,\delta\theta_2\) are observationally equivalent modulo nuisance changes if

\[
\widetilde R_t(\delta\theta_1-\delta\theta_2)
\in\operatorname{col}(\widetilde R_n).
\]

Projecting with \(P_n^\perp\) gives

\[
P_n^\perp\widetilde R_t(\delta\theta_1-\delta\theta_2)=0.
\]

Uniqueness of \(\theta\) modulo nuisance therefore holds exactly when the null space of \(P_n^\perp\widetilde R_t\) is trivial, equivalent to full column rank. ∎

### Consequence

If the smallest singular value vanishes, no prior or sampler can create data identifiability. Posterior concentration then comes from prior structure or nonlinear boundaries.

---
","[""ece59d46aa73b2e37b2e5ca2e54616fd""]","{""proof_completion_unconfirmed"": 1}",NOT_ESTABLISHED_FOR_THIS_PROPOSAL,NOT_EVALUATED
role-a66c842a23c92854,T2,T2. Single-response local/global no-go corollary,research_proposal_candidate,후보 문서가 제시한 구체 절/명제다. 조건부·forecast·proved 등의 표기는 원문 역할/가정을 보존할 뿐 이 매핑의 증명 판정이 아니다.,"{""content_id"": ""8530848e41eda1063b98d4ccd3a7e7af5827dd453a7df30fc4cb8a8110143ce2:dd0517db"", ""git_blob"": null, ""id"": ""33805cbd6c628e6c298d16e3d422d6b7"", ""observed_commit"": ""9271a43e083f5e86ab24744a6bfea09886cf3334"", ""path"": ""docs/audits/external_research_inputs_2026-06-20/htt_publishable_novel_analysis_program_2026-06-19.zip!/htt_publishable_novel_analysis_program_2026-06-19/docs/04_theorem_candidates_and_proofs.md"", ""source_id"": ""htt_pre_rewrite""}",56,69,"## T2. Single-response local/global no-go corollary

If local and global amplitudes enter a dataset through proportional response vectors,

\[
R_{\rm glob}=\lambda R_{\rm loc},
\]

then a single amplitude-only dataset cannot distinguish them. This follows immediately from T1 with \(R_{\rm loc}\) in the nuisance block.

This is the formal reason a single direction-marginalized dipole amplitude cannot select global tilt over local boost.

---
","[""de4937e4f007ad69d03e35d38ca43542""]","{""proof_completion_unconfirmed"": 1}",NOT_ESTABLISHED_FOR_THIS_PROPOSAL,NOT_EVALUATED
role-0ffe4939863f555d,T3,T3. Exact log-prior-cutoff sensitivity identity,research_proposal_candidate,후보 문서가 제시한 구체 절/명제다. 조건부·forecast·proved 등의 표기는 원문 역할/가정을 보존할 뿐 이 매핑의 증명 판정이 아니다.,"{""content_id"": ""8530848e41eda1063b98d4ccd3a7e7af5827dd453a7df30fc4cb8a8110143ce2:dd0517db"", ""git_blob"": null, ""id"": ""33805cbd6c628e6c298d16e3d422d6b7"", ""observed_commit"": ""9271a43e083f5e86ab24744a6bfea09886cf3334"", ""path"": ""docs/audits/external_research_inputs_2026-06-20/htt_publishable_novel_analysis_program_2026-06-19.zip!/htt_publishable_novel_analysis_program_2026-06-19/docs/04_theorem_candidates_and_proofs.md"", ""source_id"": ""htt_pre_rewrite""}",70,109,"## T3. Exact log-prior-cutoff sensitivity identity

### Statement

Let a positive amplitude have a normalized log-uniform prior on \([a_-,a_+]\):

\[
\pi(a)=\frac{1}{a\log(a_+/a_-)}.
\]

For likelihood \(L(a)\), define

\[
I=\int_{a_-}^{a_+}L(a)\,d\log a,
\qquad
Z=\frac{I}{\log(a_+/a_-)}.
\]

Then

\[
\frac{\partial\log Z}{\partial\log a_-}
=-\frac{L(a_-)}{I}+\frac{1}{\log(a_+/a_-)},
\]

\[
\frac{\partial\log Z}{\partial\log a_+}
=\frac{L(a_+)}{I}-\frac{1}{\log(a_+/a_-)}.
\]

### Proof

Apply Leibniz differentiation to \(I\) in logarithmic coordinates and differentiate the prior normalization. ∎

### Use

This identity identifies whether a reported evidence value is data-localized or boundary-dominated without relying only on a few ad hoc prior reruns.

---
",[],{},NOT_ESTABLISHED_FOR_THIS_PROPOSAL,NOT_EVALUATED
role-33388bdc10392e43,T4,T4. Fisher-information monotonicity under linear compression,research_proposal_candidate,후보 문서가 제시한 구체 절/명제다. 조건부·forecast·proved 등의 표기는 원문 역할/가정을 보존할 뿐 이 매핑의 증명 판정이 아니다.,"{""content_id"": ""8530848e41eda1063b98d4ccd3a7e7af5827dd453a7df30fc4cb8a8110143ce2:dd0517db"", ""git_blob"": null, ""id"": ""33805cbd6c628e6c298d16e3d422d6b7"", ""observed_commit"": ""9271a43e083f5e86ab24744a6bfea09886cf3334"", ""path"": ""docs/audits/external_research_inputs_2026-06-20/htt_publishable_novel_analysis_program_2026-06-19.zip!/htt_publishable_novel_analysis_program_2026-06-19/docs/04_theorem_candidates_and_proofs.md"", ""source_id"": ""htt_pre_rewrite""}",110,148,"## T4. Fisher-information monotonicity under linear compression

### Statement

Let \(x\sim\mathcal N(\mu(\theta),C)\), with parameter-independent positive-definite \(C\), and let \(y=Ax\). Then

\[
F_y\preceq F_x.
\]

### Proof sketch

The score of the compressed experiment is the conditional expectation of the full score given \(y\). By the law of total variance,

\[
\operatorname{Var}(\mathbb E[s_x\mid y])
\preceq\operatorname{Var}(s_x).
\]

These variances are the Fisher matrices. ∎

### Off-diagonal covariance corollary

At a zero-mean isotropic Gaussian reference \(C=I\), a covariance derivative \(D_i\) has

\[
F_{ij}^{\rm full}=\frac12\operatorname{Tr}(D_iD_j).
\]

If only diagonal covariance responses are kept,

\[
F_{ij}^{\rm diag}=\frac12\sum_a(D_i)_{aa}(D_j)_{aa}.
\]

A purely off-diagonal response has positive full information and zero diagonal information. This establishes a rigorous information basis for a full-covariance MES extension.

---
","[""8ae9d8eb2b2c879ce3c49508266c7cc5""]","{""proof_completion_unconfirmed"": 1}",NOT_ESTABLISHED_FOR_THIS_PROPOSAL,NOT_EVALUATED
role-b31166513c96fbc1,T5,T5. Exact finite-mock false-positive upper bound,research_proposal_candidate,후보 문서가 제시한 구체 절/명제다. 조건부·forecast·proved 등의 표기는 원문 역할/가정을 보존할 뿐 이 매핑의 증명 판정이 아니다.,"{""content_id"": ""8530848e41eda1063b98d4ccd3a7e7af5827dd453a7df30fc4cb8a8110143ce2:dd0517db"", ""git_blob"": null, ""id"": ""33805cbd6c628e6c298d16e3d422d6b7"", ""observed_commit"": ""9271a43e083f5e86ab24744a6bfea09886cf3334"", ""path"": ""docs/audits/external_research_inputs_2026-06-20/htt_publishable_novel_analysis_program_2026-06-19.zip!/htt_publishable_novel_analysis_program_2026-06-19/docs/04_theorem_candidates_and_proofs.md"", ""source_id"": ""htt_pre_rewrite""}",149,164,"## T5. Exact finite-mock false-positive upper bound

If \(N\) independent null mocks produce zero triggers, then the exact one-sided \((1-\alpha)\) upper confidence bound is

\[
p_{\rm FPR}\le1-\alpha^{1/N}.
\]

### Proof

Under true trigger probability \(p\), the probability of zero triggers is \((1-p)^N\). Set this equal to \(\alpha\) and solve for \(p\). ∎

For \(N=100\) and 95% confidence, the bound is about 3%, not zero.

---
",[],{},NOT_ESTABLISHED_FOR_THIS_PROPOSAL,NOT_EVALUATED
role-b2479680617d2d6a,T6,T6. Channel-matched occupancy necessity theorem,research_proposal_candidate,후보 문서가 제시한 구체 절/명제다. 조건부·forecast·proved 등의 표기는 원문 역할/가정을 보존할 뿐 이 매핑의 증명 판정이 아니다.,"{""content_id"": ""8530848e41eda1063b98d4ccd3a7e7af5827dd453a7df30fc4cb8a8110143ce2:dd0517db"", ""git_blob"": null, ""id"": ""33805cbd6c628e6c298d16e3d422d6b7"", ""observed_commit"": ""9271a43e083f5e86ab24744a6bfea09886cf3334"", ""path"": ""docs/audits/external_research_inputs_2026-06-20/htt_publishable_novel_analysis_program_2026-06-19.zip!/htt_publishable_novel_analysis_program_2026-06-19/docs/04_theorem_candidates_and_proofs.md"", ""source_id"": ""htt_pre_rewrite""}",165,182,"## T6. Channel-matched occupancy necessity theorem

### Statement

Let \(X=(X_1,\ldots,X_k)\) lie in a product of physically distinct non-negative sectors with ceilings \(U_j>0\). A scalar ratio

\[
F=\frac{\sum_j w_jX_j}{U_m}
\]

cannot be interpreted as a fraction of an available physical budget unless the denominator \(U_m\) bounds the same weighted numerator over the stated admissible set.

### Proof

If any sector \(j\ne m\) is unbounded by \(U_m\), choose an admissible sequence with \(X_j\to\infty\) and all other components fixed. Then \(F\) is unbounded and cannot be a filling fraction. Even if all sectors are finite, different sector units or constraint sets make the ratio convention-dependent unless a joint ceiling is proved. Therefore the minimal generally valid occupancy object is the vector \((X_j/U_j)_j\), plus a separately defined signed projection if desired. ∎

---
","[""6919eae2f25db303dcd094dceb92d121""]","{""proof_completion_unconfirmed"": 1}",NOT_ESTABLISHED_FOR_THIS_PROPOSAL,NOT_EVALUATED
role-38aed17ce6749550,T7,T7. Observational equivalence implies family non-identifiability,research_proposal_candidate,후보 문서가 제시한 구체 절/명제다. 조건부·forecast·proved 등의 표기는 원문 역할/가정을 보존할 뿐 이 매핑의 증명 판정이 아니다.,"{""content_id"": ""8530848e41eda1063b98d4ccd3a7e7af5827dd453a7df30fc4cb8a8110143ce2:dd0517db"", ""git_blob"": null, ""id"": ""33805cbd6c628e6c298d16e3d422d6b7"", ""observed_commit"": ""9271a43e083f5e86ab24744a6bfea09886cf3334"", ""path"": ""docs/audits/external_research_inputs_2026-06-20/htt_publishable_novel_analysis_program_2026-06-19.zip!/htt_publishable_novel_analysis_program_2026-06-19/docs/04_theorem_candidates_and_proofs.md"", ""source_id"": ""htt_pre_rewrite""}",183,194,"## T7. Observational equivalence implies family non-identifiability

If two model families induce the same probability distribution for every observable in the adopted experiment,

\[
p(D\mid\mathcal F_1,\theta_1)=p(D\mid\mathcal F_2,\theta_2)
\]

under a parameter mapping covering the relevant support, no statistical test based on those observables can identify the family. Bayes factors then depend on prior volume and parameterization rather than data separation. This is the formal justification for equivalence-class reporting before a native morphology atlas exists.

---
",[],{},NOT_ESTABLISHED_FOR_THIS_PROPOSAL,NOT_EVALUATED
role-b454d1f327ac4d51,T8,T8. Evidence stability under bounded transfer perturbation,research_proposal_candidate,후보 문서가 제시한 구체 절/명제다. 조건부·forecast·proved 등의 표기는 원문 역할/가정을 보존할 뿐 이 매핑의 증명 판정이 아니다.,"{""content_id"": ""8530848e41eda1063b98d4ccd3a7e7af5827dd453a7df30fc4cb8a8110143ce2:dd0517db"", ""git_blob"": null, ""id"": ""33805cbd6c628e6c298d16e3d422d6b7"", ""observed_commit"": ""9271a43e083f5e86ab24744a6bfea09886cf3334"", ""path"": ""docs/audits/external_research_inputs_2026-06-20/htt_publishable_novel_analysis_program_2026-06-19.zip!/htt_publishable_novel_analysis_program_2026-06-19/docs/04_theorem_candidates_and_proofs.md"", ""source_id"": ""htt_pre_rewrite""}",195,224,"## T8. Evidence stability under bounded transfer perturbation

### Statement

Let two transfer prescriptions induce log likelihoods \(\ell_1(\theta)\) and \(\ell_2(\theta)\) with the same normalized prior. If

\[
|\ell_1(\theta)-\ell_2(\theta)|\le\varepsilon
\]

for all \(\theta\), then

\[
|\log Z_1-\log Z_2|\le\varepsilon.
\]

### Proof

The pointwise bound implies

\[
e^{-\varepsilon}e^{\ell_1}\le e^{\ell_2}\le e^{\varepsilon}e^{\ell_1}.
\]

Integrating against the same prior and taking logarithms yields the result. ∎

This theorem turns external-to-native transfer comparison into a quantitative claim-promotion gate.

---
",[],{},NOT_ESTABLISHED_FOR_THIS_PROPOSAL,NOT_EVALUATED
role-cb72abf2f332daad,C1,C1. First-order frame-composition lemma,research_proposal_candidate,후보 문서가 제시한 구체 절/명제다. 조건부·forecast·proved 등의 표기는 원문 역할/가정을 보존할 뿐 이 매핑의 증명 판정이 아니다.,"{""content_id"": ""8530848e41eda1063b98d4ccd3a7e7af5827dd453a7df30fc4cb8a8110143ce2:dd0517db"", ""git_blob"": null, ""id"": ""33805cbd6c628e6c298d16e3d422d6b7"", ""observed_commit"": ""9271a43e083f5e86ab24744a6bfea09886cf3334"", ""path"": ""docs/audits/external_research_inputs_2026-06-20/htt_publishable_novel_analysis_program_2026-06-19.zip!/htt_publishable_novel_analysis_program_2026-06-19/docs/04_theorem_candidates_and_proofs.md"", ""source_id"": ""htt_pre_rewrite""}",227,230,"## C1. First-order frame-composition lemma

For non-relativistic relative velocities, rapidities add and the effective dipole velocity is the signed sum of observer, matter-frame, and local-flow velocities up to \(O(\beta^2)\). Exact vector composition requires the full Lorentz transformation; the first-order approximation is justified at \(\beta\sim10^{-3}\) only after the desired tolerance is stated.
","[""a7cd2b5f9d5a123cf3e860f1d74ad117""]","{""proof_completion_unconfirmed"": 1}",NOT_ESTABLISHED_FOR_THIS_PROPOSAL,NOT_EVALUATED
role-3e3ffebb8f3be8f8,C2,C2. Tomographic separation proposition,research_proposal_candidate,후보 문서가 제시한 구체 절/명제다. 조건부·forecast·proved 등의 표기는 원문 역할/가정을 보존할 뿐 이 매핑의 증명 판정이 아니다.,"{""content_id"": ""8530848e41eda1063b98d4ccd3a7e7af5827dd453a7df30fc4cb8a8110143ce2:dd0517db"", ""git_blob"": null, ""id"": ""33805cbd6c628e6c298d16e3d422d6b7"", ""observed_commit"": ""9271a43e083f5e86ab24744a6bfea09886cf3334"", ""path"": ""docs/audits/external_research_inputs_2026-06-20/htt_publishable_novel_analysis_program_2026-06-19.zip!/htt_publishable_novel_analysis_program_2026-06-19/docs/04_theorem_candidates_and_proofs.md"", ""source_id"": ""htt_pre_rewrite""}",231,234,"## C2. Tomographic separation proposition

Suppose the nuisance-projected local response \(L(z)\) and global response \(G(z)\) are linearly independent over the observed bins and the covariance is positive definite. Then local and global amplitudes are identifiable by T1. The physical content lies in validating the response functions, not in assuming an exponential local decay.
","[""53627e3c58bc1bb6450861628cf5f06b""]","{""proof_completion_unconfirmed"": 1}",NOT_ESTABLISHED_FOR_THIS_PROPOSAL,NOT_EVALUATED
role-2bda87b554a5defa,C3,C3. CMB boost anchor proposition,research_proposal_candidate,후보 문서가 제시한 구체 절/명제다. 조건부·forecast·proved 등의 표기는 원문 역할/가정을 보존할 뿐 이 매핑의 증명 판정이 아니다.,"{""content_id"": ""8530848e41eda1063b98d4ccd3a7e7af5827dd453a7df30fc4cb8a8110143ce2:dd0517db"", ""git_blob"": null, ""id"": ""33805cbd6c628e6c298d16e3d422d6b7"", ""observed_commit"": ""9271a43e083f5e86ab24744a6bfea09886cf3334"", ""path"": ""docs/audits/external_research_inputs_2026-06-20/htt_publishable_novel_analysis_program_2026-06-19.zip!/htt_publishable_novel_analysis_program_2026-06-19/docs/04_theorem_candidates_and_proofs.md"", ""source_id"": ""htt_pre_rewrite""}",235,238,"## C3. CMB boost anchor proposition

If aberration and Doppler modulation are independently estimated with calibrated mask/noise response, they constrain the observer--CMB boost separately from a matter-number-count dipole. A residual coherent matter dipole may then test a matter--radiation rest-frame mismatch.
","[""eeca78494834bbf639c186b76c2fe989""]","{""proof_completion_unconfirmed"": 1}",NOT_ESTABLISHED_FOR_THIS_PROPOSAL,NOT_EVALUATED
role-cc28a1c07b0a94c4,C4,C4. Native morphology necessity for family identification,research_proposal_candidate,후보 문서가 제시한 구체 절/명제다. 조건부·forecast·proved 등의 표기는 원문 역할/가정을 보존할 뿐 이 매핑의 증명 판정이 아니다.,"{""content_id"": ""8530848e41eda1063b98d4ccd3a7e7af5827dd453a7df30fc4cb8a8110143ce2:dd0517db"", ""git_blob"": null, ""id"": ""33805cbd6c628e6c298d16e3d422d6b7"", ""observed_commit"": ""9271a43e083f5e86ab24744a6bfea09886cf3334"", ""path"": ""docs/audits/external_research_inputs_2026-06-20/htt_publishable_novel_analysis_program_2026-06-19.zip!/htt_publishable_novel_analysis_program_2026-06-19/docs/04_theorem_candidates_and_proofs.md"", ""source_id"": ""htt_pre_rewrite""}",239,244,"## C4. Native morphology necessity for family identification

Bianchi family identification requires observables whose response differs across families after orientation, amplitude, transfer, and nuisance marginalization. Scalar departure variables and a direction-marginalized dipole amplitude do not satisfy this requirement. Native \(a_{\ell m}\), polarization, BiPoSH/covariance, or equivalent morphology is therefore necessary.

---
",[],{},NOT_ESTABLISHED_FOR_THIS_PROPOSAL,NOT_EVALUATED
role-6dbdf98fdf5a865f,T9,T9. Nuisance-projected detection-threshold theorem,research_proposal_candidate,후보 문서가 제시한 구체 절/명제다. 조건부·forecast·proved 등의 표기는 원문 역할/가정을 보존할 뿐 이 매핑의 증명 판정이 아니다.,"{""content_id"": ""8530848e41eda1063b98d4ccd3a7e7af5827dd453a7df30fc4cb8a8110143ce2:dd0517db"", ""git_blob"": null, ""id"": ""33805cbd6c628e6c298d16e3d422d6b7"", ""observed_commit"": ""9271a43e083f5e86ab24744a6bfea09886cf3334"", ""path"": ""docs/audits/external_research_inputs_2026-06-20/htt_publishable_novel_analysis_program_2026-06-19.zip!/htt_publishable_novel_analysis_program_2026-06-19/docs/04_theorem_candidates_and_proofs.md"", ""source_id"": ""htt_pre_rewrite""}",245,296,"## T9. Nuisance-projected detection-threshold theorem

### Statement

For the scalar-amplitude Gaussian model

\[
\mathbf y=a\,r+N\eta+\epsilon,
\qquad \epsilon\sim\mathcal N(0,C),
\]

let \(W=C^{-1/2}\) and let \(P_N^\perp\) project orthogonally away from \(\operatorname{col}(WN)\). If

\[
\mathcal I_a=r^T W^T P_N^\perp W r>0,
\]

then the generalized least-squares estimator of \(a\) after nuisance projection has variance

\[
\operatorname{Var}(\widehat a)=\mathcal I_a^{-1}.
\]

Consequently the minimum amplitude giving an expected Wald signal-to-noise \(s\) is

\[
|a|_{\min}=\frac{s}{\sqrt{\mathcal I_a}}.
\]

If \(\mathcal I_a=0\), no finite amplitude threshold exists within the adopted experiment because the target response lies in the nuisance span.

### Proof

Whiten the model and project away the nuisance span:

\[
P_N^\perp W\mathbf y=a\,P_N^\perp Wr+P_N^\perp W\epsilon.
\]

On the projected subspace, the noise covariance is the projector itself. The one-parameter generalized least-squares estimator is

\[
\widehat a=
\frac{r^T W^T P_N^\perp W\mathbf y}
{r^T W^T P_N^\perp Wr}.
\]

Its numerator noise variance is \(\mathcal I_a\), so division by \(\mathcal I_a^2\) yields \(\operatorname{Var}(\widehat a)=\mathcal I_a^{-1}\). The Wald signal-to-noise is \(|a|\sqrt{\mathcal I_a}\), giving the stated threshold. If \(\mathcal I_a=0\), T1 implies non-identifiability. ∎

### Research use

T9 converts the abstract rank condition into a survey-design statement: additional depth bins help only insofar as they add covariance-weighted response directions outside the local/systematic nuisance span.","[""e52314501cac0ed0376aa334ceae07d9""]","{""proof_completion_unconfirmed"": 1}",NOT_ESTABLISHED_FOR_THIS_PROPOSAL,NOT_EVALUATED
role-cec19bb33424924a,T-A1,T-A1 — Cancellation / non-identifiability of isotropy from `x_C`  [Provable],research_proposal_candidate,연구제안서가 구체적인 명제와 증명 목표를 후보로 명시한다.,"{""content_id"": ""f05a6b5aff005cf873671648ae644843bb6604750e8e193ba561188e7bae7f61:dd0517db"", ""git_blob"": null, ""id"": ""1a5f5681768a6c9c93ad07a001ba776b"", ""observed_commit"": ""9271a43e083f5e86ab24744a6bfea09886cf3334"", ""path"": ""docs/audits/external_research_inputs_2026-06-20/publishable_data_analysis_program.zip!/04_THEOREM_CANDIDATES.md"", ""source_id"": ""htt_pre_rewrite""}",11,20,"### T-A1 — Cancellation / non-identifiability of isotropy from `x_C`  [Provable]

**Statement.** The signed map `x_C : ℝ⁴_{≥,≥,·,·} → ℝ` has a cancellation set `Z = {s : x_C(s)=0}` of codimension 1, and `sup_{s∈Z} ‖s‖ = ∞`. Consequently `x_C` is not a proper isotropy functional: for every `ε>0` there exist configurations with `|x_C|<ε` and total magnitude `M=‖s‖` arbitrarily large. Isotropy (`s=0`) is identifiable only from the sector vector, not from `x_C`.

**Proof sketch.** `Z` is the zero set of a nonzero linear functional on ℝ⁴, hence a hyperplane (codim 1). The ray `s(t)=t·(1,1,0,0)` lies in `Z` (since `Σ²−W²=0`) with `‖s(t)‖=t√2 → ∞`. For the `ε`-statement, perturb within `Z`. ∎

**Numerical support.** N1: explicit dim-3 null family; smallest-`|x_C|` decile spans `M` over ~10³×.

**To close.** State the dimension of `Z∩{physical cone}` and the precise sense in which the sector vector is the minimal sufficient statistic for sector identifiability.
",[],{},NOT_ESTABLISHED_FOR_THIS_PROPOSAL,NOT_EVALUATED
role-0b535971595827a0,T-A2,T-A2 — Comparator covariance and the invariant content  [Provable / Conditional],research_proposal_candidate,연구제안서가 구체적인 명제와 증명 목표를 후보로 명시한다.,"{""content_id"": ""f05a6b5aff005cf873671648ae644843bb6604750e8e193ba561188e7bae7f61:dd0517db"", ""git_blob"": null, ""id"": ""1a5f5681768a6c9c93ad07a001ba776b"", ""observed_commit"": ""9271a43e083f5e86ab24744a6bfea09886cf3334"", ""path"": ""docs/audits/external_research_inputs_2026-06-20/publishable_data_analysis_program.zip!/04_THEOREM_CANDIDATES.md"", ""source_id"": ""htt_pre_rewrite""}",21,30,"### T-A2 — Comparator covariance and the invariant content  [Provable / Conditional]

**Statement.** Under the comparator action `χ : s ↦ (λ_χ Σ², λ_χ W², λ_χ Ω_tilt, Ω_{k,aniso}+δ_χ)`, the coordinate `x_C` is **not** invariant: `x_C(χs) = λ_χ(Σ²−W²+Ω_tilt) + Ω_{k,aniso} + δ_χ`. The combination invariant under the multiplicative part is the (shear,vorticity,tilt) magnitude `‖(Σ²,W²,Ω_tilt)‖` up to `λ_χ`; the curvature-reference shift `δ_χ` is the sole source of `x_C` non-invariance. Hence any reported `x_C`/`Q` is meaningful only with its comparator label, and the comparator-stable content is the shear–vorticity–tilt magnitude.

**Proof sketch.** Direct substitution of the action; the multiplicative factor cancels in the normalized magnitude; `δ_χ` enters `x_C` additively and has no invariant completion within the scalar. ∎

**Numerical support.** N2: `x_C` relative spread 45%→>1500%; rescaled norm spread ≪ that.

**To close.** Fix the physical definition of `λ_χ, δ_χ` from the comparator construction (not the documented toy) and prove invariance exactly.
","[""49fad93726b157d89f59065bff9250a8""]","{""proof_completion_unconfirmed"": 1}",NOT_ESTABLISHED_FOR_THIS_PROPOSAL,NOT_EVALUATED
role-7f7d9023cba5b5c4,T-A3,T-A3 — Selection-marginalized boost–tilt separability  [Conditional → Forecast],research_proposal_candidate,연구제안서가 구체적인 명제와 증명 목표를 후보로 명시한다.,"{""content_id"": ""f05a6b5aff005cf873671648ae644843bb6604750e8e193ba561188e7bae7f61:dd0517db"", ""git_blob"": null, ""id"": ""1a5f5681768a6c9c93ad07a001ba776b"", ""observed_commit"": ""9271a43e083f5e86ab24744a6bfea09886cf3334"", ""path"": ""docs/audits/external_research_inputs_2026-06-20/publishable_data_analysis_program.zip!/04_THEOREM_CANDIDATES.md"", ""source_id"": ""htt_pre_rewrite""}",31,40,"### T-A3 — Selection-marginalized boost–tilt separability  [Conditional → Forecast]

**Statement.** Let `b(z)` be the kinematic (boost) dipole profile including the redshift-selection correction of von Hausegger–Dalang (2025), and `τ(z)` a global-tilt profile with transition `z_T`. If `τ` is not in the span of `{b, ∂_β b}` over the observed `z`-range (a genericity condition satisfied when `z_T` lies inside the range), then the residual `r(z) = m(z) − \hat A\,b(z)` (with `\hat A` the LS boost amplitude) has zero expectation under the boost hypothesis and nonzero expectation under the tilt hypothesis, and the Fisher information for boost-vs-tilt separation is `F = Σ_z (Δr(z)/σ_z)² > 0`, growing with depth coverage `z_max` and source count `N` (`σ_z ∝ N^{-1/2}`).

**Proof sketch.** `r` is the projection of `m` onto the orthogonal complement of the boost template; under boost, `E[r]=0`; under tilt, `E[r]=` the component of `τ` orthogonal to `b`, nonzero by the genericity condition. `F` is the standard Gaussian two-hypothesis Fisher information. ∎

**Numerical support.** N3-A: residual AUC→1.0, Fisher sep→~8 with `z_max=3, N=10⁶`. N3-B: the naive flatness statistic is **not** a valid test (FPR→100% under selection stress) — only the residual statistic is calibrated.

**To close.** Replace the toy `b,τ` with the survey-specific selection function and a covariant tilt template (`06` T-B3); propagate the full covariance; report the forecast significance for DESI/Quaia/SKA.
",[],{},NOT_ESTABLISHED_FOR_THIS_PROPOSAL,NOT_EVALUATED
role-64118825a227dd25,T-A4,T-A4 — Tilt-channel projection (one-dimensionality)  [Conditional],research_proposal_candidate,연구제안서가 구체적인 명제와 증명 목표를 후보로 명시한다.,"{""content_id"": ""f05a6b5aff005cf873671648ae644843bb6604750e8e193ba561188e7bae7f61:dd0517db"", ""git_blob"": null, ""id"": ""1a5f5681768a6c9c93ad07a001ba776b"", ""observed_commit"": ""9271a43e083f5e86ab24744a6bfea09886cf3334"", ""path"": ""docs/audits/external_research_inputs_2026-06-20/publishable_data_analysis_program.zip!/04_THEOREM_CANDIDATES.md"", ""source_id"": ""htt_pre_rewrite""}",41,52,"### T-A4 — Tilt-channel projection (one-dimensionality)  [Conditional]

**Statement.** Under the dipole premise and the legacy transfer, the FLRW-departure log-evidence decomposes additively as `ln B = ln B_tilt + ln B_shear + I` with `ln B_shear ≤ 0` (anisotropic shear geometry disfavoured) and `ln B_tilt / ln B ≈ 1`. The data project onto the one-dimensional tilt subspace; the geometric (shear/vorticity) directions carry no positive evidence.

**Proof sketch / status.** Empirical decomposition (manuscript ch07/ch08): `ln B_tilt=+26.40`, `ln B_shear=−0.87`, `I=−0.07`. `ln B_shear≤0` follows from the shear adding an Occam-penalized parameter that the data set to zero (the data prefer `Σ²=0`). One-dimensionality = the evidence is a monotone function of the single tilt rapidity `β`.

**Numerical support.** N5: tilt fraction ~104%; sign structure stable in 20k channel reweightings (0 violations).

**To close.** Establish the decomposition as an orthogonal evidence projection under a stated prior factorization; bound `I`; restate transfer-conditionally.

---
","[""ad8bac17116f324a0acde125c722acfd""]","{""proof_completion_unconfirmed"": 1}",NOT_ESTABLISHED_FOR_THIS_PROPOSAL,NOT_EVALUATED
role-c512d8fb1c4e1efb,T-B1,"T-B1 — Almost-EGS tilt loophole (sharpened)  [Conditional, grounded]",research_proposal_candidate,연구제안서가 구체적인 명제와 증명 목표를 후보로 명시한다.,"{""content_id"": ""f05a6b5aff005cf873671648ae644843bb6604750e8e193ba561188e7bae7f61:dd0517db"", ""git_blob"": null, ""id"": ""1a5f5681768a6c9c93ad07a001ba776b"", ""observed_commit"": ""9271a43e083f5e86ab24744a6bfea09886cf3334"", ""path"": ""docs/audits/external_research_inputs_2026-06-20/publishable_data_analysis_program.zip!/04_THEOREM_CANDIDATES.md"", ""source_id"": ""htt_pre_rewrite""}",55,62,"### T-B1 — Almost-EGS tilt loophole (sharpened)  [Conditional, grounded]

**Statement.** An almost-isotropic CMB temperature field (to `O(ε)`) for all fundamental observers, together with the Copernican principle, bounds the shear scalar `Σ = O(ε)` (Stoeger–Maartens–Ellis 1995) **only under additional constraints on the multipole derivatives**, and does **not** bound the tilt rapidity `β` of the matter frame nor the curl degrees of freedom (`curl E_{ab}`, `curl σ_{ab}`, `H_{ab}`). Hence a tilt `β ~ O(\text{dipole})` is compatible with an almost-isotropic CMB, and the matter dipole is the unique low-order observational handle on it.

**Status.** Grounded: SME almost-EGS + the explicit counterexamples of Nilsson–Uggla–Wainwright–Lim (1999) and Lim–Nilsson–Wainwright (2001) (""an almost isotropic CMB temperature does not imply an almost isotropic universe""); the unconstrained curl d.o.f. are noted in the covariant-cosmology reviews. This is the GR justification for the tilt-sector focus.

**To close.** Write the explicit `1+3` multipole-constraint chain showing exactly which derivative conditions are needed and where `β` escapes; cite the loophole literature precisely.
",[],{},NOT_ESTABLISHED_FOR_THIS_PROPOSAL,NOT_EVALUATED
role-bb9096c34c348bc0,T-B2,T-B2 — Tilt-sector confinement (exclusion)  [Conditional],research_proposal_candidate,연구제안서가 구체적인 명제와 증명 목표를 후보로 명시한다.,"{""content_id"": ""f05a6b5aff005cf873671648ae644843bb6604750e8e193ba561188e7bae7f61:dd0517db"", ""git_blob"": null, ""id"": ""1a5f5681768a6c9c93ad07a001ba776b"", ""observed_commit"": ""9271a43e083f5e86ab24744a6bfea09886cf3334"", ""path"": ""docs/audits/external_research_inputs_2026-06-20/publishable_data_analysis_program.zip!/04_THEOREM_CANDIDATES.md"", ""source_id"": ""htt_pre_rewrite""}",63,72,"### T-B2 — Tilt-sector confinement (exclusion)  [Conditional]

**Statement.** Let the observed matter dipole correspond to a departure amplitude `A_obs`. Under the MES linear shear ceiling `Σ²_max` and the Saadeh vorticity bound `W² < W²_Saadeh`, any FLRW departure that reproduces `A_obs` through the geometric (shear/vorticity) sector is excluded: the Frobenius-coupled vorticity required by a dipole-scale shear exceeds `W²_Saadeh` by ~8 orders of magnitude, and the shear required for the observed CMB quadrupole saturates/exceeds the MES window. Therefore the departure is confined to the tilt (boost) sector.

**Proof sketch.** `W² = R_WS² Σ²` (Frobenius coupling); a shear in the CMB sensitivity window `σ/H ~ 10⁻⁶` gives `W² ~ 10⁻¹³ ≫ W²_Saadeh ~ 10⁻²¹`; the tilt defect `Ω_tilt ~ (1+w)Ω_m sinh²β ~ β²` reproduces `A_obs` at the observed `β` without geometric shear. ∎ (orders-of-magnitude)

**Numerical support.** N4: vorticity margin ~8 dex over the Saadeh bound; tilt occupies ~2.7× the linear shear ceiling.

**To close.** Use the physical `Σ²_max`, `W²_Saadeh`, and `R_WS` (not toy values); state the exclusion confidence as a function of the bound uncertainties.
",[],{},NOT_ESTABLISHED_FOR_THIS_PROPOSAL,NOT_EVALUATED
role-3e449104c2c16bb3,T-B3,"T-B3 — Depth signature of a global tilt  [Conditional, template]",research_proposal_candidate,연구제안서가 구체적인 명제와 증명 목표를 후보로 명시한다.,"{""content_id"": ""f05a6b5aff005cf873671648ae644843bb6604750e8e193ba561188e7bae7f61:dd0517db"", ""git_blob"": null, ""id"": ""1a5f5681768a6c9c93ad07a001ba776b"", ""observed_commit"": ""9271a43e083f5e86ab24744a6bfea09886cf3334"", ""path"": ""docs/audits/external_research_inputs_2026-06-20/publishable_data_analysis_program.zip!/04_THEOREM_CANDIDATES.md"", ""source_id"": ""htt_pre_rewrite""}",73,80,"### T-B3 — Depth signature of a global tilt  [Conditional, template]

**Statement.** A global tilt (Turner tilted universe; Tsagas tilted cosmology) produces a matter-dipole amplitude that is redshift-dependent, with a transition redshift `z_T` at which the tilt contribution to the deceleration/peculiar dipole changes sign or behaviour, distinct from the (selection-corrected) kinematic profile.

**Status.** Grounded in the tilted-cosmology literature (the q-dipole sign change at a transition redshift). Stated as a *template*, not a numerical prediction, because `z_T` and the amplitude depend on the tilt model.

**To close.** Derive `z_T(model)` from the covariant tilt evolution; supply the template `τ(z)` used in T-A3/N3 from this derivation rather than the toy `tanh`.
",[],{},NOT_ESTABLISHED_FOR_THIS_PROPOSAL,NOT_EVALUATED
role-7f2b20fd335a5e71,T-B4,T-B4 (secondary) — Neutrino-quadrupole exact closure  [Conditional],research_proposal_candidate,연구제안서가 구체적인 명제와 증명 목표를 후보로 명시한다.,"{""content_id"": ""f05a6b5aff005cf873671648ae644843bb6604750e8e193ba561188e7bae7f61:dd0517db"", ""git_blob"": null, ""id"": ""1a5f5681768a6c9c93ad07a001ba776b"", ""observed_commit"": ""9271a43e083f5e86ab24744a6bfea09886cf3334"", ""path"": ""docs/audits/external_research_inputs_2026-06-20/publishable_data_analysis_program.zip!/04_THEOREM_CANDIDATES.md"", ""source_id"": ""htt_pre_rewrite""}",81,86,"### T-B4 (secondary) — Neutrino-quadrupole exact closure  [Conditional]

**Statement.** For collisionless neutrinos after decoupling, the `T_eff` tangency diagnostic `D_{ν,≥2}=0` holds exactly, so the finite-dimensional `T_eff` manifold is an invariant submanifold of the Boltzmann hierarchy and the neutrino quadrupole closure is exact (not perturbative). (Transfer-conditional for the resulting `D₂` share.)

---
",[],{},NOT_ESTABLISHED_FOR_THIS_PROPOSAL,NOT_EVALUATED
role-a974dcb75935f0d6,T-C1,T-C1 — Falsifiable tomographic discriminant (forecast)  [Forecast],research_proposal_candidate,연구제안서가 구체적인 명제와 증명 목표를 후보로 명시한다.,"{""content_id"": ""f05a6b5aff005cf873671648ae644843bb6604750e8e193ba561188e7bae7f61:dd0517db"", ""git_blob"": null, ""id"": ""1a5f5681768a6c9c93ad07a001ba776b"", ""observed_commit"": ""9271a43e083f5e86ab24744a6bfea09886cf3334"", ""path"": ""docs/audits/external_research_inputs_2026-06-20/publishable_data_analysis_program.zip!/04_THEOREM_CANDIDATES.md"", ""source_id"": ""htt_pre_rewrite""}",89,98,"### T-C1 — Falsifiable tomographic discriminant (forecast)  [Forecast]

**Statement.** The selection-marginalized residual tomographic dipole profile `r(z)` is, under the tilt hypothesis, a specific function of `z` (the orthogonalized tilt template of T-B3). A measurement of `r(z)` over `z ∈ [0, z_max]` with `N` sources distinguishes boost from tilt at a significance set by the Fisher information of T-A3; with `z_max ≳ 3` and `N ≳ 10⁶` (DESI/Quaia/SKA-scale), the separation is decisive in the toy, and the naive flatness test is explicitly invalid.

**Status.** Forecast, demonstrated in N3. This is the central publishable data-analysis result: **a concrete, falsifiable test that future tomographic dipole data can run, with the correct (selection-marginalized) statistic and a covariant tilt template.**

**To close.** Apply to real DESI DR1 QSO / Quaia / radio with the survey selection function; report the measured `r(z)` and the boost-vs-tilt likelihood ratio with full systematics (mask, magnification bias, estimator) per `07`.

---
",[],{},NOT_ESTABLISHED_FOR_THIS_PROPOSAL,NOT_EVALUATED
role-b6cd7fef04e0bb47,A1,"identifiable subspace of `g=(Σ²,W²,Ω_tilt,Ω_k)` from {CMB-T, radial-v} is rank 2; `W²,Ω_k` in the joint null",research_proposal_candidate,원문 후보 문서의 개별 표/행이다. 원문의 proved/conditional/forecast 표기는 전사한 맥락이며 본 작업의 검증 판정이 아니다.,"{""content_id"": ""9bdab9a3b04f0332101f8eb11d9416dd7358a43b38d6e90729c148df10304da2:dd0517db"", ""git_blob"": ""bf897fd9f8794b980a72d719a3a4a08f912f361d"", ""id"": ""bc712254a83d2afa9f660b1b0e021d53"", ""observed_commit"": ""1650fbcccab4fc7fcfb84abc89c85e5b0631d5ea"", ""path"": ""docs/research_program/egs3/THEOREM_CANDIDATES.md"", ""source_id"": ""htt_base""}",11,11,"| A1 ★ | identifiable subspace of `g=(Σ²,W²,Ω_tilt,Ω_k)` from {CMB-T, radial-v} is rank 2; `W²,Ω_k` in the joint null | `obsstat/egs3_graded_comparator.py` · `test_egs3_axis_a::A1*` | proved |",[],{},NOT_ESTABLISHED_FOR_THIS_PROPOSAL,NOT_EVALUATED
role-f7be82ba76146c63,A1,"identifiable subspace of `g=(Σ²,W²,Ω_tilt,Ω_k)` from {CMB-T, radial-v} is rank 2; `W²,Ω_k` in the joint null",research_proposal_candidate,원문 후보 문서의 개별 표/행이다. 원문의 proved/conditional/forecast 표기는 전사한 맥락이며 본 작업의 검증 판정이 아니다.,"{""content_id"": ""5592027a896d761afade914f82b7879195a8aef2b5e04655ff1f10bdef81f6eb:dd0517db"", ""git_blob"": ""820af7e366e98b3d27e91318fac399e5b9e50a61"", ""id"": ""3b63db0c6189ca12d80f1475459a3927"", ""observed_commit"": ""2fb6d89d202e14bce3c238e68a15d16c22d7eb8c"", ""path"": ""docs/research_program/egs3/THEOREM_CANDIDATES.md"", ""source_id"": ""htt_base""}",11,11,"| A1 ★ | identifiable subspace of `g=(Σ²,W²,Ω_tilt,Ω_k)` from {CMB-T, radial-v} is rank 2; `W²,Ω_k` in the joint null | `obsstat/egs3_graded_comparator.py` · `test_egs3_axis_a::A1*` | proved |",[],{},NOT_ESTABLISHED_FOR_THIS_PROPOSAL,NOT_EVALUATED
role-5c74d4ea13cfeafd,A2,the NT2-A1 Fisher–CR floor is reparametrization-invariant → one floor bounds all five scalars,research_proposal_candidate,원문 후보 문서의 개별 표/행이다. 원문의 proved/conditional/forecast 표기는 전사한 맥락이며 본 작업의 검증 판정이 아니다.,"{""content_id"": ""5592027a896d761afade914f82b7879195a8aef2b5e04655ff1f10bdef81f6eb:dd0517db"", ""git_blob"": ""820af7e366e98b3d27e91318fac399e5b9e50a61"", ""id"": ""3b63db0c6189ca12d80f1475459a3927"", ""observed_commit"": ""2fb6d89d202e14bce3c238e68a15d16c22d7eb8c"", ""path"": ""docs/research_program/egs3/THEOREM_CANDIDATES.md"", ""source_id"": ""htt_base""}",12,12,| A2 | the NT2-A1 Fisher–CR floor is reparametrization-invariant → one floor bounds all five scalars | `egs2_fisher` · `test_egs3_axis_a::A2*` | proved |,[],{},NOT_ESTABLISHED_FOR_THIS_PROPOSAL,NOT_EVALUATED
role-ecafb77c3220731c,A2,the NT2-A1 Fisher–CR floor is reparametrization-invariant → one floor bounds all five scalars,research_proposal_candidate,원문 후보 문서의 개별 표/행이다. 원문의 proved/conditional/forecast 표기는 전사한 맥락이며 본 작업의 검증 판정이 아니다.,"{""content_id"": ""9bdab9a3b04f0332101f8eb11d9416dd7358a43b38d6e90729c148df10304da2:dd0517db"", ""git_blob"": ""bf897fd9f8794b980a72d719a3a4a08f912f361d"", ""id"": ""bc712254a83d2afa9f660b1b0e021d53"", ""observed_commit"": ""1650fbcccab4fc7fcfb84abc89c85e5b0631d5ea"", ""path"": ""docs/research_program/egs3/THEOREM_CANDIDATES.md"", ""source_id"": ""htt_base""}",12,12,| A2 | the NT2-A1 Fisher–CR floor is reparametrization-invariant → one floor bounds all five scalars | `egs2_fisher` · `test_egs3_axis_a::A2*` | proved |,[],{},NOT_ESTABLISHED_FOR_THIS_PROPOSAL,NOT_EVALUATED
role-7ba8532111bde00c,A3,"`Π` is a calibrated **e-value**: `E=1[x>t]/α`, null mean 1, Markov `P(E≥1/β)≤β`; S4 domination ⇒ conservative",research_proposal_candidate,원문 후보 문서의 개별 표/행이다. 원문의 proved/conditional/forecast 표기는 전사한 맥락이며 본 작업의 검증 판정이 아니다.,"{""content_id"": ""9bdab9a3b04f0332101f8eb11d9416dd7358a43b38d6e90729c148df10304da2:dd0517db"", ""git_blob"": ""bf897fd9f8794b980a72d719a3a4a08f912f361d"", ""id"": ""bc712254a83d2afa9f660b1b0e021d53"", ""observed_commit"": ""1650fbcccab4fc7fcfb84abc89c85e5b0631d5ea"", ""path"": ""docs/research_program/egs3/THEOREM_CANDIDATES.md"", ""source_id"": ""htt_base""}",13,13,"| A3 | `Π` is a calibrated **e-value**: `E=1[x>t]/α`, null mean 1, Markov `P(E≥1/β)≤β`; S4 domination ⇒ conservative | `obsstat/egs3_calibration.py` · `A3*` | proved (MC) |",[],{},NOT_ESTABLISHED_FOR_THIS_PROPOSAL,NOT_EVALUATED
role-efdc957e7f4d1194,A3,"`Π` is a calibrated **e-value**: `E=1[x>t]/α`, null mean 1, Markov `P(E≥1/β)≤β`; S4 domination ⇒ conservative",research_proposal_candidate,원문 후보 문서의 개별 표/행이다. 원문의 proved/conditional/forecast 표기는 전사한 맥락이며 본 작업의 검증 판정이 아니다.,"{""content_id"": ""5592027a896d761afade914f82b7879195a8aef2b5e04655ff1f10bdef81f6eb:dd0517db"", ""git_blob"": ""820af7e366e98b3d27e91318fac399e5b9e50a61"", ""id"": ""3b63db0c6189ca12d80f1475459a3927"", ""observed_commit"": ""2fb6d89d202e14bce3c238e68a15d16c22d7eb8c"", ""path"": ""docs/research_program/egs3/THEOREM_CANDIDATES.md"", ""source_id"": ""htt_base""}",13,13,"| A3 | `Π` is a calibrated **e-value**: `E=1[x>t]/α`, null mean 1, Markov `P(E≥1/β)≤β`; S4 domination ⇒ conservative | `obsstat/egs3_calibration.py` · `A3*` | proved (MC) |",[],{},NOT_ESTABLISHED_FOR_THIS_PROPOSAL,NOT_EVALUATED
role-3ebfaddaa628b13f,A4,"`(a₂,a₃,dipole)` Rao-Blackwell-dominates any raw estimator (`Var_RB ≤ Var_raw`)",research_proposal_candidate,원문 후보 문서의 개별 표/행이다. 원문의 proved/conditional/forecast 표기는 전사한 맥락이며 본 작업의 검증 판정이 아니다.,"{""content_id"": ""5592027a896d761afade914f82b7879195a8aef2b5e04655ff1f10bdef81f6eb:dd0517db"", ""git_blob"": ""820af7e366e98b3d27e91318fac399e5b9e50a61"", ""id"": ""3b63db0c6189ca12d80f1475459a3927"", ""observed_commit"": ""2fb6d89d202e14bce3c238e68a15d16c22d7eb8c"", ""path"": ""docs/research_program/egs3/THEOREM_CANDIDATES.md"", ""source_id"": ""htt_base""}",14,14,"| A4 | `(a₂,a₃,dipole)` Rao-Blackwell-dominates any raw estimator (`Var_RB ≤ Var_raw`) | `egs3_calibration.py` · `A4*` | proved |",[],{},NOT_ESTABLISHED_FOR_THIS_PROPOSAL,NOT_EVALUATED
role-4c8966cf7bd263e5,A4,"`(a₂,a₃,dipole)` Rao-Blackwell-dominates any raw estimator (`Var_RB ≤ Var_raw`)",research_proposal_candidate,원문 후보 문서의 개별 표/행이다. 원문의 proved/conditional/forecast 표기는 전사한 맥락이며 본 작업의 검증 판정이 아니다.,"{""content_id"": ""9bdab9a3b04f0332101f8eb11d9416dd7358a43b38d6e90729c148df10304da2:dd0517db"", ""git_blob"": ""bf897fd9f8794b980a72d719a3a4a08f912f361d"", ""id"": ""bc712254a83d2afa9f660b1b0e021d53"", ""observed_commit"": ""1650fbcccab4fc7fcfb84abc89c85e5b0631d5ea"", ""path"": ""docs/research_program/egs3/THEOREM_CANDIDATES.md"", ""source_id"": ""htt_base""}",14,14,"| A4 | `(a₂,a₃,dipole)` Rao-Blackwell-dominates any raw estimator (`Var_RB ≤ Var_raw`) | `egs3_calibration.py` · `A4*` | proved |",[],{},NOT_ESTABLISHED_FOR_THIS_PROPOSAL,NOT_EVALUATED
role-4d0e8ab1bb16d455,B1,"semi-native shear→multipole transfer `r_ℓ`; the genuine floor is a **k-profile**, saturating at 0.632 for super-horizon shear and below at finite k",research_proposal_candidate,원문 후보 문서의 개별 표/행이다. 원문의 proved/conditional/forecast 표기는 전사한 맥락이며 본 작업의 검증 판정이 아니다.,"{""content_id"": ""9bdab9a3b04f0332101f8eb11d9416dd7358a43b38d6e90729c148df10304da2:dd0517db"", ""git_blob"": ""bf897fd9f8794b980a72d719a3a4a08f912f361d"", ""id"": ""bc712254a83d2afa9f660b1b0e021d53"", ""observed_commit"": ""1650fbcccab4fc7fcfb84abc89c85e5b0631d5ea"", ""path"": ""docs/research_program/egs3/THEOREM_CANDIDATES.md"", ""source_id"": ""htt_base""}",20,20,"| B1 ★ | semi-native shear→multipole transfer `r_ℓ`; the genuine floor is a **k-profile**, saturating at 0.632 for super-horizon shear and below at finite k | `bass/transfer/shear_quadrupole_seminative.py` · `test_egs3_axis_b::B1*` | proved (sharpens NT2-A1) |",[],{},NOT_ESTABLISHED_FOR_THIS_PROPOSAL,NOT_EVALUATED
role-8eef1c6e0a1b7e0c,B1,"semi-native shear→multipole transfer `r_ℓ`; the genuine floor is a **k-profile**, saturating at 0.632 for super-horizon shear and below at finite k",research_proposal_candidate,원문 후보 문서의 개별 표/행이다. 원문의 proved/conditional/forecast 표기는 전사한 맥락이며 본 작업의 검증 판정이 아니다.,"{""content_id"": ""5592027a896d761afade914f82b7879195a8aef2b5e04655ff1f10bdef81f6eb:dd0517db"", ""git_blob"": ""820af7e366e98b3d27e91318fac399e5b9e50a61"", ""id"": ""3b63db0c6189ca12d80f1475459a3927"", ""observed_commit"": ""2fb6d89d202e14bce3c238e68a15d16c22d7eb8c"", ""path"": ""docs/research_program/egs3/THEOREM_CANDIDATES.md"", ""source_id"": ""htt_base""}",20,20,"| B1 ★ | semi-native shear→multipole transfer `r_ℓ`; the genuine floor is a **k-profile**, saturating at 0.632 for super-horizon shear and below at finite k | `bass/transfer/shear_quadrupole_seminative.py` · `test_egs3_axis_b::B1*` | proved (sharpens NT2-A1) |",[],{},NOT_ESTABLISHED_FOR_THIS_PROPOSAL,NOT_EVALUATED
role-5387340246348d70,B2,depth gap is a **Volterra functional** of `Π` with kernel `exp(−3∫H)`; verified == ODE + Grönwall,research_proposal_candidate,원문 후보 문서의 개별 표/행이다. 원문의 proved/conditional/forecast 표기는 전사한 맥락이며 본 작업의 검증 판정이 아니다.,"{""content_id"": ""5592027a896d761afade914f82b7879195a8aef2b5e04655ff1f10bdef81f6eb:dd0517db"", ""git_blob"": ""820af7e366e98b3d27e91318fac399e5b9e50a61"", ""id"": ""3b63db0c6189ca12d80f1475459a3927"", ""observed_commit"": ""2fb6d89d202e14bce3c238e68a15d16c22d7eb8c"", ""path"": ""docs/research_program/egs3/THEOREM_CANDIDATES.md"", ""source_id"": ""htt_base""}",21,21,| B2 | depth gap is a **Volterra functional** of `Π` with kernel `exp(−3∫H)`; verified == ODE + Grönwall | `obsstat/egs3_volterra_memory.py` · `B2*` | proved |,[],{},NOT_ESTABLISHED_FOR_THIS_PROPOSAL,NOT_EVALUATED
role-91a5d12039be0c5e,B2,depth gap is a **Volterra functional** of `Π` with kernel `exp(−3∫H)`; verified == ODE + Grönwall,research_proposal_candidate,원문 후보 문서의 개별 표/행이다. 원문의 proved/conditional/forecast 표기는 전사한 맥락이며 본 작업의 검증 판정이 아니다.,"{""content_id"": ""9bdab9a3b04f0332101f8eb11d9416dd7358a43b38d6e90729c148df10304da2:dd0517db"", ""git_blob"": ""bf897fd9f8794b980a72d719a3a4a08f912f361d"", ""id"": ""bc712254a83d2afa9f660b1b0e021d53"", ""observed_commit"": ""1650fbcccab4fc7fcfb84abc89c85e5b0631d5ea"", ""path"": ""docs/research_program/egs3/THEOREM_CANDIDATES.md"", ""source_id"": ""htt_base""}",21,21,| B2 | depth gap is a **Volterra functional** of `Π` with kernel `exp(−3∫H)`; verified == ODE + Grönwall | `obsstat/egs3_volterra_memory.py` · `B2*` | proved |,[],{},NOT_ESTABLISHED_FOR_THIS_PROPOSAL,NOT_EVALUATED
role-7f49db886d105c84,B3,"vorticity re-opens in the **transverse** velocity channel (`n·Ω·m≠0`, rank 3); CMB B-modes named",research_proposal_candidate,원문 후보 문서의 개별 표/행이다. 원문의 proved/conditional/forecast 표기는 전사한 맥락이며 본 작업의 검증 판정이 아니다.,"{""content_id"": ""9bdab9a3b04f0332101f8eb11d9416dd7358a43b38d6e90729c148df10304da2:dd0517db"", ""git_blob"": ""bf897fd9f8794b980a72d719a3a4a08f912f361d"", ""id"": ""bc712254a83d2afa9f660b1b0e021d53"", ""observed_commit"": ""1650fbcccab4fc7fcfb84abc89c85e5b0631d5ea"", ""path"": ""docs/research_program/egs3/THEOREM_CANDIDATES.md"", ""source_id"": ""htt_base""}",22,22,"| B3 | vorticity re-opens in the **transverse** velocity channel (`n·Ω·m≠0`, rank 3); CMB B-modes named | `obsstat/egs3_vorticity_channels.py` · `B3*` | proved |",[],{},NOT_ESTABLISHED_FOR_THIS_PROPOSAL,NOT_EVALUATED
role-f4af788f176b8ead,B3,"vorticity re-opens in the **transverse** velocity channel (`n·Ω·m≠0`, rank 3); CMB B-modes named",research_proposal_candidate,원문 후보 문서의 개별 표/행이다. 원문의 proved/conditional/forecast 표기는 전사한 맥락이며 본 작업의 검증 판정이 아니다.,"{""content_id"": ""5592027a896d761afade914f82b7879195a8aef2b5e04655ff1f10bdef81f6eb:dd0517db"", ""git_blob"": ""820af7e366e98b3d27e91318fac399e5b9e50a61"", ""id"": ""3b63db0c6189ca12d80f1475459a3927"", ""observed_commit"": ""2fb6d89d202e14bce3c238e68a15d16c22d7eb8c"", ""path"": ""docs/research_program/egs3/THEOREM_CANDIDATES.md"", ""source_id"": ""htt_base""}",22,22,"| B3 | vorticity re-opens in the **transverse** velocity channel (`n·Ω·m≠0`, rank 3); CMB B-modes named | `obsstat/egs3_vorticity_channels.py` · `B3*` | proved |",[],{},NOT_ESTABLISHED_FOR_THIS_PROPOSAL,NOT_EVALUATED
role-5e8d89665f9ac8c1,B4,"covariant bracket constants: H3 coefficient `κ/(1+R)`, nondegeneracy `C_up κ(1+R)>1` (κ=4/21,C_up=9)",research_proposal_candidate,원문 후보 문서의 개별 표/행이다. 원문의 proved/conditional/forecast 표기는 전사한 맥락이며 본 작업의 검증 판정이 아니다.,"{""content_id"": ""5592027a896d761afade914f82b7879195a8aef2b5e04655ff1f10bdef81f6eb:dd0517db"", ""git_blob"": ""820af7e366e98b3d27e91318fac399e5b9e50a61"", ""id"": ""3b63db0c6189ca12d80f1475459a3927"", ""observed_commit"": ""2fb6d89d202e14bce3c238e68a15d16c22d7eb8c"", ""path"": ""docs/research_program/egs3/THEOREM_CANDIDATES.md"", ""source_id"": ""htt_base""}",23,23,"| B4 | covariant bracket constants: H3 coefficient `κ/(1+R)`, nondegeneracy `C_up κ(1+R)>1` (κ=4/21,C_up=9) | `wolfram/egs3_bracket_constants.wls` · `make egs3-wolfram` | symbolic PASS |",[],{},NOT_ESTABLISHED_FOR_THIS_PROPOSAL,NOT_EVALUATED
role-b78fce37349e2480,B4,"covariant bracket constants: H3 coefficient `κ/(1+R)`, nondegeneracy `C_up κ(1+R)>1` (κ=4/21,C_up=9)",research_proposal_candidate,원문 후보 문서의 개별 표/행이다. 원문의 proved/conditional/forecast 표기는 전사한 맥락이며 본 작업의 검증 판정이 아니다.,"{""content_id"": ""9bdab9a3b04f0332101f8eb11d9416dd7358a43b38d6e90729c148df10304da2:dd0517db"", ""git_blob"": ""bf897fd9f8794b980a72d719a3a4a08f912f361d"", ""id"": ""bc712254a83d2afa9f660b1b0e021d53"", ""observed_commit"": ""1650fbcccab4fc7fcfb84abc89c85e5b0631d5ea"", ""path"": ""docs/research_program/egs3/THEOREM_CANDIDATES.md"", ""source_id"": ""htt_base""}",23,23,"| B4 | covariant bracket constants: H3 coefficient `κ/(1+R)`, nondegeneracy `C_up κ(1+R)>1` (κ=4/21,C_up=9) | `wolfram/egs3_bracket_constants.wls` · `make egs3-wolfram` | symbolic PASS |",[],{},NOT_ESTABLISHED_FOR_THIS_PROPOSAL,NOT_EVALUATED
role-093c5a1eb17fd09f,T1,T1. Rank-Aware Comparator Identifiability,research_proposal_candidate,후보 문서가 제시한 구체 절/명제다. 조건부·forecast·proved 등의 표기는 원문 역할/가정을 보존할 뿐 이 매핑의 증명 판정이 아니다.,"{""content_id"": ""1ae2208a62879350ab764671e53fb6be6713c92e15ed917ca196abf9484d494e:dd0517db"", ""git_blob"": ""d08f398e74652e2d39f65633dbf04251d07143db"", ""id"": ""707511830e29bf3c6f517863b13d7744"", ""observed_commit"": ""058a6f1c1d9f7e6ea2ec46adc68d6160a55084f4"", ""path"": ""docs/research_program/publishable_analysis_pack_2026-06-26/THEOREM_CANDIDATES.md"", ""source_id"": ""htt_base""}",7,29,"### T1. Rank-Aware Comparator Identifiability

Statement candidate:

Let `R: Theta -> X` be the registered linearized response map from physical sectors to observable features after masking, nuisance projection, and fixed preprocessing. Then only `im(R)` is identifiable from the feature vector without additional prior information. Components in `ker(R)` are blind sectors. Any scalar comparator `x_C = c^T theta` is data-identified only through its projection onto `row(R)`.

Strong consequence:

- A rank-2 reachable comparator plus named blind sectors is a positive result, not a failed detection.
- Missing sectors cannot be set to zero in PR08-006.

Numerical witness:

- simulate a response matrix with two reachable columns and two blind columns;
- verify rank, null columns, and row-space projection;
- verify local/global response-overlap after nuisance projection.

Executable hook:

```bash
venv/bin/python docs/research_program/publishable_analysis_pack_2026-06-26/scripts/candidate_experiments.py --experiment rank_evalue
```
",[],{},NOT_ESTABLISHED_FOR_THIS_PROPOSAL,NOT_EVALUATED
role-f4622347eaae21e9,T2,T2. Mixture E-Value Calibration For Registered Look-Elsewhere Scans,research_proposal_candidate,후보 문서가 제시한 구체 절/명제다. 조건부·forecast·proved 등의 표기는 원문 역할/가정을 보존할 뿐 이 매핑의 증명 판정이 아니다.,"{""content_id"": ""1ae2208a62879350ab764671e53fb6be6713c92e15ed917ca196abf9484d494e:dd0517db"", ""git_blob"": ""d08f398e74652e2d39f65633dbf04251d07143db"", ""id"": ""707511830e29bf3c6f517863b13d7744"", ""observed_commit"": ""058a6f1c1d9f7e6ea2ec46adc68d6160a55084f4"", ""path"": ""docs/research_program/publishable_analysis_pack_2026-06-26/THEOREM_CANDIDATES.md"", ""source_id"": ""htt_base""}",30,46,"### T2. Mixture E-Value Calibration For Registered Look-Elsewhere Scans

Statement candidate:

If `E_j >= 0` are registered null e-values with `E_0[E_j] <= 1`, then any convex mixture `E_mix = sum_j w_j E_j`, `w_j >= 0`, `sum_j w_j = 1`, is an e-value. Therefore `P_0(E_mix >= 1/alpha) <= alpha`. This supports a registered low-ell max/mixture scan without pretending the selected statistic was fixed after seeing data.

Strong consequence:

- K1 can make a global calibration claim after FFP10/NPIPE E2E summaries are bound.
- The result is not a family/classification claim.

Numerical witness:

- simulate null e-values with unit mean;
- verify empirical threshold exceedances stay near the Markov envelope;
- report finite-sample uncertainty separately.
",[],{},NOT_ESTABLISHED_FOR_THIS_PROPOSAL,NOT_EVALUATED
role-c4368b5dcc44c6f5,T3,T3. Finite-Mock Coverage Decomposition,research_proposal_candidate,후보 문서가 제시한 구체 절/명제다. 조건부·forecast·proved 등의 표기는 원문 역할/가정을 보존할 뿐 이 매핑의 증명 판정이 아니다.,"{""content_id"": ""1ae2208a62879350ab764671e53fb6be6713c92e15ed917ca196abf9484d494e:dd0517db"", ""git_blob"": ""d08f398e74652e2d39f65633dbf04251d07143db"", ""id"": ""707511830e29bf3c6f517863b13d7744"", ""observed_commit"": ""058a6f1c1d9f7e6ea2ec46adc68d6160a55084f4"", ""path"": ""docs/research_program/publishable_analysis_pack_2026-06-26/THEOREM_CANDIDATES.md"", ""source_id"": ""htt_base""}",47,57,"### T3. Finite-Mock Coverage Decomposition

Statement candidate:

For release-matched mocks, bulk-flow uncertainty decomposes into measurement variance plus cosmic-variance coverage only if the mocks share the release selection, frame, distance-error model, and estimator. A self-injection or non-release mock cannot estimate the same coverage functional.

Strong consequence:

- K5 can publish a coverage result once mock ownership is present.
- Without release-matched mocks, only mechanics and diagnostics are claimable.
",[],{},NOT_ESTABLISHED_FOR_THIS_PROPOSAL,NOT_EVALUATED
role-dd7947c201aa2683,G1,G1. Visibility-Weighted Boltzmann Transfer Contraction,research_proposal_candidate,후보 문서가 제시한 구체 절/명제다. 조건부·forecast·proved 등의 표기는 원문 역할/가정을 보존할 뿐 이 매핑의 증명 판정이 아니다.,"{""content_id"": ""1ae2208a62879350ab764671e53fb6be6713c92e15ed917ca196abf9484d494e:dd0517db"", ""git_blob"": ""d08f398e74652e2d39f65633dbf04251d07143db"", ""id"": ""707511830e29bf3c6f517863b13d7744"", ""observed_commit"": ""058a6f1c1d9f7e6ea2ec46adc68d6160a55084f4"", ""path"": ""docs/research_program/publishable_analysis_pack_2026-06-26/THEOREM_CANDIDATES.md"", ""source_id"": ""htt_base""}",60,94,"### G1. Visibility-Weighted Boltzmann Transfer Contraction

Statement candidate:

For a single shear-sourced low-ell mode with source `S(eta)` and normalized visibility `g(eta)`, the line-of-sight response

```text
T_l(k) = integral g(eta) S(eta) j_l(k(eta0 - eta)) d eta
```

obeys

```text
|T_l(k)| <= integral g(eta) |S(eta)| d eta
```

because `|j_l(x)| <= 1`. For `l > 0`, the superhorizon response has the expected small-`k` scaling from the spherical-Bessel expansion. This is a direct Boltzmann-equation transfer statement for the single-mode bridge, not a native atlas.

Strong consequence:

- The semi-native single-mode transfer can support bounded low-ell response profiles.
- It cannot support native-atlas-dependent family/classification language.

Numerical witness:

- evaluate `T_2(k)` and `T_3(k)` over a registered `k` grid;
- verify the contraction bound;
- verify small-`k` scaling ratios.

Executable hook:

```bash
venv/bin/python docs/research_program/publishable_analysis_pack_2026-06-26/scripts/candidate_experiments.py --experiment boltzmann_visibility
```
",[],{},NOT_ESTABLISHED_FOR_THIS_PROPOSAL,NOT_EVALUATED
role-5a0398b9267a2744,G2,G2. Volterra Depth-Memory Stability,research_proposal_candidate,후보 문서가 제시한 구체 절/명제다. 조건부·forecast·proved 등의 표기는 원문 역할/가정을 보존할 뿐 이 매핑의 증명 판정이 아니다.,"{""content_id"": ""1ae2208a62879350ab764671e53fb6be6713c92e15ed917ca196abf9484d494e:dd0517db"", ""git_blob"": ""d08f398e74652e2d39f65633dbf04251d07143db"", ""id"": ""707511830e29bf3c6f517863b13d7744"", ""observed_commit"": ""058a6f1c1d9f7e6ea2ec46adc68d6160a55084f4"", ""path"": ""docs/research_program/publishable_analysis_pack_2026-06-26/THEOREM_CANDIDATES.md"", ""source_id"": ""htt_base""}",95,110,"### G2. Volterra Depth-Memory Stability

Statement candidate:

For a depth response `F(z)` obeying a first-order relaxation equation with source `Pi(z)`, the Volterra integral representation with positive damping kernel is equivalent to the ODE solution and has Gronwall-stable perturbation bounds. If the source is depth-steady, the normalized depth gap is unity; sign-definite depth growth creates a non-unit gap.

Strong consequence:

- `G_F` is a meaningful depth-memory diagnostic when depth bins, covariance, and null status are recorded.
- It is not by itself a global-tilt evidence term.

Numerical witness:

- solve ODE and Volterra forms on the same grid;
- check max discrepancy and gap monotonicity.
",[],{},NOT_ESTABLISHED_FOR_THIS_PROPOSAL,NOT_EVALUATED
role-a2bd0d37845fc770,G3,G3. Radial Vorticity Blindness And Transverse Reopening,research_proposal_candidate,후보 문서가 제시한 구체 절/명제다. 조건부·forecast·proved 등의 표기는 원문 역할/가정을 보존할 뿐 이 매핑의 증명 판정이 아니다.,"{""content_id"": ""1ae2208a62879350ab764671e53fb6be6713c92e15ed917ca196abf9484d494e:dd0517db"", ""git_blob"": ""d08f398e74652e2d39f65633dbf04251d07143db"", ""id"": ""707511830e29bf3c6f517863b13d7744"", ""observed_commit"": ""058a6f1c1d9f7e6ea2ec46adc68d6160a55084f4"", ""path"": ""docs/research_program/publishable_analysis_pack_2026-06-26/THEOREM_CANDIDATES.md"", ""source_id"": ""htt_base""}",111,121,"### G3. Radial Vorticity Blindness And Transverse Reopening

Statement candidate:

For antisymmetric vorticity tensor `Omega_ij`, radial velocity projection satisfies `n_i Omega_ij n_j = 0` for every line of sight `n`. Therefore a radial-only field is structurally blind to that sector, while a transverse or affine realization channel can reopen rank.

Strong consequence:

- K6 must use realization-conditioned field information, not a curl-suppressed point field.
- A no-go result is publishable if the field owner only supplies curl-suppressed reconstructions.
",[],{},NOT_ESTABLISHED_FOR_THIS_PROPOSAL,NOT_EVALUATED
role-9fda28d73dd61c26,A37,A37 — Evidence anatomy consistency theorem,research_proposal_candidate,구판 연구계획이 신규 appendix A37로 증명 목표와 근사 합산식을 명시한다. 가정·오차의 정식화 및 후속 구현은 이 역할 판정에서 확인하지 않았다.,"{""content_id"": ""a947d263a1aae41bc657365eda52c57ec0c1db433e9d6dc9382ec0a15f7b533b:c57f56a5"", ""git_blob"": ""6b16878f150eff31243072d5d331426f2e6416e1"", ""id"": ""fed5689e53c55d3f2ead2f0574a5bc99"", ""observed_commit"": ""da35c0f9f464df0adce8063f98de72cf967ba0f9"", ""path"": ""docs/ver2_upgrade/BASS_PY_HTT_TSC_MIO_RESEARCH_PLAN_critical_upgraded.md"", ""source_id"": ""htt_base""}",2856,2856,| A37 | **Evidence anatomy consistency theorem** (Σ channels Δln B ≈ total ln B) | ~200 L |,[],{},NOT_ESTABLISHED_FOR_THIS_PROPOSAL,NOT_EVALUATED
role-46cdb91b7ea8bd66,NT-A1,NT-A1 — Quadrupole–filling EGS identity  [Conditional; flagship],research_proposal_candidate,연구제안서가 구체적인 명제와 증명 목표를 후보로 명시한다.,"{""content_id"": ""c3026228ae45ef85f5c20047e9fe500acf74340420e4fb94ce760f8880289beb:dd0517db"", ""git_blob"": null, ""id"": ""18faa57dcc193765422a31466695db53"", ""observed_commit"": null, ""path"": ""egs_theorem_program.zip!/04_THEOREM_CANDIDATES.md"", ""source_id"": ""main_overlay""}",11,22,"### NT-A1 — Quadrupole–filling EGS identity  [Conditional; flagship]

**Statement.** In the free-streaming era the temperature quadrupole is fixed by the shear, `a₂ = κ·Σ + O(a₃\text{-derivatives})` with `κ` an O(1) covariant coefficient (ETM ℓ=2). Hence the **shear part** of the filling fraction is an EGS-bounded functional of the observed CMB quadrupole,
`F_shear = Σ²/x_max = a₂²/(κ² x_max) ∝ D₂`,
so `F_shear → 0` as `D₂ → 0` (EGS limit: an isotropic CMB forces zero shear-filling). The **tilt part** of `F` is sourced by the dipole `a₁` (velocity/tilt), not the quadrupole, and is therefore *not* bounded by `D₂`.

**Proof sketch.** Integrate the ℓ=2 Liouville multipole over photon energy (ETM trick) to relate `τ_{ab}` to `σ_{ab}`; square and normalize to get `F_shear ∝ a₂² ∝ D₂`. The dipole equation carries the velocity/tilt source `v_a`, decoupled from `τ_{ab}` at this order; hence `Ω_tilt` enters `F` through `a₁`, not `a₂`. ∎ (toy-verified)

**Numerical support.** NT1: `D₂/Σ²` constant to factor 1.00 over three decades; raising `β` moves `τ₁`, leaves `τ₂` at 0.0%.

**To close.** Use the exact covariant ℓ=2 coefficient `κ` and a real low-ℓ transfer; state the EGS-limit bound `F_shear ≤ D₂/(κ² x_max)` with the measured Planck `D₂`.
",[],{},NOT_ESTABLISHED_FOR_THIS_PROPOSAL,NOT_EVALUATED
role-565fa176ca7a3509,NT-A2,NT-A2 — Registered Π test of the almost-EGS H3 assumption  [Conditional],research_proposal_candidate,연구제안서가 구체적인 명제와 증명 목표를 후보로 명시한다.,"{""content_id"": ""c3026228ae45ef85f5c20047e9fe500acf74340420e4fb94ce760f8880289beb:dd0517db"", ""git_blob"": null, ""id"": ""18faa57dcc193765422a31466695db53"", ""observed_commit"": null, ""path"": ""egs_theorem_program.zip!/04_THEOREM_CANDIDATES.md"", ""source_id"": ""main_overlay""}",23,32,"### NT-A2 — Registered Π test of the almost-EGS H3 assumption  [Conditional]

**Statement.** The MES shear bound `Σ ≲ C·a₂` is licensed only under H3. Define the EGS-derivative ratio `R_EGS = a₃/a₂`. Then: if `Π(R_EGS > r*) ` is controlled at a pre-registered `r* = O(1)`, the bound holds; if `R_EGS` exceeds `r*`, the quadrupole no longer pins the shear/Weyl and the bound is void. The report's registered exceedance `Π` is therefore the correct instrument to *certify* the EGS derivative assumption.

**Proof sketch.** H3 is exactly the statement that multipole derivatives are bounded by the multipoles (C1′,C2′); the octupole controls the leading derivative correction to the ℓ=2 relation, so `a₃/a₂ = O(1)` is the operational form of H3. Registering `r*` before looking blocks post-hoc acceptance of the bound. ∎

**Numerical support.** NT3: injected octupole drives `R_EGS` to 5–9 and decouples the quadrupole from the shear (54–2160% shift); `Π(R_EGS>1)=0.80` over the stress series.

**To close.** Map `a₂,a₃` to the measured Planck quadrupole/octupole; report `Π(R_EGS>r*)` with the registered `r*`.
",[],{},NOT_ESTABLISHED_FOR_THIS_PROPOSAL,NOT_EVALUATED
role-85ff10a5d9f8761b,NT-A3,NT-A3 — Information-gain (Fisher / Cramér–Rao) EGS floor on F  [Conditional → Forecast; analytic],research_proposal_candidate,연구제안서가 구체적인 명제와 증명 목표를 후보로 명시한다.,"{""content_id"": ""c3026228ae45ef85f5c20047e9fe500acf74340420e4fb94ce760f8880289beb:dd0517db"", ""git_blob"": null, ""id"": ""18faa57dcc193765422a31466695db53"", ""observed_commit"": null, ""path"": ""egs_theorem_program.zip!/04_THEOREM_CANDIDATES.md"", ""source_id"": ""main_overlay""}",33,42,"### NT-A3 — Information-gain (Fisher / Cramér–Rao) EGS floor on F  [Conditional → Forecast; analytic]

**Statement.** The Boltzmann hierarchy fixes the quadrupole covariance (cosmic variance `Var(a₂) ≳ a₂²/(2·2+1)` plus instrument/foreground terms). Propagating through NT-A1 gives a Cramér–Rao floor on the measurability of the shear-filling: `Var(F_shear) ≥ (∂F_shear/∂a₂)² Var(a₂) = (2 a₂/(κ² x_max))² Var(a₂)`. Hence there is an irreducible EGS-information limit: `F_shear` below `~ (cosmic-variance quadrupole)²/(κ² x_max)` is unmeasurable in principle.

**Proof sketch.** Standard error propagation of NT-A1 with the multipole covariance; the `ℓ=2` cosmic-variance floor sets the minimum resolvable `a₂`, hence the minimum resolvable `F_shear`. ∎

**To close.** A dedicated experiment sampling the quadrupole covariance and reporting the `F`-floor; fold in foreground/mask covariance.

---
",[],{},NOT_ESTABLISHED_FOR_THIS_PROPOSAL,NOT_EVALUATED
role-df53f7b2871550ba,NT-B1,NT-B1 — Beyond-MES octupole-sharpened bound on Σ²/Q  [Conditional; flagship],research_proposal_candidate,연구제안서가 구체적인 명제와 증명 목표를 후보로 명시한다.,"{""content_id"": ""c3026228ae45ef85f5c20047e9fe500acf74340420e4fb94ce760f8880289beb:dd0517db"", ""git_blob"": null, ""id"": ""18faa57dcc193765422a31466695db53"", ""observed_commit"": null, ""path"": ""egs_theorem_program.zip!/04_THEOREM_CANDIDATES.md"", ""source_id"": ""main_overlay""}",45,54,"### NT-B1 — Beyond-MES octupole-sharpened bound on Σ²/Q  [Conditional; flagship]

**Statement.** The MES bound `Σ₀ < C·a₂` (with the calibration `a₂≈a₃≈10⁻⁵ ⇒ Σ₀<10⁻⁴`) is sharpened by the octupole: `Σ₀ < C·a₂·f(a₂,a₃)` with `f(a₂,a₃) = 1 − min(a₃/a₂, f_max) < 1` when `a₃ ≪ a₂`. This tightens the algebraic ceiling `x_max = (3/2)Σ_max²` and hence the admissible range of `Q = x_C/x_max` and `F`.

**Proof sketch.** The next term in the ℓ=2↔shear relation is set by the octupole (the leading derivative correction controlled by H3); when `a₃` is small the derivative correction is small and the inequality tightens by the stated factor. ∎ (toy-verified)

**Numerical support.** NT2: beyond-MES strictly tighter than MES in all rows; the integrated-hierarchy shear respects both.

**To close.** Replace `C` and `f` with the exact MES coefficients (Eqs. 31,35,36) and the measured `a₂,a₃`; quote the sharpened `Σ₀`, `W₀`, and the `Q/F` ceiling.
",[],{},NOT_ESTABLISHED_FOR_THIS_PROPOSAL,NOT_EVALUATED
role-2a9e444fd4a3f8ab,NT-B2,"NT-B2 — Vorticity-EGS + Frobenius joint (Σ²,W²) bound  [Conditional; analytic]",research_proposal_candidate,연구제안서가 구체적인 명제와 증명 목표를 후보로 명시한다.,"{""content_id"": ""c3026228ae45ef85f5c20047e9fe500acf74340420e4fb94ce760f8880289beb:dd0517db"", ""git_blob"": null, ""id"": ""18faa57dcc193765422a31466695db53"", ""observed_commit"": null, ""path"": ""egs_theorem_program.zip!/04_THEOREM_CANDIDATES.md"", ""source_id"": ""main_overlay""}",55,62,"### NT-B2 — Vorticity-EGS + Frobenius joint (Σ²,W²) bound  [Conditional; analytic]

**Statement.** The temperature dipole/curl bounds the vorticity (the MES `W₀<10⁻³` from `a₂,a₃`); combined with the Frobenius coupling `W² = R_WS² Σ²`, the `(Σ²,W²)` block of `x_C` obeys a joint EGS bound `Σ² + W² ≤ (1+R_WS²) Σ²_max(a₂,a₃)`. Because `x_C` carries `Σ²` with `+` and `W²` with `−`, this also bounds the *cancellation* available in `x_C` from the shear/vorticity sector.

**Proof sketch.** MES vorticity inequality in `W²_std`; substitute the Frobenius relation; combine with NT-B1's `Σ²_max`. ∎

**To close.** A dedicated experiment integrating a vortical mode; the exact MES vorticity coefficient.
",[],{},NOT_ESTABLISHED_FOR_THIS_PROPOSAL,NOT_EVALUATED
role-ecd59621e1bd58ca,NT-B3,NT-B3 — Boltzmann line-of-sight transport of G_F  [Conditional],research_proposal_candidate,연구제안서가 구체적인 명제와 증명 목표를 후보로 명시한다.,"{""content_id"": ""c3026228ae45ef85f5c20047e9fe500acf74340420e4fb94ce760f8880289beb:dd0517db"", ""git_blob"": null, ""id"": ""18faa57dcc193765422a31466695db53"", ""observed_commit"": null, ""path"": ""egs_theorem_program.zip!/04_THEOREM_CANDIDATES.md"", ""source_id"": ""main_overlay""}",63,72,"### NT-B3 — Boltzmann line-of-sight transport of G_F  [Conditional]

**Statement.** Since `F_shear ∝ a₂²` (NT-A1) and `a₂` accumulates along the line of sight via the covariant Boltzmann integral, the depth gap `G_F(z) = F(z)/F(z_ref)` obeys a transport relation sourced by the shear history. For a depth-steady shear and no tilt, `G_F(z) ≡ 1` (EGS limit: no depth gap); a depth-evolving tilt (dipole source) imprints a depth dependence on `G_F`.

**Proof sketch.** Differentiate `F(z)` along `u^a` using the LoS form of the ℓ=2 equation; a `z`-independent shear gives `dF/dz = 0`; the tilt enters through the dipole's own `z`-evolution. ∎ (toy-verified)

**Numerical support.** NT4: depth-steady shear → `G_F=1.0000` (spread 0); depth-growing tilt → `G_F` 0.25→1.56.

**To close.** The real LoS transfer and a survey-matched depth binning (links to the prior tomographic forecast `T-C1`, kept separate).
",[],{},NOT_ESTABLISHED_FOR_THIS_PROPOSAL,NOT_EVALUATED
role-f03606e8657137a4,NT-B4,"NT-B4 — Weyl/curl loophole made quantitative  [Conditional, grounded]",research_proposal_candidate,연구제안서가 구체적인 명제와 증명 목표를 후보로 명시한다.,"{""content_id"": ""c3026228ae45ef85f5c20047e9fe500acf74340420e4fb94ce760f8880289beb:dd0517db"", ""git_blob"": null, ""id"": ""18faa57dcc193765422a31466695db53"", ""observed_commit"": null, ""path"": ""egs_theorem_program.zip!/04_THEOREM_CANDIDATES.md"", ""source_id"": ""main_overlay""}",73,82,"### NT-B4 — Weyl/curl loophole made quantitative  [Conditional, grounded]

**Statement.** When H3 fails (`R_EGS > r*`), an almost-isotropic CMB temperature bounds neither the shear nor the Weyl curvature: explicitly, the magnetic Weyl `H_{ab}` and `curl σ_{ab}` are unconstrained by `{a₁,a₂,a₃}` (Nilsson–Uggla–Wainwright–Lim 1999: shear→0 but Weyl↛0). In the diagnostic variables this is residual freedom in `Ω_{k,aniso}` and the curl sector that `x_C`/`F` cannot see from the temperature multipoles alone. (Distinct from the prior tilt-rapidity loophole `T-B1`: this is the *Weyl/derivative* sector.)

**Status.** Grounded in the loophole literature; quantified operationally through `R_EGS` and `Π` (NT-A2).

**To close.** Express the residual Weyl freedom as an explicit bound-gap in `Ω_{k,aniso}` as a function of `R_EGS`.

---
",[],{},NOT_ESTABLISHED_FOR_THIS_PROPOSAL,NOT_EVALUATED
role-14e0eaea8a4d4aa4,T-P1,T-P1 — Pole rotation covariance,research_proposal_candidate,연구제안서가 구체적인 명제와 증명 목표를 후보로 명시한다.,"{""content_id"": ""0ddb6c86671cd0a6949167fd7a316df7b87929ef054258814bfb57f240d2f1e8:d283db23"", ""git_blob"": ""f381530ed1bd3abc4037a7617a25797167f5da77"", ""id"": ""0c296414414aff8fbbd0e02c09f37730"", ""observed_commit"": ""6f6afef6564a7e9bf9446194ec6ff87e1abd607b"", ""path"": ""external_fusion_round3/docs/08_THEOREM_PROOF_BACKLOG_EXTERNAL_FUSION.md"", ""source_id"": ""htt_base""}",3,8,"## T-P1 — Pole rotation covariance

power-tensor pole가 SO(3) active rotation에 공변하고 p~-p axis quotient에서 well-defined임을 증명한다.

**Required witnesses:** analytic derivation, independent symbolic/numeric implementation, mutation, declared domain and downstream consumer test.
",[],{},NOT_ESTABLISHED_FOR_THIS_PROPOSAL,NOT_EVALUATED
role-3e5ea17c2b08403a,T-P2,T-P2 — Pole degeneracy instability,research_proposal_candidate,연구제안서가 구체적인 명제와 증명 목표를 후보로 명시한다.,"{""content_id"": ""0ddb6c86671cd0a6949167fd7a316df7b87929ef054258814bfb57f240d2f1e8:d283db23"", ""git_blob"": ""f381530ed1bd3abc4037a7617a25797167f5da77"", ""id"": ""0c296414414aff8fbbd0e02c09f37730"", ""observed_commit"": ""6f6afef6564a7e9bf9446194ec6ff87e1abd607b"", ""path"": ""external_fusion_round3/docs/08_THEOREM_PROOF_BACKLOG_EXTERNAL_FUSION.md"", ""source_id"": ""htt_base""}",9,14,"## T-P2 — Pole degeneracy instability

eigen-gap가 0으로 갈 때 Davis-Kahan-type axis error bound가 발산함을 보여 direction abstention threshold를 정당화한다.

**Required witnesses:** analytic derivation, independent symbolic/numeric implementation, mutation, declared domain and downstream consumer test.
",[],{},NOT_ESTABLISHED_FOR_THIS_PROPOSAL,NOT_EVALUATED
role-0f746ebecd4f8b37,T-P3,T-P3 — Shell-sum conservation,research_proposal_candidate,연구제안서가 구체적인 명제와 증명 목표를 후보로 명시한다.,"{""content_id"": ""0ddb6c86671cd0a6949167fd7a316df7b87929ef054258814bfb57f240d2f1e8:d283db23"", ""git_blob"": ""f381530ed1bd3abc4037a7617a25797167f5da77"", ""id"": ""0c296414414aff8fbbd0e02c09f37730"", ""observed_commit"": ""6f6afef6564a7e9bf9446194ec6ff87e1abd607b"", ""path"": ""external_fusion_round3/docs/08_THEOREM_PROOF_BACKLOG_EXTERNAL_FUSION.md"", ""source_id"": ""htt_base""}",15,20,"## T-P3 — Shell-sum conservation

registered line-of-sight source decomposition의 shell sum이 total transfer를 재현하는 조건과 discretization remainder를 증명한다.

**Required witnesses:** analytic derivation, independent symbolic/numeric implementation, mutation, declared domain and downstream consumer test.
",[],{},NOT_ESTABLISHED_FOR_THIS_PROPOSAL,NOT_EVALUATED
role-8ac598c0250f194d,T-P4,T-P4 — Observer endpoint separation,research_proposal_candidate,연구제안서가 구체적인 명제와 증명 목표를 후보로 명시한다.,"{""content_id"": ""0ddb6c86671cd0a6949167fd7a316df7b87929ef054258814bfb57f240d2f1e8:d283db23"", ""git_blob"": ""f381530ed1bd3abc4037a7617a25797167f5da77"", ""id"": ""0c296414414aff8fbbd0e02c09f37730"", ""observed_commit"": ""6f6afef6564a7e9bf9446194ec6ff87e1abd607b"", ""path"": ""external_fusion_round3/docs/08_THEOREM_PROOF_BACKLOG_EXTERNAL_FUSION.md"", ""source_id"": ""htt_base""}",21,26,"## T-P4 — Observer endpoint separation

local Lorentz boost term이 remote dipole/quadrupole field source와 다른 boundary object임을 typed map으로 증명한다.

**Required witnesses:** analytic derivation, independent symbolic/numeric implementation, mutation, declared domain and downstream consumer test.
",[],{},NOT_ESTABLISHED_FOR_THIS_PROPOSAL,NOT_EVALUATED
role-fb115ecca130a85b,T-P5,T-P5 — Cross-shell effective rank,research_proposal_candidate,연구제안서가 구체적인 명제와 증명 목표를 후보로 명시한다.,"{""content_id"": ""0ddb6c86671cd0a6949167fd7a316df7b87929ef054258814bfb57f240d2f1e8:d283db23"", ""git_blob"": ""f381530ed1bd3abc4037a7617a25797167f5da77"", ""id"": ""0c296414414aff8fbbd0e02c09f37730"", ""observed_commit"": ""6f6afef6564a7e9bf9446194ec6ff87e1abd607b"", ""path"": ""external_fusion_round3/docs/08_THEOREM_PROOF_BACKLOG_EXTERNAL_FUSION.md"", ""source_id"": ""htt_base""}",27,32,"## T-P5 — Cross-shell effective rank

correlated redshift bins의 information은 bin count가 아니라 covariance-whitened nonzero modes에 의해 결정됨을 증명한다.

**Required witnesses:** analytic derivation, independent symbolic/numeric implementation, mutation, declared domain and downstream consumer test.
",[],{},NOT_ESTABLISHED_FOR_THIS_PROPOSAL,NOT_EVALUATED
role-1bda2ebc3b4f17dc,T-P6,T-P6 — Pole-definition stability set,research_proposal_candidate,연구제안서가 구체적인 명제와 증명 목표를 후보로 명시한다.,"{""content_id"": ""0ddb6c86671cd0a6949167fd7a316df7b87929ef054258814bfb57f240d2f1e8:d283db23"", ""git_blob"": ""f381530ed1bd3abc4037a7617a25797167f5da77"", ""id"": ""0c296414414aff8fbbd0e02c09f37730"", ""observed_commit"": ""6f6afef6564a7e9bf9446194ec6ff87e1abd607b"", ""path"": ""external_fusion_round3/docs/08_THEOREM_PROOF_BACKLOG_EXTERNAL_FUSION.md"", ""source_id"": ""htt_base""}",33,38,"## T-P6 — Pole-definition stability set

여러 registered pole definitions의 intersection/union을 set-valued axis region으로 구성하고 coverage 조건을 증명한다.

**Required witnesses:** analytic derivation, independent symbolic/numeric implementation, mutation, declared domain and downstream consumer test.
",[],{},NOT_ESTABLISHED_FOR_THIS_PROPOSAL,NOT_EVALUATED
role-313d321af1e56c2e,T-P7,T-P7 — Source superposition non-identification,research_proposal_candidate,연구제안서가 구체적인 명제와 증명 목표를 후보로 명시한다.,"{""content_id"": ""0ddb6c86671cd0a6949167fd7a316df7b87929ef054258814bfb57f240d2f1e8:d283db23"", ""git_blob"": ""f381530ed1bd3abc4037a7617a25797167f5da77"", ""id"": ""0c296414414aff8fbbd0e02c09f37730"", ""observed_commit"": ""6f6afef6564a7e9bf9446194ec6ff87e1abd607b"", ""path"": ""external_fusion_round3/docs/08_THEOREM_PROOF_BACKLOG_EXTERNAL_FUSION.md"", ""source_id"": ""htt_base""}",39,44,"## T-P7 — Source superposition non-identification

collinear local/systematic/global responses가 mixture weights를 비식별하게 만드는 kernel을 구성한다.

**Required witnesses:** analytic derivation, independent symbolic/numeric implementation, mutation, declared domain and downstream consumer test.
",[],{},NOT_ESTABLISHED_FOR_THIS_PROPOSAL,NOT_EVALUATED
role-22f28daa348fd2d1,T-P8,T-P8 — Remote dipole optical-depth factorization,research_proposal_candidate,연구제안서가 구체적인 명제와 증명 목표를 후보로 명시한다.,"{""content_id"": ""0ddb6c86671cd0a6949167fd7a316df7b87929ef054258814bfb57f240d2f1e8:d283db23"", ""git_blob"": ""f381530ed1bd3abc4037a7617a25797167f5da77"", ""id"": ""0c296414414aff8fbbd0e02c09f37730"", ""observed_commit"": ""6f6afef6564a7e9bf9446194ec6ff87e1abd607b"", ""path"": ""external_fusion_round3/docs/08_THEOREM_PROOF_BACKLOG_EXTERNAL_FUSION.md"", ""source_id"": ""htt_base""}",45,50,"## T-P8 — Remote dipole optical-depth factorization

amplitude nuisance와 pole direction response가 어떤 조건에서 분리되는지 정리한다.

**Required witnesses:** analytic derivation, independent symbolic/numeric implementation, mutation, declared domain and downstream consumer test.
",[],{},NOT_ESTABLISHED_FOR_THIS_PROPOSAL,NOT_EVALUATED
role-1ed42c4806560eb4,T-P9,T-P9 — Remote quadrupole low-SNR set,research_proposal_candidate,연구제안서가 구체적인 명제와 증명 목표를 후보로 명시한다.,"{""content_id"": ""0ddb6c86671cd0a6949167fd7a316df7b87929ef054258814bfb57f240d2f1e8:d283db23"", ""git_blob"": ""f381530ed1bd3abc4037a7617a25797167f5da77"", ""id"": ""0c296414414aff8fbbd0e02c09f37730"", ""observed_commit"": ""6f6afef6564a7e9bf9446194ec6ff87e1abd607b"", ""path"": ""external_fusion_round3/docs/08_THEOREM_PROOF_BACKLOG_EXTERNAL_FUSION.md"", ""source_id"": ""htt_base""}",51,56,"## T-P9 — Remote quadrupole low-SNR set

noisy spin-2 remote field에서 point axis 대신 confidence region을 구성하는 theorem을 증명한다.

**Required witnesses:** analytic derivation, independent symbolic/numeric implementation, mutation, declared domain and downstream consumer test.
",[],{},NOT_ESTABLISHED_FOR_THIS_PROPOSAL,NOT_EVALUATED
role-bbfeb6470eb31a6b,T-P10,T-P10 — Coherent fraction identified set,research_proposal_candidate,연구제안서가 구체적인 명제와 증명 목표를 후보로 명시한다.,"{""content_id"": ""0ddb6c86671cd0a6949167fd7a316df7b87929ef054258814bfb57f240d2f1e8:d283db23"", ""git_blob"": ""f381530ed1bd3abc4037a7617a25797167f5da77"", ""id"": ""0c296414414aff8fbbd0e02c09f37730"", ""observed_commit"": ""6f6afef6564a7e9bf9446194ec6ff87e1abd607b"", ""path"": ""external_fusion_round3/docs/08_THEOREM_PROOF_BACKLOG_EXTERNAL_FUSION.md"", ""source_id"": ""htt_base""}",57,62,"## T-P10 — Coherent fraction identified set

r=g+(1-g)b+e moment model과 general convex extension의 sharp interval을 증명한다.

**Required witnesses:** analytic derivation, independent symbolic/numeric implementation, mutation, declared domain and downstream consumer test.
",[],{},NOT_ESTABLISHED_FOR_THIS_PROPOSAL,NOT_EVALUATED
role-30db9f52fdccd274,T-P11,T-P11 — Cluster/exchangeable remote rank,research_proposal_candidate,연구제안서가 구체적인 명제와 증명 목표를 후보로 명시한다.,"{""content_id"": ""0ddb6c86671cd0a6949167fd7a316df7b87929ef054258814bfb57f240d2f1e8:d283db23"", ""git_blob"": ""f381530ed1bd3abc4037a7617a25797167f5da77"", ""id"": ""0c296414414aff8fbbd0e02c09f37730"", ""observed_commit"": ""6f6afef6564a7e9bf9446194ec6ff87e1abd607b"", ""path"": ""external_fusion_round3/docs/08_THEOREM_PROOF_BACKLOG_EXTERNAL_FUSION.md"", ""source_id"": ""htt_base""}",63,68,"## T-P11 — Cluster/exchangeable remote rank

shared primordial modes와 reused reconstruction noise 하에서 valid cluster-level finite rank 조건을 증명한다.

**Required witnesses:** analytic derivation, independent symbolic/numeric implementation, mutation, declared domain and downstream consumer test.
",[],{},NOT_ESTABLISHED_FOR_THIS_PROPOSAL,NOT_EVALUATED
role-954d5028c58233c4,T-P12,T-P12 — E-optimal rank reopening,research_proposal_candidate,연구제안서가 구체적인 명제와 증명 목표를 후보로 명시한다.,"{""content_id"": ""0ddb6c86671cd0a6949167fd7a316df7b87929ef054258814bfb57f240d2f1e8:d283db23"", ""git_blob"": ""f381530ed1bd3abc4037a7617a25797167f5da77"", ""id"": ""0c296414414aff8fbbd0e02c09f37730"", ""observed_commit"": ""6f6afef6564a7e9bf9446194ec6ff87e1abd607b"", ""path"": ""external_fusion_round3/docs/08_THEOREM_PROOF_BACKLOG_EXTERNAL_FUSION.md"", ""source_id"": ""htt_base""}",69,74,"## T-P12 — E-optimal rank reopening

candidate response vectors의 convex design에서 minimum singular value를 최대로 하는 SDP와 dual certificate를 제시한다.

**Required witnesses:** analytic derivation, independent symbolic/numeric implementation, mutation, declared domain and downstream consumer test.
",[],{},NOT_ESTABLISHED_FOR_THIS_PROPOSAL,NOT_EVALUATED
role-3573f515ceb956c0,T-P13,T-P13 — Finite-window coherent-mode bridge,research_proposal_candidate,연구제안서가 구체적인 명제와 증명 목표를 후보로 명시한다.,"{""content_id"": ""0ddb6c86671cd0a6949167fd7a316df7b87929ef054258814bfb57f240d2f1e8:d283db23"", ""git_blob"": ""f381530ed1bd3abc4037a7617a25797167f5da77"", ""id"": ""0c296414414aff8fbbd0e02c09f37730"", ""observed_commit"": ""6f6afef6564a7e9bf9446194ec6ff87e1abd607b"", ""path"": ""external_fusion_round3/docs/08_THEOREM_PROOF_BACKLOG_EXTERNAL_FUSION.md"", ""source_id"": ""htt_base""}",75,80,"## T-P13 — Finite-window coherent-mode bridge

multi-window velocity operator가 homogeneous mode를 식별하는 rank condition과 no-go region을 증명한다.

**Required witnesses:** analytic derivation, independent symbolic/numeric implementation, mutation, declared domain and downstream consumer test.
",[],{},NOT_ESTABLISHED_FOR_THIS_PROPOSAL,NOT_EVALUATED
role-6df86d0e32ae4ea4,T-P14,T-P14 — Simulator-form envelope,research_proposal_candidate,연구제안서가 구체적인 명제와 증명 목표를 후보로 명시한다.,"{""content_id"": ""0ddb6c86671cd0a6949167fd7a316df7b87929ef054258814bfb57f240d2f1e8:d283db23"", ""git_blob"": ""f381530ed1bd3abc4037a7617a25797167f5da77"", ""id"": ""0c296414414aff8fbbd0e02c09f37730"", ""observed_commit"": ""6f6afef6564a7e9bf9446194ec6ff87e1abd607b"", ""path"": ""external_fusion_round3/docs/08_THEOREM_PROOF_BACKLOG_EXTERNAL_FUSION.md"", ""source_id"": ""htt_base""}",81,86,"## T-P14 — Simulator-form envelope

여러 forward simulators의 discrepancy를 nuisance feasible set으로 통합할 때 coverage 보존 조건을 증명한다.

**Required witnesses:** analytic derivation, independent symbolic/numeric implementation, mutation, declared domain and downstream consumer test.
",[],{},NOT_ESTABLISHED_FOR_THIS_PROPOSAL,NOT_EVALUATED
role-14df1424a3138148,T-P15,T-P15 — SBI contraction attribution,research_proposal_candidate,연구제안서가 구체적인 명제와 증명 목표를 후보로 명시한다.,"{""content_id"": ""0ddb6c86671cd0a6949167fd7a316df7b87929ef054258814bfb57f240d2f1e8:d283db23"", ""git_blob"": ""f381530ed1bd3abc4037a7617a25797167f5da77"", ""id"": ""0c296414414aff8fbbd0e02c09f37730"", ""observed_commit"": ""6f6afef6564a7e9bf9446194ec6ff87e1abd607b"", ""path"": ""external_fusion_round3/docs/08_THEOREM_PROOF_BACKLOG_EXTERNAL_FUSION.md"", ""source_id"": ""htt_base""}",87,92,"## T-P15 — SBI contraction attribution

weak identified set 대비 posterior contraction을 prior/model/data restrictions로 분해하는 information inequality를 제안한다.

**Required witnesses:** analytic derivation, independent symbolic/numeric implementation, mutation, declared domain and downstream consumer test.
",[],{},NOT_ESTABLISHED_FOR_THIS_PROPOSAL,NOT_EVALUATED
role-8145eafec793e5ce,T-P16,T-P16 — Native shell-pole limit,research_proposal_candidate,연구제안서가 구체적인 명제와 증명 목표를 후보로 명시한다.,"{""content_id"": ""0ddb6c86671cd0a6949167fd7a316df7b87929ef054258814bfb57f240d2f1e8:d283db23"", ""git_blob"": ""f381530ed1bd3abc4037a7617a25797167f5da77"", ""id"": ""0c296414414aff8fbbd0e02c09f37730"", ""observed_commit"": ""6f6afef6564a7e9bf9446194ec6ff87e1abd607b"", ""path"": ""external_fusion_round3/docs/08_THEOREM_PROOF_BACKLOG_EXTERNAL_FUSION.md"", ""source_id"": ""htt_base""}",93,98,"## T-P16 — Native shell-pole limit

native Bianchi transfer의 FLRW limit가 CAMB/CLASS shell-pole process로 수렴하는 conformance theorem을 증명한다.

**Required witnesses:** analytic derivation, independent symbolic/numeric implementation, mutation, declared domain and downstream consumer test.
",[],{},NOT_ESTABLISHED_FOR_THIS_PROPOSAL,NOT_EVALUATED
role-6f02f4d5fe54ef82,T-P17,T-P17 — Native local/global decomposition,research_proposal_candidate,연구제안서가 구체적인 명제와 증명 목표를 후보로 명시한다.,"{""content_id"": ""0ddb6c86671cd0a6949167fd7a316df7b87929ef054258814bfb57f240d2f1e8:d283db23"", ""git_blob"": ""f381530ed1bd3abc4037a7617a25797167f5da77"", ""id"": ""0c296414414aff8fbbd0e02c09f37730"", ""observed_commit"": ""6f6afef6564a7e9bf9446194ec6ff87e1abd607b"", ""path"": ""external_fusion_round3/docs/08_THEOREM_PROOF_BACKLOG_EXTERNAL_FUSION.md"", ""source_id"": ""htt_base""}",99,104,"## T-P17 — Native local/global decomposition

paired boosted/unboosted native runs의 component decomposition과 noncommuting transfer remainder를 bound한다.

**Required witnesses:** analytic derivation, independent symbolic/numeric implementation, mutation, declared domain and downstream consumer test.
",[],{},NOT_ESTABLISHED_FOR_THIS_PROPOSAL,NOT_EVALUATED
role-2547259daf5ad54c,T-P18,T-P18 — Common latent joint region,research_proposal_candidate,연구제안서가 구체적인 명제와 증명 목표를 후보로 명시한다.,"{""content_id"": ""0ddb6c86671cd0a6949167fd7a316df7b87929ef054258814bfb57f240d2f1e8:d283db23"", ""git_blob"": ""f381530ed1bd3abc4037a7617a25797167f5da77"", ""id"": ""0c296414414aff8fbbd0e02c09f37730"", ""observed_commit"": ""6f6afef6564a7e9bf9446194ec6ff87e1abd607b"", ""path"": ""external_fusion_round3/docs/08_THEOREM_PROOF_BACKLOG_EXTERNAL_FUSION.md"", ""source_id"": ""htt_base""}",105,109,"## T-P18 — Common latent joint region

모든 probe가 동일 latent state를 공유할 때 marginal product envelope보다 sharp한 joint support image를 증명한다.

**Required witnesses:** analytic derivation, independent symbolic/numeric implementation, mutation, declared domain and downstream consumer test.",[],{},NOT_ESTABLISHED_FOR_THIS_PROPOSAL,NOT_EVALUATED
role-fbd64fdd2e0c0b19,A37,A37 — Evidence anatomy consistency theorem,research_proposal_candidate,구판 연구계획이 신규 appendix A37로 증명 목표와 근사 합산식을 명시한다. 가정·오차의 정식화 및 후속 구현은 이 역할 판정에서 확인하지 않았다.,"{""content_id"": ""d2354d3a139de91da972a72e75769884fdf9454aa31b442618f5f88586bbf58e:c57f56a5"", ""git_blob"": ""4e9f5194f8fa6ef0531527431960c9103e5c6846"", ""id"": ""b5d58a64490169894895487c52934446"", ""observed_commit"": ""071444aedb5cbcc3d19cb0f71bd324d49cc343c6"", ""path"": ""htt/docs/BASS_PY_HTT_TSC_MIO_RESEARCH_PLAN.md"", ""source_id"": ""htt_base""}",2378,2378,| A37 | **Evidence anatomy consistency theorem** (Σ channels Δln B ≈ total ln B) | ~200 L |,[],{},NOT_ESTABLISHED_FOR_THIS_PROPOSAL,NOT_EVALUATED
role-8fea3d018a8076c7,T2-W2-SSOT,T2-W2-SSOT — Constraint-normalized vorticity convention uniqueness,research_proposal_candidate,연구제안서가 구체적인 명제와 증명 목표를 후보로 명시한다.,"{""content_id"": ""d39fe1dc8876c1b7b6d6784deaae42b85be2a9d48cbf9686a43ba61cb65f9926:d283db23"", ""git_blob"": null, ""id"": ""c1c45db01adac58c469cb5370b008639"", ""observed_commit"": ""c2412051864af2c638203a385abe07e80754d22d"", ""path"": ""htt_external_fusion_round3_20260722.zip!/htt_external_fusion_round3_20260722/context/round2/docs/06_THEOREM_PROOF_BACKLOG_ROUND2.md"", ""source_id"": ""htt_base""}",3,8,"## T2-W2-SSOT — Constraint-normalized vorticity convention uniqueness

- **Track:** `I`
- **Proof route:** derive dual identity and every conversion; mutation factor-three must fail
- **Promotion:** statement, assumptions, counterexample registry, at least two independent lineages and downstream consumer tests are all required.
",[],{},NOT_ESTABLISHED_FOR_THIS_PROPOSAL,NOT_EVALUATED
role-74824318453d1667,T2-DEFECT-BUNDLE,T2-DEFECT-BUNDLE — Frame-indexed comparator functor,research_proposal_candidate,연구제안서가 구체적인 명제와 증명 목표를 후보로 명시한다.,"{""content_id"": ""d39fe1dc8876c1b7b6d6784deaae42b85be2a9d48cbf9686a43ba61cb65f9926:d283db23"", ""git_blob"": null, ""id"": ""c1c45db01adac58c469cb5370b008639"", ""observed_commit"": ""c2412051864af2c638203a385abe07e80754d22d"", ""path"": ""htt_external_fusion_round3_20260722.zip!/htt_external_fusion_round3_20260722/context/round2/docs/06_THEOREM_PROOF_BACKLOG_ROUND2.md"", ""source_id"": ""htt_base""}",9,14,"## T2-DEFECT-BUNDLE — Frame-indexed comparator functor

- **Track:** `I`
- **Proof route:** prove same-frame linear projection and obstruction to unbridged frame mixing
- **Promotion:** statement, assumptions, counterexample registry, at least two independent lineages and downstream consumer tests are all required.
","[""84af0ccc039e1a0c49f9db77e0c0795c""]","{""proof_completion_unconfirmed"": 1}",NOT_ESTABLISHED_FOR_THIS_PROPOSAL,NOT_EVALUATED
role-a06edc93d767901e,T2-CURVATURE-SPLIT,T2-CURVATURE-SPLIT — Scalar curvature departure versus PSTF curvature sector,research_proposal_candidate,연구제안서가 구체적인 명제와 증명 목표를 후보로 명시한다.,"{""content_id"": ""d39fe1dc8876c1b7b6d6784deaae42b85be2a9d48cbf9686a43ba61cb65f9926:d283db23"", ""git_blob"": null, ""id"": ""c1c45db01adac58c469cb5370b008639"", ""observed_commit"": ""c2412051864af2c638203a385abe07e80754d22d"", ""path"": ""htt_external_fusion_round3_20260722.zip!/htt_external_fusion_round3_20260722/context/round2/docs/06_THEOREM_PROOF_BACKLOG_ROUND2.md"", ""source_id"": ""htt_base""}",15,20,"## T2-CURVATURE-SPLIT — Scalar curvature departure versus PSTF curvature sector

- **Track:** `I`
- **Proof route:** derive independent tensor/scalar carriers and response maps
- **Promotion:** statement, assumptions, counterexample registry, at least two independent lineages and downstream consumer tests are all required.
",[],{},NOT_ESTABLISHED_FOR_THIS_PROPOSAL,NOT_EVALUATED
role-a55a32232be4b0d3,T2-EGS-LATTICE,T2-EGS-LATTICE — Premise lattice for exact/almost EGS,research_proposal_candidate,연구제안서가 구체적인 명제와 증명 목표를 후보로 명시한다.,"{""content_id"": ""d39fe1dc8876c1b7b6d6784deaae42b85be2a9d48cbf9686a43ba61cb65f9926:d283db23"", ""git_blob"": null, ""id"": ""c1c45db01adac58c469cb5370b008639"", ""observed_commit"": ""c2412051864af2c638203a385abe07e80754d22d"", ""path"": ""htt_external_fusion_round3_20260722.zip!/htt_external_fusion_round3_20260722/context/round2/docs/06_THEOREM_PROOF_BACKLOG_ROUND2.md"", ""source_id"": ""htt_base""}",21,26,"## T2-EGS-LATTICE — Premise lattice for exact/almost EGS

- **Track:** `I`
- **Proof route:** classify acceleration and derivative-premise counterexamples
- **Promotion:** statement, assumptions, counterexample registry, at least two independent lineages and downstream consumer tests are all required.
",[],{},NOT_ESTABLISHED_FOR_THIS_PROPOSAL,NOT_EVALUATED
role-5829c7a188948867,T2-JOINT-SUPPORT,T2-JOINT-SUPPORT — Support image on common feasible set,research_proposal_candidate,연구제안서가 구체적인 명제와 증명 목표를 후보로 명시한다.,"{""content_id"": ""d39fe1dc8876c1b7b6d6784deaae42b85be2a9d48cbf9686a43ba61cb65f9926:d283db23"", ""git_blob"": null, ""id"": ""c1c45db01adac58c469cb5370b008639"", ""observed_commit"": ""c2412051864af2c638203a385abe07e80754d22d"", ""path"": ""htt_external_fusion_round3_20260722.zip!/htt_external_fusion_round3_20260722/context/round2/docs/06_THEOREM_PROOF_BACKLOG_ROUND2.md"", ""source_id"": ""htt_base""}",27,32,"## T2-JOINT-SUPPORT — Support image on common feasible set

- **Track:** `I`
- **Proof route:** general compact-set theorem; box is a corollary
- **Promotion:** statement, assumptions, counterexample registry, at least two independent lineages and downstream consumer tests are all required.
",[],{},NOT_ESTABLISHED_FOR_THIS_PROPOSAL,NOT_EVALUATED
role-115cfcf017fdd1a5,T2-PHYSICAL-SHARPNESS,T2-PHYSICAL-SHARPNESS — Constraint/local/global endpoint attainability,research_proposal_candidate,연구제안서가 구체적인 명제와 증명 목표를 후보로 명시한다.,"{""content_id"": ""d39fe1dc8876c1b7b6d6784deaae42b85be2a9d48cbf9686a43ba61cb65f9926:d283db23"", ""git_blob"": null, ""id"": ""c1c45db01adac58c469cb5370b008639"", ""observed_commit"": ""c2412051864af2c638203a385abe07e80754d22d"", ""path"": ""htt_external_fusion_round3_20260722.zip!/htt_external_fusion_round3_20260722/context/round2/docs/06_THEOREM_PROOF_BACKLOG_ROUND2.md"", ""source_id"": ""htt_base""}",33,38,"## T2-PHYSICAL-SHARPNESS — Constraint/local/global endpoint attainability

- **Track:** `I→II`
- **Proof route:** construct initial data, local development and global branch certificates
- **Promotion:** statement, assumptions, counterexample registry, at least two independent lineages and downstream consumer tests are all required.
",[],{},NOT_ESTABLISHED_FOR_THIS_PROPOSAL,NOT_EVALUATED
role-3967c97bf66cb4b1,T2-MES-BRANCH,T2-MES-BRANCH — Source-exact MES branch hierarchy,research_proposal_candidate,연구제안서가 구체적인 명제와 증명 목표를 후보로 명시한다.,"{""content_id"": ""d39fe1dc8876c1b7b6d6784deaae42b85be2a9d48cbf9686a43ba61cb65f9926:d283db23"", ""git_blob"": null, ""id"": ""c1c45db01adac58c469cb5370b008639"", ""observed_commit"": ""c2412051864af2c638203a385abe07e80754d22d"", ""path"": ""htt_external_fusion_round3_20260722.zip!/htt_external_fusion_round3_20260722/context/round2/docs/06_THEOREM_PROOF_BACKLOG_ROUND2.md"", ""source_id"": ""htt_base""}",39,44,"## T2-MES-BRANCH — Source-exact MES branch hierarchy

- **Track:** `I`
- **Proof route:** derive geodesic/non-geodesic/acceleration branches independently
- **Promotion:** statement, assumptions, counterexample registry, at least two independent lineages and downstream consumer tests are all required.
",[],{},NOT_ESTABLISHED_FOR_THIS_PROPOSAL,NOT_EVALUATED
role-eb8b38538cfaf312,T2-INACTIVE-EVIDENCE,T2-INACTIVE-EVIDENCE — Inactive normalized prior invariance,research_proposal_candidate,연구제안서가 구체적인 명제와 증명 목표를 후보로 명시한다.,"{""content_id"": ""d39fe1dc8876c1b7b6d6784deaae42b85be2a9d48cbf9686a43ba61cb65f9926:d283db23"", ""git_blob"": null, ""id"": ""c1c45db01adac58c469cb5370b008639"", ""observed_commit"": ""c2412051864af2c638203a385abe07e80754d22d"", ""path"": ""htt_external_fusion_round3_20260722.zip!/htt_external_fusion_round3_20260722/context/round2/docs/06_THEOREM_PROOF_BACKLOG_ROUND2.md"", ""source_id"": ""htt_base""}",45,50,"## T2-INACTIVE-EVIDENCE — Inactive normalized prior invariance

- **Track:** `I`
- **Proof route:** measure-theoretic and numerical proof
- **Promotion:** statement, assumptions, counterexample registry, at least two independent lineages and downstream consumer tests are all required.
",[],{},NOT_ESTABLISHED_FOR_THIS_PROPOSAL,NOT_EVALUATED
role-f8486acfcdb96895,T2-RESPONSE-QUOTIENT,T2-RESPONSE-QUOTIENT — Observable response equivalence quotient,research_proposal_candidate,연구제안서가 구체적인 명제와 증명 목표를 후보로 명시한다.,"{""content_id"": ""d39fe1dc8876c1b7b6d6784deaae42b85be2a9d48cbf9686a43ba61cb65f9926:d283db23"", ""git_blob"": null, ""id"": ""c1c45db01adac58c469cb5370b008639"", ""observed_commit"": ""c2412051864af2c638203a385abe07e80754d22d"", ""path"": ""htt_external_fusion_round3_20260722.zip!/htt_external_fusion_round3_20260722/context/round2/docs/06_THEOREM_PROOF_BACKLOG_ROUND2.md"", ""source_id"": ""htt_base""}",51,56,"## T2-RESPONSE-QUOTIENT — Observable response equivalence quotient

- **Track:** `I→II`
- **Proof route:** prove refinement under row augmentation and rank uncertainty
- **Promotion:** statement, assumptions, counterexample registry, at least two independent lineages and downstream consumer tests are all required.
","[""c655ba392f82ddd4b544ab514e77be3c""]","{""proof_completion_unconfirmed"": 1}",NOT_ESTABLISHED_FOR_THIS_PROPOSAL,NOT_EVALUATED
role-6354ad7146694a37,T2-BULK-BRIDGE,T2-BULK-BRIDGE — Finite-window bulk-to-homogeneous-mode identification,research_proposal_candidate,연구제안서가 구체적인 명제와 증명 목표를 후보로 명시한다.,"{""content_id"": ""d39fe1dc8876c1b7b6d6784deaae42b85be2a9d48cbf9686a43ba61cb65f9926:d283db23"", ""git_blob"": null, ""id"": ""c1c45db01adac58c469cb5370b008639"", ""observed_commit"": ""c2412051864af2c638203a385abe07e80754d22d"", ""path"": ""htt_external_fusion_round3_20260722.zip!/htt_external_fusion_round3_20260722/context/round2/docs/06_THEOREM_PROOF_BACKLOG_ROUND2.md"", ""source_id"": ""htt_base""}",57,62,"## T2-BULK-BRIDGE — Finite-window bulk-to-homogeneous-mode identification

- **Track:** `I`
- **Proof route:** operator rank and stochastic covariance theorem
- **Promotion:** statement, assumptions, counterexample registry, at least two independent lineages and downstream consumer tests are all required.
",[],{},NOT_ESTABLISHED_FOR_THIS_PROPOSAL,NOT_EVALUATED
role-437b535b47a6131f,T2-MULTIFLUID,T2-MULTIFLUID — Multi-fluid first/second-moment non-equivalence,research_proposal_candidate,연구제안서가 구체적인 명제와 증명 목표를 후보로 명시한다.,"{""content_id"": ""d39fe1dc8876c1b7b6d6784deaae42b85be2a9d48cbf9686a43ba61cb65f9926:d283db23"", ""git_blob"": null, ""id"": ""c1c45db01adac58c469cb5370b008639"", ""observed_commit"": ""c2412051864af2c638203a385abe07e80754d22d"", ""path"": ""htt_external_fusion_round3_20260722.zip!/htt_external_fusion_round3_20260722/context/round2/docs/06_THEOREM_PROOF_BACKLOG_ROUND2.md"", ""source_id"": ""htt_base""}",63,68,"## T2-MULTIFLUID — Multi-fluid first/second-moment non-equivalence

- **Track:** `I`
- **Proof route:** zero flux does not imply zero tilt energy/stress
- **Promotion:** statement, assumptions, counterexample registry, at least two independent lineages and downstream consumer tests are all required.
",[],{},NOT_ESTABLISHED_FOR_THIS_PROPOSAL,NOT_EVALUATED
role-59b2eabef00ee0b3,T2-CLUSTER-RANK,T2-CLUSTER-RANK — Cluster-exchangeable finite rank,research_proposal_candidate,연구제안서가 구체적인 명제와 증명 목표를 후보로 명시한다.,"{""content_id"": ""d39fe1dc8876c1b7b6d6784deaae42b85be2a9d48cbf9686a43ba61cb65f9926:d283db23"", ""git_blob"": null, ""id"": ""c1c45db01adac58c469cb5370b008639"", ""observed_commit"": ""c2412051864af2c638203a385abe07e80754d22d"", ""path"": ""htt_external_fusion_round3_20260722.zip!/htt_external_fusion_round3_20260722/context/round2/docs/06_THEOREM_PROOF_BACKLOG_ROUND2.md"", ""source_id"": ""htt_base""}",69,74,"## T2-CLUSTER-RANK — Cluster-exchangeable finite rank

- **Track:** `I`
- **Proof route:** derive valid randomized/cluster calibration
- **Promotion:** statement, assumptions, counterexample registry, at least two independent lineages and downstream consumer tests are all required.
",[],{},NOT_ESTABLISHED_FOR_THIS_PROPOSAL,NOT_EVALUATED
role-5c06085a18fc989e,T2-ESTCOV-PID,T2-ESTCOV-PID — Estimated-covariance partial-ID confidence,research_proposal_candidate,연구제안서가 구체적인 명제와 증명 목표를 후보로 명시한다.,"{""content_id"": ""d39fe1dc8876c1b7b6d6784deaae42b85be2a9d48cbf9686a43ba61cb65f9926:d283db23"", ""git_blob"": null, ""id"": ""c1c45db01adac58c469cb5370b008639"", ""observed_commit"": ""c2412051864af2c638203a385abe07e80754d22d"", ""path"": ""htt_external_fusion_round3_20260722.zip!/htt_external_fusion_round3_20260722/context/round2/docs/06_THEOREM_PROOF_BACKLOG_ROUND2.md"", ""source_id"": ""htt_base""}",75,80,"## T2-ESTCOV-PID — Estimated-covariance partial-ID confidence

- **Track:** `I`
- **Proof route:** finite/asymptotic coverage with active boundaries
- **Promotion:** statement, assumptions, counterexample registry, at least two independent lineages and downstream consumer tests are all required.
",[],{},NOT_ESTABLISHED_FOR_THIS_PROPOSAL,NOT_EVALUATED
role-fe16144ce27f09b6,T2-EVALUE,T2-EVALUE — Dependent finite-cover and sequential e-values,research_proposal_candidate,연구제안서가 구체적인 명제와 증명 목표를 후보로 명시한다.,"{""content_id"": ""d39fe1dc8876c1b7b6d6784deaae42b85be2a9d48cbf9686a43ba61cb65f9926:d283db23"", ""git_blob"": null, ""id"": ""c1c45db01adac58c469cb5370b008639"", ""observed_commit"": ""c2412051864af2c638203a385abe07e80754d22d"", ""path"": ""htt_external_fusion_round3_20260722.zip!/htt_external_fusion_round3_20260722/context/round2/docs/06_THEOREM_PROOF_BACKLOG_ROUND2.md"", ""source_id"": ""htt_base""}",81,86,"## T2-EVALUE — Dependent finite-cover and sequential e-values

- **Track:** `I`
- **Proof route:** predictable weighting and optional stopping
- **Promotion:** statement, assumptions, counterexample registry, at least two independent lineages and downstream consumer tests are all required.
",[],{},NOT_ESTABLISHED_FOR_THIS_PROPOSAL,NOT_EVALUATED
role-50c6801d1431a389,T2-SOLVER-NULL,T2-SOLVER-NULL — Native FLRW null and analytic Bianchi-I transfer,research_proposal_candidate,연구제안서가 구체적인 명제와 증명 목표를 후보로 명시한다.,"{""content_id"": ""d39fe1dc8876c1b7b6d6784deaae42b85be2a9d48cbf9686a43ba61cb65f9926:d283db23"", ""git_blob"": null, ""id"": ""c1c45db01adac58c469cb5370b008639"", ""observed_commit"": ""c2412051864af2c638203a385abe07e80754d22d"", ""path"": ""htt_external_fusion_round3_20260722.zip!/htt_external_fusion_round3_20260722/context/round2/docs/06_THEOREM_PROOF_BACKLOG_ROUND2.md"", ""source_id"": ""htt_base""}",87,92,"## T2-SOLVER-NULL — Native FLRW null and analytic Bianchi-I transfer

- **Track:** `II`
- **Proof route:** temperature/polarization benchmarks
- **Promotion:** statement, assumptions, counterexample registry, at least two independent lineages and downstream consumer tests are all required.
",[],{},NOT_ESTABLISHED_FOR_THIS_PROPOSAL,NOT_EVALUATED
role-e77ece6af95fd16c,T2-POLARIZATION,T2-POLARIZATION — Bianchi E/B parity and handedness,research_proposal_candidate,연구제안서가 구체적인 명제와 증명 목표를 후보로 명시한다.,"{""content_id"": ""d39fe1dc8876c1b7b6d6784deaae42b85be2a9d48cbf9686a43ba61cb65f9926:d283db23"", ""git_blob"": null, ""id"": ""c1c45db01adac58c469cb5370b008639"", ""observed_commit"": ""c2412051864af2c638203a385abe07e80754d22d"", ""path"": ""htt_external_fusion_round3_20260722.zip!/htt_external_fusion_round3_20260722/context/round2/docs/06_THEOREM_PROOF_BACKLOG_ROUND2.md"", ""source_id"": ""htt_base""}",93,98,"## T2-POLARIZATION — Bianchi E/B parity and handedness

- **Track:** `II`
- **Proof route:** representation and solver equivalence
- **Promotion:** statement, assumptions, counterexample registry, at least two independent lineages and downstream consumer tests are all required.
",[],{},NOT_ESTABLISHED_FOR_THIS_PROPOSAL,NOT_EVALUATED
role-03f10e5117ade2f6,T2-NATIVE-RANK,T2-NATIVE-RANK — Native transfer Jacobian identifiability,research_proposal_candidate,연구제안서가 구체적인 명제와 증명 목표를 후보로 명시한다.,"{""content_id"": ""d39fe1dc8876c1b7b6d6784deaae42b85be2a9d48cbf9686a43ba61cb65f9926:d283db23"", ""git_blob"": null, ""id"": ""c1c45db01adac58c469cb5370b008639"", ""observed_commit"": ""c2412051864af2c638203a385abe07e80754d22d"", ""path"": ""htt_external_fusion_round3_20260722.zip!/htt_external_fusion_round3_20260722/context/round2/docs/06_THEOREM_PROOF_BACKLOG_ROUND2.md"", ""source_id"": ""htt_base""}",99,104,"## T2-NATIVE-RANK — Native transfer Jacobian identifiability

- **Track:** `II`
- **Proof route:** rank confidence and quotient refinement
- **Promotion:** statement, assumptions, counterexample registry, at least two independent lineages and downstream consumer tests are all required.
",[],{},NOT_ESTABLISHED_FOR_THIS_PROPOSAL,NOT_EVALUATED
role-575fcca2e3c5a68f,T2-SURROGATE,T2-SURROGATE — Certified Teff/native remainder,research_proposal_candidate,연구제안서가 구체적인 명제와 증명 목표를 후보로 명시한다.,"{""content_id"": ""d39fe1dc8876c1b7b6d6784deaae42b85be2a9d48cbf9686a43ba61cb65f9926:d283db23"", ""git_blob"": null, ""id"": ""c1c45db01adac58c469cb5370b008639"", ""observed_commit"": ""c2412051864af2c638203a385abe07e80754d22d"", ""path"": ""htt_external_fusion_round3_20260722.zip!/htt_external_fusion_round3_20260722/context/round2/docs/06_THEOREM_PROOF_BACKLOG_ROUND2.md"", ""source_id"": ""htt_base""}",105,110,"## T2-SURROGATE — Certified Teff/native remainder

- **Track:** `II`
- **Proof route:** held-out uniform error envelope
- **Promotion:** statement, assumptions, counterexample registry, at least two independent lineages and downstream consumer tests are all required.
",[],{},NOT_ESTABLISHED_FOR_THIS_PROPOSAL,NOT_EVALUATED
role-b939dc581755e9fc,T2-COMMON-MODEL,T2-COMMON-MODEL — Common latent cosmology joint identified region,research_proposal_candidate,연구제안서가 구체적인 명제와 증명 목표를 후보로 명시한다.,"{""content_id"": ""d39fe1dc8876c1b7b6d6784deaae42b85be2a9d48cbf9686a43ba61cb65f9926:d283db23"", ""git_blob"": null, ""id"": ""c1c45db01adac58c469cb5370b008639"", ""observed_commit"": ""c2412051864af2c638203a385abe07e80754d22d"", ""path"": ""htt_external_fusion_round3_20260722.zip!/htt_external_fusion_round3_20260722/context/round2/docs/06_THEOREM_PROOF_BACKLOG_ROUND2.md"", ""source_id"": ""htt_base""}",111,115,"## T2-COMMON-MODEL — Common latent cosmology joint identified region

- **Track:** `II/Joint`
- **Proof route:** one state generates all probes and constraints
- **Promotion:** statement, assumptions, counterexample registry, at least two independent lineages and downstream consumer tests are all required.",[],{},NOT_ESTABLISHED_FOR_THIS_PROPOSAL,NOT_EVALUATED
role-d36d8d234b943326,T-W2-SSOT,T-W2-SSOT — W² convention uniqueness,research_proposal_candidate,연구제안서가 구체적인 명제와 증명 목표를 후보로 명시한다.,"{""content_id"": ""0a7f48ff68124e66bc18937e74c4e6c7ae686da075e9ba55de1cfe07a5a689c3:d283db23"", ""git_blob"": null, ""id"": ""dff153901f3aa5e1630354050c2a071e"", ""observed_commit"": null, ""path"": ""htt_legacy_revival_round2_20260721/prior_round1/htt_post_v10_strengthening_plan_20260721.zip!/htt_post_v10_strengthening_plan_20260721/proofs/THEOREM_PROOF_BACKLOG.md"", ""source_id"": ""main_overlay""}",5,14,"## T-W2-SSOT — W² convention uniqueness

**Candidate statement.** 1+3 Gauss constraint, H=Θ/3, duality ω_abω^ab=2ω_aω^a에서 normalization과 MES conversion이 유일함을 증명.

**Proof route.** Cartan/exterior derivation + component algebra + Lean scalar core.

**Decisive falsifier.** Assumption-complete counterexample, independent derivation mismatch, or certified numerical enclosure failure.

**Owning PR.** PR-186.
",[],{},NOT_ESTABLISHED_FOR_THIS_PROPOSAL,NOT_EVALUATED
role-890ac19cd3723e0c,T-SIGNED-CARRIER,T-SIGNED-CARRIER — Signed comparator carrier,research_proposal_candidate,연구제안서가 구체적인 명제와 증명 목표를 후보로 명시한다.,"{""content_id"": ""0a7f48ff68124e66bc18937e74c4e6c7ae686da075e9ba55de1cfe07a5a689c3:d283db23"", ""git_blob"": null, ""id"": ""dff153901f3aa5e1630354050c2a071e"", ""observed_commit"": null, ""path"": ""htt_legacy_revival_round2_20260721/prior_round1/htt_post_v10_strengthening_plan_20260721.zip!/htt_post_v10_strengthening_plan_20260721/proofs/THEOREM_PROOF_BACKLOG.md"", ""source_id"": ""main_overlay""}",15,24,"## T-SIGNED-CARRIER — Signed comparator carrier

**Candidate statement.** g∈S_+³×R, x_C=cᵀg; PSD embedding은 positive block에만 작용하고 signed curvature를 보존.

**Proof route.** convex analysis + semialgebraic physical subset.

**Decisive falsifier.** Assumption-complete counterexample, independent derivation mismatch, or certified numerical enclosure failure.

**Owning PR.** PR-187.
",[],{},NOT_ESTABLISHED_FOR_THIS_PROPOSAL,NOT_EVALUATED
role-7855a6f0136c97a0,T-FRAME-PUSHFORWARD,T-FRAME-PUSHFORWARD — Congruence-indexed comparator functor,research_proposal_candidate,연구제안서가 구체적인 명제와 증명 목표를 후보로 명시한다.,"{""content_id"": ""0a7f48ff68124e66bc18937e74c4e6c7ae686da075e9ba55de1cfe07a5a689c3:d283db23"", ""git_blob"": null, ""id"": ""dff153901f3aa5e1630354050c2a071e"", ""observed_commit"": null, ""path"": ""htt_legacy_revival_round2_20260721/prior_round1/htt_post_v10_strengthening_plan_20260721.zip!/htt_post_v10_strengthening_plan_20260721/proofs/THEOREM_PROOF_BACKLOG.md"", ""source_id"": ""main_overlay""}",25,34,"## T-FRAME-PUSHFORWARD — Congruence-indexed comparator functor

**Candidate statement.** registered Lorentz/frame map 아래 g[n],g[u],g[obs]의 변환과 remainder/order를 명시하고 composition law를 증명.

**Proof route.** tetrad algebra + exact Lorentz stress-energy.

**Decisive falsifier.** Assumption-complete counterexample, independent derivation mismatch, or certified numerical enclosure failure.

**Owning PR.** PR-187,194.
",[],{},NOT_ESTABLISHED_FOR_THIS_PROPOSAL,NOT_EVALUATED
role-a2b4ff30d2573081,T-JOINT-SUPPORT,T-JOINT-SUPPORT — General comparator identified set,research_proposal_candidate,연구제안서가 구체적인 명제와 증명 목표를 후보로 명시한다.,"{""content_id"": ""0a7f48ff68124e66bc18937e74c4e6c7ae686da075e9ba55de1cfe07a5a689c3:d283db23"", ""git_blob"": null, ""id"": ""dff153901f3aa5e1630354050c2a071e"", ""observed_commit"": null, ""path"": ""htt_legacy_revival_round2_20260721/prior_round1/htt_post_v10_strengthening_plan_20260721.zip!/htt_post_v10_strengthening_plan_20260721/proofs/THEOREM_PROOF_BACKLOG.md"", ""source_id"": ""main_overlay""}",35,44,"## T-JOINT-SUPPORT — General comparator identified set

**Candidate statement.** compact F에서 cᵀF의 extrema/connectedness; convex F는 interval, nonconvex F는 finite union; box formula는 factorized corollary.

**Proof route.** support functions, Tarski-Seidenberg/real algebraic geometry, certified optimization.

**Decisive falsifier.** Assumption-complete counterexample, independent derivation mismatch, or certified numerical enclosure failure.

**Owning PR.** PR-189.
",[],{},NOT_ESTABLISHED_FOR_THIS_PROPOSAL,NOT_EVALUATED
role-eb677b412977266d,T-PHYSICAL-SHARPNESS,T-PHYSICAL-SHARPNESS — Dynamical endpoint attainability,research_proposal_candidate,연구제안서가 구체적인 명제와 증명 목표를 후보로 명시한다.,"{""content_id"": ""0a7f48ff68124e66bc18937e74c4e6c7ae686da075e9ba55de1cfe07a5a689c3:d283db23"", ""git_blob"": null, ""id"": ""dff153901f3aa5e1630354050c2a071e"", ""observed_commit"": null, ""path"": ""htt_legacy_revival_round2_20260721/prior_round1/htt_post_v10_strengthening_plan_20260721.zip!/htt_post_v10_strengthening_plan_20260721/proofs/THEOREM_PROOF_BACKLOG.md"", ""source_id"": ""main_overlay""}",45,54,"## T-PHYSICAL-SHARPNESS — Dynamical endpoint attainability

**Candidate statement.** joint support endpoints와 interior가 common Einstein–matter solution class에서 실현됨.

**Proof route.** exact initial data + local existence + constraint propagation + continuation.

**Decisive falsifier.** Assumption-complete counterexample, independent derivation mismatch, or certified numerical enclosure failure.

**Owning PR.** PR-190.
",[],{},NOT_ESTABLISHED_FOR_THIS_PROPOSAL,NOT_EVALUATED
role-0b34575bc1215781,T-GAUSS-RESTSPACE,T-GAUSS-RESTSPACE — Vortical rest-bundle Gauss theorem,research_proposal_candidate,연구제안서가 구체적인 명제와 증명 목표를 후보로 명시한다.,"{""content_id"": ""0a7f48ff68124e66bc18937e74c4e6c7ae686da075e9ba55de1cfe07a5a689c3:d283db23"", ""git_blob"": null, ""id"": ""dff153901f3aa5e1630354050c2a071e"", ""observed_commit"": null, ""path"": ""htt_legacy_revival_round2_20260721/prior_round1/htt_post_v10_strengthening_plan_20260721.zip!/htt_post_v10_strengthening_plan_20260721/proofs/THEOREM_PROOF_BACKLOG.md"", ""source_id"": ""main_overlay""}",55,64,"## T-GAUSS-RESTSPACE — Vortical rest-bundle Gauss theorem

**Candidate statement.** nonintegrable rest distribution의 두 contraction conventions 관계와 canonical scalar를 정의하고 ω=0 hypersurface limit을 증명.

**Proof route.** Cartan structure equations + xAct.

**Decisive falsifier.** Assumption-complete counterexample, independent derivation mismatch, or certified numerical enclosure failure.

**Owning PR.** PR-191.
","[""a63c8c4e8009f66bc22a3c1276597f45""]","{""proof_completion_unconfirmed"": 1}",NOT_ESTABLISHED_FOR_THIS_PROPOSAL,NOT_EVALUATED
role-27449d897a1600da,T-KE-MAXIMAL-CLASS,T-KE-MAXIMAL-CLASS — Flat obstruction / curved existence classification,research_proposal_candidate,연구제안서가 구체적인 명제와 증명 목표를 후보로 명시한다.,"{""content_id"": ""0a7f48ff68124e66bc18937e74c4e6c7ae686da075e9ba55de1cfe07a5a689c3:d283db23"", ""git_blob"": null, ""id"": ""dff153901f3aa5e1630354050c2a071e"", ""observed_commit"": null, ""path"": ""htt_legacy_revival_round2_20260721/prior_round1/htt_post_v10_strengthening_plan_20260721.zip!/htt_post_v10_strengthening_plan_20260721/proofs/THEOREM_PROOF_BACKLOG.md"", ""source_id"": ""main_overlay""}",65,74,"## T-KE-MAXIMAL-CLASS — Flat obstruction / curved existence classification

**Candidate statement.** general invariant homogeneous perfect-fluid class에서 type-I tilted rotation obstruction의 necessary/sufficient conditions와 curved open-set existence.

**Proof route.** momentum constraints + Euler/Killing transport + local ODE existence.

**Decisive falsifier.** Assumption-complete counterexample, independent derivation mismatch, or certified numerical enclosure failure.

**Owning PR.** PR-191.
",[],{},NOT_ESTABLISHED_FOR_THIS_PROPOSAL,NOT_EVALUATED
role-764fabd16864a1f0,T-OMK-ALL-ORDER,T-OMK-ALL-ORDER — OMK homological recurrence and resonances,research_proposal_candidate,연구제안서가 구체적인 명제와 증명 목표를 후보로 명시한다.,"{""content_id"": ""0a7f48ff68124e66bc18937e74c4e6c7ae686da075e9ba55de1cfe07a5a689c3:d283db23"", ""git_blob"": null, ""id"": ""dff153901f3aa5e1630354050c2a071e"", ""observed_commit"": null, ""path"": ""htt_legacy_revival_round2_20260721/prior_round1/htt_post_v10_strengthening_plan_20260721.zip!/htt_post_v10_strengthening_plan_20260721/proofs/THEOREM_PROOF_BACKLOG.md"", ""source_id"": ""main_overlay""}",75,84,"## T-OMK-ALL-ORDER — OMK homological recurrence and resonances

**Candidate statement.** c_n(w)의 recurrence, resonance set의 completeness, finite-domain remainder와 non-LRS persistence.

**Proof route.** invariant-manifold equation + exact algebra + interval tubes.

**Decisive falsifier.** Assumption-complete counterexample, independent derivation mismatch, or certified numerical enclosure failure.

**Owning PR.** PR-192.
",[],{},NOT_ESTABLISHED_FOR_THIS_PROPOSAL,NOT_EVALUATED
role-a729e95805590b41,T-MES-INTRINSIC-DIPOLE,T-MES-INTRINSIC-DIPOLE — MES ceiling surface,research_proposal_candidate,연구제안서가 구체적인 명제와 증명 목표를 후보로 명시한다.,"{""content_id"": ""0a7f48ff68124e66bc18937e74c4e6c7ae686da075e9ba55de1cfe07a5a689c3:d283db23"", ""git_blob"": null, ""id"": ""dff153901f3aa5e1630354050c2a071e"", ""observed_commit"": null, ""path"": ""htt_legacy_revival_round2_20260721/prior_round1/htt_post_v10_strengthening_plan_20260721.zip!/htt_post_v10_strengthening_plan_20260721/proofs/THEOREM_PROOF_BACKLOG.md"", ""source_id"": ""main_overlay""}",85,94,"## T-MES-INTRINSIC-DIPOLE — MES ceiling surface

**Candidate statement.** ε1,intrinsic를 포함한 geodesic/non-geodesic shear/vorticity/acceleration ceiling surface와 attribution admissibility.

**Proof route.** covariant multipole hierarchy first-principles derivation.

**Decisive falsifier.** Assumption-complete counterexample, independent derivation mismatch, or certified numerical enclosure failure.

**Owning PR.** PR-193.
",[],{},NOT_ESTABLISHED_FOR_THIS_PROPOSAL,NOT_EVALUATED
role-5c1e239533655199,T-BOOST-TILT-BRIDGE,T-BOOST-TILT-BRIDGE — Boost/tilt/fingerprint normalization theorem,research_proposal_candidate,연구제안서가 구체적인 명제와 증명 목표를 후보로 명시한다.,"{""content_id"": ""0a7f48ff68124e66bc18937e74c4e6c7ae686da075e9ba55de1cfe07a5a689c3:d283db23"", ""git_blob"": null, ""id"": ""dff153901f3aa5e1630354050c2a071e"", ""observed_commit"": null, ""path"": ""htt_legacy_revival_round2_20260721/prior_round1/htt_post_v10_strengthening_plan_20260721.zip!/htt_post_v10_strengthening_plan_20260721/proofs/THEOREM_PROOF_BACKLOG.md"", ""source_id"": ""main_overlay""}",95,104,"## T-BOOST-TILT-BRIDGE — Boost/tilt/fingerprint normalization theorem

**Candidate statement.** observer boost kernel, tilted matter stress tensor, antipodal moment fingerprints의 branch-specific exact maps.

**Proof route.** Lorentz group representation + moment algebra.

**Decisive falsifier.** Assumption-complete counterexample, independent derivation mismatch, or certified numerical enclosure failure.

**Owning PR.** PR-194.
","[""853264cb126023223fe9d01d913fa2ce""]","{""proof_completion_unconfirmed"": 1}",NOT_ESTABLISHED_FOR_THIS_PROPOSAL,NOT_EVALUATED
role-9d563e012f83bca4,T-BULK-TO-TILT,T-BULK-TO-TILT — Finite-window bulk-flow bridge,research_proposal_candidate,연구제안서가 구체적인 명제와 증명 목표를 후보로 명시한다.,"{""content_id"": ""0a7f48ff68124e66bc18937e74c4e6c7ae686da075e9ba55de1cfe07a5a689c3:d283db23"", ""git_blob"": null, ""id"": ""dff153901f3aa5e1630354050c2a071e"", ""observed_commit"": null, ""path"": ""htt_legacy_revival_round2_20260721/prior_round1/htt_post_v10_strengthening_plan_20260721.zip!/htt_post_v10_strengthening_plan_20260721/proofs/THEOREM_PROOF_BACKLOG.md"", ""source_id"": ""main_overlay""}",105,114,"## T-BULK-TO-TILT — Finite-window bulk-flow bridge

**Candidate statement.** B_W=v0+δ_W에서 homogeneous mode identified set과 finite-window remainder bound.

**Proof route.** Gaussian random fields/window operators + hierarchical inference.

**Decisive falsifier.** Assumption-complete counterexample, independent derivation mismatch, or certified numerical enclosure failure.

**Owning PR.** PR-195.
",[],{},NOT_ESTABLISHED_FOR_THIS_PROPOSAL,NOT_EVALUATED
role-f983ee106702fb4d,T-PHYSICAL-RANK,T-PHYSICAL-RANK — Native response identifiability theorem,research_proposal_candidate,연구제안서가 구체적인 명제와 증명 목표를 후보로 명시한다.,"{""content_id"": ""0a7f48ff68124e66bc18937e74c4e6c7ae686da075e9ba55de1cfe07a5a689c3:d283db23"", ""git_blob"": null, ""id"": ""dff153901f3aa5e1630354050c2a071e"", ""observed_commit"": null, ""path"": ""htt_legacy_revival_round2_20260721/prior_round1/htt_post_v10_strengthening_plan_20260721.zip!/htt_post_v10_strengthening_plan_20260721/proofs/THEOREM_PROOF_BACKLOG.md"", ""source_id"": ""main_overlay""}",115,124,"## T-PHYSICAL-RANK — Native response identifiability theorem

**Candidate statement.** actual transfer Jacobian과 nuisance projection 아래 reachable/null sectors와 rank interval.

**Proof route.** Fréchet derivatives, singular-value perturbation, native solver.

**Decisive falsifier.** Assumption-complete counterexample, independent derivation mismatch, or certified numerical enclosure failure.

**Owning PR.** PR-196.
","[""de0a79bb4cf047d5ee0c60c1f914c239""]","{""proof_completion_unconfirmed"": 1}",NOT_ESTABLISHED_FOR_THIS_PROPOSAL,NOT_EVALUATED
role-0e053e1565b16177,T-CLUSTER-RANK,T-CLUSTER-RANK — Cluster-valid finite rank,research_proposal_candidate,연구제안서가 구체적인 명제와 증명 목표를 후보로 명시한다.,"{""content_id"": ""0a7f48ff68124e66bc18937e74c4e6c7ae686da075e9ba55de1cfe07a5a689c3:d283db23"", ""git_blob"": null, ""id"": ""dff153901f3aa5e1630354050c2a071e"", ""observed_commit"": null, ""path"": ""htt_legacy_revival_round2_20260721/prior_round1/htt_post_v10_strengthening_plan_20260721.zip!/htt_post_v10_strengthening_plan_20260721/proofs/THEOREM_PROOF_BACKLOG.md"", ""source_id"": ""main_overlay""}",125,134,"## T-CLUSTER-RANK — Cluster-valid finite rank

**Candidate statement.** fixed scorer와 independent clusters under null에서 observation-inclusive rank의 super-uniformity; valid randomized cluster extension.

**Proof route.** conditional exchangeability/conformal rank proof.

**Decisive falsifier.** Assumption-complete counterexample, independent derivation mismatch, or certified numerical enclosure failure.

**Owning PR.** PR-197.
",[],{},NOT_ESTABLISHED_FOR_THIS_PROPOSAL,NOT_EVALUATED
role-10e9fe0630aec71f,T-PAIRED-BOOST,T-PAIRED-BOOST — Paired boost residual theorem,research_proposal_candidate,연구제안서가 구체적인 명제와 증명 목표를 후보로 명시한다.,"{""content_id"": ""0a7f48ff68124e66bc18937e74c4e6c7ae686da075e9ba55de1cfe07a5a689c3:d283db23"", ""git_blob"": null, ""id"": ""dff153901f3aa5e1630354050c2a071e"", ""observed_commit"": null, ""path"": ""htt_legacy_revival_round2_20260721/prior_round1/htt_post_v10_strengthening_plan_20260721.zip!/htt_post_v10_strengthening_plan_20260721/proofs/THEOREM_PROOF_BACKLOG.md"", ""source_id"": ""main_overlay""}",135,144,"## T-PAIRED-BOOST — Paired boost residual theorem

**Candidate statement.** paired boosted-unboosted difference에서 exact template residual의 distribution과 amplitude estimator validity.

**Proof route.** paired Monte Carlo test + GLS/invariance.

**Decisive falsifier.** Assumption-complete counterexample, independent derivation mismatch, or certified numerical enclosure failure.

**Owning PR.** PR-199.
","[""40c2878290b4f290ab17dabb7abaf84d""]","{""proof_completion_unconfirmed"": 1}",NOT_ESTABLISHED_FOR_THIS_PROPOSAL,NOT_EVALUATED
role-706f50a1b6094875,T-PARTIAL-ID-ESTCOV,T-PARTIAL-ID-ESTCOV — Partial-ID confidence with random covariance,research_proposal_candidate,연구제안서가 구체적인 명제와 증명 목표를 후보로 명시한다.,"{""content_id"": ""0a7f48ff68124e66bc18937e74c4e6c7ae686da075e9ba55de1cfe07a5a689c3:d283db23"", ""git_blob"": null, ""id"": ""dff153901f3aa5e1630354050c2a071e"", ""observed_commit"": null, ""path"": ""htt_legacy_revival_round2_20260721/prior_round1/htt_post_v10_strengthening_plan_20260721.zip!/htt_post_v10_strengthening_plan_20260721/proofs/THEOREM_PROOF_BACKLOG.md"", ""source_id"": ""main_overlay""}",145,154,"## T-PARTIAL-ID-ESTCOV — Partial-ID confidence with random covariance

**Candidate statement.** estimated covariance, nonlinear endpoint, active constraints에서 uniform/grid-certified set coverage.

**Proof route.** QLR/quasi-posterior MC, t likelihood, bootstrap, projection.

**Decisive falsifier.** Assumption-complete counterexample, independent derivation mismatch, or certified numerical enclosure failure.

**Owning PR.** PR-200.
",[],{},NOT_ESTABLISHED_FOR_THIS_PROPOSAL,NOT_EVALUATED
role-a907fc87b0e2ef54,T-STRUCTURAL-ROBUSTNESS,T-STRUCTURAL-ROBUSTNESS — Structural set vs pipeline set calculus,research_proposal_candidate,연구제안서가 구체적인 명제와 증명 목표를 후보로 명시한다.,"{""content_id"": ""0a7f48ff68124e66bc18937e74c4e6c7ae686da075e9ba55de1cfe07a5a689c3:d283db23"", ""git_blob"": null, ""id"": ""dff153901f3aa5e1630354050c2a071e"", ""observed_commit"": null, ""path"": ""htt_legacy_revival_round2_20260721/prior_round1/htt_post_v10_strengthening_plan_20260721.zip!/htt_post_v10_strengthening_plan_20260721/proofs/THEOREM_PROOF_BACKLOG.md"", ""source_id"": ""main_overlay""}",155,164,"## T-STRUCTURAL-ROBUSTNESS — Structural set vs pipeline set calculus

**Candidate statement.** I(θ)와 R(pipeline)의 union/intersection 및 combined uncertainty semantics.

**Proof route.** set-valued statistics and decision theory.

**Decisive falsifier.** Assumption-complete counterexample, independent derivation mismatch, or certified numerical enclosure failure.

**Owning PR.** PR-201.
",[],{},NOT_ESTABLISHED_FOR_THIS_PROPOSAL,NOT_EVALUATED
role-bf042c997947cdf4,T-JOINT-COMPARATOR-ID,T-JOINT-COMPARATOR-ID — Full common-model comparator identification,research_proposal_candidate,연구제안서가 구체적인 명제와 증명 목표를 후보로 명시한다.,"{""content_id"": ""0a7f48ff68124e66bc18937e74c4e6c7ae686da075e9ba55de1cfe07a5a689c3:d283db23"", ""git_blob"": null, ""id"": ""dff153901f3aa5e1630354050c2a071e"", ""observed_commit"": null, ""path"": ""htt_legacy_revival_round2_20260721/prior_round1/htt_post_v10_strengthening_plan_20260721.zip!/htt_post_v10_strengthening_plan_20260721/proofs/THEOREM_PROOF_BACKLOG.md"", ""source_id"": ""main_overlay""}",165,174,"## T-JOINT-COMPARATOR-ID — Full common-model comparator identification

**Candidate statement.** multi-probe likelihood/moments + GR restrictions의 common F_joint에서 x_C identified region과 prior-exposed directions.

**Proof route.** joint support theorem + physical response + coverage.

**Decisive falsifier.** Assumption-complete counterexample, independent derivation mismatch, or certified numerical enclosure failure.

**Owning PR.** PR-205.
",[],{},NOT_ESTABLISHED_FOR_THIS_PROPOSAL,NOT_EVALUATED
role-48bd5150f379db75,T-SOURCE-DISCRIMINATION,T-SOURCE-DISCRIMINATION — Abstention-gated source discrimination,research_proposal_candidate,연구제안서가 구체적인 명제와 증명 목표를 후보로 명시한다.,"{""content_id"": ""0a7f48ff68124e66bc18937e74c4e6c7ae686da075e9ba55de1cfe07a5a689c3:d283db23"", ""git_blob"": null, ""id"": ""dff153901f3aa5e1630354050c2a071e"", ""observed_commit"": null, ""path"": ""htt_legacy_revival_round2_20260721/prior_round1/htt_post_v10_strengthening_plan_20260721.zip!/htt_post_v10_strengthening_plan_20260721/proofs/THEOREM_PROOF_BACKLOG.md"", ""source_id"": ""main_overlay""}",175,183,"## T-SOURCE-DISCRIMINATION — Abstention-gated source discrimination

**Candidate statement.** normalized systematic/local/global models에서 identification, PPC, holdout, prior sensitivity를 conjunctive하게 만족할 때만 source set을 출력.

**Proof route.** decision theory + finite-sample calibration.

**Decisive falsifier.** Assumption-complete counterexample, independent derivation mismatch, or certified numerical enclosure failure.

**Owning PR.** PR-206.",[],{},NOT_ESTABLISHED_FOR_THIS_PROPOSAL,NOT_EVALUATED
role-ca2f8c0e26b96c29,T1,T1. Registered Max-Scan Calibration Theorem,research_proposal_candidate,후보 문서가 제시한 구체 절/명제다. 조건부·forecast·proved 등의 표기는 원문 역할/가정을 보존할 뿐 이 매핑의 증명 판정이 아니다.,"{""content_id"": ""60a8a8c93e05df897d78cf73d72902b80449b2bbe109e16aacf6c332d3d3c11f:dd0517db"", ""git_blob"": ""d10418a3698c57a8ba7199225483c92e4993eb46"", ""id"": ""098365fa491a6f59f762ca8952f852e0"", ""observed_commit"": ""50d0fd652805dfde9b285e3347811e1764ab6615"", ""path"": ""legacy/cf4_p0/packages/publishable_next/theorem_candidates.md"", ""source_id"": ""htt_pre_rewrite""}",7,23,"## T1. Registered Max-Scan Calibration Theorem

**Math/stat axis.** For a fixed registered feature family
`S_1,...,S_p`, with a tail orientation for each statistic and simulations
processed through the same pipeline, the statistic
`T=max_j -log(p_j)` has a rank-calibrated finite-mock p-value with the `+1`
correction. Dependence among statistics is preserved because the full scan is
repeated in each mock.

**GR/cosmology axis.** The theorem makes no geometry statement. It is the
calibration layer needed before low-ell CMB morphology can enter almost-EGS or
MES discussion as an observed residual.

**Data axis.** This upgrades K1 from local low-ell feature tails to a registered
global scan once PR4/NPIPE E2E summaries exist. Until then the synthetic runner
only verifies mechanics.
","[""7107d073d13fc49a62bdcbf60899983b""]","{""proof_completion_unconfirmed"": 1}",NOT_ESTABLISHED_FOR_THIS_PROPOSAL,NOT_EVALUATED
role-aba6d0a88a843cba,T2,T2. Rank-Exact Local/Global Identifiability Theorem,research_proposal_candidate,후보 문서가 제시한 구체 절/명제다. 조건부·forecast·proved 등의 표기는 원문 역할/가정을 보존할 뿐 이 매핑의 증명 판정이 아니다.,"{""content_id"": ""60a8a8c93e05df897d78cf73d72902b80449b2bbe109e16aacf6c332d3d3c11f:dd0517db"", ""git_blob"": ""d10418a3698c57a8ba7199225483c92e4993eb46"", ""id"": ""098365fa491a6f59f762ca8952f852e0"", ""observed_commit"": ""50d0fd652805dfde9b285e3347811e1764ab6615"", ""path"": ""legacy/cf4_p0/packages/publishable_next/theorem_candidates.md"", ""source_id"": ""htt_pre_rewrite""}",24,39,"## T2. Rank-Exact Local/Global Identifiability Theorem

**Math/stat axis.** In the whitened linear response model, the identifiable
subspace is exactly the column space of the response design after nuisance
projection. Duplicate blocks add no rank; single-shell radial velocity designs
cannot separate coherent bulk and acceleration; radial data alone have zero
antisymmetric response.

**GR/cosmology axis.** This separates local boost, global tilt candidate,
survey/systematic response, and noise blocks before any HTT posterior. It also
formalizes why pointwise four-velocity is not enough: first-jet kinematics
carry expansion, shear, and vorticity.

**Data axis.** Use it as the entry gate for CF4, DESI, and low-ell axis
comparisons. Rank loss is a no-claim state, not weak evidence.
","[""9afd4a0d4ea4f98237fb80b5bcd30b8a""]","{""proof_completion_unconfirmed"": 1}",NOT_ESTABLISHED_FOR_THIS_PROPOSAL,NOT_EVALUATED
role-40d8f40d5fb9ae77,T3,T3. Boltzmann Collision-Gap Memory Bound,research_proposal_candidate,후보 문서가 제시한 구체 절/명제다. 조건부·forecast·proved 등의 표기는 원문 역할/가정을 보존할 뿐 이 매핑의 증명 판정이 아니다.,"{""content_id"": ""60a8a8c93e05df897d78cf73d72902b80449b2bbe109e16aacf6c332d3d3c11f:dd0517db"", ""git_blob"": ""d10418a3698c57a8ba7199225483c92e4993eb46"", ""id"": ""098365fa491a6f59f762ca8952f852e0"", ""observed_commit"": ""50d0fd652805dfde9b285e3347811e1764ab6615"", ""path"": ""legacy/cf4_p0/packages/publishable_next/theorem_candidates.md"", ""source_id"": ""htt_pre_rewrite""}",40,55,"## T3. Boltzmann Collision-Gap Memory Bound

**Math/stat axis.** If a linearized non-hydrodynamic moment obeys
`dM/dt <= -gamma M + S(t)` with `gamma>0` and bounded source envelope, then
`||M(t)|| <= ||M(0)|| exp(-gamma t) + S_max/gamma (1-exp(-gamma t))`.
If `gamma<=0`, forgetting language is disallowed.

**GR/cosmology axis.** This is a direct Boltzmann-equation theorem candidate:
Thomson/collision damping supplies the gap, while metric/tilt sources supply
the source envelope. The current repo already tests the synthetic gate; future
work must bind the actual operator convention and collision gap.

**Data axis.** This theorem turns a future low-ell transfer computation into a
bounded-memory diagnostic instead of an uncalibrated template fit. It does not
need family classification to be useful.
",[],{},NOT_ESTABLISHED_FOR_THIS_PROPOSAL,NOT_EVALUATED
role-ccf20aa164c0504d,T4,T4. Visibility-Cancellation No-Go Theorem,research_proposal_candidate,후보 문서가 제시한 구체 절/명제다. 조건부·forecast·proved 등의 표기는 원문 역할/가정을 보존할 뿐 이 매핑의 증명 판정이 아니다.,"{""content_id"": ""60a8a8c93e05df897d78cf73d72902b80449b2bbe109e16aacf6c332d3d3c11f:dd0517db"", ""git_blob"": ""d10418a3698c57a8ba7199225483c92e4993eb46"", ""id"": ""098365fa491a6f59f762ca8952f852e0"", ""observed_commit"": ""50d0fd652805dfde9b285e3347811e1764ab6615"", ""path"": ""legacy/cf4_p0/packages/publishable_next/theorem_candidates.md"", ""source_id"": ""htt_pre_rewrite""}",56,70,"## T4. Visibility-Cancellation No-Go Theorem

**Math/stat axis.** A LOS integral cannot be inverted into a source upper bound
unless source rank, sign/phase coherence, visibility-kernel floor, and mask
support are all bound. Missing any one condition blocks source upper-bound
language.

**GR/cosmology axis.** This is the Boltzmann/line-of-sight counterpart of EGS
rigidity: observed low multipoles can vanish through projection or cancellation,
so absence of a feature is not automatically absence of a source.

**Data axis.** Apply this to K1 and future native solver comparisons. It gives a
strong negative result: some tempting inverse-source claims are mathematically
unsupported.
","[""ed53713a73d2c6b486aa592936fb6232""]","{""proof_completion_unconfirmed"": 1}",NOT_ESTABLISHED_FOR_THIS_PROPOSAL,NOT_EVALUATED
role-b6f765deb06070d1,T5,T5. Almost-EGS Promotion Gate,research_proposal_candidate,후보 문서가 제시한 구체 절/명제다. 조건부·forecast·proved 등의 표기는 원문 역할/가정을 보존할 뿐 이 매핑의 증명 판정이 아니다.,"{""content_id"": ""60a8a8c93e05df897d78cf73d72902b80449b2bbe109e16aacf6c332d3d3c11f:dd0517db"", ""git_blob"": ""d10418a3698c57a8ba7199225483c92e4993eb46"", ""id"": ""098365fa491a6f59f762ca8952f852e0"", ""observed_commit"": ""50d0fd652805dfde9b285e3347811e1764ab6615"", ""path"": ""legacy/cf4_p0/packages/publishable_next/theorem_candidates.md"", ""source_id"": ""htt_pre_rewrite""}",71,83,"## T5. Almost-EGS Promotion Gate

**Math/stat axis.** An almost-EGS residual bound can be promoted only if
acceleration, temperature-gradient, derivative, and Weyl diagnostic bounds are
all present with provenance.

**GR/cosmology axis.** This keeps EGS-type reasoning strong: exact isotropy
implies FLRW under the theorem assumptions, and almost-isotropy requires all
control terms, not only a quadrupole summary.

**Data axis.** K1 can be used as one observed input to this gate, but it cannot
alone produce an almost-EGS cosmological conclusion.
",[],{},NOT_ESTABLISHED_FOR_THIS_PROPOSAL,NOT_EVALUATED
role-a77711b282e399c7,T6,T6. Potential-Flow Curl Non-Identifiability Theorem,research_proposal_candidate,후보 문서가 제시한 구체 절/명제다. 조건부·forecast·proved 등의 표기는 원문 역할/가정을 보존할 뿐 이 매핑의 증명 판정이 아니다.,"{""content_id"": ""60a8a8c93e05df897d78cf73d72902b80449b2bbe109e16aacf6c332d3d3c11f:dd0517db"", ""git_blob"": ""d10418a3698c57a8ba7199225483c92e4993eb46"", ""id"": ""098365fa491a6f59f762ca8952f852e0"", ""observed_commit"": ""50d0fd652805dfde9b285e3347811e1764ab6615"", ""path"": ""legacy/cf4_p0/packages/publishable_next/theorem_candidates.md"", ""source_id"": ""htt_pre_rewrite""}",84,96,"## T6. Potential-Flow Curl Non-Identifiability Theorem

**Math/stat axis.** Projection onto the symmetric affine-gradient subspace
annihilates the antisymmetric component. Therefore the vorticity channel is
structurally absent under a potential-flow reconstruction.

**GR/cosmology axis.** Vorticity is a kinematic first-jet component, but a
curl-suppressing reconstruction can remove it before estimation. A small
estimated curl is then a reconstruction property, not a physical measurement.

**Data axis.** This converts the K6 blocker into a result: report bulk,
expansion, and shear under current CF4++ reconstruction, but keep vorticity
only as a structural no-go unless field realizations with curl support exist.","[""0bc3faba0b88ccb5c96a40a67148e001""]","{""proof_completion_unconfirmed"": 1}",NOT_ESTABLISHED_FOR_THIS_PROPOSAL,NOT_EVALUATED
