path,git_blob_sha,bytes,kind,extension
.agent-harness/HISTORICAL_RUNS.json,dd56fc4c9510b38637953625ac148685a737a5c8,692,document_or_structured_evidence,.json
.agent-harness/README.md,55afb0aba9dc5d234dc498b7be4e6559303373d1,12349,document_or_structured_evidence,.md
.agent-harness/context/CONTEXT_INDEX.json,2a70f754a15646a41582cc921e97f112884ec218,1881,document_or_structured_evidence,.json
.agent-harness/context/FROZEN_DECISIONS.md,bab4e64e0f79c6a61fef47bca199d29389dcf5db,6960,document_or_structured_evidence,.md
.agent-harness/context/GATE_REGISTRY.json,37633661837726a4f3359905ccc17d8914ed8704,10870,document_or_structured_evidence,.json
.agent-harness/context/SHARED_CONTEXT.md,1d02cc87fe07157549eb4114d7e6dbc8c17b209d,601,document_or_structured_evidence,.md
.agent-harness/context/SYMBOLS.md,14fc7f8cf176845c8f2f8b4e3f5d2513bbb34b0e,1737,document_or_structured_evidence,.md
.agent-harness/context/roles/adjudicator.md,07d039bb673e4a1a948c92353b19fb64580d8e8b,505,document_or_structured_evidence,.md
.agent-harness/context/roles/cas_common.md,b851a980c603c5a587c53c5d5564ebf476e3d73b,1618,document_or_structured_evidence,.md
.agent-harness/context/roles/cas_lean.md,27467f675768ad5c05aa7fb0aa0b5a95403ea4fd,421,document_or_structured_evidence,.md
.agent-harness/context/roles/cas_sage_singular.md,d6636a1a114f37d268d723816152953a9cc64a19,451,document_or_structured_evidence,.md
.agent-harness/context/roles/cas_sympy.md,caec7a1d79fa12f0c746eb395386ca73f8771a0e,507,document_or_structured_evidence,.md
.agent-harness/context/roles/cas_wolfram_xact.md,c06b78875c21370721cd87b7f9787d6b0a989f60,545,document_or_structured_evidence,.md
.agent-harness/context/roles/context_mapper.md,02c16d79ffe82572abeb556ea5fc66ee0140b025,514,document_or_structured_evidence,.md
.agent-harness/generated/CONTEXT_PACK.md,881b693feaa90c24290987571a4500123dc107c9,9338,document_or_structured_evidence,.md
.agent-harness/runs/R8-AC-20260909/CAS_CONTRACT.json,822068573012d66447becf6ad2571bcf9ba96396,6829,document_or_structured_evidence,.json
.agent-harness/runs/R8-AC-20260909/RUN_PLAN.json,b39e6e749803ced46453c896191668fb204895f1,723,document_or_structured_evidence,.json
.agent-harness/runs/R8-AC-20260909/RUN_SUMMARY.json,ed47049f2f9cb0f68f275bbaa68a7e3943d6179e,1623,document_or_structured_evidence,.json
.agent-harness/runs/R8-AC-20260909/artifacts/correct_worktree_hook_checks.json,e67dd88e68e393449cebd06317a1a859ee67fd06,8348,document_or_structured_evidence,.json
.agent-harness/runs/R8-AC-20260909/artifacts/dry_plan.json,86d6df09623909a39ea651262a6546d7e6971351,15804,document_or_structured_evidence,.json
.agent-harness/runs/R8-AC-20260909/artifacts/lean/build_receipt.json,29e84002cf447f03d96977061ec0f44194c244ab,4681,document_or_structured_evidence,.json
.agent-harness/runs/R8-AC-20260909/artifacts/lean/initial_result_submitted.json,79d8befa01231e8b07621860863f712d6713bf64,10199,document_or_structured_evidence,.json
.agent-harness/runs/R8-AC-20260909/artifacts/lean/packaging_validation.json,8d6194ee04b9206b831771a1427f7744621eeea3,936,document_or_structured_evidence,.json
.agent-harness/runs/R8-AC-20260909/artifacts/lean/parent_replay_build_receipt_observed.json,29e84002cf447f03d96977061ec0f44194c244ab,4681,document_or_structured_evidence,.json
.agent-harness/runs/R8-AC-20260909/artifacts/native_cas_profile_failures.json,163fe0e26ec28953c78f3eeee525adedf6a4f968,278,document_or_structured_evidence,.json
.agent-harness/runs/R8-AC-20260909/artifacts/observed_cas/adjudication.json,98f59110b691236c4ed5a5ddb5df4f6b624d5be1,13120,document_or_structured_evidence,.json
.agent-harness/runs/R8-AC-20260909/artifacts/observed_cas/lean.normalized.json,a3e007232df0770c8b23e7e591d86c907b66d555,2033,document_or_structured_evidence,.json
.agent-harness/runs/R8-AC-20260909/artifacts/observed_cas/lean.raw.json,29e84002cf447f03d96977061ec0f44194c244ab,4681,document_or_structured_evidence,.json
.agent-harness/runs/R8-AC-20260909/artifacts/observed_cas/run_spec.json,322e5a32715c72540dec3e2c7ce65e67478b51f1,926,document_or_structured_evidence,.json
.agent-harness/runs/R8-AC-20260909/artifacts/observed_cas/sage_singular.normalized.json,167461ec41a8dfbe2173c7c4bc3b2ba1980b5ae8,898,document_or_structured_evidence,.json
.agent-harness/runs/R8-AC-20260909/artifacts/observed_cas/sage_singular.raw.json,14ec61ba18da90e54c04104a7d11642ad0d3d4a7,8159,document_or_structured_evidence,.json
.agent-harness/runs/R8-AC-20260909/artifacts/observed_cas/sympy.normalized.json,4a85360a054d050a6a39ac15b7028d143b099f5f,922,document_or_structured_evidence,.json
.agent-harness/runs/R8-AC-20260909/artifacts/observed_cas/sympy.raw.json,efb4898e0495ab507f344c67320b98c4e7b806d6,7081,document_or_structured_evidence,.json
.agent-harness/runs/R8-AC-20260909/artifacts/observed_cas/wolfram_xact.normalized.json,337d311d3fcddf98af49e3f6a6b6b1c88a761555,903,document_or_structured_evidence,.json
.agent-harness/runs/R8-AC-20260909/artifacts/observed_cas/wolfram_xact.raw.json,6ec6640a28acd43b903440b521b45f8e2bd0b5e7,1832,document_or_structured_evidence,.json
.agent-harness/runs/R8-AC-20260909/artifacts/r7_regression_fixture_restoration.json,786d5e1e6541a2bfecdef937cc5da135667d8a4e,323,document_or_structured_evidence,.json
.agent-harness/runs/R8-AC-20260909/artifacts/sage_singular/checks.json,14ec61ba18da90e54c04104a7d11642ad0d3d4a7,8159,document_or_structured_evidence,.json
.agent-harness/runs/R8-AC-20260909/artifacts/sage_singular/checks_observed_after_parent_reported_rerun.json,14ec61ba18da90e54c04104a7d11642ad0d3d4a7,8159,document_or_structured_evidence,.json
.agent-harness/runs/R8-AC-20260909/artifacts/sage_singular/correct_cwd_stop_receipt.json,1f9ce211771482b1163edf57aea8dd4e93deab62,848,document_or_structured_evidence,.json
.agent-harness/runs/R8-AC-20260909/artifacts/sage_singular/initial_result_before_packaging_correction.json,64493b6a7d4c354b67711a47f4b438f858d84d56,13417,document_or_structured_evidence,.json
.agent-harness/runs/R8-AC-20260909/artifacts/sage_singular/proof_scope.md,c86da1f382005f154b4532704161a7c2483ec623,6824,document_or_structured_evidence,.md
.agent-harness/runs/R8-AC-20260909/artifacts/sage_singular/sage_transcript_attempt1.txt,c220fb9c9fe1cec9bd966a422429f5fbad2efcb4,842,document_or_structured_evidence,.txt
.agent-harness/runs/R8-AC-20260909/artifacts/sage_singular/sage_transcript_attempt2.txt,c3a09c5fb7e6e016d6e1178a1f3fc3e08ed68a42,928,document_or_structured_evidence,.txt
.agent-harness/runs/R8-AC-20260909/artifacts/sage_singular/singular_transcript.txt,771430e0c8e96c6c69b2e633b5192163214c604a,25,document_or_structured_evidence,.txt
.agent-harness/runs/R8-AC-20260909/artifacts/sympy/initial_envelope_pre_schema_normalization.json,eb6c77744036de82074a5f6325a60a8b13842398,14625,document_or_structured_evidence,.json
.agent-harness/runs/R8-AC-20260909/artifacts/sympy/production_review.json,d7e34ccbbd4d5d46eaa7fc2d05f42e1458d498ac,13010,document_or_structured_evidence,.json
.agent-harness/runs/R8-AC-20260909/artifacts/sympy/reference_selfcheck.json,c6a49b3f2d8072eff31fb2dfbffcba9c0fc09442,69624,document_or_structured_evidence,.json
.agent-harness/runs/R8-AC-20260909/artifacts/sympy/result_consumer_validation.json,e1cdebb944f273279bcd6d6bc48d2e3dd0000dc6,833,document_or_structured_evidence,.json
.agent-harness/runs/R8-AC-20260909/artifacts/sympy/review_probes_final.json,08da6cbd0a078525f8e735dcf95d8574e6baf5c4,983,document_or_structured_evidence,.json
.agent-harness/runs/R8-AC-20260909/artifacts/sympy/review_probes_initial.json,bcf396d42b8f5ea283d193c71fb473019a58dab5,1531,document_or_structured_evidence,.json
.agent-harness/runs/R8-AC-20260909/artifacts/sympy/review_pytest_final.txt,f3b80a07176bca7fe98f8944a02eb08c7d30f88d,99,document_or_structured_evidence,.txt
.agent-harness/runs/R8-AC-20260909/artifacts/sympy/review_pytest_initial.txt,8a42cb4c199d992b9545be8d2e8fc5fd7c620b19,99,document_or_structured_evidence,.txt
.agent-harness/runs/R8-AC-20260909/artifacts/sympy/review_pytest_repair.txt,93f75629e2f54b43aa398bd1ec6840e644271b5c,99,document_or_structured_evidence,.txt
.agent-harness/runs/R8-AC-20260909/artifacts/sympy/review_pytest_runner_initial.txt,d9176820f735b1023a1bac1483ee6487ba9ed17f,98,document_or_structured_evidence,.txt
.agent-harness/runs/R8-AC-20260909/artifacts/sympy/review_repair_check_final.json,1b572d0d115b7e1e53ae232084aa2af97856b95d,6821,document_or_structured_evidence,.json
.agent-harness/runs/R8-AC-20260909/artifacts/sympy/review_repair_check_initial.json,d54920eb70f5fb72ba59985ad39e8697d4e9291d,6822,document_or_structured_evidence,.json
.agent-harness/runs/R8-AC-20260909/artifacts/sympy/review_runner_probes_final.json,d0b54fe60aeaaf51527cfa7e5c97352be9ace83e,1807,document_or_structured_evidence,.json
.agent-harness/runs/R8-AC-20260909/artifacts/sympy/review_runner_probes_initial.json,3e242414347847dd7373d1284e0a218187eed6d3,1616,document_or_structured_evidence,.json
.agent-harness/runs/R8-AC-20260909/artifacts/sympy/transcript.json,78d8e5f4261da94d5246f63da7557b9e7ec7edba,7081,document_or_structured_evidence,.json
.agent-harness/runs/R8-AC-20260909/artifacts/wolfram_xact/attempt_identity_at_envelope_correction.json,a1ecdc770648acfcd682fbd91d7b3a1c436ce097,3968,document_or_structured_evidence,.json
.agent-harness/runs/R8-AC-20260909/artifacts/wolfram_xact/checks.initial.json,59aa8859e6a34f0334b800538652a0c076485dff,1699,document_or_structured_evidence,.json
.agent-harness/runs/R8-AC-20260909/artifacts/wolfram_xact/checks.json,70b8e17bba24974e077ef453777de534e8078480,1700,document_or_structured_evidence,.json
.agent-harness/runs/R8-AC-20260909/artifacts/wolfram_xact/checks.observed_at_envelope_correction.json,70b8e17bba24974e077ef453777de534e8078480,1700,document_or_structured_evidence,.json
.agent-harness/runs/R8-AC-20260909/artifacts/wolfram_xact/derivation.md,40be3951de8a8be58f2793add2b9f78fc633e344,8947,document_or_structured_evidence,.md
.agent-harness/runs/R8-AC-20260909/artifacts/wolfram_xact/envelope_validation.json,8ef9e2556aae0fffaa70c06dbb803a38bd6fb2c0,680,document_or_structured_evidence,.json
.agent-harness/runs/R8-AC-20260909/artifacts/wolfram_xact/result.before_envelope_correction.json,22ab013a9b62bb29deb2797c4e80d3700bd9fa01,7406,document_or_structured_evidence,.json
.agent-harness/runs/R8-AC-20260909/assignments/lean.json,b078c7eb2d4f50b450cb3c7b458a9df12372c9af,1950,document_or_structured_evidence,.json
.agent-harness/runs/R8-AC-20260909/assignments/lean_runtime.json,6e1dfc92e893ab5d2c59e9c482b5bf10cd61910b,2079,document_or_structured_evidence,.json
.agent-harness/runs/R8-AC-20260909/assignments/sage_singular.json,35a433f22c268e6a297e0a756a8427d3af45488d,1995,document_or_structured_evidence,.json
.agent-harness/runs/R8-AC-20260909/assignments/sage_singular_runtime.json,a0b58738f42b1affac4bc2b71b028934a80fc03b,2133,document_or_structured_evidence,.json
.agent-harness/runs/R8-AC-20260909/assignments/sympy.json,c1fb12a3a844ab076c5af8119ad7b4a0d0a4aa11,1955,document_or_structured_evidence,.json
.agent-harness/runs/R8-AC-20260909/assignments/sympy_runtime.json,d3496e311781e99eaad645304c5664435a327813,2085,document_or_structured_evidence,.json
.agent-harness/runs/R8-AC-20260909/assignments/wolfram_xact.json,313b7699b49ea1de0e83bf082999b3c4a56b0254,1990,document_or_structured_evidence,.json
.agent-harness/runs/R8-AC-20260909/assignments/wolfram_xact_runtime.json,2b05a009c7dc4eb977a4b7ca8582c2f16c1a711f,2127,document_or_structured_evidence,.json
.agent-harness/runs/R8-AC-20260909/raw_logs/campaign_execution.txt,a106c84483531334cd6e9c907434b2fec363b9b0,68,document_or_structured_evidence,.txt
.agent-harness/runs/R8-AC-20260909/raw_logs/campaign_resume.txt,85053ab0cd129e78b3a1297a3078caafa9757f3d,67,document_or_structured_evidence,.txt
.agent-harness/runs/R8-AC-20260909/raw_logs/canonical_registration.txt,043045a82a58f2ed206f2010c559fdd21f9e8654,1399,document_or_structured_evidence,.txt
.agent-harness/runs/R8-AC-20260909/raw_logs/cas_observed.txt,98f59110b691236c4ed5a5ddb5df4f6b624d5be1,13120,document_or_structured_evidence,.txt
.agent-harness/runs/R8-AC-20260909/raw_logs/dispatch_green.txt,8036f19ecfa21bef7edea17eabbfcb3088f5196b,99,document_or_structured_evidence,.txt
.agent-harness/runs/R8-AC-20260909/raw_logs/dispatch_red.txt,4da661081f63ddf306d4ddf99d02bd8729dae252,1379,document_or_structured_evidence,.txt
.agent-harness/runs/R8-AC-20260909/raw_logs/figures.txt,424489592502eba3b01d9066b3b08dc4990c7ab1,104,document_or_structured_evidence,.txt
.agent-harness/runs/R8-AC-20260909/raw_logs/final_validation.txt,d3af2fcb8fe31c51b2644f1a59bb22a359670e56,68433,document_or_structured_evidence,.txt
.agent-harness/runs/R8-AC-20260909/raw_logs/final_validation_with_complete_fixture.txt,8468bff09f282372888152cdf4015cfd4319831d,180,document_or_structured_evidence,.txt
.agent-harness/runs/R8-AC-20260909/raw_logs/final_validation_with_fixture.txt,1858b498ff9ff966ca4ba1eca5c1b1437a5ba3b9,71723,document_or_structured_evidence,.txt
.agent-harness/runs/R8-AC-20260909/raw_logs/first_green.txt,3d77b5d07a7a0e652ecf28e865d3550a4a640daa,2726,document_or_structured_evidence,.txt
.agent-harness/runs/R8-AC-20260909/raw_logs/mock1_1000_corrected.txt,6737cb3d3a6591145ac6be55dca2aa86e50513be,1660,document_or_structured_evidence,.txt
.agent-harness/runs/R8-AC-20260909/raw_logs/mock1_1000_initial_symmetry_failure.txt,65e122982e2f84962cbb135063037d7fb4fb8b1b,1464,document_or_structured_evidence,.txt
.agent-harness/runs/R8-AC-20260909/raw_logs/mock1_301_corrected.txt,129b7bf737f99f58abadf9ec4fbb47a3ac35ce46,1630,document_or_structured_evidence,.txt
.agent-harness/runs/R8-AC-20260909/raw_logs/mock1_301_initial_symmetry_failure.txt,65e122982e2f84962cbb135063037d7fb4fb8b1b,1464,document_or_structured_evidence,.txt
.agent-harness/runs/R8-AC-20260909/raw_logs/mock1_31_corrected.txt,eaa4ca257dac903bf1c9b0db8c7af48bc0ea9294,1585,document_or_structured_evidence,.txt
.agent-harness/runs/R8-AC-20260909/raw_logs/mock1_31_initial_symmetry_failure.txt,593d6bffb7fd9a3a662faabd675ff53898035fd3,1464,document_or_structured_evidence,.txt
.agent-harness/runs/R8-AC-20260909/raw_logs/mock3.txt,d50c34d4d1034b8942e8912a961d20600f760b9e,119,document_or_structured_evidence,.txt
.agent-harness/runs/R8-AC-20260909/raw_logs/mock4.txt,092674814f620c699547905d44c22867064f6480,119,document_or_structured_evidence,.txt
.agent-harness/runs/R8-AC-20260909/raw_logs/mock4_corrected.txt,e694dc8cfa523dc3c9c54ba560398eed674fc732,119,document_or_structured_evidence,.txt
.agent-harness/runs/R8-AC-20260909/raw_logs/mock5.txt,ee3fefb12518c34de681d53c27d8180b8f77cf61,118,document_or_structured_evidence,.txt
.agent-harness/runs/R8-AC-20260909/raw_logs/partial_dispatch_green.txt,2e46205bb4025576c2681144e79353bd978eeb19,99,document_or_structured_evidence,.txt
.agent-harness/runs/R8-AC-20260909/raw_logs/pool_green.txt,ba692778f6efbd65f3189297ed10baea3462eb8f,99,document_or_structured_evidence,.txt
.agent-harness/runs/R8-AC-20260909/raw_logs/pool_red.txt,5710dd756ed03aadfece39880222422aebee7a93,833,document_or_structured_evidence,.txt
.agent-harness/runs/R8-AC-20260909/raw_logs/quantile_green.txt,d030a50dc5bf06428e85e0928e097fcd81c47a10,99,document_or_structured_evidence,.txt
.agent-harness/runs/R8-AC-20260909/raw_logs/r8_final.txt,61c993750e591b8bf3f6b955f3355e03df2515b0,99,document_or_structured_evidence,.txt
.agent-harness/runs/R8-AC-20260909/raw_logs/red.txt,6f1d64a24d5447a1aaa6aeab04fba2f686c5b648,2412,document_or_structured_evidence,.txt
.agent-harness/runs/R8-AC-20260909/raw_logs/review_repairs_first.txt,772cb4042eb29d2ad55524a7746d7fa97b2a6c05,99,document_or_structured_evidence,.txt
.agent-harness/runs/R8-AC-20260909/raw_logs/runner_first.txt,c61621674660c4ddb4b365eb6ae85f3d9d99a838,99,document_or_structured_evidence,.txt
.agent-harness/runs/R8-AC-20260909/raw_logs/runner_repairs.txt,499c49e397073ef553ed79e667760b910cc6b57b,99,document_or_structured_evidence,.txt
.agent-harness/runs/R8-AC-20260909/raw_logs/target_import_green.txt,6dba43067fff81845adace4bf2af27b1d89093a0,1434,document_or_structured_evidence,.txt
.agent-harness/runs/R8-AC-20260909/results/lean_runtime.json,96cd27e663df3efe25ab48bd67fa68c87f8721f2,21106,document_or_structured_evidence,.json
.agent-harness/runs/R8-AC-20260909/results/sage_singular_runtime.json,2344ac495ab439a0dd1fcf4e2f3c474ffc24c85e,21208,document_or_structured_evidence,.json
.agent-harness/runs/R8-AC-20260909/results/sympy_runtime.json,79832eda4fd71d485641ed1d9c3b0b98593808ee,20981,document_or_structured_evidence,.json
.agent-harness/runs/R8-AC-20260909/results/wolfram_xact_runtime.json,bf8ecee38f9b3206ad80594f3e6f0a6d0267e782,12924,document_or_structured_evidence,.json
.agent-harness/runs/R8-B-20260909/CAS_CONTRACT.json,40bd55ed6ac925b7e46cba014a9a227a00aed8cc,7094,document_or_structured_evidence,.json
.agent-harness/runs/R8-B-20260909/RUN_PLAN.json,0a67ee5df6c4a9928e38a0d7feaceb64f0b81e41,660,document_or_structured_evidence,.json
.agent-harness/runs/R8-B-20260909/RUN_SUMMARY.json,3da8e73ea08470290396d9a6349ff48bd51f7e86,1261,document_or_structured_evidence,.json
.agent-harness/runs/R8-B-20260909/artifacts/direct_execution/USER_EXECUTION_OVERLAY.json,b92a490317a1b64d27caca97325d8316ba3e01c5,722,document_or_structured_evidence,.json
.agent-harness/runs/R8-B-20260909/artifacts/direct_execution/closeout.json,e1f4dbf6b1bc638c9840a21257af4c7122e81448,1276,document_or_structured_evidence,.json
.agent-harness/runs/R8-B-20260909/artifacts/direct_execution/engine_results.json,4814ec152e2c2d30001e4d7c28f339d33aa0762e,2993,document_or_structured_evidence,.json
.agent-harness/runs/R8-B-20260909/artifacts/direct_execution/lean_direct_receipt.json,5c114319fe1becf8b6264cf426cc5588e00382af,654,document_or_structured_evidence,.json
.agent-harness/runs/R8-B-20260909/artifacts/direct_execution/original_build-receipt.json,ee9f0e48e2d1d2153519e1255bd0a33a901bcd8c,1613,document_or_structured_evidence,.json
.agent-harness/runs/R8-B-20260909/artifacts/direct_execution/reference_result.json,1c894d18e55f2070bd5f40d657b132e13a8bd7b2,1137,document_or_structured_evidence,.json
.agent-harness/runs/R8-B-20260909/artifacts/direct_execution/reference_stderr.txt,e69de29bb2d1d6434b8b29ae775ad8c2e48c5391,0,document_or_structured_evidence,.txt
.agent-harness/runs/R8-B-20260909/artifacts/direct_execution/sage_singular_stderr.txt,e69de29bb2d1d6434b8b29ae775ad8c2e48c5391,0,document_or_structured_evidence,.txt
.agent-harness/runs/R8-B-20260909/artifacts/direct_execution/sage_singular_stdout.json,7ea6b7e3df1eed20f1c5259ff11eb4cfbac6385b,1105,document_or_structured_evidence,.json
.agent-harness/runs/R8-B-20260909/artifacts/direct_execution/sympy_stderr.txt,e69de29bb2d1d6434b8b29ae775ad8c2e48c5391,0,document_or_structured_evidence,.txt
.agent-harness/runs/R8-B-20260909/artifacts/direct_execution/sympy_stdout.json,72ceb1e8b7687f1bc444c67e32f3e50cc186ae1c,22536,document_or_structured_evidence,.json
.agent-harness/runs/R8-B-20260909/artifacts/direct_execution/wolfram_xact_stderr.txt,e69de29bb2d1d6434b8b29ae775ad8c2e48c5391,0,document_or_structured_evidence,.txt
.agent-harness/runs/R8-B-20260909/artifacts/direct_execution/wolfram_xact_stdout.json,f30c54b66c0b19d9c388635937740262d33de883,838,document_or_structured_evidence,.json
.agent-harness/runs/R8-B-20260909/artifacts/lean/build-receipt.json,ee9f0e48e2d1d2153519e1255bd0a33a901bcd8c,1613,document_or_structured_evidence,.json
.agent-harness/runs/R8-B-20260909/artifacts/observed_cas/adjudication.json,b9cf0b9f4dbe532a08901c39e001b3478d3c1ecc,1208,document_or_structured_evidence,.json
.agent-harness/runs/R8-B-20260909/artifacts/observed_cas/run_spec.json,e2c6bfc113462acf87f0d9067ff76e983db9b136,720,document_or_structured_evidence,.json
.agent-harness/runs/R8-B-20260909/artifacts/resource_interruption.json,4041a8c2951bc6c2976ea491c00143b0985841e7,662,document_or_structured_evidence,.json
.agent-harness/runs/R8-B-20260909/artifacts/sage_singular/README.md,e55022a816a540d8a825b34a6490832bb6f01c5d,1998,document_or_structured_evidence,.md
.agent-harness/runs/R8-B-20260909/artifacts/sage_singular/axis_result.json,970ebb192e8d1bbe088b616132f73305330a9617,2865,document_or_structured_evidence,.json
.agent-harness/runs/R8-B-20260909/artifacts/sage_singular/checks.json,7ea6b7e3df1eed20f1c5259ff11eb4cfbac6385b,1105,document_or_structured_evidence,.json
.agent-harness/runs/R8-B-20260909/artifacts/sage_singular/execution_receipt.json,c645afe162f03a5fc8bc4a32a0e13b99fcfda629,1220,document_or_structured_evidence,.json
.agent-harness/runs/R8-B-20260909/artifacts/sage_singular/first_stderr.txt,e69de29bb2d1d6434b8b29ae775ad8c2e48c5391,0,document_or_structured_evidence,.txt
.agent-harness/runs/R8-B-20260909/artifacts/sage_singular/first_stdout.json,7ea6b7e3df1eed20f1c5259ff11eb4cfbac6385b,1105,document_or_structured_evidence,.json
.agent-harness/runs/R8-B-20260909/artifacts/sage_singular/replay_stderr.txt,e69de29bb2d1d6434b8b29ae775ad8c2e48c5391,0,document_or_structured_evidence,.txt
.agent-harness/runs/R8-B-20260909/artifacts/sage_singular/replay_stdout.json,7ea6b7e3df1eed20f1c5259ff11eb4cfbac6385b,1105,document_or_structured_evidence,.json
.agent-harness/runs/R8-B-20260909/artifacts/sage_singular/singular_stderr.txt,e69de29bb2d1d6434b8b29ae775ad8c2e48c5391,0,document_or_structured_evidence,.txt
.agent-harness/runs/R8-B-20260909/artifacts/sage_singular/singular_stdout.txt,c5fe014ba8902ef39bb8b021e7f59974f1d4ae1d,99,document_or_structured_evidence,.txt
.agent-harness/runs/R8-B-20260909/artifacts/sympy/axis_result.json,a99773bba96cc65f7153977d81735f41272c431a,25014,document_or_structured_evidence,.json
.agent-harness/runs/R8-B-20260909/artifacts/sympy/execution.json,510e30e81d4e36685f093271e438736fca4410a4,828,document_or_structured_evidence,.json
.agent-harness/runs/R8-B-20260909/artifacts/sympy/payload_validation.json,4f721372fcd00b146c07527ddeb6159180ef392f,209,document_or_structured_evidence,.json
.agent-harness/runs/R8-B-20260909/artifacts/sympy/stderr.txt,e69de29bb2d1d6434b8b29ae775ad8c2e48c5391,0,document_or_structured_evidence,.txt
.agent-harness/runs/R8-B-20260909/artifacts/sympy/stdout.json,52b180adef92e12ead39d326028a0bc8d13f3698,22537,document_or_structured_evidence,.json
.agent-harness/runs/R8-B-20260909/artifacts/wolfram_xact/axis_result.json,8806fa1e11f2f84304e7778febaab0a654da1670,2572,document_or_structured_evidence,.json
.agent-harness/runs/R8-B-20260909/artifacts/wolfram_xact/execution.json,0f80d45c62d82683aaf09dc8dad120ce90a47056,714,document_or_structured_evidence,.json
.agent-harness/runs/R8-B-20260909/artifacts/wolfram_xact/execution_initial_failure.json,16795a04418e1ba9647b1a0f8df1b65591464e6f,560,document_or_structured_evidence,.json
.agent-harness/runs/R8-B-20260909/artifacts/wolfram_xact/scientific_result.json,f30c54b66c0b19d9c388635937740262d33de883,838,document_or_structured_evidence,.json
.agent-harness/runs/R8-B-20260909/assignments/lean.json,774e1f143e1ec9207cbacfc8ab52966004b99391,1495,document_or_structured_evidence,.json
.agent-harness/runs/R8-B-20260909/assignments/sage_singular.json,864664856c3524142817e101cb8fe18ef3d695dc,1544,document_or_structured_evidence,.json
.agent-harness/runs/R8-B-20260909/assignments/sympy.json,89a324f3a550a0d5fbb5de7d2784e20ff92fe67f,1634,document_or_structured_evidence,.json
.agent-harness/runs/R8-B-20260909/assignments/wolfram_xact.json,110146895ce3c19028e7b6ef59515051741c368b,1538,document_or_structured_evidence,.json
.agent-harness/runs/R8-B-20260909/raw_logs/close_run_direct.txt,cd849182d67a521c0ceecb26c79d297f7cf1ea94,264,document_or_structured_evidence,.txt
.agent-harness/runs/R8-B-20260909/raw_logs/direct_engines.txt,4814ec152e2c2d30001e4d7c28f339d33aa0762e,2993,document_or_structured_evidence,.txt
.agent-harness/runs/R8-B-20260909/raw_logs/execution.txt,12774ab7d1d730c4112835ba522de5d8cf1e5eb5,1627,document_or_structured_evidence,.txt
.agent-harness/runs/R8-B-20260909/raw_logs/execution_after_symmetry.txt,7c30c904a164ae51dee967955400a8f91a46d374,262,document_or_structured_evidence,.txt
.agent-harness/runs/R8-B-20260909/raw_logs/first_green.txt,11af06eb78e9e952c61d5b9ed530cf9f8c1ac883,1139,document_or_structured_evidence,.txt
.agent-harness/runs/R8-B-20260909/raw_logs/green.txt,1d7f48af35561221092b4ed576dc8446892402c9,98,document_or_structured_evidence,.txt
.agent-harness/runs/R8-B-20260909/raw_logs/parent_cas.txt,b9cf0b9f4dbe532a08901c39e001b3478d3c1ecc,1208,document_or_structured_evidence,.txt
.agent-harness/runs/R8-B-20260909/raw_logs/red.txt,fd128483b5726b76379ac4e3bb3b047987950657,794,document_or_structured_evidence,.txt
.agent-harness/runs/R8-B-20260909/raw_logs/repair_tests.txt,7f37742d20ceb24a687575d9e23ecc4c5f32c5d2,98,document_or_structured_evidence,.txt
.agent-harness/runs/R8-B-20260909/raw_logs/symmetry_tests.txt,d111f5555aef2928d81567208a682ec9413f4483,99,document_or_structured_evidence,.txt
.agent-harness/runs/R8-B-20260909/results/sage_singular.json,6cae30cb00fa3bdf0b36f30d1bbe58fa8c8c1e93,10930,document_or_structured_evidence,.json
.agent-harness/runs/R8-B-20260909/results/sympy.json,adfe7ef29e342e870882105401a3662240b61178,8009,document_or_structured_evidence,.json
.agent-harness/runs/R8-B-20260909/results/wolfram_xact.json,d5560d192cbbf3b41dfcf560a6c5001ca692a4e0,9921,document_or_structured_evidence,.json
.agent-harness/runs/R8-D-20260910/RUN_PLAN.json,49f1f4757dc8509a3b6f7952ba7f8e65cb5bdb28,660,document_or_structured_evidence,.json
.agent-harness/runs/R8-D-20260910/artifacts/direct_execution/DIRECT_CHECK_CONTRACT.json,70566e4fe40beafc8b66f875d6db3b45bd8b48cd,6732,document_or_structured_evidence,.json
.agent-harness/runs/R8-D-20260910/artifacts/direct_execution/engine_results.json,56567b9a061c9a0b1bfcd9bda06f5c2897051e14,5403,document_or_structured_evidence,.json
.agent-harness/runs/R8-D-20260910/artifacts/direct_execution/initial_engine_results.json,cd531adecd0f160d82783fa7e5d3ff42bedd64b9,3941,document_or_structured_evidence,.json
.agent-harness/runs/R8-D-20260910/artifacts/direct_execution/wolfram_payload.json,181ae08e3d83ff095016aac03a4591d0a516ddf2,246,document_or_structured_evidence,.json
.agent-harness/runs/R8-D-20260910/raw_logs/green.txt,a6060f89d9fb3e43e7db9bea4a729864cc73da15,1702,document_or_structured_evidence,.txt
.agent-harness/runs/R8-D-20260910/raw_logs/mock6_20260912.txt,a1d5b36424a4f580a7af7e481702666522150f20,155,document_or_structured_evidence,.txt
.agent-harness/runs/R8-D-20260910/raw_logs/r8_regression_20260912.txt,0de22e3f5aff3a424be784785b9af16899c05536,99,document_or_structured_evidence,.txt
.agent-harness/runs/R8-D-20260910/raw_logs/red.txt,0815a4a0faa0da16b86cbb53ed3a38807cefa159,1247,document_or_structured_evidence,.txt
.agent-harness/runs/R8-D-20260910/raw_logs/resume_green_20260912.txt,36efcbaff28c0347af908caf24524bb7968cc90e,99,document_or_structured_evidence,.txt
.agent-harness/runs/R8-D-20260910/raw_logs/resume_red_20260912.txt,a4aa2bb8e12554cf7f6b5b54bb0d83304d35e770,5308,document_or_structured_evidence,.txt
.agent-harness/runs/R8-D-20260910/raw_logs/selected_20260912.txt,9423eb7ac4fd833143052e27513a0f0fe4d88f64,99,document_or_structured_evidence,.txt
.agent-harness/runs/R8-E-20260909/RUN_PLAN.json,33713d29a5687231d6d3c5721de8899f232c8e5c,660,document_or_structured_evidence,.json
.agent-harness/runs/R8-E-20260909/RUN_SUMMARY.json,604bc364061d00848b87bb2e58d3e470a7f27a00,975,document_or_structured_evidence,.json
.agent-harness/runs/R8-E-20260909/artifacts/initial_render/fields_figures.json,bfc5228e19b8048071650bb48193199879e9f375,498,document_or_structured_evidence,.json
.agent-harness/runs/R8-E-20260909/artifacts/initial_render/figures.json,e0bd6ef8e35346edc656759acb5b63e66c6b7b6c,535,document_or_structured_evidence,.json
.agent-harness/runs/R8-E-20260909/assignments/cmb_review.json,848a457fbb5dc4dcd105fde2da8e8d7402c99503,1798,document_or_structured_evidence,.json
.agent-harness/runs/R8-E-20260909/assignments/flow_review.json,b1ddded23c7d113d859ac17ed7eef6950f97d141,1915,document_or_structured_evidence,.json
.agent-harness/runs/R8-E-20260909/raw_logs/close_run.txt,c531332009493a84b241ee34d2ac2cc1ae591bbf,264,document_or_structured_evidence,.txt
.agent-harness/runs/R8-E-20260909/raw_logs/cmb_execution.txt,c177a4074529f595eeee3756af3f83e0ec895db7,131,document_or_structured_evidence,.txt
.agent-harness/runs/R8-E-20260909/raw_logs/fields_execution.txt,92bebc009d2116f5d66a60cc2621b2c4a454aac2,95,document_or_structured_evidence,.txt
.agent-harness/runs/R8-E-20260909/raw_logs/final_tests.txt,0006eefc11597659bdb501ecf71757dd77c5f6e8,99,document_or_structured_evidence,.txt
.agent-harness/runs/R8-E-20260909/raw_logs/first_green.txt,e61720b999f01d7ae0f3beb8b86e33d642b7dce8,98,document_or_structured_evidence,.txt
.agent-harness/runs/R8-E-20260909/raw_logs/red.txt,b992a7abc64eeeadaff6932ac5e7b810148b2602,1345,document_or_structured_evidence,.txt
.agent-harness/runs/R8-E-20260909/results/cmb_review.json,7ba2fd5df9e31a06841b2960ab1cfa871c0a78ee,19451,document_or_structured_evidence,.json
.agent-harness/runs/R8-E-20260909/results/flow_review.json,fb7b4498df6d4554fdd12ae0c6361a9745bc3032,17505,document_or_structured_evidence,.json
.agent-harness/runs/R8-HOOK-20260909/RUN_PLAN.json,c809c4b8e2bc9ac5e879d7d1782bc7304662bc85,664,document_or_structured_evidence,.json
.agent-harness/runs/R8-HOOK-20260909/RUN_SUMMARY.json,de91caa3859608e1086a355743e639b045970f3d,1005,document_or_structured_evidence,.json
.agent-harness/runs/R8-HOOK-20260909/artifacts/deployment_before.json,3662a48781e457f42d66185892b2feeb83feb26c,1188,document_or_structured_evidence,.json
.agent-harness/runs/R8-HOOK-20260909/artifacts/explicit_consumer_fixture.json,4778ec0d788afa7c9a70ba9130dd79591babd51c,10069,document_or_structured_evidence,.json
.agent-harness/runs/R8-HOOK-20260909/artifacts/hook_reviewer/final_narrow_test_result.json,1ee61ff4e1e20a21fcfd7de354b5d0cbfaf596f9,1013,document_or_structured_evidence,.json
.agent-harness/runs/R8-HOOK-20260909/artifacts/hook_reviewer/final_validation.json,1fbe5628e58e9c667601a59e48f995a37f66c96e,1255,document_or_structured_evidence,.json
.agent-harness/runs/R8-HOOK-20260909/artifacts/hook_reviewer/focused_test_result.json,e36956bc9bf4972da1efab085a4464b3fbed389c,797,document_or_structured_evidence,.json
.agent-harness/runs/R8-HOOK-20260909/artifacts/hook_reviewer/initial_probe.json,de6e5bbd1888d19089edce9c0d99ae68915570cb,1559,document_or_structured_evidence,.json
.agent-harness/runs/R8-HOOK-20260909/artifacts/hook_reviewer/native_stop_rejection.json,b7b4bd3bc6409cc73729e7b12598221a066fd023,778,document_or_structured_evidence,.json
.agent-harness/runs/R8-HOOK-20260909/artifacts/hook_reviewer/reviewed_source_hashes.json,1d7064f2faaf9fe9ba83e32b99e71ba075b23ea5,544,document_or_structured_evidence,.json
.agent-harness/runs/R8-HOOK-20260909/artifacts/hook_reviewer/stale_git_repro.json,9fc3434a45f6fa7e8ad0a42531ce12142c51285e,2020,document_or_structured_evidence,.json
.agent-harness/runs/R8-HOOK-20260909/artifacts/hook_reviewer/stale_git_start_repro.json,a2baa72ab5a734c3b6313e64cbaeb88adf7e9bf8,1677,document_or_structured_evidence,.json
.agent-harness/runs/R8-HOOK-20260909/artifacts/hook_reviewer/strict_validation.json,aeb6e1e8dd93d9c3f3fbf59047a986c53e2b69b1,311,document_or_structured_evidence,.json
.agent-harness/runs/R8-HOOK-20260909/artifacts/native_completion.json,29ce96ba27b5f19155eb52a93bc19e4a27efe259,1690,document_or_structured_evidence,.json
.agent-harness/runs/R8-HOOK-20260909/artifacts/native_start_binding.json,2c2ca421372de753edeba18c457110ec40e900f9,789,document_or_structured_evidence,.json
.agent-harness/runs/R8-HOOK-20260909/assignments/hook_reviewer.json,89595acdf856986e7c9ee4ff94cb46e3a9da4067,1587,document_or_structured_evidence,.json
.agent-harness/runs/R8-HOOK-20260909/assignments/native_context_probe.json,15f5d69cfd7bc2607335049836898a160598c8a6,1458,document_or_structured_evidence,.json
.agent-harness/runs/R8-HOOK-20260909/raw_logs/close_run.json,d7906c90be484687f5e26325e956187eda35a7f1,270,document_or_structured_evidence,.json
.agent-harness/runs/R8-HOOK-20260909/raw_logs/hook_tests.txt,2f33c8a115dd504c5f4badd8a231d9900e65b3e4,68681,document_or_structured_evidence,.txt
.agent-harness/runs/R8-HOOK-20260909/raw_logs/hook_tests_repaired.txt,38d942e14c30e594d895894de99b139405871d47,181,document_or_structured_evidence,.txt
.agent-harness/runs/R8-HOOK-20260909/results/hook_reviewer.json,be262bf2e77d1c53bb16bffed5f2900bb6730fb3,6876,document_or_structured_evidence,.json
.agent-harness/runs/R8-HOOK-20260909/results/native_context_probe.json,0192be93fb6178d625c08905de6edaff8e962056,4144,document_or_structured_evidence,.json
.agent-harness/runs/R9-DEPTH-MATHLIB-20260914/CLOSEOUT.md,eb0451802ad6c01985a285808c36b9ddf4e988ec,1723,document_or_structured_evidence,.md
.agent-harness/runs/R9-DEPTH-MATHLIB-20260914/RUN_PLAN.json,b6499154d3657dbb7ce655f80923fe658356efe3,734,document_or_structured_evidence,.json
.agent-harness/runs/R9-DEPTH-MATHLIB-20260914/RUN_SUMMARY.json,b5b47b244841d152779f4a9692d7c0c8fe03c953,734,document_or_structured_evidence,.json
.agent-harness/runs/R9-DEPTH-MATHLIB-20260914/artifacts/depth_mathlib_review/covariance_compile/execution.json,7744ed839e7921f382ab7f93ec20f58773f78b3c,3870,document_or_structured_evidence,.json
.agent-harness/runs/R9-DEPTH-MATHLIB-20260914/artifacts/depth_mathlib_review/covariance_compile/trace.json,f9fcbcb33de92fd6ba7a1549da996d29f5c6d31c,15371,document_or_structured_evidence,.json
.agent-harness/runs/R9-DEPTH-MATHLIB-20260914/artifacts/depth_mathlib_review/covariance_compile/tracing.json,042ffa649146471cbaf2b61b6d99d0f6f541c6fe,213,document_or_structured_evidence,.json
.agent-harness/runs/R9-DEPTH-MATHLIB-20260914/artifacts/depth_mathlib_review/recursion_compile/execution.json,268c074d12a3322991bd55ab1fe3481946e6bbdf,1533,document_or_structured_evidence,.json
.agent-harness/runs/R9-DEPTH-MATHLIB-20260914/artifacts/depth_mathlib_review/recursion_compile/trace.json,400f7d02ce9c69ad9f6c880c24db3cc652fe4813,10629,document_or_structured_evidence,.json
.agent-harness/runs/R9-DEPTH-MATHLIB-20260914/artifacts/depth_mathlib_review/recursion_compile/tracing.json,0895480ab2ddf672dc705e944882ddd03170d826,213,document_or_structured_evidence,.json
.agent-harness/runs/R9-DEPTH-MATHLIB-20260914/artifacts/depth_mathlib_review/review.md,e17bd6cf53647921b6bceaa3154f4c49e1bc84c0,4166,document_or_structured_evidence,.md
.agent-harness/runs/R9-DEPTH-MATHLIB-20260914/assignments/depth_lean.json,222f48f80be7778c1e643d4bb52e734a1b8abb2b,2390,document_or_structured_evidence,.json
.agent-harness/runs/R9-DEPTH-MATHLIB-20260914/assignments/depth_mathlib_review.json,8115fb233dd8662e9c6d473ecf5334711082d0a6,3214,document_or_structured_evidence,.json
.agent-harness/runs/R9-DEPTH-MATHLIB-20260914/close_attempt.json,cde96fa361e5f5cbef8b119b782fe2cca27ae95a,498,document_or_structured_evidence,.json
.agent-harness/runs/R9-DEPTH-MATHLIB-20260914/results/depth_mathlib_review.json,207423c0f590cbf201443537e04831f16e874cd5,8212,document_or_structured_evidence,.json
.agent-harness/runs/R9-DEPTH-MATHLIB-20260914/review_evidence_readback.json,183cd2f4c8722ee1ac542958085393c442ba32e5,592,document_or_structured_evidence,.json
.agent-harness/runs/R9-FIBRE-20260913/RUN_PLAN.json,f51611134a67c1abff61e61fab47fda7029e8f49,740,document_or_structured_evidence,.json
.agent-harness/runs/R9-FIBRE-20260913/RUN_SUMMARY.json,f3cd05ec610dfde0cca2666d4a70739c6007a0a2,983,document_or_structured_evidence,.json
.agent-harness/runs/R9-FIBRE-20260913/artifacts/dag_inputs/readiness_map.json,19ec93ea1edd118267eb71f54b82064ec8163514,6882,document_or_structured_evidence,.json
.agent-harness/runs/R9-FIBRE-20260913/artifacts/fibre_review/independent_cartesian_check.json,8c2390aa6abb5e25e555d423bcca60ae43289cd3,1566,document_or_structured_evidence,.json
.agent-harness/runs/R9-FIBRE-20260913/artifacts/fibre_review/review.md,78b4fe948e4fa10bc2b18cc8a941fed2218b76d2,2388,document_or_structured_evidence,.md
.agent-harness/runs/R9-FIBRE-20260913/assignments/dag_inputs.json,5ce9769e517b939b6f66d359a2ec5ffe82e20311,2299,document_or_structured_evidence,.json
.agent-harness/runs/R9-FIBRE-20260913/assignments/fibre_review.json,81fe21beca10ad6a5fdd9002dbd2ca1a374b1e66,3175,document_or_structured_evidence,.json
.agent-harness/runs/R9-FIBRE-20260913/results/dag_inputs.json,cf80601ae97c4f33bdedc7934210f78b0c470463,7223,document_or_structured_evidence,.json
.agent-harness/runs/R9-FIBRE-20260913/results/fibre_review.json,cf3aa1cf56e735b1a5631efe8297dd2b6735d3d6,4825,document_or_structured_evidence,.json
.agent-harness/runs/R9-HARNESS-20260913/RUN_PLAN.json,973ccbbcd3c10583ba42653c9b7cac4eb52ce222,713,document_or_structured_evidence,.json
.agent-harness/runs/R9-HARNESS-20260913/RUN_SUMMARY.json,d2cdd50ad8c1d993c0e919205b9f5709804f72fc,693,document_or_structured_evidence,.json
.agent-harness/runs/R9-HARNESS-20260913/assignments/activation_review.json,00cf64b19e047244c81d9c13d346ffb0d8151618,3626,document_or_structured_evidence,.json
.agent-harness/runs/R9-HARNESS-20260913/results/activation_review.json,63785857eba4f200ea4b93b11e388eb0cb73d1f4,26705,document_or_structured_evidence,.json
.agent-harness/runs/R9-HARNESS-BOTH-20260913/RUN_PLAN.json,3c095e7319bd1bd71d62521dfaff263614621ab4,728,document_or_structured_evidence,.json
.agent-harness/runs/R9-HARNESS-BOTH-20260913/RUN_SUMMARY.json,e46f9c72fff5b11fd15843826f9c10969c08f362,699,document_or_structured_evidence,.json
.agent-harness/runs/R9-HARNESS-BOTH-20260913/assignments/coding_followup.json,f9c397216aeb4cf551779b461f43dd61c8ef6278,3587,document_or_structured_evidence,.json
.agent-harness/runs/R9-HARNESS-BOTH-20260913/results/coding_followup.json,d367f537be4b1ff3ab7640167fe2b0554ed8e1f4,17848,document_or_structured_evidence,.json
.agent-harness/runs/R9-INTAKE-20260913/RUN_PLAN.json,098fdf79700e2e86f264890925aed299cd609b48,694,document_or_structured_evidence,.json
.agent-harness/runs/R9-INTAKE-20260913/RUN_SUMMARY.json,62a8814048d6f005d40fa529da28e38f8a53de1c,1264,document_or_structured_evidence,.json
.agent-harness/runs/R9-INTAKE-20260913/artifacts/initial_review_sources/snapshot.json,1604ea77c755fd7f79dd6dc0a5bfb705cf78c706,1260,document_or_structured_evidence,.json
.agent-harness/runs/R9-INTAKE-20260913/assignments/independent_review.json,a1c77e150d6fb6a640c18e845d2cc588f79ff962,4106,document_or_structured_evidence,.json
.agent-harness/runs/R9-INTAKE-20260913/assignments/product_map.json,b4e0faccfba6347341bc886952ee5cc1e0c370ff,2301,document_or_structured_evidence,.json
.agent-harness/runs/R9-INTAKE-20260913/assignments/repair_closeout.json,54b414a8b8515ca1267ebaf036a140021801c19a,3587,document_or_structured_evidence,.json
.agent-harness/runs/R9-INTAKE-20260913/results/independent_review.json,a3d84cd7944bc4ace810af2f172e7dec2aa38d8d,5541,document_or_structured_evidence,.json
.agent-harness/runs/R9-INTAKE-20260913/results/product_map.json,6d067b79a627b93d74fa9d4c391921e62615ff54,4324,document_or_structured_evidence,.json
.agent-harness/runs/R9-INTAKE-20260913/results/repair_closeout.json,7a491e191ab4b467f861badcc29dc3e5f9ae4e87,4859,document_or_structured_evidence,.json
.agent-harness/runs/R9-MULTIDEPTH-20260913/RUN_PLAN.json,314d92ace79c77083ef2d17e789ec4ced2243066,702,document_or_structured_evidence,.json
.agent-harness/runs/R9-MULTIDEPTH-20260913/artifacts/pre_repair_sources/docs/research_program/tensor_joint_r9/revision2/multidepth/analysis.json,ece97ff6cb9c5346d725d484b9a0abb7c33b1e09,2276,document_or_structured_evidence,.json
.agent-harness/runs/R9-MULTIDEPTH-20260913/artifacts/source_law/data_description.txt,a6b3b80c80d18da6d4a611d6693ad33ad90d7278,4466,document_or_structured_evidence,.txt
.agent-harness/runs/R9-MULTIDEPTH-20260913/artifacts/source_law/mock_description.txt,01d5b57a9cdf579bb18c95e3cd7f2fdf5cd6f568,4180,document_or_structured_evidence,.txt
.agent-harness/runs/R9-MULTIDEPTH-20260913/assignments/independent_review.json,1184529cd60885a4974944b72169c6e296a06770,2786,document_or_structured_evidence,.json
.agent-harness/runs/R9-MULTIDEPTH-20260913/assignments/repair_closeout.json,a8cbf30b58f3558c6373552b3406a584ac632655,4047,document_or_structured_evidence,.json
.agent-harness/runs/R9-MULTIDEPTH-20260913/assignments/source_law.json,632bdc6469260a9ce7c15fa689b755de83804a04,2015,document_or_structured_evidence,.json
.agent-harness/runs/R9-MULTIDEPTH-20260913/results/independent_review.json,68991e9c56b19d4af4cc7e0574f6b0f0181aa8b6,5863,document_or_structured_evidence,.json
.agent-harness/runs/R9-MULTIDEPTH-20260913/results/repair_closeout.json,ad40e4a9ea29349fac996755ab000256e08f9cc9,8491,document_or_structured_evidence,.json
.agent-harness/runs/R9-MULTIDEPTH-20260913/results/source_law.json,cd84e314ef303d53a40e9c85df8b77bb58519683,8499,document_or_structured_evidence,.json
.agent-harness/runs/R9-REV2-20260912/RUN_PLAN.json,cb7d8a1977bceb2cf8741358c06b506537a51bdf,689,document_or_structured_evidence,.json
.agent-harness/runs/R9-REV2-20260912/RUN_SUMMARY.json,5d440a1ac1c4fde5fc764c7d18e234a12111f7b0,1556,document_or_structured_evidence,.json
.agent-harness/runs/R9-REV2-20260912/artifacts/initial_decision_inputs/HANDOFF_PROMPT.md,adcc26f35f5e0f6bb7e8c816e8cd1aee31aba9cf,5315,document_or_structured_evidence,.md
.agent-harness/runs/R9-REV2-20260912/artifacts/initial_decision_inputs/MODEL_TO_DATA.md,4e3d2b29737f8386ce6e5ddac3c569e383c92ca4,13447,document_or_structured_evidence,.md
.agent-harness/runs/R9-REV2-20260912/artifacts/initial_decision_inputs/THEORY_EXTENSION.md,9fc018b3dda83f8efcaba2cf85374bec7a28ba3d,11975,document_or_structured_evidence,.md
.agent-harness/runs/R9-REV2-20260912/artifacts/initial_decision_inputs/campaign_dag.json,d8f4a3ab0575ec4954425fa544877f25baf224c9,27219,document_or_structured_evidence,.json
.agent-harness/runs/R9-REV2-20260912/artifacts/initial_decision_inputs/manifest.json,9a31e8b055129e62e57a36aaca3c8ef6fb7da2c2,1157,document_or_structured_evidence,.json
.agent-harness/runs/R9-REV2-20260912/assignments/decision.json,1181fdc9267befeda79c5037ee6968d67e6e323f,3145,document_or_structured_evidence,.json
.agent-harness/runs/R9-REV2-20260912/assignments/decision_followup.json,b96cdafdebde640d8258b742fe2598be69b33936,2238,document_or_structured_evidence,.json
.agent-harness/runs/R9-REV2-20260912/assignments/depth.json,a8212ae61857d548f0946913a3f682d75206a7c2,1656,document_or_structured_evidence,.json
.agent-harness/runs/R9-REV2-20260912/assignments/functional.json,08aab0e9aee63aadc19c263eedf2ccc2b071a864,1564,document_or_structured_evidence,.json
.agent-harness/runs/R9-REV2-20260912/results/decision.json,5a7890925a4cf5dda9d5399db5c1883bf7806812,17075,document_or_structured_evidence,.json
.agent-harness/runs/R9-REV2-20260912/results/decision_followup.json,caa561c24201efd68bcadc2659bfa642b225becf,6379,document_or_structured_evidence,.json
.agent-harness/runs/R9-REV2-20260912/results/depth.json,1fc4151f6f36514e56bf5ddf4409585c840cf5f6,23708,document_or_structured_evidence,.json
.agent-harness/runs/R9-REV2-20260912/results/functional.json,9c52ba133f3a2e2b3b2f80f28c1ba67327137db8,28199,document_or_structured_evidence,.json
.agent-harness/runs/R9-SELECTED-LAW-20260913/RUN_PLAN.json,9a42c871b3cc91bdf7443b214976bd01df8c6d14,706,document_or_structured_evidence,.json
.agent-harness/runs/R9-SELECTED-LAW-20260913/artifacts/calibration_candidate/README.md,702b247a597074de44b287156079eccbe9bf45f0,2764,document_or_structured_evidence,.md
.agent-harness/runs/R9-SELECTED-LAW-20260913/artifacts/calibration_candidate/final_rule294/result.json,efc5fb128613d5cd8e5b783cfc63adbcc3345dd7,3979,document_or_structured_evidence,.json
.agent-harness/runs/R9-SELECTED-LAW-20260913/artifacts/calibration_candidate/individual_depth_connection.json,94a0da80edef35df95de41ed0154b609b9470777,3096,document_or_structured_evidence,.json
.agent-harness/runs/R9-SELECTED-LAW-20260913/artifacts/calibration_candidate/public_input_diagnostic.json,f07e483e8ebba72ddc5d1a7b601b4d9bd1446c6c,1824,document_or_structured_evidence,.json
.agent-harness/runs/R9-SELECTED-LAW-20260913/artifacts/calibration_candidate/sources/CF3_ReadMe.txt,43b70be5ea4c698805234d9e526c85a841765911,20112,document_or_structured_evidence,.txt
.agent-harness/runs/R9-SELECTED-LAW-20260913/artifacts/calibration_candidate/sources/Tempel2017_ReadMe.txt,3760a506324cfb7c2a92b047a7cb72ddb90ec4df,10754,document_or_structured_evidence,.txt
.agent-harness/runs/R9-SELECTED-LAW-20260913/artifacts/calibration_review/review.md,8ddb92df375cd18ac522795a83aaba40af31a4e0,6329,document_or_structured_evidence,.md
.agent-harness/runs/R9-SELECTED-LAW-20260913/artifacts/calibration_review/review_initial_envelope.json,4c396ad6abf037db22dc9f8b6a9710da32a83be6,2348,document_or_structured_evidence,.json
.agent-harness/runs/R9-SELECTED-LAW-20260913/artifacts/root/handoff_at_candidate_assignment.md,06441d285a8ee72963cbfc06a769e7d189d8e089,9784,document_or_structured_evidence,.md
.agent-harness/runs/R9-SELECTED-LAW-20260913/assignments/calibration_candidate.json,5001491386e8258200a2d2692e3552053ab65eab,1947,document_or_structured_evidence,.json
.agent-harness/runs/R9-SELECTED-LAW-20260913/assignments/calibration_review.json,830155942c31f7ff32caee47f8c12a889d3f3b68,3395,document_or_structured_evidence,.json
.agent-harness/runs/R9-SELECTED-LAW-20260913/results/calibration_candidate.json,11f360b96a42bdee86df40e8462d6aefe7cbd515,7013,document_or_structured_evidence,.json
.agent-harness/runs/R9-SELECTED-LAW-20260913/results/calibration_review.json,81e9fe0991f01e2be3762b4b21ce533174410951,4343,document_or_structured_evidence,.json
.agent-harness/runs/R9-THEORY-20260914/CLOSEOUT.md,3192a06265fc28fd6403ea658dc52595ecb89b0b,2249,document_or_structured_evidence,.md
.agent-harness/runs/R9-THEORY-20260914/RUN_PLAN.json,ce1eb7411022950258ac873ca3a06e47d8515e29,720,document_or_structured_evidence,.json
.agent-harness/runs/R9-THEORY-20260914/artifacts/depth_lean/CAS_AXIS_D1.json,cd7f80e695ef064d7143a02d620dc92bb61d6f52,1254,document_or_structured_evidence,.json
.agent-harness/runs/R9-THEORY-20260914/artifacts/depth_lean/CAS_AXIS_D1.pre_continuation.json,f3af73f7bc05b035f9bc7cbfa582fda93ef41e1a,1261,document_or_structured_evidence,.json
.agent-harness/runs/R9-THEORY-20260914/artifacts/depth_lean/CAS_AXIS_D2.json,3573d4166ec4ad70cf771111ca44ceae12137ea1,1256,document_or_structured_evidence,.json
.agent-harness/runs/R9-THEORY-20260914/artifacts/depth_lean/CAS_AXIS_D2.pre_continuation.json,03f8e506fb048288cd08cfc5d54b711ef3cdcd3c,1297,document_or_structured_evidence,.json
.agent-harness/runs/R9-THEORY-20260914/artifacts/depth_lean/CAS_AXIS_D3.json,ed1d55cca0b9af6dd88c20fd819c7a4c01e8955e,1362,document_or_structured_evidence,.json
.agent-harness/runs/R9-THEORY-20260914/artifacts/depth_lean/CAS_AXIS_D3.pre_continuation.json,b2f48c852dad0412965f5ee9aa0c17f1fb55dd04,1342,document_or_structured_evidence,.json
.agent-harness/runs/R9-THEORY-20260914/artifacts/depth_lean/CAS_AXIS_D4.json,0ac5b2bd474028562739550d35f511828381ba10,1261,document_or_structured_evidence,.json
.agent-harness/runs/R9-THEORY-20260914/artifacts/depth_lean/CAS_AXIS_D4.pre_continuation.json,41f8147ef3e4df5c7f4583320706f5c9b9849c06,1302,document_or_structured_evidence,.json
.agent-harness/runs/R9-THEORY-20260914/artifacts/depth_lean/EXECUTION_RECEIPT.md,633a15ecf2f0ca31a62368229cc28c1e93fc9c13,1364,document_or_structured_evidence,.md
.agent-harness/runs/R9-THEORY-20260914/artifacts/depth_lean/OBLIGATION_SCOPE.md,fb3d05cebb9e090d6fdd61583e573f3d6553e252,1856,document_or_structured_evidence,.md
.agent-harness/runs/R9-THEORY-20260914/artifacts/depth_lean/result_pre_continuation.json,e356106fba274817846ecc5c1ebee4cf152a2fa2,7335,document_or_structured_evidence,.json
.agent-harness/runs/R9-THEORY-20260914/artifacts/depth_sage_singular/DETAILS.md,2f3e01288c260b74909bd8600babcddc7e9a9d1c,2214,document_or_structured_evidence,.md
.agent-harness/runs/R9-THEORY-20260914/artifacts/depth_sage_singular/REPAIR_DETAIL.md,09662f8ff83b9f42f2563ea2097dda5419171330,1825,document_or_structured_evidence,.md
.agent-harness/runs/R9-THEORY-20260914/artifacts/depth_sage_singular/raw_engine_results.json,bf62562e61dcb725807c5c0e778c8a7bfa48d6bd,2445,document_or_structured_evidence,.json
.agent-harness/runs/R9-THEORY-20260914/artifacts/depth_sage_singular/raw_repaired_engine_results.json,30d1855a93654d555967a858dde5c8851aea8eb1,1642,document_or_structured_evidence,.json
.agent-harness/runs/R9-THEORY-20260914/artifacts/depth_sympy/DETAIL.md,585660b1f9057c0058316ed17be58e0d3d8cce26,2378,document_or_structured_evidence,.md
.agent-harness/runs/R9-THEORY-20260914/artifacts/depth_sympy/depth_sympy.pre_d3repair.result.json,af70f4a6feb763ccfd050cd5ed64750a77607508,10935,document_or_structured_evidence,.json
.agent-harness/runs/R9-THEORY-20260914/artifacts/depth_wolfram_xact/raw/D1.repaired.stdout.json,928ee45fd3ecd415aa81787c35119fb7d56cea86,563,document_or_structured_evidence,.json
.agent-harness/runs/R9-THEORY-20260914/artifacts/depth_wolfram_xact/raw/D2.repaired.stdout.json,1fd18c33b2b6f477c80a0eaec29300a085d6c98e,574,document_or_structured_evidence,.json
.agent-harness/runs/R9-THEORY-20260914/artifacts/depth_wolfram_xact/raw/D3.repaired.stdout.json,c5fe726d71e380091d59b1f23e6cefe944ed5c50,589,document_or_structured_evidence,.json
.agent-harness/runs/R9-THEORY-20260914/artifacts/depth_wolfram_xact/raw/D4.repaired.stdout.json,881cb2d7ee25b1eed6e1856bd4c6e7d595021cd7,579,document_or_structured_evidence,.json
.agent-harness/runs/R9-THEORY-20260914/artifacts/depth_wolfram_xact/raw/axis_result_before_repair.json,bf3c2db5427cba580ead8507619ff9e93c8abfb6,4379,document_or_structured_evidence,.json
.agent-harness/runs/R9-THEORY-20260914/artifacts/moving_q_review/REVIEW_REPORT.md,3c7397a9a4385d7856aad56ae7fa5125a563c21c,4767,document_or_structured_evidence,.md
.agent-harness/runs/R9-THEORY-20260914/artifacts/moving_q_review/check_moving_q_reexecution.json,fe533f79ad2ca1ef91214f87c1edc6787a611847,303545,document_or_structured_evidence,.json
.agent-harness/runs/R9-THEORY-20260914/artifacts/moving_q_review/independent_checks_transcript.txt,51a07d7bdbe9be8f8a40a430738d28707b3650d3,4745,document_or_structured_evidence,.txt
.agent-harness/runs/R9-THEORY-20260914/assignments/depth_lean.json,0c635e69c46e96f438fb57ee73bcfc5014f0a8fa,3415,document_or_structured_evidence,.json
.agent-harness/runs/R9-THEORY-20260914/assignments/depth_sage_singular.json,e35800291ca489fb899c73b3b2d8cf31191f4cef,3487,document_or_structured_evidence,.json
.agent-harness/runs/R9-THEORY-20260914/assignments/depth_sympy.json,90533c96ecf8c42d1e18ba164ed953fdc0a27099,3423,document_or_structured_evidence,.json
.agent-harness/runs/R9-THEORY-20260914/assignments/depth_wolfram_xact.json,62585a10c35b0fa25d3393e93c87bd915a87df22,3479,document_or_structured_evidence,.json
.agent-harness/runs/R9-THEORY-20260914/assignments/moving_q_review.json,05bec919b83f2d064bfb221dab0116ac343ea25b,3085,document_or_structured_evidence,.json
.agent-harness/runs/R9-THEORY-20260914/results/depth_lean.json,e838b21f872315a349e663ecdfe8b17a73535216,7779,document_or_structured_evidence,.json
.agent-harness/runs/R9-THEORY-20260914/results/depth_sage_singular.json,850129fdf6d121c646fd1baec7a94af08451a83c,4599,document_or_structured_evidence,.json
.agent-harness/runs/R9-THEORY-20260914/results/depth_sympy.json,0a43449918f559c82ae3bd0605376441f0bbd80d,12421,document_or_structured_evidence,.json
.agent-harness/runs/R9-THEORY-20260914/results/depth_wolfram_xact.json,d70e58bc7a0cbfe7ce0806c2be5000280d5501db,4587,document_or_structured_evidence,.json
.agent-harness/runs/R9-THEORY-20260914/results/moving_q_review.json,39145966fd5d0a1a8607f76fdad70b6d254539e5,3928,document_or_structured_evidence,.json
.agent-harness/runs/RETENTION.md,2899cf04dad32e141fee10a3bad40e37f4ea620d,1730,document_or_structured_evidence,.md
.agent-harness/runs/TENSOR-JOINT-R7-20260908/CAS_CONTRACT.json,0ae89fe4ac9853f70b3e1ae29c61e40728bfeb64,7382,document_or_structured_evidence,.json
.agent-harness/runs/TENSOR-JOINT-R7-20260908/cas_adjudication.json,b54772454ab0f3d8faf321b730cdd1311fccb743,10857,document_or_structured_evidence,.json
.agent-harness/runs/TENSOR-JOINT-R7-EVIDENCE-20260909/ADJUDICATION.md,dd5b6399b26d274226c66e0daf10cb3d5d641856,2456,document_or_structured_evidence,.md
.agent-harness/runs/TENSOR-JOINT-R7-EVIDENCE-20260909/RUN_PLAN.json,9758ab278f4116a975d67c2f09470e06ba57cb79,776,document_or_structured_evidence,.json
.agent-harness/runs/TENSOR-JOINT-R7-EVIDENCE-20260909/artifacts/acceptance.json,f8892faad8be6066009add75ccfa291744e30ff5,4812,document_or_structured_evidence,.json
.agent-harness/runs/TENSOR-JOINT-R7-EVIDENCE-20260909/artifacts/cas_schema_delivery.json,626cc0e06a89f37c5658262e9742ffc8ca87dcb1,887,document_or_structured_evidence,.json
.agent-harness/runs/TENSOR-JOINT-R7-EVIDENCE-20260909/artifacts/current_binding.json,2573be60d058b27bf4cc291191f9f2091bd28355,7755,document_or_structured_evidence,.json
.agent-harness/runs/TENSOR-JOINT-R7-EVIDENCE-20260909/artifacts/evidence_review/pytest_receipt.json,f0df2acbe436b891496c9a069c967a078308f935,916,document_or_structured_evidence,.json
.agent-harness/runs/TENSOR-JOINT-R7-EVIDENCE-20260909/artifacts/initial_independent_review.json,344917dfa09aea2125ee92e2a71f9842c4e8dddc,14661,document_or_structured_evidence,.json
.agent-harness/runs/TENSOR-JOINT-R7-EVIDENCE-20260909/assignments/cas_schema.json,92df4f0bda46808599c5e036ae78aa24bacf8357,1958,document_or_structured_evidence,.json
.agent-harness/runs/TENSOR-JOINT-R7-EVIDENCE-20260909/assignments/evidence_review.json,4a30dd37680f8b22d38302f18bcc4c772a7c51c2,3470,document_or_structured_evidence,.json
.agent-harness/runs/TENSOR-JOINT-R7-EVIDENCE-20260909/raw_logs/after-first.txt,67d2bcdfb0484f5eadfe0572d114502b7b93f357,85100,document_or_structured_evidence,.txt
.agent-harness/runs/TENSOR-JOINT-R7-EVIDENCE-20260909/raw_logs/after.txt,615d5bf9e21d59490ee1753784a06fac74531c66,99,document_or_structured_evidence,.txt
.agent-harness/runs/TENSOR-JOINT-R7-EVIDENCE-20260909/raw_logs/baseline-reproduction.txt,d388cbb7fa4ed7957cd1e2f7262a43848265db12,75613,document_or_structured_evidence,.txt
.agent-harness/runs/TENSOR-JOINT-R7-EVIDENCE-20260909/raw_logs/before.txt,e2d677be448671e1ec84120a517b174f4f634793,104429,document_or_structured_evidence,.txt
.agent-harness/runs/TENSOR-JOINT-R7-EVIDENCE-20260909/raw_logs/targeted.txt,24f77f8a93ee03b1d1e26a5c09a32a268d55bdf8,99,document_or_structured_evidence,.txt
.agent-harness/runs/TENSOR-JOINT-R7-EVIDENCE-20260909/results/evidence_review.json,0bfbeaaf94bfde4ea5f31e297033bc9e19b775ce,15707,document_or_structured_evidence,.json
.agent-harness/runs/long-horizon-20260716/MERGED_RESULTS.json,731942ad606588ab246c96d9561e77226f04912b,3824,document_or_structured_evidence,.json
.agent-harness/runs/long-horizon-20260716/RUN_PLAN.json,080e11eefe5a568f658114c8caccaeb3193b875b,635,document_or_structured_evidence,.json
.agent-harness/runs/long-horizon-20260716/RUN_SUMMARY.json,c67e892f6a7429017931f320881307a7509182a7,816,document_or_structured_evidence,.json
.agent-harness/runs/long-horizon-20260716/assignments/A-PR122-HARNESS.json,e8164cadd4e7872bae6b3da3e83e47a0f9ad47cf,1400,document_or_structured_evidence,.json
.agent-harness/runs/long-horizon-20260716/results/A-PR122-HARNESS.json,0cecf19c62cc4b18ca9d9ead622314a48e80fa40,5760,document_or_structured_evidence,.json
.agent-harness/runs/post-pr122-20260716/RUN_PLAN.json,9b863d43c41cd787bb14620a387b4b9ec0e0504f,628,document_or_structured_evidence,.json
.agent-harness/runs/post-pr122-20260716/RUN_SUMMARY.json,9c0af83c7c1e9add8aeed6eac00a43165276b711,325,document_or_structured_evidence,.json
.agent-harness/runs/post-pr123-paused-20260717/RUN_PLAN.json,83a98d4d5bd35502e601a555e21ea232cb56d151,639,document_or_structured_evidence,.json
.agent-harness/runs/post-pr123-paused-20260717/RUN_SUMMARY.json,092f000ba4185834d48fa7d4ccd8fdf008d9f572,332,document_or_structured_evidence,.json
.agent-harness/runs/post-pr124-paused-20260717/RUN_PLAN.json,6d18158e3ed3f8fcf1890c7ce24a7495aa418f27,673,document_or_structured_evidence,.json
.agent-harness/runs/post-pr125-paused-20260717/RUN_PLAN.json,2d99558c5ce84bf348c8ebd873a34e1eeba79cfc,676,document_or_structured_evidence,.json
.agent-harness/runs/post-pr126-paused-20260717/RUN_PLAN.json,75bc4fbc3db036adab9eb526830358f6e52ea73d,672,document_or_structured_evidence,.json
.agent-harness/runs/post-pr127-paused-20260717/RUN_PLAN.json,b7b72cbe65627f302bf264b04f5cc9e30f36c722,674,document_or_structured_evidence,.json
.agent-harness/runs/post-pr128-paused-20260718/RUN_PLAN.json,e39f213fb80152c7a19c5c93d553796cf6fb2a91,675,document_or_structured_evidence,.json
.agent-harness/runs/post-pr129-paused-20260718/RUN_PLAN.json,352450c4c14cd6877186e99db3b551c3625dbf23,675,document_or_structured_evidence,.json
.agent-harness/runs/post-pr130-paused-20260718/RUN_PLAN.json,3a1fdf0c2902b8a89b5428472ce00a1d637bf564,678,document_or_structured_evidence,.json
.agent-harness/runs/post-pr131-paused-20260718/RUN_PLAN.json,bad64e1da313bc7d71d2d792a67ec82382a5c7b1,675,document_or_structured_evidence,.json
.agent-harness/runs/post-pr132-paused-20260718/RUN_PLAN.json,2277817683b810f9ff6f12def7019545a30967e1,683,document_or_structured_evidence,.json
.agent-harness/runs/post-pr133-paused-20260718/RUN_PLAN.json,f5894afdc3aff0b72fe9730e321c07a139e4b82a,683,document_or_structured_evidence,.json
.agent-harness/runs/post-pr134-paused-20260718/RUN_PLAN.json,f46013ac4c70128cdebffaac626c8835b8cce845,679,document_or_structured_evidence,.json
.agent-harness/runs/post-pr135-paused-20260718/RUN_PLAN.json,1bbd0ca2d4df6f7b2507f1770db0f932a83bdce6,681,document_or_structured_evidence,.json
.agent-harness/runs/post-pr136-paused-20260718/RUN_PLAN.json,741a9a58d29b60e9b1497222988a6d7df6453fff,676,document_or_structured_evidence,.json
.agent-harness/runs/post-pr137-paused-20260718/RUN_PLAN.json,c307b353e3023f99993bf5af7cfacf6564368de1,678,document_or_structured_evidence,.json
.agent-harness/runs/post-pr138-paused-20260718/RUN_PLAN.json,9cac989a15881307555a3672fb61fbdba4fbef06,669,document_or_structured_evidence,.json
.agent-harness/runs/pr122-closeout-20260716/MERGED_RESULTS.json,9d9667be41fc88f8a6f5854fd86681c4a656b64a,5092,document_or_structured_evidence,.json
.agent-harness/runs/pr122-closeout-20260716/RUN_PLAN.json,b43b732215610a2b545c23f37b7299acaa543e5c,630,document_or_structured_evidence,.json
.agent-harness/runs/pr122-closeout-20260716/RUN_SUMMARY.json,25134b0064bcb8c7e91d2c6f6419a7caf013c088,817,document_or_structured_evidence,.json
.agent-harness/runs/pr122-closeout-20260716/assignments/A-PR122-PERF.json,d84836a5e83679d6624c0ec8b0b561e730e69e8f,1643,document_or_structured_evidence,.json
.agent-harness/runs/pr122-closeout-20260716/results/A-PR122-PERF.json,555b1ecfe73a48dcb4ce0cbaedcecdf2640c784f,14659,document_or_structured_evidence,.json
.agent-harness/runs/pr122-final-review-20260716/MERGED_RESULTS.json,7eac9e2896238d932d4695b01aaa6f225de4a9aa,42466,document_or_structured_evidence,.json
.agent-harness/runs/pr122-final-review-20260716/RUN_PLAN.json,ed9145b988e47beb05d6d4b78b87f590dcea611f,634,document_or_structured_evidence,.json
.agent-harness/runs/pr122-final-review-20260716/RUN_SUMMARY.json,a492bfbcb2c1d68c8cfec6b11ca5db7e4e6195ff,3075,document_or_structured_evidence,.json
.agent-harness/runs/pr122-final-review-20260716/assignments/A-PR122-CLAIM.json,2a60b81e8175657bc88cdc027b1f98447d742e43,2561,document_or_structured_evidence,.json
.agent-harness/runs/pr122-final-review-20260716/assignments/A-PR122-CLAIMS-RECHECK.json,0be9af260b07be80099536dda6bcbdb131c76532,1758,document_or_structured_evidence,.json
.agent-harness/runs/pr122-final-review-20260716/assignments/A-PR122-CODE-RECHECK.json,6ecd69183a465ac0fa76ea1ab23b02530d42b1b1,1729,document_or_structured_evidence,.json
.agent-harness/runs/pr122-final-review-20260716/assignments/A-PR122-CODE.json,7681a05a6e22469f3a722f4810dfc6b6422af306,1890,document_or_structured_evidence,.json
.agent-harness/runs/pr122-final-review-20260716/assignments/A-PR122-FINAL-ADJ.json,9fdad81acb6a0f3d3a76cd974139a0be9cfd71a6,2326,document_or_structured_evidence,.json
.agent-harness/runs/pr122-final-review-20260716/assignments/A-PR122-HARNESS-RECHECK.json,6d8db673ddebbf27b629d870ff1d5821d81a769c,2063,document_or_structured_evidence,.json
.agent-harness/runs/pr122-final-review-20260716/assignments/A-PR122-HARNESS.json,f2825c1ec79f4d1628e0058262b312821bc7ef21,1890,document_or_structured_evidence,.json
.agent-harness/runs/pr122-final-review-20260716/assignments/A-PR122-PHYSSTAT.json,d0a3656cfb6d7922ee406f80d43dddd118b1ed0c,2019,document_or_structured_evidence,.json
.agent-harness/runs/pr122-final-review-20260716/results/A-PR122-CLAIM.json,8bf7983516867ff275a5cff663aef4020340dd39,8458,document_or_structured_evidence,.json
.agent-harness/runs/pr122-final-review-20260716/results/A-PR122-CLAIMS-RECHECK.json,c9fe261ac2063b2f72a5a1c8c35ca0c02d7a020e,10723,document_or_structured_evidence,.json
.agent-harness/runs/pr122-final-review-20260716/results/A-PR122-CODE-RECHECK.json,3cea93c87da024af75db3d012b2916d76a44481c,8056,document_or_structured_evidence,.json
.agent-harness/runs/pr122-final-review-20260716/results/A-PR122-CODE.json,d5081b8888e1ba8e76e08c113504268e487d6ba7,11010,document_or_structured_evidence,.json
.agent-harness/runs/pr122-final-review-20260716/results/A-PR122-FINAL-ADJ.json,505d435d8c30a3d5e79a4256a0dd003fd447fddb,7327,document_or_structured_evidence,.json
.agent-harness/runs/pr122-final-review-20260716/results/A-PR122-HARNESS-RECHECK.json,adb07f75a5028031adfc9d7d8f4b48d2ba49bf9b,13273,document_or_structured_evidence,.json
.agent-harness/runs/pr122-final-review-20260716/results/A-PR122-HARNESS.json,f5071898b07a7f8a7ee7d399e5ebbaefc2ae5af5,10458,document_or_structured_evidence,.json
.agent-harness/runs/pr122-final-review-20260716/results/A-PR122-PHYSSTAT.json,7bc99a5b23a5c924441eec5c5459f7fbc7ccba1f,20114,document_or_structured_evidence,.json
.agent-harness/runs/pr122-sealed-20260716/RUN_PLAN.json,196c5758e55a5ab9019fdf6914102451575b7ebe,630,document_or_structured_evidence,.json
.agent-harness/runs/pr122-sealed-20260716/RUN_SUMMARY.json,c6e6bd24f538e3bb0b913c833bf3f387ec82a55a,327,document_or_structured_evidence,.json
.agent-harness/runs/pr123-adversarial-review-20260716/MERGED_RESULTS.json,893c8b92ff4da7227d80b001738e0de0e42eea68,41341,document_or_structured_evidence,.json
.agent-harness/runs/pr123-adversarial-review-20260716/RUN_PLAN.json,20b76f5bcd34b60f71324110381b354ab65ad460,646,document_or_structured_evidence,.json
.agent-harness/runs/pr123-adversarial-review-20260716/RUN_SUMMARY.json,6a96b8920f1d6dd4d16e4b96fb6897fc6cdbc5fa,1567,document_or_structured_evidence,.json
.agent-harness/runs/pr123-adversarial-review-20260716/assignments/A-PR123-REVIEW-CLAIM.json,e68c4b0b9406949884cd70e580aba15e5e48079d,940,document_or_structured_evidence,.json
.agent-harness/runs/pr123-adversarial-review-20260716/assignments/A-PR123-REVIEW-CODE.json,4cc9380fe0b124169dc7cfe4c73b2af5673a096f,928,document_or_structured_evidence,.json
.agent-harness/runs/pr123-adversarial-review-20260716/assignments/A-PR123-REVIEW-HARNESS.json,4a795309626c405434cf2dcb19bce9260fff1faa,944,document_or_structured_evidence,.json
.agent-harness/runs/pr123-adversarial-review-20260716/results/A-PR123-REVIEW-CLAIM.json,7d3bb26f2bec126cdece8282525ead36e717fc95,18420,document_or_structured_evidence,.json
.agent-harness/runs/pr123-adversarial-review-20260716/results/A-PR123-REVIEW-CODE.json,581ce4c6def322faf67d9ed661e8ede52e0cdfb8,14573,document_or_structured_evidence,.json
.agent-harness/runs/pr123-adversarial-review-20260716/results/A-PR123-REVIEW-HARNESS.json,ee70cf7ff389178ec4f3da6c91380119f545795c,16276,document_or_structured_evidence,.json
.agent-harness/runs/pr123-attempt3-final-review-20260716/MERGED_RESULTS.json,4ec8206f7200acfbbcd9739266731a0bc35e5fe6,10387,document_or_structured_evidence,.json
.agent-harness/runs/pr123-attempt3-final-review-20260716/RUN_PLAN.json,1a76250419dc6006fc15ffa7032d9205e382ddfa,649,document_or_structured_evidence,.json
.agent-harness/runs/pr123-attempt3-final-review-20260716/RUN_SUMMARY.json,24954e2ac13da8a670deb1a4551f0f1e08fcb693,1571,document_or_structured_evidence,.json
.agent-harness/runs/pr123-attempt3-final-review-20260716/assignments/A-PR123-A3-K6.json,2be36cf14e4f09ccf75839754cd2e4fa8196c523,1131,document_or_structured_evidence,.json
.agent-harness/runs/pr123-attempt3-final-review-20260716/assignments/A-PR123-A3-PROVENANCE.json,b13f09654ed00d575ff750b62e00ac2de5d48ebd,1309,document_or_structured_evidence,.json
.agent-harness/runs/pr123-attempt3-final-review-20260716/assignments/A-PR123-A3-REPLAY.json,cda88b72c4cde44aa001f38cc131d8c6b8c59ad2,1171,document_or_structured_evidence,.json
.agent-harness/runs/pr123-attempt3-final-review-20260716/results/A-PR123-A3-K6.json,94f18264c69ad030f9a75cd5517ee554a75df072,8163,document_or_structured_evidence,.json
.agent-harness/runs/pr123-attempt3-final-review-20260716/results/A-PR123-A3-PROVENANCE.json,5714b9bd1e53011bb4f09f6b6f61cb943955d92b,8141,document_or_structured_evidence,.json
.agent-harness/runs/pr123-attempt3-final-review-20260716/results/A-PR123-A3-REPLAY.json,440b412c6ea8c229db06a74cfb9717caceb620e3,2894,document_or_structured_evidence,.json
.agent-harness/runs/pr123-attempt4-closeout-review-20260717/MERGED_RESULTS.json,847805a85c928f0fda850d1b2ab982e231d81393,12769,document_or_structured_evidence,.json
.agent-harness/runs/pr123-attempt4-closeout-review-20260717/RUN_PLAN.json,68483c9ad677ae9025d39292ce525b80b8c49c5d,652,document_or_structured_evidence,.json
.agent-harness/runs/pr123-attempt4-closeout-review-20260717/RUN_SUMMARY.json,6e491904b35b211eaa52cbc4933ebe610447889f,1533,document_or_structured_evidence,.json
.agent-harness/runs/pr123-attempt4-closeout-review-20260717/assignments/A-PR123-A4-MAINT.json,37e95b945924ac8ba40ed5a34847caf884c66204,1051,document_or_structured_evidence,.json
.agent-harness/runs/pr123-attempt4-closeout-review-20260717/assignments/A-PR123-A4-REPLAY.json,5e754e12e9725a7e5f364bed14b1e1fc6f9fd96c,1027,document_or_structured_evidence,.json
.agent-harness/runs/pr123-attempt4-closeout-review-20260717/assignments/A-PR123-A4-SCIENCE.json,ebd8bb89c7b70d9eb735304eaa012522fb0a9d44,1007,document_or_structured_evidence,.json
.agent-harness/runs/pr123-attempt4-closeout-review-20260717/results/A-PR123-A4-MAINT.json,443b0863461ce8161ce9729abf7f516c2b76ecd6,8959,document_or_structured_evidence,.json
.agent-harness/runs/pr123-attempt4-closeout-review-20260717/results/A-PR123-A4-REPLAY.json,a76ce060940e9d6796478bb998aacf165b4a343f,7540,document_or_structured_evidence,.json
.agent-harness/runs/pr123-attempt4-closeout-review-20260717/results/A-PR123-A4-SCIENCE.json,03f3a4f3b3b2c2fdf2e143bdf52880c06d876d21,7261,document_or_structured_evidence,.json
.agent-harness/runs/pr123-attempt5-closeout-review-20260717/MERGED_RESULTS.json,6f5d99c9ffec5887e37e68647a7b802a8fb12417,7118,document_or_structured_evidence,.json
.agent-harness/runs/pr123-attempt5-closeout-review-20260717/RUN_PLAN.json,8fd2aa0d9cebd53e5986ff09e87470bfa3eb99b8,652,document_or_structured_evidence,.json
.agent-harness/runs/pr123-attempt5-closeout-review-20260717/RUN_SUMMARY.json,163be46b4502501ffdb1c9f1ec95380dad77cd3e,1207,document_or_structured_evidence,.json
.agent-harness/runs/pr123-attempt5-closeout-review-20260717/assignments/A-PR123-A5-CLOSEOUT.json,222cca4da4514ca1df76ee7f0eb2a4d5b475508c,973,document_or_structured_evidence,.json
.agent-harness/runs/pr123-attempt5-closeout-review-20260717/assignments/A-PR123-A5-SCANNER.json,0292f88b98126566ae5b0141ace9f9e150ed475e,1062,document_or_structured_evidence,.json
.agent-harness/runs/pr123-attempt5-closeout-review-20260717/results/A-PR123-A5-CLOSEOUT.json,c4a127d0491ccd6a09f299b19a8eb746717f4572,6453,document_or_structured_evidence,.json
.agent-harness/runs/pr123-attempt5-closeout-review-20260717/results/A-PR123-A5-SCANNER.json,5e837651a43b49b6f8bf3010e690dd1a0bbcde6b,6927,document_or_structured_evidence,.json
.agent-harness/runs/pr123-attempt6-final-scanner-review-20260717/MERGED_RESULTS.json,76d7c6acd60b30e38422ca4271f8b452a5720882,243,document_or_structured_evidence,.json
.agent-harness/runs/pr123-attempt6-final-scanner-review-20260717/RUN_PLAN.json,40c9f7bae8ca5b3dae3fd1633f6a948387dce2f0,657,document_or_structured_evidence,.json
.agent-harness/runs/pr123-attempt6-final-scanner-review-20260717/RUN_SUMMARY.json,1b2ea3e36477504d25cf3a26a5267f9507029272,890,document_or_structured_evidence,.json
.agent-harness/runs/pr123-attempt6-final-scanner-review-20260717/assignments/A-PR123-A6-SCANNER.json,7859581ee66be49306f433ac6687d829f091101d,1118,document_or_structured_evidence,.json
.agent-harness/runs/pr123-attempt6-final-scanner-review-20260717/results/A-PR123-A6-SCANNER.json,082195034b5592193986d863228b6c16320ddddb,5115,document_or_structured_evidence,.json
.agent-harness/runs/pr123-final-hostile-review-20260716/MERGED_RESULTS.json,2bfdad2bcd0c99a1b688069c1ee54c9e952f69a4,31259,document_or_structured_evidence,.json
.agent-harness/runs/pr123-final-hostile-review-20260716/RUN_PLAN.json,a904c3c2c0621dd3deba3e7c249750f5e0010f05,648,document_or_structured_evidence,.json
.agent-harness/runs/pr123-final-hostile-review-20260716/RUN_SUMMARY.json,ec123b68080d43f545ffc58b67e7f978656f2243,1580,document_or_structured_evidence,.json
.agent-harness/runs/pr123-final-hostile-review-20260716/assignments/A-PR123-FINAL-CLAIM.json,aba0359d99019cf6b81fc67bdf42f39852f08f50,1312,document_or_structured_evidence,.json
.agent-harness/runs/pr123-final-hostile-review-20260716/assignments/A-PR123-FINAL-K6.json,59e65f64f923d6ee6ffcdacefbdd61b5ddca71c0,1245,document_or_structured_evidence,.json
.agent-harness/runs/pr123-final-hostile-review-20260716/assignments/A-PR123-FINAL-REPLAY.json,899d09d4470e57d59a0754354e04e11352a1ed05,1189,document_or_structured_evidence,.json
.agent-harness/runs/pr123-final-hostile-review-20260716/results/A-PR123-FINAL-CLAIM.json,8dab1e4c2e9b27fb8417b1f627ee7a1a7e3d0aa0,21874,document_or_structured_evidence,.json
.agent-harness/runs/pr123-final-hostile-review-20260716/results/A-PR123-FINAL-K6.json,4a30ee838ba0b96569be5f94cab30bfc8ffb7a5c,12442,document_or_structured_evidence,.json
.agent-harness/runs/pr123-final-hostile-review-20260716/results/A-PR123-FINAL-REPLAY.json,935ddef5f4dab0dad91c4f0107a1d770fd470670,22188,document_or_structured_evidence,.json
.agent-harness/runs/pr123-intake-20260716/MERGED_RESULTS.json,8aac0c5671f98c98ddc594a500d71ba2b9837b06,48221,document_or_structured_evidence,.json
.agent-harness/runs/pr123-intake-20260716/RUN_PLAN.json,74838245d8215f56440b38cf4953a396248b148f,607,document_or_structured_evidence,.json
.agent-harness/runs/pr123-intake-20260716/RUN_SUMMARY.json,3ad80d3a9aeee713a2100f677cc49ce1d6734765,1750,document_or_structured_evidence,.json
.agent-harness/runs/pr123-intake-20260716/assignments/A-PR123-CLAIM.json,89e3eb62424947d2a07a48882fc5613f7200ef9d,921,document_or_structured_evidence,.json
.agent-harness/runs/pr123-intake-20260716/assignments/A-PR123-CODE.json,4e953aabf9b02de79f81f54108ba9993351bb72c,985,document_or_structured_evidence,.json
.agent-harness/runs/pr123-intake-20260716/assignments/A-PR123-HARNESS.json,1006d9211a5ccf70527fc5f5a697439f7998d273,936,document_or_structured_evidence,.json
.agent-harness/runs/pr123-intake-20260716/assignments/A-PR123-PHYSSTAT.json,9d0ccf8ab075d06ed7da56bba36fd5dced330229,995,document_or_structured_evidence,.json
.agent-harness/runs/pr123-intake-20260716/results/A-PR123-CLAIM.json,26dbf86e2198f6470049b9c517d257fc24999ea2,19926,document_or_structured_evidence,.json
.agent-harness/runs/pr123-intake-20260716/results/A-PR123-CODE.json,9d52e79304b11e68aacab46e75fe32c53bd103b6,31305,document_or_structured_evidence,.json
.agent-harness/runs/pr123-intake-20260716/results/A-PR123-HARNESS.json,340b668bf6cb94fe5cb375df6a7087cb596f24bc,31556,document_or_structured_evidence,.json
.agent-harness/runs/pr123-intake-20260716/results/A-PR123-PHYSSTAT.json,bc59b8d1a6fd14becfa12376f7db160412d005b5,31036,document_or_structured_evidence,.json
.agent-harness/templates/ASSIGNMENT.json,0967c6a6069065e75b47d9d1177eb94c2a04a24c,694,document_or_structured_evidence,.json
.agent-harness/templates/CAS_ADJUDICATION.json,366a012d19b7be68a79a94adc26770b6f4377555,881,document_or_structured_evidence,.json
.agent-harness/templates/CAS_AXIS_RESULT.json,efb2289f0026f03251f03f11a0deb9b4c3d81a5a,704,document_or_structured_evidence,.json
.agent-harness/templates/CAS_CONTRACT.json,c122c2fbd584547410a8fcdce93b355e24bb927d,4615,document_or_structured_evidence,.json
.agent-harness/templates/RESULT_ENVELOPE.json,e08cc668f75d56050e9ea4de3449d8e5f68e3098,1290,document_or_structured_evidence,.json
.agent-harness/templates/RUN_PLAN.json,6ebb20bf26ad21e45de7dc282cc7ec644b4c7fe5,520,document_or_structured_evidence,.json
.agents/skills/cavecrew/README.md,e72295256636ae4439e2a76fe7af7ea729acc859,2009,document_or_structured_evidence,.md
.agents/skills/cavecrew/SKILL.md,efa413fd7373d92c56598e721b63167207f0f50c,3936,document_or_structured_evidence,.md
.agents/skills/caveman-commit/README.md,d5aee01395009525d3b4f68e80764cbc3de6bf57,1226,document_or_structured_evidence,.md
.agents/skills/caveman-commit/SKILL.md,b9999e35486767298fdb882724961d0d156cbf96,2588,document_or_structured_evidence,.md
.agents/skills/caveman-compress/README.md,3ef6922b7f95bd05a289cf2273f79699b9412025,5305,document_or_structured_evidence,.md
.agents/skills/caveman-compress/SECURITY.md,693108c58eb24e5763b52c8646952c95ff471d9b,1557,document_or_structured_evidence,.md
.agents/skills/caveman-compress/SKILL.md,00ce4543b2fbd2456619657c328f5542569e76cd,4535,document_or_structured_evidence,.md
.agents/skills/caveman-help/README.md,5841256fad5f042860c8924ccd6dd1452ee3d0f0,976,document_or_structured_evidence,.md
.agents/skills/caveman-help/SKILL.md,ce1156fd32490f63780acdbd9b9a0edd18bab7b3,2300,document_or_structured_evidence,.md
.agents/skills/caveman-review/README.md,acf519fe7a8c3970e6fd1d2557a3c741d63992b3,1210,document_or_structured_evidence,.md
.agents/skills/caveman-review/SKILL.md,48f4adbfc00f79e447f9c9ebd48044f58aaccdca,2739,document_or_structured_evidence,.md
.agents/skills/caveman-stats/README.md,30b28f90db90e7f3bbb06a5babd91f7be4f06dcd,936,document_or_structured_evidence,.md
.agents/skills/caveman-stats/SKILL.md,a7348ac62199740477e2b87f7ed7eb0bfa1abaa3,607,document_or_structured_evidence,.md
.agents/skills/caveman/README.md,d749b8343a99fec075c3f29587d2f984788d67c4,1891,document_or_structured_evidence,.md
.agents/skills/caveman/SKILL.md,8792c1abbc543ea036d997bd911585a2a8c09959,5009,document_or_structured_evidence,.md
.agents/skills/htt-adversarial-review-loop/SKILL.md,0227ab45f292e464166f746046d19a4f70b47a78,588,document_or_structured_evidence,.md
.agents/skills/htt-claim-firewall/SKILL.md,a14633db4d917fe162f50288ea35650305f33147,683,document_or_structured_evidence,.md
.agents/skills/htt-claim-lane-auditor/SKILL.md,1fba9a65b824caa5faed90140e39876c78850203,786,document_or_structured_evidence,.md
.agents/skills/htt-claim-provenance-ledger/SKILL.md,3944f2c388a1ff2c8e0d6d1d2fb04fb4ac6d994a,2683,document_or_structured_evidence,.md
.agents/skills/htt-claim-provenance-ledger/references/project_claim_boundaries.md,7af65ffffeab73a654e3b0235a13a0a0ad5f4a8b,690,document_or_structured_evidence,.md
.agents/skills/htt-dag-orchestrator/SKILL.md,2cca33f8065c99f154cf00c7a7259bf2f3c91085,835,document_or_structured_evidence,.md
.agents/skills/htt-family-identification-gate/SKILL.md,0ee0c5f20679c840a4ec32cd06b2619162037900,2623,document_or_structured_evidence,.md
.agents/skills/htt-family-identification-gate/references/project_claim_boundaries.md,eb1aed3ba47219f8bd09b435aeb0a8f609ac41ba,693,document_or_structured_evidence,.md
.agents/skills/htt-harness-engineering/SKILL.md,a407a645bb04b48b71571b5cc8973dc67be1d57a,685,document_or_structured_evidence,.md
.agents/skills/htt-latex-paper-build/SKILL.md,bddc8bb24eab63a804dea95862d00c40cf542436,2097,document_or_structured_evidence,.md
.agents/skills/htt-latex-paper-build/references/project_claim_boundaries.md,4a997dd210cdb62596671c9afb440cb874dfaa1e,684,document_or_structured_evidence,.md
.agents/skills/htt-local-global-discrimination/SKILL.md,cc416d4ae2c0e625fb1d7fdcd3110f82037de705,640,document_or_structured_evidence,.md
.agents/skills/htt-manuscript-figure-audit/SKILL.md,728e63253dfa119605b97f20b98ae9e2e653f22c,650,document_or_structured_evidence,.md
.agents/skills/htt-observable-statistics/SKILL.md,be0725103fb06219abcd095e777d1fe07effda71,693,document_or_structured_evidence,.md
.agents/skills/htt-physics-math-audit/SKILL.md,542a6acbad3b9f3a6c1d0e464ddd14d2ab6137a1,3204,document_or_structured_evidence,.md
.agents/skills/htt-physics-math-audit/references/project_claim_boundaries.md,00c86d9f8a72709a11520e32a7d56d0eda76696f,685,document_or_structured_evidence,.md
.agents/skills/htt-physmath-audit/SKILL.md,4e05b6294b0ad98b27ee1accbd54e6e97e6f37cd,4093,document_or_structured_evidence,.md
.agents/skills/htt-physmath-audit/agents/openai.yaml,d10cf8cb14c854d8d589c21e625d8a7010fdd32c,235,document_or_structured_evidence,.yaml
.agents/skills/htt-plot-provenance/SKILL.md,4a56c3701d8627729fb7690de31f3d82d0e2c7cc,772,document_or_structured_evidence,.md
.agents/skills/htt-research-plot-summary/SKILL.md,f5e809863661761d8a09f6ddc383a2e883ae17ce,2000,document_or_structured_evidence,.md
.agents/skills/htt-research-plot-summary/references/project_claim_boundaries.md,f9bc92429ed83aac1cf6f12b121f1ac82c7dc19b,688,document_or_structured_evidence,.md
.agents/skills/htt-reviewer-mode-pre-submission/SKILL.md,11d6092f7c19f19cdb024981be50fcd4afb95d10,2114,document_or_structured_evidence,.md
.agents/skills/htt-reviewer-mode-pre-submission/references/project_claim_boundaries.md,760f9970a62d8a978c6b2dd14c14fe9ae94fcca1,695,document_or_structured_evidence,.md
.agents/skills/htt-revision-planner/SKILL.md,7b37bdeb80401724d165fbca088fac60fe31f905,809,document_or_structured_evidence,.md
.agents/skills/htt-scientific-code-validation/SKILL.md,5a73b7863afe12f9eeb6a372b5ca8c5372b2d74d,2638,document_or_structured_evidence,.md
.agents/skills/htt-scientific-code-validation/references/project_claim_boundaries.md,c4a258f66e86269f5574580c76bcb5882082384e,693,document_or_structured_evidence,.md
.agents/skills/htt-solver-handoff-readiness-audit/SKILL.md,4e4c2f8f6ccc92edeeae4837281f6643c0446854,2325,document_or_structured_evidence,.md
.agents/skills/htt-solver-handoff-readiness-audit/references/project_claim_boundaries.md,40c192ddfbb0b192d747779fc810e59ff55655f4,697,document_or_structured_evidence,.md
.agents/skills/htt-ssot-handoff-maintainer/SKILL.md,ed48d12bbfe0c96a2fae25ff65de2ae85d3e776a,2168,document_or_structured_evidence,.md
.agents/skills/htt-ssot-handoff-maintainer/references/project_claim_boundaries.md,67de49c4a9e915254fdbf16136ac624d4f2c163a,690,document_or_structured_evidence,.md
.agents/skills/htt-statistical-hardening/SKILL.md,e149ead4608d87680da0c2bf8a813236dafd36a8,808,document_or_structured_evidence,.md
.agents/skills/htt-transfer-provenance/SKILL.md,9a1d4d760e7781e360073b0d14cccf9c8ac14628,725,document_or_structured_evidence,.md
.agents/skills/htt-web-crag-researcher/SKILL.md,0f4a4b6f29b22165c0f17092f7fd1d4fe5ea4386,789,document_or_structured_evidence,.md
.agents/skills/htt-xqpi-fg-formalism/SKILL.md,a386b5ad281dde16c73cd9969817692de52ea0c1,639,document_or_structured_evidence,.md
.agents/skills/shared-context-orchestrator/SKILL.md,0969a67aedfe43171483e78989242c04ede7d48a,1527,document_or_structured_evidence,.md
.agents/skills/shared-context-orchestrator/agents/openai.yaml,07f92ec32f4d3fba37a256da1c2bedf1d2726d23,274,document_or_structured_evidence,.yaml
.claude/settings.json,ed386810637d66293f4c7c1f0936c3010c44bee9,3066,document_or_structured_evidence,.json
.codex/agents/adjudicator.toml,b5b7748e28a0a02e86f0612372fa9eb3024cddf0,786,document_or_structured_evidence,.toml
.codex/agents/cas_lean.toml,f2c4201813d04f67ce407a5d5263ea50440fd247,850,document_or_structured_evidence,.toml
.codex/agents/cas_sage_singular.toml,281e38ccd8bf318761197a8af0180b2717aabc17,856,document_or_structured_evidence,.toml
.codex/agents/cas_sympy.toml,9ec64d5511c4f044071e58299876e7095ebb08f7,852,document_or_structured_evidence,.toml
.codex/agents/cas_wolfram_xact.toml,a25980b8b2494a317f73b994caec22cf3f969ab1,868,document_or_structured_evidence,.toml
.codex/agents/claim-gate-reviewer.toml,88d285e208ea80deb311224a7fc2f75a11ba1ab8,481,document_or_structured_evidence,.toml
.codex/agents/claim_lane_reviewer.toml,929f7cf235013e4df64d50b5acc4bd8e3bd5738c,519,document_or_structured_evidence,.toml
.codex/agents/code-cartographer.toml,9700ba90834428bc6c49f3bb1f5e75a063a6a74e,471,document_or_structured_evidence,.toml
.codex/agents/context-mapper.toml,f10308190be7826e10db851e98fdf686e599bc1d,758,document_or_structured_evidence,.toml
.codex/agents/convergence_director.toml,1fbee19e0250d318db2815eeffea5143a05480e3,556,document_or_structured_evidence,.toml
.codex/agents/docs-citation-auditor.toml,e14206f259a727ae5f39bbe204a736c660e0266f,441,document_or_structured_evidence,.toml
.codex/agents/harness_engineer.toml,a587bd9f6cd0055ab103f9c890f74abe35f2c541,542,document_or_structured_evidence,.toml
.codex/agents/physics_stat_auditor.toml,d9a841edf9ea2a87cf0657080e2b49e1e943aa3f,572,document_or_structured_evidence,.toml
.codex/agents/regression-tester.toml,e5d832432bb2c722cceb72a189a29e89fd2f0881,508,document_or_structured_evidence,.toml
.codex/agents/web_crag_researcher.toml,7eeb1b741ef3f077ce8cb91b146514ae04409c17,547,document_or_structured_evidence,.toml
.codex/config.toml,6e11a9d54fc8650e93d3af0089069be7f408924a,298,document_or_structured_evidence,.toml
.codex/hooks.json,3b85470f215bd92ea3652a305e529c275d7a1d56,1144,document_or_structured_evidence,.json
.github/ISSUE_TEMPLATE/config.yml,3ba13e0cec6cbbfd462e9ebf529dd2093148cd69,28,document_or_structured_evidence,.yml
.github/ISSUE_TEMPLATE/research-execution.yml,5b2d62b5981939920d674aafb8f3518670de244c,2175,document_or_structured_evidence,.yml
.github/pull_request_template.md,8da0f482c34eee88bab75a515fb5523155834417,452,document_or_structured_evidence,.md
.github/workflows/pr04-theory-gates.yml,841e90c6f4edca4bc7940efc48a3075d7a0e3775,2476,document_or_structured_evidence,.yml
.github/workflows/pr07-audit-repair-gates.yml,77a681eabdd3eb9cb5b87fe5469effe6a020c4cd,3436,document_or_structured_evidence,.yml
.github/workflows/report-a-formal-verifiers.yml,065a4685559d3f624d65254f3f961e9174c2a095,3601,document_or_structured_evidence,.yml
.github/workflows/report-a-k1r.yml,4a199a36c95b4056b24dc9605a12f1ba8a075f38,2145,document_or_structured_evidence,.yml
.github/workflows/report-a-k2.yml,d7d18171f8a91d13c2a10ddb316481bbe7fdacfd,3551,document_or_structured_evidence,.yml
.github/workflows/report-a-ledger.yml,0647f96a65246f691d47f1bf22ca3e7a4f7b07d3,4796,document_or_structured_evidence,.yml
.github/workflows/report-a-publication.yml,4f5d0e748ad685ae7c4dd36438f659200c877341,3645,document_or_structured_evidence,.yml
.github/workflows/repository-integrity.yml,e7fe3d0255ec1fc29ea6b40a93f72ad3375aa8a5,4017,document_or_structured_evidence,.yml
.markdownlint.json,8d6f25db71b355570ca845964e66360e060925d0,521,document_or_structured_evidence,.json
00_start_full_dag_automation_prompt.md,3c29e66ac8417ea36c0847d27e590b97653869ac,2635,document_or_structured_evidence,.md
10_re_review_v8_ko.md,cfad1109617706587798572e8106be4250daf39e,12726,document_or_structured_evidence,.md
AGENTS.md,11cf90e708e3a992743c8dc9daf6b7daf86fdc6b,26874,document_or_structured_evidence,.md
CHANGELOG.md,0de3392e78da560c9fc0a20f7db29cb74c486dcf,473714,document_or_structured_evidence,.md
CLAUDE.md,f4fccdd4c4892ed9871f5c2ddce77bb9e2b8aecc,4094,document_or_structured_evidence,.md
CODEX_EXTERNAL_FUSION_RESOLUTION_20260829.md,be2d4fffe85c7288f9feaddeafe16746fb5783a7,31388,document_or_structured_evidence,.md
Cargo.toml,50f5053a088a8fbbe242d9a5cca43dda2cd02203,1676,document_or_structured_evidence,.toml
EXTERNAL_FUSION_INSTALL_STATUS_20260829.md,7ce7bf2c28e5b7f9da9db432306987a34307650d,49985,document_or_structured_evidence,.md
HARNESS_GATE_REDO_CAMPAIGN_20260802.md,8d70997c9a7470e17567dcdba81685f319cc64eb,31304,document_or_structured_evidence,.md
HARNESS_GATE_REDO_SUMMARY_KO_20260802.md,6665708f47ef83b5690cebf8e0e42e3969505592,14493,document_or_structured_evidence,.md
HTT_GITHUB_PR_PUBLICATION_INDEX_20260802.csv,8ae96730fb748d20feb70f9a2aa1dd3a37dac800,101713,document_or_structured_evidence,.csv
HTT_HARNESS_GATE_RETROTRACE_PLAN_20260802.md,ffe4bc161c22b164a0ef548466e9c412f9ae5053,24148,document_or_structured_evidence,.md
HTT_PR_RERUN_MATRIX_20260802.csv,a6c7e90989a6aec6d5257534ec6c9c7d7feb8714,91385,document_or_structured_evidence,.csv
INSTALL.md,98f21bb729ea5258f87902e09d52ae5c0714f1e2,1440,document_or_structured_evidence,.md
INSTALL_NOTES.md,335c20754406f85f37bcc7ad0243f8c7e770b8e6,832,document_or_structured_evidence,.md
MES_BOUND_CURRENT_RESEARCH_REPORT.tex,6c8570cd15b8f0f2f1ac5982694b7b11ae7a95d5,98388,document_or_structured_evidence,.tex
MES_EXTERNAL_REFEREE_ADJUDICATION_20260829.json,34eeae4087f7029dc3e8103497dc925638311521,22558,document_or_structured_evidence,.json
README.md,41407d7e457f320aae63ab002a22b31f0971f67f,7222,document_or_structured_evidence,.md
artifacts/research_reports/pedagogical_render_20260907_r1/ASSEMBLY_RECORD.json,231e662bd3e7dcd8d729782e74a0ed1d58bd444b,2525,document_or_structured_evidence,.json
artifacts/research_reports/pedagogical_render_20260907_r1/BUILD.md,cf62b30dae99023f40ee050325039748d5e21657,6092,document_or_structured_evidence,.md
artifacts/research_reports/pedagogical_render_20260907_r1/COMMAND_EXITS.json,d47a8ff0a24394cf329ac2f044c3c9a9829e4363,13862,document_or_structured_evidence,.json
artifacts/research_reports/pedagogical_render_20260907_r1/FROM_A_CMB_SKY_MAP_TO_PHYSICAL_CONSTRAINTS.md,4f4dcf050e2d71b79a6a7bcc739d3045f23bfe62,126539,document_or_structured_evidence,.md
artifacts/research_reports/pedagogical_render_20260907_r1/FROM_A_CMB_SKY_MAP_TO_PHYSICAL_CONSTRAINTS.tex,f163052bae0d3f8102c97f94f2f08e0a6ca4ec46,151470,document_or_structured_evidence,.tex
artifacts/research_reports/pedagogical_render_20260907_r1/PAGE_REVIEW.json,6194639108692706c7013cfa2dacadf14caf67f3,36732,document_or_structured_evidence,.json
artifacts/research_reports/pedagogical_render_20260907_r1/PAGE_REVIEW.md,bb3892c7f54efd3cb07456c3e2acb59fc3e7a67e,5515,document_or_structured_evidence,.md
artifacts/research_reports/pedagogical_render_20260907_r1/RENDER_RECEIPT.json,d2f0e18987cb23e4c21bad6179c5375e88a37bac,10243,document_or_structured_evidence,.json
artifacts/research_reports/pedagogical_render_20260907_r1/RETURN_TO_MAIN.md,e8663c7e358567bc734736a960092f53f2023d66,5717,document_or_structured_evidence,.md
artifacts/research_reports/pedagogical_render_20260907_r1/evidence/PROOF_REVIEW.md,0485f6207b5689c4351b8a4bb328bd3e83b87830,8182,document_or_structured_evidence,.md
artifacts/research_reports/pedagogical_render_20260907_r1/evidence/artifact-candidate.json,3e5c2bb5a3e91805cdff3461cdc5e0191141351c,240,document_or_structured_evidence,.json
artifacts/research_reports/pedagogical_render_20260907_r1/evidence/artifact-commit.command.json,88c34d876311d2ae604391ac23279632061e53c3,454,document_or_structured_evidence,.json
artifacts/research_reports/pedagogical_render_20260907_r1/evidence/artifact-push.command.json,f0bbef7a9e132124713a091e6b1387fbd8b26c2b,461,document_or_structured_evidence,.json
artifacts/research_reports/pedagogical_render_20260907_r1/evidence/artifact-stage.command.json,edee3bcf98c89fb50d47ec079fcb6be7088e22bf,447,document_or_structured_evidence,.json
artifacts/research_reports/pedagogical_render_20260907_r1/evidence/assemble-corrected.command.json,a887dfb5290fb0e815e1f20a22fa4df83aa1d945,856,document_or_structured_evidence,.json
artifacts/research_reports/pedagogical_render_20260907_r1/evidence/assemble-first.command.json,9e76556c5776fe3ef3e63eaf6348d918bacb1f10,861,document_or_structured_evidence,.json
artifacts/research_reports/pedagogical_render_20260907_r1/evidence/assembly-final.command.json,17f8dc0cb0b50638625e49b5be70bbaa87c8f225,862,document_or_structured_evidence,.json
artifacts/research_reports/pedagogical_render_20260907_r1/evidence/axial-first.command.json,5bc9408a1e6d116b22961b6af8d34c7bc8b6c910,670,document_or_structured_evidence,.json
artifacts/research_reports/pedagogical_render_20260907_r1/evidence/axial-first.json,e9ff6945dada5d1c20539dbfb5fe619749a46e80,4085,document_or_structured_evidence,.json
artifacts/research_reports/pedagogical_render_20260907_r1/evidence/axial-sensitivity.json,203ca7ce108ffb9c202d306a31b4a8f193170689,4848,document_or_structured_evidence,.json
artifacts/research_reports/pedagogical_render_20260907_r1/evidence/candidate-readback.command.json,b422236ffd27c01d7ad449916b4045b268a7bd71,544,document_or_structured_evidence,.json
artifacts/research_reports/pedagogical_render_20260907_r1/evidence/candidate-readback.json,cbc7d4689bdf58efd2e340a4e99ad8f4d5ccd99d,67141,document_or_structured_evidence,.json
artifacts/research_reports/pedagogical_render_20260907_r1/evidence/ci-annotations-0.command.json,46b81d5d092ea300f435e15e891bd7d66ba7b096,438,document_or_structured_evidence,.json
artifacts/research_reports/pedagogical_render_20260907_r1/evidence/ci-annotations-1.command.json,e8e5998c633dd7d1dbc9ad1b0773133ed49b02ed,438,document_or_structured_evidence,.json
artifacts/research_reports/pedagogical_render_20260907_r1/evidence/ci-annotations-2.command.json,966fa57e7d82ea2c7ba74b3b429fe53ab99cf7a2,437,document_or_structured_evidence,.json
artifacts/research_reports/pedagogical_render_20260907_r1/evidence/ci-jobs-observe.command.json,f62ea61ba5604cb2c672ada4253472a268902d11,431,document_or_structured_evidence,.json
artifacts/research_reports/pedagogical_render_20260907_r1/evidence/draft-pr-create.command.json,5be6542898765bdff614fd68d49bafec05ad75a9,778,document_or_structured_evidence,.json
artifacts/research_reports/pedagogical_render_20260907_r1/evidence/draft-pr-observe.command.json,7364492464599730d49ac9d5ba3c51c5b2eb7a61,530,document_or_structured_evidence,.json
artifacts/research_reports/pedagogical_render_20260907_r1/evidence/final-checker-repair.json,078b6ca8556953c42eedfa32e580693a14a533d7,258,document_or_structured_evidence,.json
artifacts/research_reports/pedagogical_render_20260907_r1/evidence/final-render-check-corrected.command.json,91c975d3eeea3921e3ca76eafe072a4ba7aa8001,470,document_or_structured_evidence,.json
artifacts/research_reports/pedagogical_render_20260907_r1/evidence/final-render-check-heading-fixed.command.json,fdfb2943cfbf7eaf01152660bb325e21f8af5bbb,470,document_or_structured_evidence,.json
artifacts/research_reports/pedagogical_render_20260907_r1/evidence/final-render-check.command.json,9b366f4e3ee69e939314831378292790ec6f4e9b,469,document_or_structured_evidence,.json
artifacts/research_reports/pedagogical_render_20260907_r1/evidence/final-render-check.json,05e7e43e63e567f45954663cc0e17574bd538ce1,3136,document_or_structured_evidence,.json
artifacts/research_reports/pedagogical_render_20260907_r1/evidence/handoff.md,4fba1c5b8f995a85cd423d4e2e7f2bee6a7716d7,15338,document_or_structured_evidence,.md
artifacts/research_reports/pedagogical_render_20260907_r1/evidence/layout-corrections.json,0094fd8b1d0b11afc2f54cac4c0dd21dc95d0043,1134,document_or_structured_evidence,.json
artifacts/research_reports/pedagogical_render_20260907_r1/evidence/model-check.command.json,daf90588ebf404434e3e42ba1a0c667a319fc643,460,document_or_structured_evidence,.json
artifacts/research_reports/pedagogical_render_20260907_r1/evidence/pandoc-complete.command.json,508a1d5d229d920355ef63bb44b32542bae7fd9e,1781,document_or_structured_evidence,.json
artifacts/research_reports/pedagogical_render_20260907_r1/evidence/pandoc-final.command.json,729630e62915ec489e17c10627915782d4a55053,1778,document_or_structured_evidence,.json
artifacts/research_reports/pedagogical_render_20260907_r1/evidence/pandoc-initial.command.json,4d90165cb99c8a67e38f50a15d0843e7625faf03,1780,document_or_structured_evidence,.json
artifacts/research_reports/pedagogical_render_20260907_r1/evidence/pandoc-layout2.command.json,2be2e09799abf10c9e7f7ebe22752bf403a203af,1780,document_or_structured_evidence,.json
artifacts/research_reports/pedagogical_render_20260907_r1/evidence/pandoc-stf.command.json,4740e653c57102a4a9e5b7791752f45b0881420c,1776,document_or_structured_evidence,.json
artifacts/research_reports/pedagogical_render_20260907_r1/evidence/parse-source.command.json,4c7db69aa7411fe1094cb8e92878996b31a16f62,863,document_or_structured_evidence,.json
artifacts/research_reports/pedagogical_render_20260907_r1/evidence/parse-tex-complete.command.json,ff43c13f4217b3d65888fc2534400ec0a9147497,782,document_or_structured_evidence,.json
artifacts/research_reports/pedagogical_render_20260907_r1/evidence/parse-tex-final.command.json,835efbc71ed47897bbb3641f4e57e433ae37aa45,780,document_or_structured_evidence,.json
artifacts/research_reports/pedagogical_render_20260907_r1/evidence/parse-tex.command.json,53b574d37b7dae00390f5be3b0309d290df8e5bc,774,document_or_structured_evidence,.json
artifacts/research_reports/pedagogical_render_20260907_r1/evidence/pdf-fraction-selector-repair.json,84916cdc3ff1a25b17fee83f49c397f7e710ed03,263,document_or_structured_evidence,.json
artifacts/research_reports/pedagogical_render_20260907_r1/evidence/pdf-stf-text.command.json,c6c88be6d3427ac04e65a95cdc3b8e8ea76924cc,644,document_or_structured_evidence,.json
artifacts/research_reports/pedagogical_render_20260907_r1/evidence/pdfinfo-complete.command.json,4954f044a563abb388478be1a9343d355a7ef3c2,507,document_or_structured_evidence,.json
artifacts/research_reports/pedagogical_render_20260907_r1/evidence/pdfinfo-final.command.json,21c7e0b55197771115dd0732ba68689e5b73a33d,508,document_or_structured_evidence,.json
artifacts/research_reports/pedagogical_render_20260907_r1/evidence/pdfinfo.command.json,cbb3627626bb0dedb1d5cf63071bf65b5c550f54,507,document_or_structured_evidence,.json
artifacts/research_reports/pedagogical_render_20260907_r1/evidence/pdftext-complete.command.json,9564775f00576862472de18c87a659878a849558,653,document_or_structured_evidence,.json
artifacts/research_reports/pedagogical_render_20260907_r1/evidence/pdftext-final.command.json,adeb88970edf9ecc85678c631338d41b82cb0cba,651,document_or_structured_evidence,.json
artifacts/research_reports/pedagogical_render_20260907_r1/evidence/pdftext.command.json,c0ec2ff11cedd393115cbd7b3b58a06287e7d933,645,document_or_structured_evidence,.json
artifacts/research_reports/pedagogical_render_20260907_r1/evidence/prepare-layout.command.json,253763d8840fa6e88b1f9cd86db4c6a66e95c804,463,document_or_structured_evidence,.json
artifacts/research_reports/pedagogical_render_20260907_r1/evidence/publication-diff-check.command.json,a384c3f7542449ef34d9da4907bb99b86cb51a2a,634,document_or_structured_evidence,.json
artifacts/research_reports/pedagogical_render_20260907_r1/evidence/publication-review.json,eb003eb9eba0e640b205cb798d1ab37f50701ebc,792,document_or_structured_evidence,.json
artifacts/research_reports/pedagogical_render_20260907_r1/evidence/radiation-model-check.json,037d2d7527beac98818710062530b7687de09a9b,4294,document_or_structured_evidence,.json
artifacts/research_reports/pedagogical_render_20260907_r1/evidence/raster-all-pages.command.json,ac79a8cc346e913b3c57ec8ab4f0cff63d0ed9c6,657,document_or_structured_evidence,.json
artifacts/research_reports/pedagogical_render_20260907_r1/evidence/raster-complete.command.json,c8660d99d02d3b9d4f2a2c40f0aa6be13bd28eb6,658,document_or_structured_evidence,.json
artifacts/research_reports/pedagogical_render_20260907_r1/evidence/raster-final.command.json,998b2f2713c4faf08365adcb167cae0d13ee7eca,655,document_or_structured_evidence,.json
artifacts/research_reports/pedagogical_render_20260907_r1/evidence/raster-stf.command.json,2b511cab3177b9ca3776b298bff8d66828293869,659,document_or_structured_evidence,.json
artifacts/research_reports/pedagogical_render_20260907_r1/evidence/render-correspondence-preliminary.json,23dbea64c3be6234a18d5bd7287094112ed4b58d,126,document_or_structured_evidence,.json
artifacts/research_reports/pedagogical_render_20260907_r1/evidence/retained-local-intermediates.json,318afddfa25c008757ffc6f8ce64ef2e7e465b1d,6658,document_or_structured_evidence,.json
artifacts/research_reports/pedagogical_render_20260907_r1/evidence/source-check-corrected.command.json,cf05f7a8014fd47c68826066469c0b367d5c876f,461,document_or_structured_evidence,.json
artifacts/research_reports/pedagogical_render_20260907_r1/evidence/source-check.command.json,698b214001c5e3aea19afbfd9f493930f93fe0ab,461,document_or_structured_evidence,.json
artifacts/research_reports/pedagogical_render_20260907_r1/evidence/source-check.json,0fe6ba8ae3c2f20192b4db8eed8785f20a9965ac,1450,document_or_structured_evidence,.json
artifacts/research_reports/pedagogical_render_20260907_r1/evidence/source-checker-repair.json,490351de06bc0a65744b1caeb9fc96e98e48db68,274,document_or_structured_evidence,.json
artifacts/research_reports/pedagogical_render_20260907_r1/evidence/source-commit.command.json,4563b6825ae84adb175355e9df95593bc61c552a,450,document_or_structured_evidence,.json
artifacts/research_reports/pedagogical_render_20260907_r1/evidence/source-diff-check.command.json,240302bfef824d7963b0a4aa9a91359331f75857,377,document_or_structured_evidence,.json
artifacts/research_reports/pedagogical_render_20260907_r1/evidence/source-pin.json,2f90fe527edf1bc905437adfd483d8be32bb1534,2443,document_or_structured_evidence,.json
artifacts/research_reports/pedagogical_render_20260907_r1/evidence/source-stage.command.json,42489b9e5b7c8c461ec989851188a6d288a8c8ca,461,document_or_structured_evidence,.json
artifacts/research_reports/pedagogical_render_20260907_r1/evidence/stf-page-comparison.json,ac7e8f99459ebf03d7f2c4d4ca45457f64afb463,184,document_or_structured_evidence,.json
artifacts/research_reports/pedagogical_render_20260907_r1/evidence/stf-prose-repair.json,ecbd7f59d5ec744033b3df79bdecc8e9eec5a570,394,document_or_structured_evidence,.json
artifacts/research_reports/pedagogical_render_20260907_r1/evidence/syntax.command.json,d78ad74224056e29c8b1520c6e9d5bbc4a73b6d0,799,document_or_structured_evidence,.json
artifacts/research_reports/pedagogical_render_20260907_r1/evidence/tested-source.json,3d56213723f654ee2493e0361a1a802e35c6b430,270,document_or_structured_evidence,.json
artifacts/research_reports/pedagogical_render_20260907_r1/evidence/tex-ast-stf.command.json,3d8aa115bdfd7686be151bf61808a033ff675317,778,document_or_structured_evidence,.json
artifacts/research_reports/pedagogical_render_20260907_r1/evidence/tex-complete.command.json,8fdd0a89f26f5c00fab150f4b20441321d041943,713,document_or_structured_evidence,.json
artifacts/research_reports/pedagogical_render_20260907_r1/evidence/tex-final.command.json,054a17455a1bac44b19cf32b2837ecdfd51fccd0,713,document_or_structured_evidence,.json
artifacts/research_reports/pedagogical_render_20260907_r1/evidence/tex-initial.command.json,ce39262c09364bc3d1254eecbd0b398baa61c52b,714,document_or_structured_evidence,.json
artifacts/research_reports/pedagogical_render_20260907_r1/evidence/tex-layout2.command.json,fe37008178f31f14002dc31f26bdc09ab995ac1f,712,document_or_structured_evidence,.json
artifacts/research_reports/pedagogical_render_20260907_r1/evidence/tex-stf.command.json,337a08c50122b5b8941662c0ba4ae20f8e04144a,498,document_or_structured_evidence,.json
artifacts/research_reports/pedagogical_render_20260907_r1/evidence/transcription-repair.json,2d47a6e71c550298daddf2dc6c50f624bd5d3261,863,document_or_structured_evidence,.json
artifacts/research_reports/pedagogical_render_20260907_r1/evidence/version-latexmk.command.json,dd20d4b209664c9a7e6214e55c6f62d9f55e6f1e,365,document_or_structured_evidence,.json
artifacts/research_reports/pedagogical_render_20260907_r1/evidence/version-pandoc.command.json,02408738cf406974b50d3b56d91933de145108e9,472,document_or_structured_evidence,.json
artifacts/research_reports/pedagogical_render_20260907_r1/evidence/version-pdftoppm.command.json,fba95471e8b065e24521157e53f582d086d4ffd8,367,document_or_structured_evidence,.json
artifacts/research_reports/pedagogical_render_20260907_r1/evidence/version-python.command.json,e73db11e3847aba9dd9fd940776d5e6a045dc006,374,document_or_structured_evidence,.json
artifacts/research_reports/pedagogical_render_20260907_r1/evidence/version-xelatex.command.json,8873ca71738ffdf73decd1918a7d6a00a404dd24,373,document_or_structured_evidence,.json
artifacts/research_reports/pedagogical_render_20260907_r1/layout/header.tex,1dde1feeb7d60b076845b8f11be6b9921c20584a,316,document_or_structured_evidence,.tex
artifacts/research_reports/pedagogical_render_20260907_r1/layout/metadata.yaml,ed45d92eae2c6064a43aa56ac3e5b58d5ab26ad7,350,document_or_structured_evidence,.yaml
artifacts/research_reports/pedagogical_render_20260907_r1/logs/pandoc-stf.json,dd5cc7e3b8322ef48ce9c6eafd14c96aa435ec80,796,document_or_structured_evidence,.json
artifacts/research_reports/pedagogical_render_20260907_r1/references.bib,331c557c0f6a7de84fdd97123d8bdb8fae0e0a53,8494,document_or_structured_evidence,.bib
checklists/REVIEW_CHECKLISTS.md,e1ff5d725940ad24c2000130f4b59141f5db528b,691,document_or_structured_evidence,.md
configs/fb11_summary.yaml,b378a42e59a11a3c7fe73fc64a27f765f94f1189,1129,document_or_structured_evidence,.yaml
dl_pipeline/README.md,006ab12779724923ca8b24eb60087d2d7af93e20,10715,document_or_structured_evidence,.md
dl_pipeline/assets/obs_meta/INDEX.json,0a41e68696962e25c4ad232f7d3ca25f9b749c3c,11992,document_or_structured_evidence,.json
dl_pipeline/assets/obs_meta/README.md,a2381d7ed9391b79bd471c0295a855eeb210ba90,8603,document_or_structured_evidence,.md
dl_pipeline/assets/targets_cf4_from_desi_bgs.csv,1dd1d9981942e4ea8f556b3335f93c512cab04dd,1852,document_or_structured_evidence,.csv
dl_pipeline/config/planck2018_camb_params.json,a96efc27db239e24f02b0f1023e1ca9f2cbee617,434,document_or_structured_evidence,.json
dl_pipeline/config/sources.json,f98746b679e0b3c2cb1d9be9217467a1ded4892e,20222,document_or_structured_evidence,.json
dl_pipeline/data/jwst_distances_seed.csv,ee19fd697023bdff78953f545c9eda3958baa06f,2465,document_or_structured_evidence,.csv
dl_pipeline/data/jwst_host_distance_comparisons.csv,b278a111fd60144304abc9e4c3dda901830cfca6,2685,document_or_structured_evidence,.csv
dl_pipeline/data/jwst_published_aggregate_comparisons.csv,8f26e93975621bab932a16476ab56fe2b9f66f21,1886,document_or_structured_evidence,.csv
dl_pipeline/requirements.txt,d09c256b05501d5592607a18fa352fd45b3825b6,120,document_or_structured_evidence,.txt
docs/00_Codex_global_rules.md,bd426eab6fd9392cce28098fb153ffb7e665482a,1321,document_or_structured_evidence,.md
docs/01_source_authority_map.md,79eeef436fad712126016da3c55e816cc136050b,1276,document_or_structured_evidence,.md
docs/02_long_range_PR_backlog.md,9b1f7dbebfe2bd37bddfbde8e36c6c188b737b0d,42804,document_or_structured_evidence,.md
docs/04_adversarial_audit_and_upgrade_notes.md,63aad51bc4574a0b70e20d4de095894130de5224,1669,document_or_structured_evidence,.md
docs/05_skill_inventory_and_usage.md,f0d515b53bfd0b10ab9b6bb9b9ce98c3c68e69d8,3861,document_or_structured_evidence,.md
docs/06_template_skill_upgrade_map.md,3a3be8f5a26313f19af31ff2ccc1c4c8e990acf3,2222,document_or_structured_evidence,.md
docs/07_repo_skill_installation_guide.md,6be3e81098b70c9277414cf36f08a13a5681cd8e,2112,document_or_structured_evidence,.md
docs/08_skill_trigger_matrix.md,39464ac283dece54edc986721d777cb8f1e43ea4,1641,document_or_structured_evidence,.md
docs/09_skillset_adversarial_audit.md,2ef0da1773a8cd8c7c74af78d521b48c123ac4eb,1818,document_or_structured_evidence,.md
docs/10_source_template_inventory.md,9ea3a58e70a40b23338ab42ed93fd0ee31b7cb3a,669,document_or_structured_evidence,.md
docs/AUDIT_AND_UPDATE_PROCEDURE.md,0881bf651da0e3693c74e81a48f409f2230c8fa9,18264,document_or_structured_evidence,.md
docs/AUTOMATED_EXECUTION_PROMPT.md,7ebc6dfa5994766de90c147684c752e461bd62ab,25999,document_or_structured_evidence,.md
docs/BASELINE_FREEZE.md,07d2d5b83fae22e172cd9888ba25ed832abe9f7e,6605,document_or_structured_evidence,.md
docs/BASS_PY_FAST_TRACK_2026-04-18.md,5cfc630f8ae37fe16fbb96b56e394c97a4fc66ea,12690,document_or_structured_evidence,.md
docs/BASS_PY_HTT_TSC_MIO_RESEARCH_PLAN.md,4e9f5194f8fa6ef0531527431960c9103e5c6846,171885,document_or_structured_evidence,.md
docs/BASS_PY_HTT_TSC_RESEARCH_PLAN.md,4f257b7530aa95cd99eaba6f33350bb23fe8ea90,130502,document_or_structured_evidence,.md
docs/DEVELOPMENT_PLAN.md,8bdf238c4bfae1caa3d3a72e1b578074d222af25,17604,document_or_structured_evidence,.md
docs/ENV_VARS.md,95ee030d9b0a0cd6d49896ff8b48137fb15884d0,1456,document_or_structured_evidence,.md
docs/IMEX_DECISION_2026-04-18.md,17f2dda5b2ff1866a8238930c6f8c83cba83a52c,20266,document_or_structured_evidence,.md
docs/IMEX_DECISION_CRITIQUE_NOTES.md,497b6baaca863d6e3bb76c1c2cef047bf329ddbf,32480,document_or_structured_evidence,.md
docs/INDEPENDENT_TRACKS_NEXT_SESSION.md,665e63c5a79e92bcbf37d4ca34f760e88e0f92c7,126631,document_or_structured_evidence,.md
docs/INDEPENDENT_TRACKS_PLAN.md,2ff2706ad566da33761a4384517cb3e2a7b1c19f,76312,document_or_structured_evidence,.md
docs/MIDHIGH_EXTENSION_PR_PLAN.md,ccf4da7d04ccd047cd06e482b1b3d9d2844405a6,20444,document_or_structured_evidence,.md
docs/NON_BASS_COMPLETENESS_WBS_2026-04-20.md,95b72d39144ffd8e71bc40338b0da12291b79519,16602,document_or_structured_evidence,.md
docs/OLD_VERSION_ARCHIVE_SURVEY.md,97254c016bae3441fb14cbd6106657247ab58f47,12357,document_or_structured_evidence,.md
docs/PERF_FRESH_2026-04-18.md,9cf9df36cd478a0d9a397fcd4cd6ce72a8826511,14629,document_or_structured_evidence,.md
docs/PHASE0_D0_AUDIT_REPORT.md,a40c0847956c5f3ce75cc22e1530d61491196e63,11869,document_or_structured_evidence,.md
docs/PHYSICS_REFERENCES.md,ed9f4d2651873d725ae6afd2177dc52994ab4655,9349,document_or_structured_evidence,.md
docs/PROFILING_REPORT.md,229e19fcac57f83f0baf27867a22fdba9d19c519,9331,document_or_structured_evidence,.md
docs/PROGRESS_SCOREBOARD.md,c134be302c537fd7a2e68ba5670bba0746ee3af0,29597,document_or_structured_evidence,.md
docs/PR_CONSTITUTION.md,c2174b00e445942073e1df0819988f4000061f8e,16972,document_or_structured_evidence,.md
docs/PR_DELTAS/TEMPLATE.md,27b5bbe94c7f9d4db19589951b19faf72119e949,1834,document_or_structured_evidence,.md
docs/PR_DELTAS/pr-000-intake.md,4fa61b0463a6d402efcccc84bfa1e7beace37645,8308,document_or_structured_evidence,.md
docs/PR_DELTAS/pr-000.md,ce2fd702d757e5e51704075baaaed706e60d3651,4953,document_or_structured_evidence,.md
docs/PR_DELTAS/pr-001-packaging.md,c4ef10c0f2060d063e47e195e98c2d5cb5a187fe,8535,document_or_structured_evidence,.md
docs/PR_DELTAS/pr-002-test-taxonomy.md,d5e872006208bc0ea2dc012fe2f273aa70c72f70,9300,document_or_structured_evidence,.md
docs/PR_DELTAS/pr-003-dag-progress.md,eb931848c1a63f6c426421dee3b18d6693778b43,7963,document_or_structured_evidence,.md
docs/PR_DELTAS/pr-004-codex-assets.md,9a166516aa0624fe6ce480966fa3dcff188c4e9a,9957,document_or_structured_evidence,.md
docs/PR_DELTAS/pr-005-checkpoint-protocol.md,6b9ae0638b111dd4df7ffa16a07397df87e8da3e,9019,document_or_structured_evidence,.md
docs/PR_DELTAS/pr-010-ownership-firewall.md,62f5a6bef8c15eaa8b783fc4b0449b9c5498331a,11498,document_or_structured_evidence,.md
docs/PR_DELTAS/pr-010-stage-b.md,43f0acb36cc2934e636d7f3b54cd030801d594f4,5194,document_or_structured_evidence,.md
docs/PR_DELTAS/pr-010.md,67c8b27c99c45b764cba3aa976b5056f22ad76a9,5903,document_or_structured_evidence,.md
docs/PR_DELTAS/pr-011-artifact-manifest-quarantine.md,ae165498c9e89fa8cd16aa34b46d1c8cbcd97d6b,10817,document_or_structured_evidence,.md
docs/PR_DELTAS/pr-011-subtrack-1.md,6f0a582cd2a56c1cb2c9421cf32aef15daabbc37,5345,document_or_structured_evidence,.md
docs/PR_DELTAS/pr-012-status-snapshot.md,58c3cd4935bc88565b350ae447a247aca3a89221,9439,document_or_structured_evidence,.md
docs/PR_DELTAS/pr-013-mio-htt-type-firewall.md,a7af61e98b5c99183dfb09416d510ccbe52bd378,9550,document_or_structured_evidence,.md
docs/PR_DELTAS/pr-014-transfer-provenance-contract.md,2cc49fca79918150b4abe64a8bad7cd560f5eaa2,9147,document_or_structured_evidence,.md
docs/PR_DELTAS/pr-015.md,a3402a93f0646e0910fefdb92c96021f520862e0,11734,document_or_structured_evidence,.md
docs/PR_DELTAS/pr-020-design.md,6cbc66c8764c93c3e2d6bd737e4b44d9a01a491c,12719,document_or_structured_evidence,.md
docs/PR_DELTAS/pr-020-harness-runner.md,8fefd32be8132e590a88b11907fc5b8ec5aa30b8,10060,document_or_structured_evidence,.md
docs/PR_DELTAS/pr-020.md,5ec8cc8321ff41f8442dce9fd309155606c43167,8719,document_or_structured_evidence,.md
docs/PR_DELTAS/pr-021-design.md,1927c79945580c09582fd1bf18fd161df0634233,15095,document_or_structured_evidence,.md
docs/PR_DELTAS/pr-021-optional-dependency-registry.md,17b0b8086e388c3024173780fdeb2d7962711111,8425,document_or_structured_evidence,.md
docs/PR_DELTAS/pr-021.md,1eca50dc4ab5d6020eac40f8f6682c4576ad5c86,9108,document_or_structured_evidence,.md
docs/PR_DELTAS/pr-022-design.md,3e13432cdd907ff8b1ea3b026efca39b013a7e98,15384,document_or_structured_evidence,.md
docs/PR_DELTAS/pr-022.md,e568b2e271100ab16548347b92a42bb2d363465d,9360,document_or_structured_evidence,.md
docs/PR_DELTAS/pr-022a.md,2c6e47d0c853408cdeb5623919c3ece1fca6ce2b,10298,document_or_structured_evidence,.md
docs/PR_DELTAS/pr-022b-design.md,9912328333d35847a5a74e718fb4558ac0715080,13254,document_or_structured_evidence,.md
docs/PR_DELTAS/pr-022b.md,c9eb28e6da72bacbe15042d2816761d4fa763ded,13877,document_or_structured_evidence,.md
docs/PR_DELTAS/pr-022c-design.md,12d25a76a33afd26139ca15419ebfca1da729907,9577,document_or_structured_evidence,.md
docs/PR_DELTAS/pr-022c.md,d127c7ebdd72de9d32ae9a933febc4152a4f0b6c,12708,document_or_structured_evidence,.md
docs/PR_DELTAS/pr-023-design.md,9b87da32ec62639041bad7ac554093928c792339,12126,document_or_structured_evidence,.md
docs/PR_DELTAS/pr-023.md,38184f41eab207ca7ee02ac45cf416cf6ef133fb,11153,document_or_structured_evidence,.md
docs/PR_DELTAS/pr-023a.md,7c8ed5d7401080b58539c550c58a0b163edb9eb5,14106,document_or_structured_evidence,.md
docs/PR_DELTAS/pr-023b-design.md,82c2ed5d006960fb0b186721831156e3b20a24e1,8852,document_or_structured_evidence,.md
docs/PR_DELTAS/pr-023b.md,a97c2af54c75b5885dc291c925eaec6270a6fdfb,12028,document_or_structured_evidence,.md
docs/PR_DELTAS/pr-023c-design.md,2d6f0838571dc708c248a5c670da7cad27be1b8b,11530,document_or_structured_evidence,.md
docs/PR_DELTAS/pr-023c.md,e138b590a8637259b6c717a95e6a79d4d58c5812,12514,document_or_structured_evidence,.md
docs/PR_DELTAS/pr-024-design.md,8f0bc8d931c538140e3c411e2ffbbe2aa20394d2,11949,document_or_structured_evidence,.md
docs/PR_DELTAS/pr-024a.md,f6e3581004a9edc4eaee3a1d6a3677037d0b095f,11518,document_or_structured_evidence,.md
docs/PR_DELTAS/pr-024b-design.md,fba8a64b98bc4be340eb5b1374ec9d3103e82711,13232,document_or_structured_evidence,.md
docs/PR_DELTAS/pr-030.md,5b7a788285555c893ae99c5f2a31d067020569cf,13390,document_or_structured_evidence,.md
docs/PR_DELTAS/pr-031.md,56e5502bf3ae3620092b533920267238a43999f9,13355,document_or_structured_evidence,.md
docs/PR_DELTAS/pr-032.md,0f65d4d8fe9b5ab68534ed283ad461f3a55d75b8,14156,document_or_structured_evidence,.md
docs/PR_DELTAS/pr-040-sky-support-contract.md,0dc79affdfd675ebd0f45a4c88f25d3722ab0aac,11904,document_or_structured_evidence,.md
docs/PR_DELTAS/pr-041.md,117dbaa7b5e5c7d21d6b08101a48e28c2c6a66ac,11601,document_or_structured_evidence,.md
docs/PR_DELTAS/pr-042.md,e5b35ee9a14b27e70eb7c34ed98cee6d88b6f19f,15336,document_or_structured_evidence,.md
docs/PR_DELTAS/pr-043.md,6a7838e58dead4665f4883e5ed6edc6e1ce77916,15674,document_or_structured_evidence,.md
docs/PR_DELTAS/pr-050.md,010fc5a2e4bed1247a703c9c45d21461929745a2,10885,document_or_structured_evidence,.md
docs/PR_DELTAS/pr-051.md,a76d4938fc09c3aee8ac5959340b8bc192bbb6c4,14064,document_or_structured_evidence,.md
docs/PR_DELTAS/pr-052.md,0ab8f5881bb1ee173f07f3a68e59421fe2ae5865,14937,document_or_structured_evidence,.md
docs/PR_DELTAS/pr-053.md,d751ff1bd4b2824b6c576993c0ecd535c2c6304b,13704,document_or_structured_evidence,.md
docs/PR_DELTAS/pr-054.md,bff82ed30cd2fb99ae7fc63765ff3cad53e692e6,13060,document_or_structured_evidence,.md
docs/PR_DELTAS/pr-055.md,d26db928fb5487c58dc8d425d4160e51fb7b0f6a,16770,document_or_structured_evidence,.md
docs/PR_DELTAS/pr-056.md,ee4dbb733b1c01495a5f015261ff7bbd58e5d51f,9178,document_or_structured_evidence,.md
docs/PR_DELTAS/pr-060.md,c8c94e4a638dcb5b7778e91730730e3c9022a329,14706,document_or_structured_evidence,.md
docs/PR_DELTAS/pr-061.md,0ae30d3aa0cb2ba7d39bcf0a554bc9ecc928bc14,17069,document_or_structured_evidence,.md
docs/PR_DELTAS/pr-062.md,90fd8e88aceda7c204f43eeab5d9ec9c3d9c3429,17921,document_or_structured_evidence,.md
docs/PR_DELTAS/pr-063.md,be725716c3362a9fc81d4f41b575d0387a664094,17134,document_or_structured_evidence,.md
docs/PR_DELTAS/pr-064.md,3d38b04359a85c0bf4d9ff0fe8766ee5b06fc5d8,16088,document_or_structured_evidence,.md
docs/PR_DELTAS/pr-065.md,efbbc5810860fde56096eb9819e985e0a1a2e730,13192,document_or_structured_evidence,.md
docs/PR_DELTAS/pr-066.md,bf6bd332fcec0e544ada22dd37224d8bd24248d6,15335,document_or_structured_evidence,.md
docs/PR_DELTAS/pr-070.md,ba0e9cffd35b3ba1f6a5f9d5caf84d3668ca88c8,13746,document_or_structured_evidence,.md
docs/PR_DELTAS/pr-071.md,549fcd591b5fedbcea8639ded2362c844baccf6a,14553,document_or_structured_evidence,.md
docs/PR_DELTAS/pr-072.md,5f946efa9e195724473ea6c9bdf9d275be26e52d,15301,document_or_structured_evidence,.md
docs/PR_DELTAS/pr-073.md,c0d3bd529b5339d1850a598a4b91d0912ddf6ff6,17778,document_or_structured_evidence,.md
docs/PR_DELTAS/pr-074.md,8ce519926ae17362a6686bcb5a6e4cc66c101d05,16466,document_or_structured_evidence,.md
docs/PR_DELTAS/pr-075.md,cb32180d3ee68ddacb34c5cae97039cce81e9437,14895,document_or_structured_evidence,.md
docs/PR_DELTAS/pr-076.md,e579b3df5bb938f14e38f90bcb5d6edd241f6d34,14138,document_or_structured_evidence,.md
docs/PR_DELTAS/pr-080.md,05eb449b281a5b7eeda461cb20797327fd417d4c,15217,document_or_structured_evidence,.md
docs/PR_DELTAS/pr-081.md,53e3822cc3c35a79f44277966803f48d3f1b51b1,13102,document_or_structured_evidence,.md
docs/PR_DELTAS/pr-082.md,8418b272329c67c64dc554c2758d0dd2a7d29b5b,16001,document_or_structured_evidence,.md
docs/PR_DELTAS/pr-083.md,dedd0994e6e09d5703f71148522d19aa13d2109f,13552,document_or_structured_evidence,.md
docs/PR_DELTAS/pr-084.md,a746295a81805510f052c572a48307231b1fe435,11836,document_or_structured_evidence,.md
docs/PR_DELTAS/pr-090.md,4058b95800ab48621540eb3e4869e521e7d43ad4,12279,document_or_structured_evidence,.md
docs/PR_DELTAS/pr-091.md,84ba0e31233c4e2a0faeb8dbf6c2c1a71a3fa4c5,14747,document_or_structured_evidence,.md
docs/PR_DELTAS/pr-092.md,d213830b815bbee132bd7a69df399142485a4de5,15958,document_or_structured_evidence,.md
docs/PR_DELTAS/pr-100.md,8092b25c279d3898dfc1fcd259c26bf0541e822c,15254,document_or_structured_evidence,.md
docs/PR_DELTAS/pr-101.md,8432da26af9c4b3f5c5d57628800092e3aa537dd,12805,document_or_structured_evidence,.md
docs/PR_DELTAS/pr-102.md,9847196835285b32c4489ddc4ac8ed82a33e35e8,14120,document_or_structured_evidence,.md
docs/PR_DELTAS/pr-103.md,36cd0a3a6773e5c9fbc976abdb11769d722f937e,14796,document_or_structured_evidence,.md
docs/PR_DELTAS/pr-110.md,d5e91b76a10da17d44394575e2dbecce1717c0c7,11665,document_or_structured_evidence,.md
docs/PR_DELTAS/pr-111.md,bbba682a5d53c4595c954162f505f3413edf8ee2,12052,document_or_structured_evidence,.md
docs/PR_DELTAS/pr-112.md,7d91d5ac7ea74125632b7fdaec82c51f898b4e94,14475,document_or_structured_evidence,.md
docs/PR_DELTAS/pr-113.md,d0092f25aa10f28d84de7956ddbe37bbf7be7ed2,13032,document_or_structured_evidence,.md
docs/PR_DELTAS/pr-114.md,858410d491d42d3345a698444612a80c3ade795f,14822,document_or_structured_evidence,.md
docs/PR_DELTAS/pr-115.md,4933be973baf19e4e570fa6a53ec88f8278aec86,12330,document_or_structured_evidence,.md
docs/PR_DELTAS/pr-116.md,39d904a53b6131116d0e54b3ef767405f6262760,5665,document_or_structured_evidence,.md
docs/PR_DELTAS/pr-117.md,f328628a2cec795d62823681f68e893b3b184be7,7674,document_or_structured_evidence,.md
docs/PR_DELTAS/pr-118.md,381d62890539fbe310356dd46db9dd2a574d2d64,11571,document_or_structured_evidence,.md
docs/PR_DELTAS/pr-119.md,217b18ab129c419c429ed9184355cbb9813cdc42,8723,document_or_structured_evidence,.md
docs/PR_DELTAS/pr-120.md,cc3d75da9ac0d2afd290405ace4b13c58be4f2bc,9097,document_or_structured_evidence,.md
docs/PR_DELTAS/pr-121.md,0458399277c02732b16bbe458766d41a40df833e,8599,document_or_structured_evidence,.md
docs/PR_DELTAS/pr-122.md,fc4f4f0825a4622584a041dc8d0c01f08db44677,10679,document_or_structured_evidence,.md
docs/PR_DELTAS/pr-123.md,c256fe0c68958bb056e416a86f0ca9d94c037f94,6553,document_or_structured_evidence,.md
docs/PR_DELTAS/pr-124-preflight.md,a8d5a1680116f09b45e7cd3a1bbbd6a190d7e322,4009,document_or_structured_evidence,.md
docs/PR_DELTAS/pr-124.md,0b7909e95aab7e2bfe813258eb2bd558111e4f06,7963,document_or_structured_evidence,.md
docs/PR_DELTAS/pr-125.md,93e564db71b5e441bed4459000018a814f9f6592,2470,document_or_structured_evidence,.md
docs/PR_DELTAS/pr-126.md,9dc0b2670cc68ddfb06c6ed684bbb9110a1d1385,2163,document_or_structured_evidence,.md
docs/PR_DELTAS/pr-127.md,271723369688a7f8f099991b5c36b3de2062e040,2252,document_or_structured_evidence,.md
docs/PR_DELTAS/pr-128.md,3347f6a64de42de4d64371075fa191d41f2e7ad8,3005,document_or_structured_evidence,.md
docs/PR_DELTAS/pr-129.md,0859e41066fb91f45f46c9caa697b40295baab74,5127,document_or_structured_evidence,.md
docs/PR_DELTAS/pr-130.md,cefbbb7b23adebc9e068bb97a45cbae91456c381,5033,document_or_structured_evidence,.md
docs/PR_DELTAS/pr-131.md,86c2c8e234529c1610686ffc2e030970e35d1fdd,5251,document_or_structured_evidence,.md
docs/PR_DELTAS/pr-132.md,1a82d88d60c2112f596f148ae0cd2d2d0640486e,4853,document_or_structured_evidence,.md
docs/PR_DELTAS/pr-133.md,1249a1064147cbb6b5207db2351dc2514352b7a7,5414,document_or_structured_evidence,.md
docs/PR_DELTAS/pr-134.md,778deab20028546b84b043219547db40b816b585,4718,document_or_structured_evidence,.md
docs/PR_DELTAS/pr-135.md,c0dbad50ed1a9379e88b6a0a7db444c2b0f9e14c,4558,document_or_structured_evidence,.md
docs/PR_DELTAS/pr-136.md,c3dd044bd1fd745d454dce9ffa606bc1d86d9a88,4462,document_or_structured_evidence,.md
docs/PR_DELTAS/pr-137.md,7730c13d623d97d45e3de3f45fc213a9bd20a090,4160,document_or_structured_evidence,.md
docs/PR_DELTAS/pr-138.md,ac3533ca6314f0e9783f8210f53faa3de7ad200d,3800,document_or_structured_evidence,.md
docs/PR_DELTAS/pr-139.md,849751dee5a375b43bf2e70591d701c5a30c6846,5001,document_or_structured_evidence,.md
docs/PR_DELTAS/pr-140.md,488f4d7923c997285d61539021dd91c0c915c1ff,4705,document_or_structured_evidence,.md
docs/PR_DELTAS/pr-141.md,5039b19ea1503ba7adf5c4cc658d47d4ebd96485,4732,document_or_structured_evidence,.md
docs/PR_DELTAS/pr-142.md,631340d90f16608883f20667cf11873642d5ec44,3940,document_or_structured_evidence,.md
docs/PR_DELTAS/pr-143.md,848a1fd6ae92142acb9a2c5e767782140a893e1b,4308,document_or_structured_evidence,.md
docs/PR_DELTAS/pr-144.md,1f238daeec89c292154cc7419e25c6416e405f42,3956,document_or_structured_evidence,.md
docs/PR_DELTAS/pr-145.md,f0a2a9a5d9d930f4664b1aebb0998d916f33b069,4842,document_or_structured_evidence,.md
docs/PR_DELTAS/pr-146.md,bd1067371d8727f460448eade1b6a5928b937538,6613,document_or_structured_evidence,.md
docs/PR_DELTAS/pr-147.md,802c03fd23abac53c0b766af057d79ea8aa6fef0,4407,document_or_structured_evidence,.md
docs/PR_DELTAS/pr-148.md,9cdc3b93d877fb57dd83466925da7db2d2d19509,4354,document_or_structured_evidence,.md
docs/PR_DELTAS/pr-149.md,9318b7650228e41c76ede8120e962579227f90b6,4022,document_or_structured_evidence,.md
docs/PR_DELTAS/pr-150.md,cb155731be97e8475ce42033881012627fa83334,6102,document_or_structured_evidence,.md
docs/PR_DELTAS/pr-151.md,e1e1602337ac13aae391fe1c490ae80222d08754,6811,document_or_structured_evidence,.md
docs/PR_DELTAS/pr-152.md,9a3590d1eae0574bcfe0108884c5c6a29f1364f1,5217,document_or_structured_evidence,.md
docs/PR_DELTAS/pr-153.md,26b4a94ce5a059313861f52de67662b4c03e87f4,4428,document_or_structured_evidence,.md
docs/PR_DELTAS/pr-154.md,ed4d442995311d5abe0afce78ce21ed4ff724cb6,6549,document_or_structured_evidence,.md
docs/PR_DELTAS/pr-167.md,8b219b79e88e40702881f4847134ff1b8d035fc5,8287,document_or_structured_evidence,.md
docs/PR_DELTAS/pr-168.md,af3fbe43e3767ce7cdaed9fa3a219e74fe7a0bb0,9865,document_or_structured_evidence,.md
docs/PR_DELTAS/pr-169.md,8e4d52585dcfba81b30e85a939904f0bb18a5759,7135,document_or_structured_evidence,.md
docs/PR_DELTAS/pr-170.md,dcbad0cce8cb52f9e7bb1225a6368dad31ab8d71,6702,document_or_structured_evidence,.md
docs/PR_DELTAS/pr-171.md,7dd6b0a5521735a446c4195274b49d00285f8daf,6307,document_or_structured_evidence,.md
docs/PR_DELTAS/pr-172.md,fe35dcde62b87d9babd6e8e583514409cd8c8521,6531,document_or_structured_evidence,.md
docs/PR_DELTAS/pr-173.md,5f508797aa48c920f504deb51b06cc4049aaf620,8288,document_or_structured_evidence,.md
docs/PR_DELTAS/pr-174.md,a9a3643dd5227dd681c944af25bbdaac5a92849c,6674,document_or_structured_evidence,.md
docs/PR_DELTAS/pr-175.md,b3bc4e6ad2c9378754c9f9dd016a7f94fab8b772,4755,document_or_structured_evidence,.md
docs/PR_DELTAS/pr-176.md,8f11d405b746de33fa566712961ed43de618b9e1,8093,document_or_structured_evidence,.md
docs/PR_DELTAS/pr-177.md,31d862d3f7d7cd7c95cf89f4fd1a76e210d8c602,8504,document_or_structured_evidence,.md
docs/PR_DELTAS/pr-179.md,8b7cd53aadf36d05a7143880ff07dce96e44c01c,8977,document_or_structured_evidence,.md
docs/PR_DELTAS/pr-180.md,b441acc48e7ea1c1dbe78dd03619f93b29cdafae,4097,document_or_structured_evidence,.md
docs/PR_DELTAS/pr-182.md,cb65ab45773c5bd4fa3abc408e77debae6d70ac4,6153,document_or_structured_evidence,.md
docs/PR_DELTAS/pr-184.md,38803d0b92ae37dc186f910e5f6c55c10b91717a,3562,document_or_structured_evidence,.md
docs/PR_DELTAS/pr-185.md,5ecccfb7207b6838865577f915e33090598574a4,3121,document_or_structured_evidence,.md
docs/PR_DELTAS/pr-186.md,76d41c18f3927117745d93a935c84e69ae1c1305,3939,document_or_structured_evidence,.md
docs/PR_DELTAS/pr-187.md,dabd168408ba32dc1267497b6a701cdb180c21da,3320,document_or_structured_evidence,.md
docs/PR_DELTAS/pr-188.md,d00af6f560057ba5302e7fe0f563c8130cb8ad10,2315,document_or_structured_evidence,.md
docs/PR_DELTAS/pr-189.md,6c828e01243b5801679814cbf7ab4450ef8efeaa,2336,document_or_structured_evidence,.md
docs/PR_DELTAS/pr-197.md,72edb21f6a1e6a8beb2f15cb68bedcfcb8445770,2382,document_or_structured_evidence,.md
docs/PR_DELTAS/pr-200.md,b09c5e6b77adc5f8f007d978366c61fcfd56a9fb,2166,document_or_structured_evidence,.md
docs/PR_DELTAS/pr-204.md,19c81c1c7cfc650eb06a24be4534133b6a0d005e,4122,document_or_structured_evidence,.md
docs/PR_DELTAS/pr-209.md,49264e02fc06bb6a008b2f2d927b465415c74892,1316,document_or_structured_evidence,.md
docs/PR_DELTAS/pr-210.md,4381b27f3e65ecdf5387390cf9fe68ab5d4baa7d,1132,document_or_structured_evidence,.md
docs/PR_DELTAS/pr-211.md,aa8df443b26b51b778c0b1831739a65c33ecffdc,1033,document_or_structured_evidence,.md
docs/PR_DELTAS/pr-212.md,8d370d30ecfef6cd8480858f0b4ba447986b6f6e,840,document_or_structured_evidence,.md
docs/PR_DELTAS/pr-213.md,1d84c92b1058534ba5c359dcb02e3530c8833109,886,document_or_structured_evidence,.md
docs/PR_DELTAS/pr-214.md,c496b44f4d1c1cbd7e11ce513fd4a6d468a639eb,1533,document_or_structured_evidence,.md
docs/PR_DELTAS/pr-215.md,bb78c0a627f64bbdf47cf0f776a60702a6071be3,840,document_or_structured_evidence,.md
docs/PR_DELTAS/pr-216.md,9029ce04b0d5e6508e75dd70b72f287134d80acc,924,document_or_structured_evidence,.md
docs/PR_DELTAS/pr-217.md,7bedcc3d24f0115687b3523d782bd07974796b8c,1014,document_or_structured_evidence,.md
docs/PR_DELTAS/pr-218.md,6f1113673b361ac1d44c5496a7ce2de3152e7b7b,749,document_or_structured_evidence,.md
docs/PR_DELTAS/pr-219.md,45ad84651ab114ff08756d7662df1dcba2479525,836,document_or_structured_evidence,.md
docs/PR_DELTAS/pr-220.md,2b0939c0a2418915c4ce6f156b919e2e1389a594,667,document_or_structured_evidence,.md
docs/PR_DELTAS/pr-221.md,9b3c569444d2f06b46f6bec259f917d72c2be263,722,document_or_structured_evidence,.md
docs/PR_DELTAS/pr-222.md,cc927e9a69b0c8757efec3fe41d48c5481eb2735,912,document_or_structured_evidence,.md
docs/PR_DELTAS/pr-223.md,e6944be56d10ba7f380a0329d5a52f0ffcfa40be,1057,document_or_structured_evidence,.md
docs/PR_DELTAS/pr-224.md,e8e59ddd61d5615009577507a0f7ce92853de83f,826,document_or_structured_evidence,.md
docs/PR_DELTAS/pr-225.md,659faea5ec214abccb9fc1b09abce7a11e1f9876,729,document_or_structured_evidence,.md
docs/PR_DELTAS/pr-226.md,e7d8523dd3f565fedb5b4e6ee0013856fff191f3,976,document_or_structured_evidence,.md
docs/PR_DELTAS/pr-227.md,de1035b002007e60f3b28b1ea999983fe51d8030,845,document_or_structured_evidence,.md
docs/PR_DELTAS/pr-228.md,bc6727fc826674222ab7b7c33d2a8e3f9761b36e,1173,document_or_structured_evidence,.md
docs/PR_DELTAS/pr-247.md,e9023fb9dd4b11ea151a38135fce7c3f528760fb,2136,document_or_structured_evidence,.md
docs/PR_DELTAS/pr-catalog-001.md,21430f7d27a2b056e75042b78a148fb66eb25cdc,3296,document_or_structured_evidence,.md
docs/PR_DELTAS/pr-catalog-002.md,6d5ec399953fae5772e0d19a8f07c2601f178722,2243,document_or_structured_evidence,.md
docs/PR_DELTAS/pr-catalog-003.md,dfe824f111c718dbdd70583436ec7c0deda4bc06,1529,document_or_structured_evidence,.md
docs/PR_DELTAS/pr-catalog-004.md,8d4fd1c7b00ce1c5fceee1309d6637fc5eb25786,1620,document_or_structured_evidence,.md
docs/PR_DELTAS/pr-r9-intake.md,ea9d7fa0575be0022d41c50554f7997effe02f4f,3904,document_or_structured_evidence,.md
docs/PR_DELTAS/pr-r9-rev2.md,d417901ac3824ce4631479b6032cafa3fdf68155,8487,document_or_structured_evidence,.md
docs/PR_DELTAS/pr-replan-20260927.md,4c715eb5609762c3572734ba3cbd604131b1eeef,6491,document_or_structured_evidence,.md
docs/PR_DELTAS/rev-r068.md,18e5cc0d5a2c0dc66a096c1a9d028600fc14a5d2,5538,document_or_structured_evidence,.md
docs/PR_DELTAS/rev-r069.md,672ec6b33449dd9debd2d639a23ad791c9cc1481,9259,document_or_structured_evidence,.md
docs/PR_DELTAS/rev-r070.md,b922b4bf34f2cd957920166d61c43952165d337d,10911,document_or_structured_evidence,.md
docs/PR_DELTAS/rev-r071.md,dd18e409399482211c15378736eda2a451ac8e4f,9104,document_or_structured_evidence,.md
docs/PR_DELTAS/rev-r072.md,e8bfd78474b5716dfe67cf618e2067bb643b7d04,9109,document_or_structured_evidence,.md
docs/PR_DELTAS/rev-r073.md,ad1e0fe537d6272beaf9169772d50840a31e5721,4951,document_or_structured_evidence,.md
docs/PR_DELTAS/rev-r074.md,cc57268020db2443795216a0e74861129395b56f,7020,document_or_structured_evidence,.md
docs/PR_DELTAS/rev-r075.md,7611d6f52a146ca7b21f0aa104d0650b18166d28,4453,document_or_structured_evidence,.md
docs/PR_DELTAS/rev-r076.md,edbd98348b7af13f1735a5b21088adf18d20ef28,5051,document_or_structured_evidence,.md
docs/PR_DELTAS/rev-r077.md,eb875d18a3c1e3c4f5493684ab2096739ffdb3f7,8049,document_or_structured_evidence,.md
docs/PR_DELTAS/rev-r078.md,2c6e95d8abc01e0c62af8197fa8772bb25691727,7338,document_or_structured_evidence,.md
docs/PR_DELTAS/rev-r079.md,92d519c15eea4d41745af521d06ea0933b29671d,8832,document_or_structured_evidence,.md
docs/PR_DELTAS/rev-r080.md,9ff647e082546856ddc0208c08e7a5db6bc0e5fc,9662,document_or_structured_evidence,.md
docs/PR_DELTAS/rev-r081.md,d4405d09884fca2c1d4824f035940c14a31a17b1,8038,document_or_structured_evidence,.md
docs/PR_DELTAS/rev-r082.md,cbf3d30a19230e4c8555720e8a19af74fd60277d,8048,document_or_structured_evidence,.md
docs/PR_DELTAS/rev-r083.md,48e07587649098364281e792d7a12f9b8345a335,9469,document_or_structured_evidence,.md
docs/PR_DELTAS/rev-r084.md,21ce3c6a70f6ad8392b3c952c87b30bed6f127e3,10924,document_or_structured_evidence,.md
docs/PR_DELTAS/rev-r085.md,5a6e2e20b159928cc69c000f09493d269f146c00,11642,document_or_structured_evidence,.md
docs/PR_DELTAS/rev-r086.md,ef061c23825204097f267a194e08b0c3f56d9dfa,9811,document_or_structured_evidence,.md
docs/PR_DELTAS/rev-r087.md,b54237e1139891bc42f5dfcc6a366d297dad68a3,8595,document_or_structured_evidence,.md
docs/PR_DELTAS/rev-r088.md,a566c51910879f5f5800f229552601b43ac06c46,8081,document_or_structured_evidence,.md
docs/PR_DELTAS/rev-r089.md,3ba8b6b5a20118ae3cb2ee6f3f687b236c18f613,11047,document_or_structured_evidence,.md
docs/PR_DELTAS/rev-r090.md,1c518b68f3ea28396ad2d91412356773d0da2c12,6906,document_or_structured_evidence,.md
docs/PR_DELTAS/rev-r091.md,bf975a879bd3c9bc78cff7378d3cee39a812a54a,5362,document_or_structured_evidence,.md
docs/PR_DELTAS/rev-r092.md,5c1b7d08825d2b4459e2001565cb90fa46d4b384,6861,document_or_structured_evidence,.md
docs/PR_DELTAS/rev-r093.md,2dc64864eac853ebcc243f5914ef45d1ab4b8f01,4842,document_or_structured_evidence,.md
docs/PR_DELTAS/rev-r094.md,f6e1f29138819d0f4927715f32db0c00518d64c7,5100,document_or_structured_evidence,.md
docs/PR_DELTAS/rev-r095.md,623d085874607bfed3dc042eaac2c4facb8bfae9,4602,document_or_structured_evidence,.md
docs/PR_DELTAS/rev-r096.md,27bed718cb68a69d3f2c11ed05b2626ce35d1f60,4771,document_or_structured_evidence,.md
docs/PR_DELTAS/rev-r097.md,d1721f48eaee3411fd90de45f310b7b51bea832f,4010,document_or_structured_evidence,.md
docs/PR_DELTAS/rev-r098.md,1845b227eea3f876a2a15205da939326949d9b95,4494,document_or_structured_evidence,.md
docs/PR_DELTAS/rev-r099.md,50fce47d6cd6a301647a134cf5c0c25d6cdb2848,3620,document_or_structured_evidence,.md
docs/PR_DELTAS/rev-r100.md,c6fbb6cb0c512b4628c7cc6caf8ccf8a8891e950,4168,document_or_structured_evidence,.md
docs/PR_DELTAS/rev-r101.md,a376b166b528814ae63ad15acd5c6cda4c3648e7,5209,document_or_structured_evidence,.md
docs/PR_DELTAS/rev-r102.md,4652869abe1281a0f68decd52128baacd79cb853,5760,document_or_structured_evidence,.md
docs/PR_DELTAS/rev-r103.md,539f642fbf766d8c5df5a0cd19b7c8d53e73f232,4870,document_or_structured_evidence,.md
docs/PR_DELTAS/rev-r104.md,14fc479a8093de09bfc981a2ecc0b78cbb8860d4,6066,document_or_structured_evidence,.md
docs/PR_DELTAS/rev-r105.md,ef258210b87ea0e17abbd046b0a3c3ac9e0fd315,6312,document_or_structured_evidence,.md
docs/PR_DELTAS/rev-r106.md,219e58bb35d775a82e2714b4e43c38c1b7edde66,5771,document_or_structured_evidence,.md
docs/PR_DELTAS/rev-r108.md,c7321cd8a1ed91f2894d06b0f3ada22eb570256c,4300,document_or_structured_evidence,.md
docs/PR_DELTAS/rev-r109.md,6d20a3763c24b97c17c9a7c868336bce063a4dce,3653,document_or_structured_evidence,.md
docs/PR_DELTAS/rev-r110.md,9c249b7e6ae17394e326d3628103611c78ef8a0a,3138,document_or_structured_evidence,.md
docs/PR_DELTAS/rev-r111.md,541ceb66b127d4c0e6b47b7cb945215525af8e87,2396,document_or_structured_evidence,.md
docs/PR_DELTAS/rev-r112.md,f5593db8c1577707944176f003cc1cc17e2407d3,3567,document_or_structured_evidence,.md
docs/PR_DELTAS/rev-r113.md,5a348b592a81b3ad285a1d85a00ad3658026efa3,2148,document_or_structured_evidence,.md
docs/PR_DELTAS/rev-r114.md,1a589d5535947e67f69faced6ec76c7bd4e50ded,2406,document_or_structured_evidence,.md
docs/PR_DELTAS/rev-r115.md,cc07b8711c86821fe9a4489dcab18ad4c9d58450,2662,document_or_structured_evidence,.md
docs/PR_DELTAS/rev-r116.md,1eb52ca43910a68d09353fbeeff78c2481b2d712,6925,document_or_structured_evidence,.md
docs/PR_DELTAS/rev-r117.md,439a5517a8a2ab89278328db1bd78f58c2668872,2441,document_or_structured_evidence,.md
docs/PR_DELTAS/rev-r118.md,afaac3ea2ab05e446e4a84f480b27a0d0586ceed,3365,document_or_structured_evidence,.md
docs/PR_DELTAS/rev-r119.md,ff271509cc71f9d4019c757544281f158dfcb4d9,2822,document_or_structured_evidence,.md
docs/PR_DELTAS/rev-r120.md,91eaf9e42bb089885a0f7c127085a6ea35bc209d,3375,document_or_structured_evidence,.md
docs/PR_DELTAS/rev-r121.md,2869eb1a71700034f0e1c9fc9299ef1539c10a98,2721,document_or_structured_evidence,.md
docs/PR_DELTAS/rev-r122.md,fd31ecafa4817c128fbe3fc2eaa89056daea9fde,4108,document_or_structured_evidence,.md
docs/PR_DELTAS/rev-r123.md,26ea1c543af9351dea3ded891b63840166fce43b,2475,document_or_structured_evidence,.md
docs/PR_DELTAS/rev-r124.md,c296148f01fdf2beb1773ba64c0922d17e7010a5,2022,document_or_structured_evidence,.md
docs/PR_DELTAS/rev-r125.md,9b86752a85600ff7dda2540866c8faee4f486c28,4230,document_or_structured_evidence,.md
docs/PR_DELTAS/rev-r126.md,dfaed17b2b78144b1a3822333743b86b4b1c6cd0,3234,document_or_structured_evidence,.md
docs/PR_DELTAS/rev-r127.md,e20ad9c16c6fdbad01815dc72904f09a9d928f70,3958,document_or_structured_evidence,.md
docs/PR_DELTAS/rev-r128.md,ce989fc316a8a8032918324752cbc5d32c640701,3164,document_or_structured_evidence,.md
docs/PR_DELTAS/rev-r129.md,37ef0f68f9c6a21f849eb30302718ed43bf41960,3011,document_or_structured_evidence,.md
docs/PR_DELTAS/rev-r130.md,db539cb3bcdc86473291480e4446986c3d6c3903,2863,document_or_structured_evidence,.md
docs/PR_DELTAS/rev-r133.md,da81484be7c61b82367c3c0fe0e064937d3b1e20,3089,document_or_structured_evidence,.md
docs/PR_DELTAS/rev-r135.md,d4acd2d50fe1151d3411220823565e2b750ef965,5441,document_or_structured_evidence,.md
docs/PR_DELTAS/rev-r136.md,d5a07604a607e9e47c51606fafc77471b86cbfa5,2782,document_or_structured_evidence,.md
docs/PR_DELTAS/rev-r137.md,77ef73be9a43b8210e7be34f52130f9612a6b755,3287,document_or_structured_evidence,.md
docs/PR_DELTAS/rev-r138.md,0e0aa2f2e8fd924e60ad28f6b6e6ce40eb24cfd0,2289,document_or_structured_evidence,.md
docs/PR_DELTAS/rev-r139.md,8a029e37ece6a62e5d8b3b174ef8a735144d05c1,2609,document_or_structured_evidence,.md
docs/PR_DELTAS/rev-r140.md,1a27a5944109c0342df307919855837b80290043,2887,document_or_structured_evidence,.md
docs/PR_DELTAS/rev-r141.md,3648e5da6762242e6279d22081face900f012e44,4529,document_or_structured_evidence,.md
docs/PR_DELTAS/rev-r142.md,ea90f4a4349a18ca5584b16ec802fe46936ad1bf,4072,document_or_structured_evidence,.md
docs/PR_DELTAS/rev-r143.md,ee3f1dee6a133f9476d5c21641bf1e4872a50a47,1964,document_or_structured_evidence,.md
docs/PR_DELTAS/rev-r144.md,57698edf3b854f12ed577b4efb766f36cba0b813,2476,document_or_structured_evidence,.md
docs/PR_DELTAS/rev-r145.md,934e0e85c0a8197991eb0982a8ab6c26d0d61fb3,2496,document_or_structured_evidence,.md
docs/PR_DELTAS/rev-r146.md,9d5b9aeefcf3f7ca7e9bac41420cb2bdf3de3fe7,5865,document_or_structured_evidence,.md
docs/PR_DELTAS/rev-r147.md,0a80a3a20782b968efc0118c53145166bc9eaa59,4978,document_or_structured_evidence,.md
docs/PR_DELTAS/rev-r153.md,7e33af58f77d0fe94ba2046d4b2c9253ed1d1665,4523,document_or_structured_evidence,.md
docs/PR_DELTAS/rev-r158.md,decb3cb3f7a043ac645af458afcbfb576ac60368,4577,document_or_structured_evidence,.md
docs/PR_DELTAS/rev-r161-r168.md,c34e941f0762e3113c782da23e001a4906df7140,9087,document_or_structured_evidence,.md
docs/PR_DELTAS/rev-r170-r177.md,53c8baafdb45826146152671af37605885d2728e,3465,document_or_structured_evidence,.md
docs/PR_DELTAS/rev-r179-r183.md,42c47283d26eb12c86b85daf6c5c6ef2c3e342e1,5068,document_or_structured_evidence,.md
docs/PR_DELTAS/rev-r184-r186.md,3f9d78b6d5699fe04ae69921eadcf7a9dbd17f00,3593,document_or_structured_evidence,.md
docs/PR_DELTAS/rev-r187-r189.md,fefc4d2cdd9b5f003d991932c61878bf389f7e03,4238,document_or_structured_evidence,.md
docs/PR_DELTAS/rev-r190.md,c799a4a8d1c1e975d87840ac89f22dab150cd219,5169,document_or_structured_evidence,.md
docs/PR_DELTAS/rev-r191.md,6dddbfffc6ba7544c4d0a156063dd718e662c1df,3520,document_or_structured_evidence,.md
docs/PR_DELTAS/rev-r193.md,2b07d28970dc81af57330f7194f2c958ed2a45d3,2600,document_or_structured_evidence,.md
docs/PR_DELTAS/rev-r194.md,673f4bdf996f84adaf5f9ec9845202a62f561323,2901,document_or_structured_evidence,.md
docs/PR_DELTAS/rev-r195.md,bde30d447a31c08ec62c68d93cb083eae6d33ec4,4716,document_or_structured_evidence,.md
docs/PR_DELTAS/rev-r196.md,c6586ce5f10fb12a6704569034d22827a15590de,5894,document_or_structured_evidence,.md
docs/PR_DELTAS/rev-r197.md,41427a133f50f17e2cd48306514f8b5410863860,5767,document_or_structured_evidence,.md
docs/PR_DELTAS/rev-r198.md,67cbf04173ae5030c72549b6a0eac1e02efcedb6,5828,document_or_structured_evidence,.md
docs/PR_WBS_SDD.md,abbfb348702a782a60bf41adbeccd7de02a6ca77,37575,document_or_structured_evidence,.md
docs/PSTF_PRIMARY_INTEGRATION.md,0df600bc1e5889cf4f18058437630eefaacee832,9943,document_or_structured_evidence,.md
docs/ROADMAP_PHASE_I_TO_L.md,388493fb79c83edaca1d29ffb3312fe260090f94,22154,document_or_structured_evidence,.md
docs/ROADMAP_v3_APPROXIMATION_FREE_2026-04-18.md,5664a54cc4b8ea49c7c53e940d66ca419687c974,16338,document_or_structured_evidence,.md
docs/RODAS5P_HYBRID_BACKUP_PLAN.md,2a2117127ee788471c058491078ac408165665cf,30078,document_or_structured_evidence,.md
docs/SESSION_KNOWLEDGE_LEDGER.md,493d5d81df10ef2e6d6b05f540f95bd12b5a03ed,30567,document_or_structured_evidence,.md
docs/SSOT_POLICY.md,003422968f979b58dcdf2b35ce18ff383a1d7880,28731,document_or_structured_evidence,.md
docs/STUCK_LOG.md,3a6f57e8b5239d36538bf13e81601f26bdb0981b,5372,document_or_structured_evidence,.md
docs/V5_HANDOFF_NEXT_SESSION.md,8dab3d23cfe1ed57a81cdfc286baec7a6f5215ff,13288,document_or_structured_evidence,.md
docs/V5_NEXT_SESSION_PROMPT.md,0c0c135acd0cf13efd9aa49ec5af5a4100a39977,7167,document_or_structured_evidence,.md
docs/V5_ROUND12_TO_14_INVESTIGATION_SUMMARY.md,e79038a28bdd4a00c54ac7b970814d46599bc26b,15165,document_or_structured_evidence,.md
docs/V5_ROUND15_P0_D1_FIX_SUMMARY.md,4d5b8a0d1a22ec6b19df0d939ea60e57334ea8b9,6120,document_or_structured_evidence,.md
docs/V5_ROUND15_P1_EXTERNAL_LLM_BRIEFING.md,247b12d5e49033d7a1e6adbfba7b5b2ee1e6e9e3,39703,document_or_structured_evidence,.md
docs/V5_ROUND15_P1_PSTF_DERIVATION_CHATGPT.md,1a60ffd12c04514ca4431c5a5e5ad017fc9eabd3,204563,document_or_structured_evidence,.md
docs/V5_ROUND15_P1_PSTF_DERIVATION_OPUS.md,d791a738fc2bf4c6a57ae6434ffd54190908ccd5,142540,document_or_structured_evidence,.md
docs/V5_ROUND15_P2_PLAN.md,aa58c5831f63cc28f0d10861c223d8b6d245803d,41232,document_or_structured_evidence,.md
docs/V5_ROUND15_SESSION_OPENER.md,61d0c477d2dd54bdfde1564805a05831e72ffea4,15305,document_or_structured_evidence,.md
docs/V5_ROUND16_00_MASTER_PLAN.md,d8fea3281d154ad11957683d518913c750755e31,20706,document_or_structured_evidence,.md
docs/V5_ROUND16_01_PHYSICS_LAYER.md,a09efe6902f20347ae9099c482ec9a763748e7f2,23299,document_or_structured_evidence,.md
docs/V5_ROUND16_02_SOLVER_LAYER.md,2229fba3b6dc4a23867e63b67ec6b2cd9355aa87,33462,document_or_structured_evidence,.md
docs/V5_ROUND16_03_OBSERVABLES_LAYER.md,07668e5d53a7cde1813ea84a4719e7c348397d2d,25591,document_or_structured_evidence,.md
docs/V5_ROUND16_04_NUMERICS_AND_RUNTIME.md,c45c837c69adeaf12a4e14460757de67d9e87228,22546,document_or_structured_evidence,.md
docs/V5_ROUND16_05_SHIP_GATES_AND_ADVERSARIAL_AUDIT.md,bb60584c1aec895b78847626f32bbff109ca5fe2,18304,document_or_structured_evidence,.md
docs/V5_ROUND16_NEXT_SESSION_HANDOFF.md,f8f379444e77dad59bf6520e97b01d8c0d5c4f60,18178,document_or_structured_evidence,.md
docs/V5_ROUND17_AUDIT_VERDICT_AND_REVISED_PLAN.md,aa0d68f6b115ded9e9aeeb8797b4ec8ad0de23d3,16846,document_or_structured_evidence,.md
docs/V5_ROUND17_NEXT_SESSION_OPENER.md,322e2b9ba582d047d9207dd52e2e805172b7de71,13523,document_or_structured_evidence,.md
docs/V5_ROUND17_PR_S13_REAL_SCOPE.md,dcec1c693cff50a7ebfe48202a1f15217f967e64,14484,document_or_structured_evidence,.md
docs/V5_ROUND9_FINDINGS.md,810f6d43516e9697ea70847f087e0a3a235d8f24,17875,document_or_structured_evidence,.md
docs/V5_ROUND9_SESSION_OPENER.md,13e203cdb67d80345a61aedc3494f5a117cdb3c3,12808,document_or_structured_evidence,.md
docs/V5_RUNTIME_OPERATOR_FORENSICS.json,e02ec377c591ce15628152ef165c6695d344251d,2467,document_or_structured_evidence,.json
docs/V5_RUNTIME_SPECTRAL_AUDIT.json,0a6e0acbdae42a8fb7dfd32de78b004d1786ca5d,5944,document_or_structured_evidence,.json
docs/V5_RUNTIME_TRACK_ALGEBRAIC_PROMPT.md,ef2267448fe9df0baed6ee350e18abfbf45505c1,16376,document_or_structured_evidence,.md
docs/V5_RUNTIME_TRACK_ALGEBRAIC_PROMPT_ROUND2.md,dac45f9f984a2476a733db0bbb633db6645ef0fb,21027,document_or_structured_evidence,.md
docs/V5_RUNTIME_TRACK_ALGEBRAIC_PROMPT_ROUND3.md,a56541076182d61cac30c7d044977a7ebba55405,28730,document_or_structured_evidence,.md
docs/V5_RUNTIME_TRACK_ALGEBRAIC_PROMPT_ROUND4.md,2d07969cb55042cced20e79b2ee3028aec50934d,32361,document_or_structured_evidence,.md
docs/V5_RUNTIME_TRACK_ALGEBRAIC_PROMPT_ROUND5.md,80c69a281da64e7cc6f788ac27e2b15931bc73be,25673,document_or_structured_evidence,.md
docs/V5_RUNTIME_TRACK_DIAGNOSIS.md,90e1b388e7f6d18bf06801fcb544dc1e94f9895e,30752,document_or_structured_evidence,.md
docs/WORKSPACE_README.md,0ab30a392e0c96519c12aab85c44ce9b0e02df83,5532,document_or_structured_evidence,.md
docs/audit_prompts/README.md,1a8972b421d55a95ef0804bb269ca5bc5a9569db,647,document_or_structured_evidence,.md
docs/audit_prompts/claim_firewall_review.md,c84c8ff7fbf6ec78acd6b657c65e392657c6bbab,596,document_or_structured_evidence,.md
docs/audit_prompts/future_solver_interface_review.md,735345b6f197024e666cf5017b50827cec740e30,648,document_or_structured_evidence,.md
docs/audit_prompts/local_global_review.md,fc35c11a3de6c4e1825821f94bcbf7bb222b1649,593,document_or_structured_evidence,.md
docs/audit_prompts/manuscript_figure_review.md,658bee1394872803a4b49e7927d2587ae506b668,575,document_or_structured_evidence,.md
docs/audit_prompts/transfer_provenance_review.md,5b432aac26b930c6553ba0d420b892d2a4fdac90,602,document_or_structured_evidence,.md
docs/audits/AUDIT_PHASE_FB11_2026-04-20.md,b008ffe5b35c294d918ad01bdedcd5ba2f4e6743,341,document_or_structured_evidence,.md
docs/audits/AUDIT_PROMPT.md,821d3a9cb74b96478e2e21d9f7e805dd6a98b9ff,8550,document_or_structured_evidence,.md
docs/audits/AUDIT_SUMMARY_EXTENDED_BUNDLE_2026-04-20.md,50166b1904f718b8d850d95772097bd2ebabd47e,356,document_or_structured_evidence,.md
docs/audits/R17_P3_PATCHES_ADVERSARIAL_REAUDIT_2026-04-29.md,cdc5d5c6061311db8a9d6183a7f24ccdf25f368a,19249,document_or_structured_evidence,.md
docs/audits/SSOT_NU_SEED_DRIFT_2026-04-25.md,2ca5a2ae3ab686902f163d5c1af95fd2633447d9,10060,document_or_structured_evidence,.md
docs/audits/SSOT_TCMB_DRIFT_2026-04-19.md,99397f3d81054994fe5594a02b4425afa289a837,7723,document_or_structured_evidence,.md
docs/audits/ZOA20_SWEEP_2026-04-19.md,bf4c14de9802eac2d49f52acec77e10b7c5413c7,1595,document_or_structured_evidence,.md
docs/audits/diagnostic_transcripts_round12_to_14_2026-04-25/phase_a_D1234_full_diagnostic.txt,c6b8cc79ca6c2833c98685a43bc7b0e994cb9b57,4941,document_or_structured_evidence,.txt
docs/audits/diagnostic_transcripts_round12_to_14_2026-04-25/phase_a_D5_seed_amplitude_trace.txt,31922080b7aa2f7016980f8b5081eaa68fdddfc8,2131,document_or_structured_evidence,.txt
docs/audits/diagnostic_transcripts_round12_to_14_2026-04-25/phase_b_fix_D1D2D6D7.txt,ca9a7566e6d9da2a88bb2bf8fdbfa40c9eb068c2,8967,document_or_structured_evidence,.txt
docs/audits/diagnostic_transcripts_round12_to_14_2026-04-25/post_R11_bias_floor_probe.txt,8513c0ee9c63667521b5529790ef503060c08cf0,1408,document_or_structured_evidence,.txt
docs/audits/diagnostic_transcripts_round12_to_14_2026-04-25/post_R11_convention_audit_Nk12.txt,dd3b1755af9a31e011c0deb847675daf1a81a878,946,document_or_structured_evidence,.txt
docs/audits/diagnostic_transcripts_round12_to_14_2026-04-25/post_R11_per_k_diagnostic.txt,a5a4098451b9257b9c1bd6a15fd2f86eec1ae0b0,2942,document_or_structured_evidence,.txt
docs/audits/diagnostic_transcripts_round12_to_14_2026-04-25/round12_camb_compare_n_output_sweep.txt,b9edc2992573c58d3f83f782255d85bceb4a439b,9054,document_or_structured_evidence,.txt
docs/audits/diagnostic_transcripts_round12_to_14_2026-04-25/round12_camb_comparison_n64.txt,26b841681f40c074b21e2564c2d16cc4bd42fa5d,2673,document_or_structured_evidence,.txt
docs/audits/diagnostic_transcripts_round12_to_14_2026-04-25/round12_component_ablation.txt,73038f16991e232daf2e497b1bfa221754d95c75,4570,document_or_structured_evidence,.txt
docs/audits/diagnostic_transcripts_round12_to_14_2026-04-25/round15_decisive_los_test.txt,5075fe4832fdb6ed04091a270247fbb01664bc95,3938,document_or_structured_evidence,.txt
docs/audits/external_2026-06-29/PR08_REASSESSMENT_AUDIT_SUMMARY.json,447d6db84fc13edb34e896a757a7de9d19cf2bce,1176,document_or_structured_evidence,.json
docs/audits/external_2026-06-29/PR08_REASSESSMENT_FINAL_CRITICAL_REVIEW.md,23b0e365e6711d2bbbe2d33df1aa464fedb73218,12451,document_or_structured_evidence,.md
docs/audits/external_2026-06-29/PR08_REASSESSMENT_WORDING_PATCHES.md,47b29659c45a307ae52b1efdb118f3c575842d82,1290,document_or_structured_evidence,.md
docs/audits/external_2026-06-29/RESEARCH_EVALUATION_REVIEW.md,ba8a9673437d818b1bc670101f7ce4072d6a5ae7,16233,document_or_structured_evidence,.md
docs/audits/external_2026-06-29/RESPONSE_MATRIX.md,8ed459829f9b49707701c6310723e8f71dc2b74a,6959,document_or_structured_evidence,.md
docs/audits/external_2026-06-29/VOLUNTARY_ADDITIONAL_AUDIT.md,495b1547a54268acbbc4a73ef2c2cd002f4f2fbe,6086,document_or_structured_evidence,.md
docs/audits/external_2026-07-09/ARCHIVE_MANIFEST.md,b8297dab713d51456f30377aec1e0eedda9f0dc6,3684,document_or_structured_evidence,.md
docs/audits/external_2026-07-09/critical_review/README.md,8c18b2e60a5465b12dd011c2582618f4d2e25df0,1855,document_or_structured_evidence,.md
docs/audits/external_2026-07-09/critical_review/critical_review_ko.md,f794427af8e3a698970a5b8d5538259877c6c59d,17348,document_or_structured_evidence,.md
docs/audits/external_2026-07-09/critical_review/review_matrix.json,699586efd77de67194a2507ae13bb006c757ff42,1441,document_or_structured_evidence,.json
docs/audits/external_2026-07-09/critical_review/reviewer_report_template.md,74f8bac48ab851b4499e5b0f5a0fdabde7f38244,2887,document_or_structured_evidence,.md
docs/audits/external_2026-07-09/critical_review/revision_checklist.csv,1c2b54684077f51a8b3fc5a2e72fd1687f00e62f,4745,document_or_structured_evidence,.csv
docs/audits/external_2026-07-09/critical_review/theorem_candidates.md,e7d6647a43d4f0910cd5682d49fb0d26cbe47fdc,7481,document_or_structured_evidence,.md
docs/audits/external_2026-07-09/referee_fortification/00_README.md,3ed353c27ff4dfbada5d0d0f558138afa3be998e,5469,document_or_structured_evidence,.md
docs/audits/external_2026-07-09/referee_fortification/01_referee_report_ko.md,be01c3e0ff562da0122b0f5a1455a18ad41d540f,25219,document_or_structured_evidence,.md
docs/audits/external_2026-07-09/referee_fortification/02_revision_recommendations_ko.md,c526a748b78a7eb2e890ad7ead2d0c329a0fa399,10743,document_or_structured_evidence,.md
docs/audits/external_2026-07-09/referee_fortification/03_theorem_candidates_ko.md,57cadc66d14e7a1ad4bf7910fd7d039d002866c7,13557,document_or_structured_evidence,.md
docs/audits/external_2026-07-09/referee_fortification/05_fortification_plan_ko.md,f52428ddcc5ffe2e515b0ea80db68ce73eee9d9c,16460,document_or_structured_evidence,.md
docs/audits/external_2026-07-09/referee_fortification/06_strengthened_theorems_ko.md,9c403f04bf21dae895c4662c543bd433b2590250,15836,document_or_structured_evidence,.md
docs/audits/external_2026-07-09/referee_fortification/numerical_experiments_SUMMARY.md,d055b801394d83c107f7aae64696239900f5f36c,2867,document_or_structured_evidence,.md
docs/audits/external_2026-07-09/strengthened_publication/README.md,d8d33bc3dbcf0110db2581d76d079a4ede91dce0,3334,document_or_structured_evidence,.md
docs/audits/external_2026-07-09/strengthened_publication/claim_defense_matrix.csv,851be83aec56bdd9ccd54f23d8d3c6dc9e8ad5ad,4563,document_or_structured_evidence,.csv
docs/audits/external_2026-07-09/strengthened_publication/paper_outline.md,391c9a2b03942246b57e8d0908cb0494376d44c1,2566,document_or_structured_evidence,.md
docs/audits/external_2026-07-09/strengthened_publication/preregistered_analysis_protocol.md,c3d8ccd55977f74362f54a03927fdb6812206401,1959,document_or_structured_evidence,.md
docs/audits/external_2026-07-09/strengthened_publication/publication_strengthening_plan_ko.md,20feb6d0823c88d16cae32d02d125ba7a086886a,11936,document_or_structured_evidence,.md
docs/audits/external_2026-07-09/strengthened_publication/reviewer_response_skeleton.md,5b60ab99f25457d5ac96180d7142129541640d96,2521,document_or_structured_evidence,.md
docs/audits/external_2026-07-09/strengthened_publication/theorem_upgrade_candidates.md,42b2f3dece7640a6d4a8bea799a3775f53981461,7855,document_or_structured_evidence,.md
docs/audits/external_2026-07-09/strengthened_publication/web_bibliography.md,02d022e762004e4ea2da18dc0b46c6e03d895846,2192,document_or_structured_evidence,.md
docs/audits/external_2026-07-09/strengthened_publication/work_packages.yaml,0673aa00e4d700fcb513de637481e0be7a3b725b,6822,document_or_structured_evidence,.yaml
docs/audits/external_research_inputs_2026-06-20/ARCHIVE_MANIFEST.md,a536c7fb09540dbcc5b45d88f51152b05996f90e,2203,document_or_structured_evidence,.md
docs/audits/external_research_inputs_2026-06-20/RESEARCH_AUDIT_REPORT.md,0b719abdc3e728848965fb51b09b3ca8d4114d36,14420,document_or_structured_evidence,.md
docs/audits/external_research_inputs_2026-06-20/input_inventory.json,d789770d216a8604af59e292ddda412d27332f03,48196,document_or_structured_evidence,.json
docs/audits/external_research_inputs_2026-06-20/input_inventory.md,833e4856faf9755d3886e5e87a0180c4f93ab6ac,5789,document_or_structured_evidence,.md
docs/audits/external_research_inputs_2026-06-20_reaudit/2026-06-20-audit-ver2-research-hardening.md,9ca25910bce641855b6ee1818926d0f38582dfea,43523,document_or_structured_evidence,.md
docs/audits/external_research_inputs_2026-06-20_reaudit/ARCHIVE_MANIFEST.md,97a7cc92c991924e9f46fcac594ecc98c94b9fc0,2201,document_or_structured_evidence,.md
docs/audits/external_research_inputs_2026-06-20_reaudit/RESEARCH_AUDIT_REPORT.md,0b719abdc3e728848965fb51b09b3ca8d4114d36,14420,document_or_structured_evidence,.md
docs/audits/external_research_inputs_2026-06-20_reaudit/audit_ver2.md,be90c2c6f7766b7ad701e87c9465345fda6481f8,41634,document_or_structured_evidence,.md
docs/audits/external_research_inputs_2026-06-20_reaudit/input_inventory.md,420d5c647616f556358e205109bd0e47e5fc6c08,2625,document_or_structured_evidence,.md
docs/audits/external_round12_to_14_2026-04-25/round13_audit01_gpt55.md,f959ed496ee174df3eea79adab00460415073e36,15379,document_or_structured_evidence,.md
docs/audits/external_round12_to_14_2026-04-25/round13_audit02_codex.md,325c64af8a1576f83dc6d9a811cdb1eb3073c0a0,7260,document_or_structured_evidence,.md
docs/audits/external_round12_to_14_2026-04-25/round13_audit03_opus.md,f00e1ea0e0f2ffe4c61eafa99009612234766e5b,28596,document_or_structured_evidence,.md
docs/audits/external_round12_to_14_2026-04-25/round14_audit01_codex.md,c169f43cb156b4d065cb97c60e4f5fe475cc2ce8,6552,document_or_structured_evidence,.md
docs/audits/external_round12_to_14_2026-04-25/round14_audit02_opus.md,4899ea84db118ba46fb9720cb4aa7981ecb646c5,19948,document_or_structured_evidence,.md
docs/audits/external_round12_to_14_2026-04-25/round14_audit03_gpt55.md,4718974762e5b21ab8159782af08111bc4be9087,18832,document_or_structured_evidence,.md
docs/audits/external_round12_to_14_2026-04-25/round14_audit04_opus.md,8db60b93788c3873220f4155f42e74406dfee86d,29721,document_or_structured_evidence,.md
docs/audits/external_round17_2026-04-27/00_README.md,be385d264277833bf88d6e5e3b8b9a4733b9a498,8210,document_or_structured_evidence,.md
docs/audits/external_round17_2026-04-27/01_DETAILED_ANALYSIS.md,c9c38a815f1f0a7481b989d300750f956feaa518,49564,document_or_structured_evidence,.md
docs/audits/external_round17_2026-04-27/02_AUDIT_FOCUSED_SUMMARY.md,068499055b080df05af869b849b368ac21091ada,18981,document_or_structured_evidence,.md
docs/audits/external_round17_2026-04-27/03_AUDIT_PROMPT.md,1763d8e69a83764baab31d8d0e47c93d8fc649c1,18448,document_or_structured_evidence,.md
docs/audits/external_round17_2026-04-27/reference_docs/CHANGELOG_excerpts.md,107363eee32604f28093af6f9e98a8bf2be60f8a,8177,document_or_structured_evidence,.md
docs/audits/external_round17_2026-04-27/reference_docs/CLAUDE_md_excerpt.md,9b4635335f3d2cfd8e97ebd749dfd8b43c0298fe,5962,document_or_structured_evidence,.md
docs/audits/external_round17_2026-04-27/reference_docs/V5_ROUND12_TO_14_INVESTIGATION_SUMMARY.md,e79038a28bdd4a00c54ac7b970814d46599bc26b,15165,document_or_structured_evidence,.md
docs/audits/external_round17_2026-04-27/reference_docs/V5_ROUND15_P0_D1_FIX_SUMMARY.md,4d5b8a0d1a22ec6b19df0d939ea60e57334ea8b9,6120,document_or_structured_evidence,.md
docs/audits/external_round17_2026-04-27/reference_docs/V5_ROUND17_NEXT_SESSION_OPENER.md,322e2b9ba582d047d9207dd52e2e805172b7de71,13523,document_or_structured_evidence,.md
docs/audits/external_round17_2026-04-27/reference_docs/V5_ROUND17_PR_S13_REAL_SCOPE.md,dcec1c693cff50a7ebfe48202a1f15217f967e64,14484,document_or_structured_evidence,.md
docs/audits/external_round17_2026-04-27/reference_docs/V5_ROUND9_FINDINGS.md,810f6d43516e9697ea70847f087e0a3a235d8f24,17875,document_or_structured_evidence,.md
docs/audits/external_round17_2026-04-27/reference_docs/V5_RUNTIME_TRACK_DIAGNOSIS.md,90e1b388e7f6d18bf06801fcb544dc1e94f9895e,30752,document_or_structured_evidence,.md
docs/audits/external_round17_2026-04-27/report1.md,0a3870299a5bb0dcb481b51b40caa69f396a6a37,13196,document_or_structured_evidence,.md
docs/audits/external_round17_2026-04-27/report2.md,c48924f9607ed7b609f075c04dff33549cd10eee,30821,document_or_structured_evidence,.md
docs/audits/external_round17_2026-04-27/results/PERF_PROFILING_PHASE_B.md,7c53e3a8186375964bd431c514985d1166d2a903,12403,document_or_structured_evidence,.md
docs/audits/external_round17_2026-04-27/results/PERF_TIER3_DAY5_FINAL_BENCH.md,fc375774d0bfd382a2e6c8a48875c6d5cf1f9bae,6576,document_or_structured_evidence,.md
docs/audits/external_round17_2026-04-27/results/PERF_TIER3_NUMBA_JIT_PREP.md,01eb9456dc861a24b7919bea3c503eb9c77d2d3a,8954,document_or_structured_evidence,.md
docs/audits/external_round17_2026-04-27/results/PR_V0d_pre2_revert_perf_optimization.md,7f3b278d6c39730e7ed002d49d892d3baad5c9d0,7628,document_or_structured_evidence,.md
docs/audits/external_round17_2026-04-27/results/PR_V0d_pre2_species_extension.md,7f4fa8a8f54842e36513a6995873c65a9a41db10,6347,document_or_structured_evidence,.md
docs/audits/external_round17_2026-04-27/results/PR_V0d_pre3_zinjection_guard_lift.md,6478bd09ea2b4d7ba8dceb2c76366eacd6cb63b4,3907,document_or_structured_evidence,.md
docs/audits/external_round17_2026-04-27/results/V0d_eta_init_sweep.md,b952467d8c928301f277b4cb07c2c9fece1361a5,9685,document_or_structured_evidence,.md
docs/audits/external_round17_2026-04-27/results/V0d_post_pre1_eta_init_sweep.md,96efc6b5bc3dd98480b56d432847e364ffa4641d,6756,document_or_structured_evidence,.md
docs/audits/external_round17_2026-04-27/results/V0e_bias_floor_reprobe.md,dbbb84dda74f8a6836ee73d3115eb2604dcc73a4,2321,document_or_structured_evidence,.md
docs/audits/external_round17_2026-04-27/results/V0f_lsoda_step_audit.md,2a0623f8fdc0892e0babcaaf01a3f5efdd80196f,7172,document_or_structured_evidence,.md
docs/audits/formalism_audit_2026-06-19/ARCHIVE_MANIFEST.md,460fe56e971e2e91fd8fe4c8cd93d42faadd41c1,5592,document_or_structured_evidence,.md
docs/audits/formalism_audit_2026-06-19/AUDIT_REPORT (1).md,dab443741fc68668f5b1214b2a58eb8b33d798c6,18934,document_or_structured_evidence,.md
docs/audits/formalism_audit_2026-06-19/formalism_originality_program/00_STRATEGIC_OVERVIEW.md,eb686c428b563ee81d0a9a44b7e415d92ef06ddb,7562,document_or_structured_evidence,.md
docs/audits/formalism_audit_2026-06-19/formalism_originality_program/01_NOVELTY_LEDGER.md,805ab51bcb97e819155f3089e1ca2d6607f1d54d,9707,document_or_structured_evidence,.md
docs/audits/formalism_audit_2026-06-19/formalism_originality_program/02_REFRAME_AND_REORG.md,0cb069020ed5642e8b29aae9098443eb67dc8fba,6472,document_or_structured_evidence,.md
docs/audits/formalism_audit_2026-06-19/formalism_originality_program/03_UPGRADE_PLAN.md,9aed169609435c5a1584b0f142667c8955f0468d,5940,document_or_structured_evidence,.md
docs/audits/formalism_audit_2026-06-19/formalism_originality_program/04_EXPERIMENT_PROGRAM.md,d7d04b31b1e968944669502b61dc6cfb87c5805b,5550,document_or_structured_evidence,.md
docs/audits/formalism_audit_2026-06-19/formalism_originality_program/05_DEFENSE_DOSSIER.md,0687e9970ac67ad375cce82b7a057bc5130b5c00,5238,document_or_structured_evidence,.md
docs/audits/formalism_audit_2026-06-19/formalism_originality_program/06_PRIOR_ART_POSITIONING.md,8268333dbe694eadc07e9c524cf6e29bfe9b68b8,4914,document_or_structured_evidence,.md
docs/audits/formalism_audit_2026-06-19/formalism_originality_program/README.md,1e3cd42fa1e0eff9ec100a008491a70a22d16a69,6166,document_or_structured_evidence,.md
docs/audits/formalism_audit_2026-06-19/statistical_formalism_audit_report/AUDIT_REPORT.md,dab443741fc68668f5b1214b2a58eb8b33d798c6,18934,document_or_structured_evidence,.md
docs/audits/harness_intake_20260714/INTEGRATION_MAP.md,ae6de797b426f3c629edecdcee73f7eae83c2802,1168,document_or_structured_evidence,.md
docs/audits/harness_intake_20260714/SECURITY_REVIEW.md,10960d8fd73fdfd09c7617b655b72539a2aad254,2017,document_or_structured_evidence,.md
docs/audits/harness_intake_20260714/receipt.json,c87896d9027257b235a4fb05f446deaa867142e7,4066,document_or_structured_evidence,.json
docs/audits/jcap_prd_adversarial_audit_20260714/MANIFEST.json,9594d1867279993a0117eb4b89c6777c29660362,165701,document_or_structured_evidence,.json
docs/audits/jcap_prd_adversarial_audit_20260714/WEB_LOCK.json,4b50221f11a4ee3aed5117537ff6cb83aecd931f,1162,document_or_structured_evidence,.json
docs/audits/jcap_prd_adversarial_audit_20260714/advocate_candidate_ledger.json,f98951c0962cd2f0b3beebd37e578b31ee25fec1,234201,document_or_structured_evidence,.json
docs/audits/jcap_prd_adversarial_audit_20260714/atomic_finding_ledger.json,8a91e51ccb08b85e006a1162981327f34e252b8d,47380,document_or_structured_evidence,.json
docs/audits/jcap_prd_adversarial_audit_20260714/coverage_matrix.json,5d4b87284f9edfc3c4c543fc46e8b6deddbe6df1,18669,document_or_structured_evidence,.json
docs/audits/jcap_prd_adversarial_audit_20260714/criticism_response_matrix.json,8096be4ff78bcb3346e8db2116ae9adbe9239edc,276395,document_or_structured_evidence,.json
docs/audits/jcap_prd_adversarial_audit_20260714/criticism_response_matrix.md,60497c516c1e3b4b8eacfca89e61ac5ef998f447,73770,document_or_structured_evidence,.md
docs/audits/jcap_prd_adversarial_audit_20260714/debate_bundle.json,61d4fe226745e3cc46777c7bcabdc1c81885344f,63016,document_or_structured_evidence,.json
docs/audits/jcap_prd_adversarial_audit_20260714/diagnostic_results.json,88d37f91d08e42901a02490792823fcacf9ca9f0,24609,document_or_structured_evidence,.json
docs/audits/jcap_prd_adversarial_audit_20260714/environment.json,4fb174850c1a17485b386173262d3288b5f4fa16,1040,document_or_structured_evidence,.json
docs/audits/jcap_prd_adversarial_audit_20260714/environment_pr118.json,a579e78c23e8e916039659845fd8235b6da8fcbb,9317,document_or_structured_evidence,.json
docs/audits/jcap_prd_adversarial_audit_20260714/executive_summary_ko.md,cdb73b323c851ae4d7fce6e0a5217be4151fccbe,4006,document_or_structured_evidence,.md
docs/audits/jcap_prd_adversarial_audit_20260714/final_referee_decisions.json,edb7100a6286ab65e80d3f13b8674afae3e93c20,41229,document_or_structured_evidence,.json
docs/audits/jcap_prd_adversarial_audit_20260714/final_referee_report.md,69bb7eacff7bc536b5e71a8f6cc452522383b8db,21133,document_or_structured_evidence,.md
docs/audits/jcap_prd_adversarial_audit_20260714/four_axis_hostile_review.md,c2ad75524a8e495a79a17e1022f83fc66b4884a2,16124,document_or_structured_evidence,.md
docs/audits/jcap_prd_adversarial_audit_20260714/history_legacy_ledger.json,0af3aedbad7ded4bdabc769d6189e63b6e91b435,50327,document_or_structured_evidence,.json
docs/audits/jcap_prd_adversarial_audit_20260714/history_legacy_ledger.md,feddf3ea61199da7bdf06e3e6bdecc16e56e8f59,12955,document_or_structured_evidence,.md
docs/audits/jcap_prd_adversarial_audit_20260714/latex_pdf_validation.json,c9cc97c916d1527b08751be7beafcace34dbe8e6,6087,document_or_structured_evidence,.json
docs/audits/jcap_prd_adversarial_audit_20260714/next_dag_candidates.json,2bb77d5012ae1831ca40005b1bb78af8588c952b,15541,document_or_structured_evidence,.json
docs/audits/jcap_prd_adversarial_audit_20260714/prior_crosswalk.json,8118508c6f57875cf3da558e149b0c9da040ddaf,102351,document_or_structured_evidence,.json
docs/audits/jcap_prd_adversarial_audit_20260714/prior_crosswalk.md,e1bc046b0ddf84278cc7436b4006fe947f38fe6c,22557,document_or_structured_evidence,.md
docs/audits/jcap_prd_adversarial_audit_20260714/root_adjudications.json,c5898cb28723b5f4d8e2a30679e8693abae99f83,27901,document_or_structured_evidence,.json
docs/audits/jcap_prd_adversarial_audit_20260714/shortlist_freeze.json,f9967bbc97ab79f574d4a9e07e9d03fec94246a0,88169,document_or_structured_evidence,.json
docs/audits/jcap_prd_adversarial_audit_20260714/web_crag_final.json,e88beeedaa74ede79315a6bfb7591cef9962d9ba,51342,document_or_structured_evidence,.json
docs/audits/jcap_prd_adversarial_audit_20260714/web_crag_initial.json,fcf048cbffb85c871b40543fe8d3f568174f9729,64407,document_or_structured_evidence,.json
docs/audits/mes_primary_sources/PROVENANCE_M4.md,1cff5e6bef75a62e2d7272987ad98e56d0792d71,4609,document_or_structured_evidence,.md
docs/audits/mes_primary_sources/PROVENANCE_M4b.md,73bb6621f973f9afaf6bc8bd227ff201c4148b62,4818,document_or_structured_evidence,.md
docs/audits/mes_primary_sources/SHA256.txt,69a89077c0888265a007a5d5156ba8b22b2e0f4c,516,document_or_structured_evidence,.txt
docs/audits/mes_primary_sources/companion_astro-ph_9510126_deltaT.txt,39da06e55e923b1ad7925714622df900545c2b87,12436,document_or_structured_evidence,.txt
docs/audits/mes_primary_sources/companion_astro-ph_9510126_layout.txt,479c15ba3ff514977dc277fb46a05ec9530e2217,17750,document_or_structured_evidence,.txt
docs/audits/mes_primary_sources/mesa_astro-ph_9501016_PRD51_1525.txt,72045929e298bc95f44494627a425bd01efef32b,49320,document_or_structured_evidence,.txt
docs/audits/mes_primary_sources/mesa_astro-ph_9501016_layout.txt,056244b7b8b3da899973de0f143f319cb29ddf94,75691,document_or_structured_evidence,.txt
docs/audits/mes_primary_sources/sag1997_astro-ph_9904346_ApJ476_435.tex,54ab12df064cfbf608e537eedf589752bbd90c7f,29690,document_or_structured_evidence,.tex
docs/audits/meta_promotion_review_20260721.md,0c9bdf33a6022740b71600a1e6b95ef464f6f985,5903,document_or_structured_evidence,.md
docs/audits/pip_freeze_2026-04-19_W10D1.txt,0443b41170a1bda495abaf73612a69cc5fe95948,472,document_or_structured_evidence,.txt
docs/audits/post_checkpoint100_wave_review_signoff_20260720.md,53778af1f3547018003a40ed3890958e87e36b9a,8724,document_or_structured_evidence,.md
docs/audits/pr170_primary_sources/akarsu_2023_type_v_record.txt,336e51786b9c4a41579e211bb50703f4fc57705d,576,document_or_structured_evidence,.txt
docs/audits/pr170_primary_sources/barrow_tsagas_2007_equations.txt,b31df0e1c3bc1080e5f530f6d45e8e939ca1f16a,799,document_or_structured_evidence,.txt
docs/audits/pr170_primary_sources/buchert_2000_equations.txt,17ecd36822143572f01ce0f228da5f22c807c29c,899,document_or_structured_evidence,.txt
docs/audits/pr170_primary_sources/wiegand_buchert_2010_equations.txt,7391624428f243e1d032bbc65c08012f7d295ec8,922,document_or_structured_evidence,.txt
docs/audits/pr171_primary_sources/coley_hervik_lim_0605128_record.txt,07ae555a94b87a20e5171f9ad4b66a305b75afcc,607,document_or_structured_evidence,.txt
docs/audits/pr171_primary_sources/hervik_lim_0512070_equations.txt,6f3f25ed20a44807912fac38c49c9642b4456649,1019,document_or_structured_evidence,.txt
docs/audits/pr171_primary_sources/khronon_2404_06584_record.txt,6c1287b90c214c5b031ac8d27f0ee2f802978c84,719,document_or_structured_evidence,.txt
docs/audits/pr171_primary_sources/noncomoving_1903_11009_equations.txt,88a808aeda9eff5b249decf69363fc3ea127708c,801,document_or_structured_evidence,.txt
docs/audits/pr171_primary_sources/velocity_interaction_2012_12204_record.txt,6a3eee21eecf4e2e9ba5da6c76ab37332c36c17f,673,document_or_structured_evidence,.txt
docs/audits/pr176_primary_sources/tsagas_divergence_record.md,f6a5bbc07e8b012edf13e8459727ebb1f7f9bafb,2167,document_or_structured_evidence,.md
docs/audits/psd_cone_review_signoff_2026-07.md,6539659f65f12f4450af0568c9969c93b99d3e92,5208,document_or_structured_evidence,.md
docs/audits/revision_program_2026-06-18/package_inventory.json,a662ce89029e5a70f6a13eca4ceebf44764bba3c,11886,document_or_structured_evidence,.json
docs/audits/revision_program_2026-06-18/package_inventory.md,40f91db006397e64eb31c304d6efe26859e71e6c,2316,document_or_structured_evidence,.md
docs/audits/self_adversarial_audit_20260713_nsc/00_scope_and_self_discover.md,e896b99523c2f9e015e06dc0e06d7a1bfc50d43d,3527,document_or_structured_evidence,.md
docs/audits/self_adversarial_audit_20260713_nsc/01_step_back_principles.md,6a354c2c2429ffdc32d0de8ecbc3cf9531381b0b,3429,document_or_structured_evidence,.md
docs/audits/self_adversarial_audit_20260713_nsc/02_metacognitive_self_ask.md,b1a69e782e652a9950b8e0283373a742e2c4f8bc,2650,document_or_structured_evidence,.md
docs/audits/self_adversarial_audit_20260713_nsc/03_cove_correctness_ledger.json,8a736a5689098cd671debd246e3d68fac8ebae5e,207186,document_or_structured_evidence,.json
docs/audits/self_adversarial_audit_20260713_nsc/04_web_crag_novelty_ledger.json,586a840b0dcc8057ac3c3773aac34cd867e2512e,111947,document_or_structured_evidence,.json
docs/audits/self_adversarial_audit_20260713_nsc/05_significance_panel.json,e553a3245fb61c9ecad5cabfd6d8b7da5b90f13b,33629,document_or_structured_evidence,.json
docs/audits/self_adversarial_audit_20260713_nsc/06_debate_judgments.json,ade2d4b2819d58c5680b0b117b9d212fca328b7f,31569,document_or_structured_evidence,.json
docs/audits/self_adversarial_audit_20260713_nsc/06b_debate_transcripts.json,9d387c6bf387cf6526ce1a763c251cd192e0ca57,78455,document_or_structured_evidence,.json
docs/audits/self_adversarial_audit_20260713_nsc/07_completeness_critique.md,a1f0f8435983f5cea8af5cd1a5e5276d0a2e6bc2,10436,document_or_structured_evidence,.md
docs/audits/self_adversarial_audit_20260713_nsc/08_final_referee_report.md,9099443e6db1c09bc1223ffe8cf82ac0a3f90195,15832,document_or_structured_evidence,.md
docs/audits/self_adversarial_audit_20260713_nsc/09_inhouse_verification.md,07ff97214f1cd7a39384f257e13e23a391c922dc,5706,document_or_structured_evidence,.md
docs/audits/self_adversarial_audit_20260713_nsc/README.md,77b8ca5822fc07e77c775ef035add7122f6c4ec9,2374,document_or_structured_evidence,.md
docs/audits/shared_context_cas_harness_final_audit_20260717/AUDIT_EXECUTION.json,0f026f4fbf0c8abcad75d51274deb92d469edcf2,8532,document_or_structured_evidence,.json
docs/audits/shared_context_cas_harness_final_audit_20260717/FINAL_AUDIT_AND_REPAIR_RECOMMENDATION.md,afd4f8031fb5542e1ce2ab666fdd1d59f0e8247d,26790,document_or_structured_evidence,.md
docs/audits/shared_context_cas_harness_final_audit_20260717/MANIFEST.json,57f3091d3046ce7315bb6872c18d099a35ddcd0a,4912,document_or_structured_evidence,.json
docs/audits/v10_web_crag_20260721/notes.md,98ccdc67b961b7b78b24353615e5e1f5857ebd8c,12990,document_or_structured_evidence,.md
docs/audits/v10_web_crag_20260721/tier_evidence.json,ecb8127dbb4d3e7d3ca0cc7b0806966c2a8f3547,31165,document_or_structured_evidence,.json
docs/audits/v5_round15_p0_d1_fix_transcript_2026-04-25.txt,e17e96c9bd78749d91d777e43431adb37dc39225,5807,document_or_structured_evidence,.txt
docs/audits/v5_round15_p1_monopole_frame_diagnostic_2026-04-26.txt,890976aea3b36d56963d7e554a141c5437f22c84,4741,document_or_structured_evidence,.txt
docs/bianchi_design_pack_v5/00_AUTHORITY_TREE.md,e6c4fb666fa70d5834b931944c9149d2a416cb48,3326,document_or_structured_evidence,.md
docs/bianchi_design_pack_v5/01A_GEOMETRY_AND_WEYL_AUTHORITY_NOTE.md,6675919b67ca0131e5f1ba4e9736ee82007af8dc,4781,document_or_structured_evidence,.md
docs/bianchi_design_pack_v5/01_SSOT_FORMALISM_AND_PHYSICS.md,19d256be9486adcf277fb000560d4bb863f7cda3,13645,document_or_structured_evidence,.md
docs/bianchi_design_pack_v5/02A_HIERARCHY_LAYOUT_AND_TIERA_TRANSPORT_NOTE.md,a744de1c8577e4ef2193b375f15839ecc13a8bdf,4949,document_or_structured_evidence,.md
docs/bianchi_design_pack_v5/02_NUMERICAL_ARCHITECTURE_AND_ALGORITHMS.md,8bdc995239d0dc2d8907f7a966a0702580dd56b1,7064,document_or_structured_evidence,.md
docs/bianchi_design_pack_v5/03A_INTRINSIC_FAMILY_TEMPLATE_CARDS.md,cef1eb923fd20d08fbb44f94f94b3d602eee7630,8128,document_or_structured_evidence,.md
docs/bianchi_design_pack_v5/03B_FROZEN_BACKEND_CONSTANTS_AND_LOOKUP_RESOLUTION.md,0359b7ef09dadbef09fb60431220cef3165d2a05,8318,document_or_structured_evidence,.md
docs/bianchi_design_pack_v5/03_FAMILY_BACKENDS_AND_IC_PROVENANCE.md,5a5c0a54c622b14aa7468737c67c3b9ee51864a0,5721,document_or_structured_evidence,.md
docs/bianchi_design_pack_v5/04_IMPLEMENTATION_SKELETON_AND_PORTABILITY.md,b9f978050ded6783d54ef007b000b2e9dae432cb,4682,document_or_structured_evidence,.md
docs/bianchi_design_pack_v5/05_VALIDATION_GATES_AND_CODEX_GUARDRAILS.md,e7bbcac65555a3b5877d474afadb938827616445,4526,document_or_structured_evidence,.md
docs/bianchi_design_pack_v5/06A_OUTPUT_SCHEMA_AND_METADATA_NOTE.md,96095e3208fd828923126184a450b46b276a5c82,2371,document_or_structured_evidence,.md
docs/bianchi_design_pack_v5/06_OBSERVABLES_AND_STATISTICS_APPENDIX.md,7a97bd058cf5cced0df73e33c4b4fca09da6115c,3358,document_or_structured_evidence,.md
docs/bianchi_design_pack_v5/07A_PR_DELIVERABLE_MAP.md,f40429ebb00ae055b526eab0f60e8e72613da35d,4004,document_or_structured_evidence,.md
docs/bianchi_design_pack_v5/07_SDD_WBS_AND_PR_LIST.md,f29b3cb193f7f4dc3a25737851cd544e45fb889d,3270,document_or_structured_evidence,.md
docs/bianchi_design_pack_v5/08_FUTURE_WORK_ANNEX.md,da6f07141187ff1ce55ad01cb5fffa6fe7f5dc33,1698,document_or_structured_evidence,.md
docs/bianchi_design_pack_v5/09_INTERNAL_REAUDIT_H1.md,0ccf1a61cbb7d8223b5acff9a8fc4bd57059d9e1,2259,document_or_structured_evidence,.md
docs/bianchi_design_pack_v5/10_SYMBOLIC_AUTOMATION_AND_NUMERICAL_VERIFICATION.md,e12e589b7171e8bff8f70849764c3fffbe94e300,5253,document_or_structured_evidence,.md
docs/bianchi_design_pack_v5/99_REFERENCES.md,515a37713e7730f73b8bc4995d841a8d5aa32373,4448,document_or_structured_evidence,.md
docs/bianchi_design_pack_v5/README_INDEX.md,63661d8a525b47843c1bd05accf983dc36228d97,5632,document_or_structured_evidence,.md
docs/bianchi_design_pack_v5/verification/README.md,71eb62b36bc3a3ee53e40c4e2db4d936ea0a74af,413,document_or_structured_evidence,.md
docs/bianchi_design_pack_v5/verification/crosscheck_results.json,96913aa34d4de7f6d39e22d10509c7f0f410376d,567,document_or_structured_evidence,.json
docs/bianchi_design_pack_v5/verification/numeric_results.json,2a13ab348e1e2e282cf840235031bc90d3d8f346,227,document_or_structured_evidence,.json
docs/bianchi_design_pack_v5/verification/run_all_stdout.json,a3d039795cc5e1b2e04d6ee34f62e3da62f61e49,1769,document_or_structured_evidence,.json
docs/bianchi_design_pack_v5/verification/symbolic_results.json,18bb4cb7b39f3462535eda3eec2f4c05f064069c,710,document_or_structured_evidence,.json
docs/checkpoint_protocol.md,1cbcca8fdf4c0c47c07c13fc10919b470a502d68,1199,document_or_structured_evidence,.md
docs/claim_ledger.md,c645c1aedac7a62da92a0106cb27347018197e57,877,document_or_structured_evidence,.md
docs/cmb_audit.txt,5980eca757b9251bac375022d58983bba898511a,17591,document_or_structured_evidence,.txt
docs/cmb_audit_htt_bass.md,e24f4c8fccd5867c4963309ff446c72ab149e387,39204,document_or_structured_evidence,.md
docs/code_capability_audit/htt_base_code_capability_audit_package_manifest.json,6608646c862e1cd38cc180b8ec7ed47466a88bd2,425302,document_or_structured_evidence,.json
docs/code_capability_audit/htt_base_code_capability_audit_prompt.md,7eb0f06215b7dc3160a41fc9ddd0cbf440dbb810,2417,document_or_structured_evidence,.md
docs/codex_handoff/00_Codex_global_rules.md,61011251bc5f18d4021116c2fcc2786f50f1d880,1369,document_or_structured_evidence,.md
docs/codex_handoff/01_source_authority_map.md,ed7d75a4c13a194cc7e76111d76ed36a0b69636e,2815,document_or_structured_evidence,.md
docs/codex_handoff/02_long_range_PR_backlog.md,5ce3a503491b1aa290ef957a949e0c09b8ca97ea,44799,document_or_structured_evidence,.md
docs/codex_handoff/04_adversarial_audit_and_upgrade_notes.md,63aad51bc4574a0b70e20d4de095894130de5224,1669,document_or_structured_evidence,.md
docs/codex_handoff/05_skill_inventory_and_usage.md,f0d515b53bfd0b10ab9b6bb9b9ce98c3c68e69d8,3861,document_or_structured_evidence,.md
docs/codex_handoff/06_template_skill_upgrade_map.md,3a3be8f5a26313f19af31ff2ccc1c4c8e990acf3,2222,document_or_structured_evidence,.md
docs/codex_handoff/07_repo_skill_installation_guide.md,16d5d4b16f8aa2bd4ed7cff4735720899f958595,2356,document_or_structured_evidence,.md
docs/codex_handoff/08_skill_trigger_matrix.md,34aec4911187ab619c47c056ddc36196996ac6c3,1794,document_or_structured_evidence,.md
docs/codex_handoff/09_skillset_adversarial_audit.md,0336447d43d68741a56383a6aeb1bf58a71602d3,2203,document_or_structured_evidence,.md
docs/codex_handoff/10_source_template_inventory.md,9ea3a58e70a40b23338ab42ed93fd0ee31b7cb3a,669,document_or_structured_evidence,.md
docs/codex_handoff/HANDOFF_HTT_LOWELL_POSTREVIEW_20260907/00_READ_FIRST.md,78ca2259c8ae7348936be594b3ca2d6ee560eab8,3042,document_or_structured_evidence,.md
docs/codex_handoff/HANDOFF_HTT_LOWELL_POSTREVIEW_20260907/01_HANDOFF_MASTER.md,07360cc77a516fe3aecdca9e000c3408e534802f,14658,document_or_structured_evidence,.md
docs/codex_handoff/HANDOFF_HTT_LOWELL_POSTREVIEW_20260907/02_CONTINUATION_BRIEF.md,b330d4cbfdc7c6f728c4a8519dba8feb161aabd4,7187,document_or_structured_evidence,.md
docs/codex_handoff/HANDOFF_HTT_LOWELL_POSTREVIEW_20260907/03_STATE_LEDGER.md,e791582e8f62d3b5047be599d814ba28a7705558,6102,document_or_structured_evidence,.md
docs/codex_handoff/HANDOFF_HTT_LOWELL_POSTREVIEW_20260907/04_EQUATION_ARGUMENT_LEDGER.md,fa97d8e36f6422e95169d792f3a8937c7ec376e9,8228,document_or_structured_evidence,.md
docs/codex_handoff/HANDOFF_HTT_LOWELL_POSTREVIEW_20260907/05_CODE_NUMERICS_DATA_LEDGER.md,1ce12a1ae7b15af41be09ecef507136c3fdeaceb,9154,document_or_structured_evidence,.md
docs/codex_handoff/HANDOFF_HTT_LOWELL_POSTREVIEW_20260907/06_FIGURE_DOCUMENT_LEDGER.md,f524335f8f647b425798d48f4a7efa9d8ad2116f,3654,document_or_structured_evidence,.md
docs/codex_handoff/HANDOFF_HTT_LOWELL_POSTREVIEW_20260907/07_RISK_REGISTER.md,70b815c64ef341150a12fab2c7e99c1919440541,5307,document_or_structured_evidence,.md
docs/codex_handoff/HANDOFF_HTT_LOWELL_POSTREVIEW_20260907/08_P0_P3_BACKLOG.md,a5eb1d4e4337350bc4644ba25fa46aa3b84c21b2,4900,document_or_structured_evidence,.md
docs/codex_handoff/HANDOFF_HTT_LOWELL_POSTREVIEW_20260907/09_RESTART_PLAN.md,e5be1b2afc491a298c066119c645296daced7b8a,5260,document_or_structured_evidence,.md
docs/codex_handoff/HANDOFF_HTT_LOWELL_POSTREVIEW_20260907/10_CONVENTIONS.md,f5b3df66dcfe780cefabb065dbd8339c0b34bb35,4678,document_or_structured_evidence,.md
docs/codex_handoff/HANDOFF_HTT_LOWELL_POSTREVIEW_20260907/12_REPRO_COMMANDS.md,5d641f54b944a9eab3a4917e77d6f23a8e93453c,3350,document_or_structured_evidence,.md
docs/codex_handoff/HANDOFF_HTT_LOWELL_POSTREVIEW_20260907/EXTERNAL_UPLOADS_REQUIRED.md,053de161e96bf5d2542c02fd00449381f959507c,2449,document_or_structured_evidence,.md
docs/codex_handoff/HANDOFF_HTT_LOWELL_POSTREVIEW_20260907/machine/SELF_AUDIT.md,16f1f1214fcc5a8858a81efad85a7fc0908685ec,2170,document_or_structured_evidence,.md
docs/codex_handoff/HANDOFF_HTT_LOWELL_POSTREVIEW_20260907/machine/state.json,680486ebb8ad705d4dee31e1f2334ae31cd607af,3232,document_or_structured_evidence,.json
docs/codex_handoff/HANDOFF_HTT_LOWELL_POSTREVIEW_20260907/source_snapshot/CANONICAL_POINTERS.md,d12340b893234caeac2a28068960083742895c45,1717,document_or_structured_evidence,.md
docs/codex_handoff/INSTALL.md,83a842f688d4a811c29151ace73cf75322e43be3,4367,document_or_structured_evidence,.md
docs/codex_handoff/R8_REPLAN_20260908.md,22b559152c7b08628846dcf97f4205cb1a908ef3,1168,document_or_structured_evidence,.md
docs/codex_handoff/REMAINING_PR_EXECUTION_PLAN_KO.md,868227284ea7c806253509e4657cc0c24f7df490,10441,document_or_structured_evidence,.md
docs/codex_handoff/artifact_gate_outputs.yaml,e4b5b04fc8cd165258b21e14c3b96dcfadc88d03,8448,document_or_structured_evidence,.yaml
docs/codex_handoff/authorized_principals.yaml,a4979eb515e240c0587f609ba4a038cfa6e917cb,2937,document_or_structured_evidence,.yaml
docs/codex_handoff/checkpoint_protocol.md,008dec9f3d8adfdf041eb56f1bfea6a81b57509c,2016,document_or_structured_evidence,.md
docs/codex_handoff/config_examples/INVALID_do_not_install_config.toml,6a9ea63e1099b3de3fc6dcf0c56cde82d08a0900,246,document_or_structured_evidence,.toml
docs/codex_handoff/config_examples/README.md,82e0f6fa2f5ca83f197180db0935f327bb10b6e1,708,document_or_structured_evidence,.md
docs/codex_handoff/htt_tensorized_report_first_20260903/A2_REGISTERED_SURVIVOR_TRIAGE_CLOSEOUT.md,04179f37a32994d7b9f07253a8754ee528936c30,9833,document_or_structured_evidence,.md
docs/codex_handoff/htt_tensorized_report_first_20260903/A5_CONTRADICTION_NOTATION_CLOSEOUT.md,d2958c26d06197fdfb5d8d1dbf7c692a1aeb31d0,4304,document_or_structured_evidence,.md
docs/codex_handoff/htt_tensorized_report_first_20260903/AUTHORITY_LEDGER.yaml,6ba32765b7525dcd783fb3a8bf5c5a409d719a94,10092,document_or_structured_evidence,.yaml
docs/codex_handoff/htt_tensorized_report_first_20260903/CODEX_HANDOFF_PROMPT.md,0359c402242d14fac412ddf5bbe202fe962e0738,4306,document_or_structured_evidence,.md
docs/codex_handoff/htt_tensorized_report_first_20260903/CONTRADICTION_LEDGER.yaml,a1f6b91c839fe3d0b6b3b0cdd47cc6c4dd90f1c4,9889,document_or_structured_evidence,.yaml
docs/codex_handoff/htt_tensorized_report_first_20260903/EXECUTION_RECEIPT_INDEX.yaml,ea2856aafadc111a03173f1a7e693db399ede23a,7706,document_or_structured_evidence,.yaml
docs/codex_handoff/htt_tensorized_report_first_20260903/K0_TYPED_KINEMATICAL_MES_AUTHORITY_CROSSWALK.yaml,f3b99645556f0caf5579c3061338e13a0f0662c0,9835,document_or_structured_evidence,.yaml
docs/codex_handoff/htt_tensorized_report_first_20260903/K0_TYPED_KINEMATICAL_MES_AUTHORITY_CROSSWALK_V2.yaml,9ed7b47f23b5515ab42defcaa94431a758a57e74,8886,document_or_structured_evidence,.yaml
docs/codex_handoff/htt_tensorized_report_first_20260903/K0_TYPED_KINEMATICAL_MES_CLOSEOUT.yaml,622186cb9ee8821b8eca72b02a70af218a932428,3501,document_or_structured_evidence,.yaml
docs/codex_handoff/htt_tensorized_report_first_20260903/K1RF_SOURCE_CLOSEOUT.yaml,b40825a1b75ab661eec8ae20828ac64937225a69,4362,document_or_structured_evidence,.yaml
docs/codex_handoff/htt_tensorized_report_first_20260903/K1R_REVIEW_AND_CANONICAL_MEMORY_RECEIPT.yaml,ad89e1ce1f46077aeddd0c390eaed8c1bc2244c6,3358,document_or_structured_evidence,.yaml
docs/codex_handoff/htt_tensorized_report_first_20260903/K1R_TYPED_KINEMATICAL_MES_EVIDENCE_LEDGER.yaml,6f692f170cbeed1ad87fae11435ac9d97dae236b,8724,document_or_structured_evidence,.yaml
docs/codex_handoff/htt_tensorized_report_first_20260903/K1_TYPED_KINEMATICAL_MES_CLOSEOUT.yaml,2298e2a1d7dfa78156f256418576ba7dfe61e653,2968,document_or_structured_evidence,.yaml
docs/codex_handoff/htt_tensorized_report_first_20260903/K1_TYPED_KINEMATICAL_MES_EVIDENCE_LEDGER.yaml,5f7e5176ee3deade7829604d077c875065d1fd10,4968,document_or_structured_evidence,.yaml
docs/codex_handoff/htt_tensorized_report_first_20260903/K1_TYPED_KINEMATICAL_MES_THEOREM_CONTRACT.yaml,e9827698e7fabb0bc47f3fa82abe52330ba07300,4811,document_or_structured_evidence,.yaml
docs/codex_handoff/htt_tensorized_report_first_20260903/K2C_SOURCE_CLOSEOUT.yaml,38866a76b58ae793833871f1618c99efcae8352f,4701,document_or_structured_evidence,.yaml
docs/codex_handoff/htt_tensorized_report_first_20260903/K2FER1_BOUNDED_REPAIR_AND_REPLAY_HANDOFF_20260905.md,ed408d8b5bfeb2ddf14d1890bb461e3f5229d5cd,20860,document_or_structured_evidence,.md
docs/codex_handoff/htt_tensorized_report_first_20260903/K2FE_WORK_THREAD_EXECUTION_HANDOFF_20260905.md,e7efaa12815e4d700c5a5b9fbf82d37068a629f0,18519,document_or_structured_evidence,.md
docs/codex_handoff/htt_tensorized_report_first_20260903/K2FR0_K3_PARALLEL_DAG_20260905.yaml,92ee9d8c0e513e2ab8c651a6c99d9eb89c403eec,4847,document_or_structured_evidence,.yaml
docs/codex_handoff/htt_tensorized_report_first_20260903/K2FR0_SOURCE_AND_K3_DRAFT_PROGRESS_20260905.yaml,eabcb6c4e13013d9807b8ccd6b1cc5949b14cf84,7241,document_or_structured_evidence,.yaml
docs/codex_handoff/htt_tensorized_report_first_20260903/K2FR_FIVE_SCOPE_DISPOSITIONS_20260905.yaml,e11aef8aa3a8fa9da2b4c4abcde132fb67ff7af4,14798,document_or_structured_evidence,.yaml
docs/codex_handoff/htt_tensorized_report_first_20260903/K2FR_INTAKE_SCOPE_REVIEW_AND_PUBLICATION_HANDOFF_20260905.md,9b594896672b2481d621e494fdd58b37249df3af,14314,document_or_structured_evidence,.md
docs/codex_handoff/htt_tensorized_report_first_20260903/K2F_COMPILER_SOURCE_CLOSEOUT.yaml,c45344e201736a73814b63db569204f47b301b2f,5412,document_or_structured_evidence,.yaml
docs/codex_handoff/htt_tensorized_report_first_20260903/K2F_COMPILER_SOURCE_CONTRACT.yaml,63ed18624e0aae9e4dd627755c843289d79bea6f,3080,document_or_structured_evidence,.yaml
docs/codex_handoff/htt_tensorized_report_first_20260903/K2_40_CLAIM_CANDIDATE_OVERLAY.yaml,394378a796a24410a4174a8222e40c5c59e9700a,16145,document_or_structured_evidence,.yaml
docs/codex_handoff/htt_tensorized_report_first_20260903/K2_CANDIDATE_REVIEW_RECEIPT.yaml,80788f8cf0be52eee873c16e60ad621fabbe38f0,5395,document_or_structured_evidence,.yaml
docs/codex_handoff/htt_tensorized_report_first_20260903/K2_CITATION_PROVENANCE_CANDIDATE_OVERLAY.yaml,902b698ef81506179cb0f6e3c5d6616a3f445c55,7187,document_or_structured_evidence,.yaml
docs/codex_handoff/htt_tensorized_report_first_20260903/K2_KINEMATICAL_CLAIM_RECOMPILE_INPUT.yaml,9102eb6d872a6b9e9b3dd3d2fb29c8e3f3125f57,4472,document_or_structured_evidence,.yaml
docs/codex_handoff/htt_tensorized_report_first_20260903/K2_KINEMATICAL_CLAIM_RECOMPILE_INPUT_V2.yaml,2be2abfe84a7af28c60871b3751408734e808ce8,10782,document_or_structured_evidence,.yaml
docs/codex_handoff/htt_tensorized_report_first_20260903/K3_FULL_DRAFT_SOURCE_RECEIPT_20260905.yaml,769d14c63e154c3a52f3a443c82b84ca7552b67f,6678,document_or_structured_evidence,.yaml
docs/codex_handoff/htt_tensorized_report_first_20260903/K4_BOUNDED_CORRECTIONS_APPLIED_20260905.yaml,10779435cada0e948ac167e867f864a336c934ec,5510,document_or_structured_evidence,.yaml
docs/codex_handoff/htt_tensorized_report_first_20260903/K5_WORK_THREAD_EXECUTION_HANDOFF_20260905.md,5102f7b5d2a71bdd4f5031c232d9537c44b4fcb6,17053,document_or_structured_evidence,.md
docs/codex_handoff/htt_tensorized_report_first_20260903/NOTATION_AND_CONVENTION_REGISTRY.yaml,2245e291e0b03c65f1a789df8649a194c43fe8fd,13191,document_or_structured_evidence,.yaml
docs/codex_handoff/htt_tensorized_report_first_20260903/PR450_APPROVED_SEED_PARENT_COVERAGE_REPAIR_20260907.md,691a5633ee37ac9e11c176706afc4ff86dae0b60,19974,document_or_structured_evidence,.md
docs/codex_handoff/htt_tensorized_report_first_20260903/PR450_MAIN_LOCAL_GIT_REPLAY_HANDOFF_20260907.md,db0322f674b5cef75d4a250cec4d6a22e4b9c181,14729,document_or_structured_evidence,.md
docs/codex_handoff/htt_tensorized_report_first_20260903/PR451_MAIN_LOCAL_GIT_HANDOFF_20260906.md,b2b270a636ebc087142810524c9e16d3f0252b1f,16386,document_or_structured_evidence,.md
docs/codex_handoff/htt_tensorized_report_first_20260903/PROVISIONAL_CLAIM_SURVIVOR_LEDGER.yaml,049447f7c5e84b606f7c3a1ca8aeb69abccd93a9,16849,document_or_structured_evidence,.yaml
docs/codex_handoff/htt_tensorized_report_first_20260903/R2B_LEDGER_CITATION_SOURCE_RECEIPT.json,465ca6370a4941a9fa40cf638d505ef10f1ab816,2402,document_or_structured_evidence,.json
docs/codex_handoff/htt_tensorized_report_first_20260903/R2B_MANUSCRIPT_REGENERATION_CONTRACT.yaml,3e0f58a226d6c9418eb208591ec342e71cb92bcb,5691,document_or_structured_evidence,.yaml
docs/codex_handoff/htt_tensorized_report_first_20260903/R2B_MANUSCRIPT_REGENERATION_RECEIPT.json,1277b5501e776e9f00134c62b394224957e1e25f,2844,document_or_structured_evidence,.json
docs/codex_handoff/htt_tensorized_report_first_20260903/R2F_LOCAL_CANDIDATE_VALIDATION.json,a89951a8bfda54c5101f034eaf2146ec1c3f36ba,1289,document_or_structured_evidence,.json
docs/codex_handoff/htt_tensorized_report_first_20260903/R3A_SOURCE_REVIEW_RECEIPT.yaml,9e9d05ed9749ca710e0d597e14d554a94916c15a,2278,document_or_structured_evidence,.yaml
docs/codex_handoff/htt_tensorized_report_first_20260903/R3F_FLATTENING_RECEIPT.yaml,e4c2fc273fbf3e7fb04a239bfd1d410eafc254fa,2494,document_or_structured_evidence,.yaml
docs/codex_handoff/htt_tensorized_report_first_20260903/R3L_CANONICAL_LEDGER_REPAIR_RECEIPT.yaml,a8e699bd7b646767ae05125573131e9a1dbf5bf5,3028,document_or_structured_evidence,.yaml
docs/codex_handoff/htt_tensorized_report_first_20260903/R3_BIBLIOGRAPHY_CORRECTION_LEDGER.yaml,98983ef5c354a82893ee93a79485b47c1af2718b,1733,document_or_structured_evidence,.yaml
docs/codex_handoff/htt_tensorized_report_first_20260903/R3_BOUNDED_REVISION_PLAN.yaml,00e602c1b7197230060012dc9fcb84a9c5076a91,817,document_or_structured_evidence,.yaml
docs/codex_handoff/htt_tensorized_report_first_20260903/R3_LOCAL_CANDIDATE_VALIDATION.json,2ae154c00c0c7e7ea2a39f3f58d58f94a47e1c19,899,document_or_structured_evidence,.json
docs/codex_handoff/htt_tensorized_report_first_20260903/R3_PUBLICATION_LAYER_ASSEMBLY.yaml,38c72db7ac968fe3717e98176534b7b05eb67168,1962,document_or_structured_evidence,.yaml
docs/codex_handoff/htt_tensorized_report_first_20260903/R3_SUBGROUP_COUNTEREXAMPLE_RECEIPT.json,b0ed0f62c9d1ba753f5a9ce2d54b342abff86fbc,716,document_or_structured_evidence,.json
docs/codex_handoff/htt_tensorized_report_first_20260903/R4A0F_FLATTENING_CLOSEOUT.yaml,44db4ef171e9fd067a91ef0721974a212251eeaa,2257,document_or_structured_evidence,.yaml
docs/codex_handoff/htt_tensorized_report_first_20260903/R4A0_CANONICAL_FRAME_AND_T2_TEX_REPAIR_RECEIPT.yaml,0b15c98f30c22efe17000a52ded061e0e7a4eced,2565,document_or_structured_evidence,.yaml
docs/codex_handoff/htt_tensorized_report_first_20260903/R4A1NF_FLATTENING_CLOSEOUT.yaml,f328e59fa918cf6f81029f96ffda283b6ad18b6a,4699,document_or_structured_evidence,.yaml
docs/codex_handoff/htt_tensorized_report_first_20260903/R4A1NF_MULTI_CAS_SOURCE_HARDENING.yaml,5ddf1e357456acb7bd3c8e5b962af631fe5d40b1,1434,document_or_structured_evidence,.yaml
docs/codex_handoff/htt_tensorized_report_first_20260903/R4A1NF_MULTI_CAS_VERIFICATION_PLAN.yaml,25f4e011cd7e35fe32797d5664ec39d28511a64b,6011,document_or_structured_evidence,.yaml
docs/codex_handoff/htt_tensorized_report_first_20260903/R4A1N_CLOSEOUT.yaml,19294015f4c388299f44904754c917baee5b8b4f,2968,document_or_structured_evidence,.yaml
docs/codex_handoff/htt_tensorized_report_first_20260903/R4A1N_NOTATION_DOMAIN_SYNC_RECEIPT.yaml,a3be792c693d3c8ee97345719ec6e8eed0793b40,3072,document_or_structured_evidence,.yaml
docs/codex_handoff/htt_tensorized_report_first_20260903/R4A1N_T9_AUTHORITY_OVERLAY.yaml,34d6c5fcf42a45c9e7d0780aeef52e51847c01ce,2024,document_or_structured_evidence,.yaml
docs/codex_handoff/htt_tensorized_report_first_20260903/R4A1V0_SOURCE_BINDING_CLOSEOUT.yaml,54691cd200381ced62e7f26292f6c93e1739b7d8,5132,document_or_structured_evidence,.yaml
docs/codex_handoff/htt_tensorized_report_first_20260903/R4A1_EXECUTION_ATTEMPT_RECEIPT.yaml,1dd17761c2ffb1d5c812c3e5b414dc772a5de613,2619,document_or_structured_evidence,.yaml
docs/codex_handoff/htt_tensorized_report_first_20260903/R4A1_SUPPORTED_RUNTIME_AUTHORITY_CONTRACT.yaml,cd9d125329925b63676a4f13b16b844eedf3a1e9,3209,document_or_structured_evidence,.yaml
docs/codex_handoff/htt_tensorized_report_first_20260903/R4A1_SUPPORTED_RUNTIME_AUTHORITY_CONTRACT_V2.yaml,98fc4cb1e65327d52fd876d2fc85b3d1f26c36b6,6191,document_or_structured_evidence,.yaml
docs/codex_handoff/htt_tensorized_report_first_20260903/R4A1_SUPPORTED_RUNTIME_AUTHORITY_CONTRACT_V3.yaml,3c5ea8e7e21c5180b60313e47db2474cdf4d6744,6336,document_or_structured_evidence,.yaml
docs/codex_handoff/htt_tensorized_report_first_20260903/R4B0E_EXECUTION_PIPELINE_CLOSEOUT.yaml,eddf924b0e6a97280983535cd3d3aea5bcd9e420,2773,document_or_structured_evidence,.yaml
docs/codex_handoff/htt_tensorized_report_first_20260903/R4B0_EXECUTION_ATTEMPT_RECEIPT.yaml,36168ae97880f69acedc3005df03704a0b585b26,1956,document_or_structured_evidence,.yaml
docs/codex_handoff/htt_tensorized_report_first_20260903/R4B0_PUBLICATION_ASSEMBLY_CLOSEOUT.yaml,deba09f54132110b15d279ffbd591ba796a8cb14,4227,document_or_structured_evidence,.yaml
docs/codex_handoff/htt_tensorized_report_first_20260903/R4B0_PUBLICATION_CONFIG_FIX_RECEIPT.yaml,23502b888cda99995c46ea328cd184627ce8385c,1329,document_or_structured_evidence,.yaml
docs/codex_handoff/htt_tensorized_report_first_20260903/REGISTERED_SURVIVOR_SURFACE.csv,d64cfbd2265b85264798cc753d38a6f300a5877f,5434,document_or_structured_evidence,.csv
docs/codex_handoff/htt_tensorized_report_first_20260903/REPORT_A_CITATION_PROVENANCE_MATRIX_V1.yaml,7dd3d56315cbdb48bc5d210748d6474cc6b52ed8,10330,document_or_structured_evidence,.yaml
docs/codex_handoff/htt_tensorized_report_first_20260903/REPORT_A_CITATION_PROVENANCE_MATRIX_V2.yaml,3fbaa2f97522cca6d0ad60e0c96655d293ca0d74,11714,document_or_structured_evidence,.yaml
docs/codex_handoff/htt_tensorized_report_first_20260903/REPORT_A_PEDAGOGICAL_ASSEMBLY_VERIFY_RENDER_20260907.md,4fba1c5b8f995a85cd423d4e2e7f2bee6a7716d7,15338,document_or_structured_evidence,.md
docs/codex_handoff/htt_tensorized_report_first_20260903/REPORT_A_R3_RENDER_AND_RETURN_20260907.md,5e95a2eca4132047ab7f0ea89a6059e136545027,12170,document_or_structured_evidence,.md
docs/codex_handoff/htt_tensorized_report_first_20260903/REPORT_SECTION_CLAIM_MAP.csv,928270eaeaae3b3041c7fdae896a9d935ae0519a,1562,document_or_structured_evidence,.csv
docs/codex_handoff/htt_tensorized_report_first_20260903/REPORT_SECTION_CLAIM_MAP_V2_CANDIDATE.csv,d42a666ff0eba8fdca8afc9b4e719de6e5e12a8d,3140,document_or_structured_evidence,.csv
docs/codex_handoff/htt_tensorized_report_first_20260903/REPO_SURFACE_INVENTORY.yaml,66794951517e538266d2a5e42c6e863c0fc6070c,8837,document_or_structured_evidence,.yaml
docs/codex_handoff/htt_tensorized_report_first_20260903/REVISED_EXECUTION_PLAN.md,c47f67ada9747650748b2537becb46e83248ac86,12988,document_or_structured_evidence,.md
docs/codex_handoff/htt_tensorized_report_first_20260903/T1_WOLFRAM_EXACT_RECEIPT.json,1a76f4e210c6ccaee4f477b4ae31667536f3ca6c,2710,document_or_structured_evidence,.json
docs/codex_handoff/htt_tensorized_report_first_20260903/T2_QO_STRATA_AND_SCOPE_LEDGER.yaml,ddbcd7f0f776786f1e39053390cd3766837fbd75,3288,document_or_structured_evidence,.yaml
docs/codex_handoff/htt_tensorized_report_first_20260903/T2_WOLFRAM_EXACT_RECEIPT.json,eac02bf055e1c3ea84c96005611930ab2521af46,3217,document_or_structured_evidence,.json
docs/codex_handoff/htt_tensorized_report_first_20260903/T3_WOLFRAM_AND_SOURCE_RECEIPT.json,b3d1a1dfdab7228dac3af360392e7680947ba442,3352,document_or_structured_evidence,.json
docs/codex_handoff/htt_tensorized_report_first_20260903/T4_WOLFRAM_FINITE_RANK_RECEIPT.json,c6826fb4df9ec57bcc769ef8735c256001e56b4a,3227,document_or_structured_evidence,.json
docs/codex_handoff/htt_tensorized_report_first_20260903/T5_WOLFRAM_AND_EXECUTION_RECEIPT.json,033bc6029e309b0c7aec0a969aea1eb6cfe49694,4196,document_or_structured_evidence,.json
docs/codex_handoff/htt_tensorized_report_first_20260903/T6_WOLFRAM_AND_EVIDENCE_RECEIPT.json,7aa0d9e9ff7fa8db6e00ba4df55e0e41b87177fb,3715,document_or_structured_evidence,.json
docs/codex_handoff/htt_tensorized_report_first_20260903/T7_CONTINUUM_EVIDENCE_LEDGER.yaml,8e66d1590305647bf3cff5f76d654c40d0295847,3912,document_or_structured_evidence,.yaml
docs/codex_handoff/htt_tensorized_report_first_20260903/T8_WOLFRAM_EXACT_RECEIPT.json,ecbdd3b73b203ea0f77aaaf5056c4b3fa2cd0bce,4279,document_or_structured_evidence,.json
docs/codex_handoff/htt_tensorized_report_first_20260903/T9_INTEGRATED_CLAIM_EVIDENCE_LEDGER.yaml,be0fed9ef2a5c764a71d2270c7d24b6d5cbeffa6,17669,document_or_structured_evidence,.yaml
docs/codex_handoff/htt_tensorized_report_first_20260903/T9_INTEGRATED_CLAIM_EVIDENCE_LEDGER_V2.yaml,88f7ef00936fda235f334b54d87a277580a1c874,18140,document_or_structured_evidence,.yaml
docs/codex_handoff/htt_tensorized_report_first_20260903/T9_INTEGRATED_CLAIM_EVIDENCE_LEDGER_V3.yaml,718f536420be3527b06bf46c2a2575309f932f79,20376,document_or_structured_evidence,.yaml
docs/codex_handoff/htt_tensorized_report_first_20260903/T9_INTEGRATED_CLAIM_EVIDENCE_LEDGER_V4.yaml,58291e9cfac6ff85ceffbdb6bdefd50315240831,21683,document_or_structured_evidence,.yaml
docs/codex_handoff/htt_tensorized_report_first_20260903/T9_LEDGER_COUNT_CORRECTION_AND_VALIDATION.json,ef1f921973c81564c4b9532377836d00146f4a49,1368,document_or_structured_evidence,.json
docs/codex_handoff/htt_tensorized_report_first_20260903/THEORY_ONLY_DAG.yaml,159356aeaf4caac37ef9c4ba7447327b2771d244,11066,document_or_structured_evidence,.yaml
docs/codex_handoff/htt_tensorized_report_first_20260903/THEORY_ONLY_DAG_STATUS_OVERLAY_V10.yaml,2c7508d6409c9c5d46c37d3b5ab66f988d7854a3,1844,document_or_structured_evidence,.yaml
docs/codex_handoff/htt_tensorized_report_first_20260903/THEORY_ONLY_DAG_STATUS_OVERLAY_V11.yaml,8b05290b157c5ea86cae9154aaaa343f02d85d1d,1722,document_or_structured_evidence,.yaml
docs/codex_handoff/htt_tensorized_report_first_20260903/THEORY_ONLY_DAG_STATUS_OVERLAY_V12.yaml,161e0dbdad5ba5c168c5657522000b3fc9cf030e,2119,document_or_structured_evidence,.yaml
docs/codex_handoff/htt_tensorized_report_first_20260903/THEORY_ONLY_DAG_STATUS_OVERLAY_V13.yaml,6f831dc6ec18e3d55e828246d95986d7777e0d19,2849,document_or_structured_evidence,.yaml
docs/codex_handoff/htt_tensorized_report_first_20260903/THEORY_ONLY_DAG_STATUS_OVERLAY_V14.yaml,3728d41ed5cf7d0f19d9903ecc2b0ff0518b55e6,2881,document_or_structured_evidence,.yaml
docs/codex_handoff/htt_tensorized_report_first_20260903/THEORY_ONLY_DAG_STATUS_OVERLAY_V15.yaml,1ce7f6428b7b7c5e8e48dfa400b426c33bac2639,2638,document_or_structured_evidence,.yaml
docs/codex_handoff/htt_tensorized_report_first_20260903/THEORY_ONLY_DAG_STATUS_OVERLAY_V16.yaml,3edc321fdea01c3a840b10db5d8991228788c6fe,2251,document_or_structured_evidence,.yaml
docs/codex_handoff/htt_tensorized_report_first_20260903/THEORY_ONLY_DAG_STATUS_OVERLAY_V17.yaml,7477dce6bc0e5fc54b80fc60ccdaecb50a9de090,1923,document_or_structured_evidence,.yaml
docs/codex_handoff/htt_tensorized_report_first_20260903/THEORY_ONLY_DAG_STATUS_OVERLAY_V18.yaml,d15fd90e2dd3770745b3962e663f919e348e547d,2520,document_or_structured_evidence,.yaml
docs/codex_handoff/htt_tensorized_report_first_20260903/THEORY_ONLY_DAG_STATUS_OVERLAY_V19.yaml,78d17a289581341e9ad055deeac67ecd630e69de,2422,document_or_structured_evidence,.yaml
docs/codex_handoff/htt_tensorized_report_first_20260903/THEORY_ONLY_DAG_STATUS_OVERLAY_V20.yaml,c97af53120ba1b3a4e4c3df7dc068db10e243cd0,2461,document_or_structured_evidence,.yaml
docs/codex_handoff/htt_tensorized_report_first_20260903/THEORY_ONLY_DAG_STATUS_OVERLAY_V21.yaml,6c4d20ab291876b92774484e8c610723dc965c2f,3284,document_or_structured_evidence,.yaml
docs/codex_handoff/htt_tensorized_report_first_20260903/THEORY_ONLY_DAG_STATUS_OVERLAY_V22.yaml,141e720345f7821a44afeda922c6d4ceae1c4bad,3390,document_or_structured_evidence,.yaml
docs/codex_handoff/htt_tensorized_report_first_20260903/THEORY_ONLY_DAG_STATUS_OVERLAY_V23.yaml,3521c1b38b6c0f635b92a46d5aeaaacfa51b0fd4,3813,document_or_structured_evidence,.yaml
docs/codex_handoff/htt_tensorized_report_first_20260903/THEORY_ONLY_DAG_STATUS_OVERLAY_V24.yaml,b047b67974cc6d2676bde9c40458335f6484603c,3316,document_or_structured_evidence,.yaml
docs/codex_handoff/htt_tensorized_report_first_20260903/THEORY_ONLY_DAG_STATUS_OVERLAY_V25.yaml,e10be290f8c1d7846c2d65df0f05a12582a40822,2371,document_or_structured_evidence,.yaml
docs/codex_handoff/htt_tensorized_report_first_20260903/THEORY_ONLY_DAG_STATUS_OVERLAY_V26.yaml,15c163bb53a455fbbe73f651e28d5ea272951be2,2658,document_or_structured_evidence,.yaml
docs/codex_handoff/htt_tensorized_report_first_20260903/THEORY_ONLY_DAG_STATUS_OVERLAY_V27.yaml,6f359eb8e43f715e056e9069a13a32349b54435e,3468,document_or_structured_evidence,.yaml
docs/codex_handoff/htt_tensorized_report_first_20260903/THEORY_ONLY_DAG_STATUS_OVERLAY_V28.yaml,7424daac7bf0fb114059837c25e39ca543dfa186,3635,document_or_structured_evidence,.yaml
docs/codex_handoff/htt_tensorized_report_first_20260903/THEORY_ONLY_DAG_STATUS_OVERLAY_V29.yaml,6d0a6558a0c66a4811256da55d115114937cf8f4,3497,document_or_structured_evidence,.yaml
docs/codex_handoff/htt_tensorized_report_first_20260903/THEORY_ONLY_DAG_STATUS_OVERLAY_V6.yaml,0034374ff925803aabddd111f82de93ab9c84f2b,3097,document_or_structured_evidence,.yaml
docs/codex_handoff/htt_tensorized_report_first_20260903/THEORY_ONLY_DAG_STATUS_OVERLAY_V7.yaml,fed5808c34600156625b7eb38eab28caf45322a6,4677,document_or_structured_evidence,.yaml
docs/codex_handoff/htt_tensorized_report_first_20260903/THEORY_ONLY_DAG_STATUS_OVERLAY_V8.yaml,6ec735623b9eefc3a460a26513aab1cfa002d4ca,1355,document_or_structured_evidence,.yaml
docs/codex_handoff/htt_tensorized_report_first_20260903/THREE_LANE_R4A1E_LOCAL_EXECUTION_HANDOFF_20260905.md,0a7f5d755ca06be160c10e4bdea6dcd0df8fbb0e,21719,document_or_structured_evidence,.md
docs/codex_handoff/htt_tensorized_report_first_20260903/WOLFRAM_A2_VALIDATION_RECEIPT.json,8d01385395dca819267327578c532f6e68fdb45e,3662,document_or_structured_evidence,.json
docs/codex_handoff/mes_tensor_research_integration/CODEX_HANDOFF_PROMPT.md,b1b6e4c937805e54bb9f7e1259b44626f81da61d,7876,document_or_structured_evidence,.md
docs/codex_handoff/mes_tensor_research_integration/EXECUTION_CONTRACT.json,65a74f3e41ebb4d72320f4ae5d5d9439d395f272,6666,document_or_structured_evidence,.json
docs/codex_handoff/mes_tensor_research_integration/RESEARCH_SYNTHESIS.md,ddfdcb823b8997d9b0e1c9053fbb3bee6e151c69,7636,document_or_structured_evidence,.md
docs/codex_handoff/pr_backlog.json,0ea45dc9eadeb09c9d96106bea58f358a65016e5,504195,document_or_structured_evidence,.json
docs/codex_handoff/pr_backlog.yaml,1d013d6f24d9c0ff4739a0c7e35a9c28ea0ce0a3,408037,document_or_structured_evidence,.yaml
docs/codex_handoff/pr_dag_research_program.yaml,a6d453c46242d142d8340ab03ed689c885c7a22f,9221,document_or_structured_evidence,.yaml
docs/codex_handoff/pr_dag_revision.yaml,750c2d7f0ebbe6ba82c3cc13f41cb29aebe76c6c,4076,document_or_structured_evidence,.yaml
docs/codex_handoff/pr_status.yaml,ec61515e6ca9be691c9187159e7caacfac5158f6,122916,document_or_structured_evidence,.yaml
docs/codex_handoff/remaining_pr_crosswalk.csv,acf7390813e2c82aa1f9e18e6ff1b294e435cf7c,19214,document_or_structured_evidence,.csv
docs/codex_handoff/research_remediation_state.yaml,853673c83a5815f6e172034c78e06807920ca127,86449,document_or_structured_evidence,.yaml
docs/codex_handoff/test_harness.md,1ac9339d459a0825855279bbe9a4931e43da0636,1419,document_or_structured_evidence,.md
docs/deprecation/theorem_to_test_map.md,91fac4b1bc2882cfee75aeda755b01a73e020971,1627,document_or_structured_evidence,.md
docs/deprecation/tsc_legacy.md,52160cc2b49ec20adc77236f8565becac750ac75,1193,document_or_structured_evidence,.md
docs/design/BASS_PY_INTEGRATION_AMENDMENT_01.md,7f072503098e40d6ac64c30fe17e4e8cfc736dfd,12286,document_or_structured_evidence,.md
docs/design/BASS_PY_INTEGRATION_MERGED.md,6b9df3ea59df08ec2b016f2a61c07c843f607855,12884,document_or_structured_evidence,.md
docs/design/CANONICAL_DECISION_DESIGN.md,bec6e49ddf3191b8c81d90e4716eae01482aabed,14887,document_or_structured_evidence,.md
docs/design/L0_PRECISION_REPORT.json,8d188db92fd13962f8bad35c948936a2b47d4569,6015,document_or_structured_evidence,.json
docs/design/L0_PRECISION_REPORT.md,681f6b2b08ce57baebd1d3914ac02fe4e77c5b1e,2538,document_or_structured_evidence,.md
docs/design/MASTER_PROMPT_LIST_bass_py.md,68e5f92abfcc60573bfb02964eea9c05fca3e744,70406,document_or_structured_evidence,.md
docs/dossier/A13_00_FLRW.md,b24b31bcdc4297c053091f4912c0b610a0311211,2889,document_or_structured_evidence,.md
docs/dossier/A13_01_FLRW_tilt.md,053d88138aee43069d2c8059457ecdd2068bbfec,3696,document_or_structured_evidence,.md
docs/dossier/A13_02_BI_orth.md,fb7bc247cd793b1da2a9afefb20aab6ee10fc2e8,4182,document_or_structured_evidence,.md
docs/dossier/A13_03_BVII0_orth.md,3a6cd2d96c06e98e155ee7dd3d68bf5f43cc8915,3386,document_or_structured_evidence,.md
docs/dossier/A13_04_BII_orth.md,a7aaed876d63f76091ad5529624b3e20bbd91a20,3623,document_or_structured_evidence,.md
docs/dossier/A13_05_BVI0_orth.md,fad066875dfa904773cb206cb7f865503936f413,3345,document_or_structured_evidence,.md
docs/dossier/A13_06_BVIII_orth.md,30c5ee49116654381c40b14deba3df075bb51cb0,3854,document_or_structured_evidence,.md
docs/dossier/A13_07_BIX_orth.md,c0dd4ac1067bc299f5e315fcc9b2c132c486522d,3638,document_or_structured_evidence,.md
docs/dossier/A13_08_BVIIh_orth.md,4f119db79434ebd4bf00d85780cf756dff9816fb,4701,document_or_structured_evidence,.md
docs/dossier/A13_09_BI_tilt.md,fed2d66e6b64f77429df2f4c54eacb666590b908,3899,document_or_structured_evidence,.md
docs/dossier/A13_10_BV_tilt.md,f00c414e64f1d21ed1003bdef9c230f904149b51,3797,document_or_structured_evidence,.md
docs/dossier/A13_11_BIII_tilt.md,d9a9e22349a9bb94447966a84d831ea83ae9c34e,3303,document_or_structured_evidence,.md
docs/dossier/A13_12_BIX_tilt.md,ce3d35160db1b84d03edb0eb48ee02dbe3a1622a,3333,document_or_structured_evidence,.md
docs/dossier/A13_13_BVIIh_tilt.md,a157762292e9dafbcb9b1fd4e1ce16883bd9668d,5370,document_or_structured_evidence,.md
docs/dossier/A13_template.md,bfe8e2e38178f2932137a917496633ca09f5c758,3560,document_or_structured_evidence,.md
docs/dossier/A14_N1_scanning_law.md,ee9f8321b5832bedda3871bb9cbc0e98f588b720,6025,document_or_structured_evidence,.md
docs/dossier/A14_N2_mask_leakage.md,c5cf59d3c7749a33d4d2d7eaa95795e268445ace,5089,document_or_structured_evidence,.md
docs/dossier/A14_N3_clustering_dipole.md,94450660a09d0f069e18aca1e2b1fd826b530955,5853,document_or_structured_evidence,.md
docs/dossier/A14_N4_selection_response.md,ac67d6843eba7ac59f8bf4c9fb69e684b25ca001,5211,document_or_structured_evidence,.md
docs/dossier/A14_N5_survey_axis.md,6644bb610974235581f8ca461428bef171496eac,5222,document_or_structured_evidence,.md
docs/dossier/A32_mio_certificate_schema.md,4e510756cef9ffafad94c846ee3b6d789d50c0c5,7551,document_or_structured_evidence,.md
docs/dossier/A33_htt_forward_output_atlas_entry.md,586fa94b5c865a91d62f07781aa2f4f4e8b603cd,6910,document_or_structured_evidence,.md
docs/dossier/A34_g19_cross_check_protocol.md,eeef5bd7a03355eb30d8b0d296a20f36374ef311,11217,document_or_structured_evidence,.md
docs/dossier/A35_directional_coherence.md,30956173244cfa0cd8ce6bd70c826cfc52556eff,6481,document_or_structured_evidence,.md
docs/dossier/A36_mio_channel_weighting.md,eb91e1e7e12104b3823ff8e4571ddb914effa602,6788,document_or_structured_evidence,.md
docs/dossier/A36a_sigma_cone_literature.md,29169c1c98f3d01091600bbf82e60094e1690856,14015,document_or_structured_evidence,.md
docs/dossier/A36a_sigma_cone_literature.yaml,6dd008c5a6cb01184b41bc44ccd30d58444b7547,2226,document_or_structured_evidence,.yaml
docs/dossier/A37_mio_probe_name_schema.md,ab8a2fc99989cb32b6e303f84b3d4db98a21dd6b,7501,document_or_structured_evidence,.md
docs/dossier/A38_masked_sky_caveats.md,f192bd87f58a1cddbc1dc51a453106e066dc347a,5661,document_or_structured_evidence,.md
docs/dossier/A39_per_module_epistemic_ownership.md,39b7e3ad5fba5ee05a88afdb8a5cc57a950b2450,7202,document_or_structured_evidence,.md
docs/dossier/A40_g19_architectural_stance.md,d8bf12f2e45aa86354b3175d0c989585ec67614f,8480,document_or_structured_evidence,.md
docs/dossier/A41_mio_report_type_extension_protocol.md,c386f6fe0ca2b163627b1ecfbd1c3782f8e4d793,10688,document_or_structured_evidence,.md
docs/dossier/A42_evidence_anatomy.md,d153108b15c075c8296c34a108b8c27e8701c943,10095,document_or_structured_evidence,.md
docs/dossier/A43_schema_hash_digest.md,da44c97f26966f682cf27c3e253f4a5d07ec7818,15740,document_or_structured_evidence,.md
docs/dossier/A44_mio_htt_handshake_sequence.md,5097e63b7bd03a3999c9046313c9d5055c3912fe,15062,document_or_structured_evidence,.md
docs/dossier/A45_mio_cache_replay_drift.md,844b0fcfe8edcf44ecf7fa603ba2789427c538fc,14100,document_or_structured_evidence,.md
docs/dossier/A46_three_lane_race_stress_test.md,f2dcf497d2ccdc2b3ca7b2117f18c8b2ce649e85,12344,document_or_structured_evidence,.md
docs/dossier/A47_hj03_acceptance_test_paste_replace_protocol.md,1ad5d22053ea3e1f4bd1071c3732d51cf049d8d1,16233,document_or_structured_evidence,.md
docs/dossier/A48_mio_htt_dependency_wait_contract.md,3d31bbb5cd3fba37daf36b00e6a82c349a201105,11177,document_or_structured_evidence,.md
docs/dossier/A49_audit_post_commit_addendum_protocol.md,40539ce3bece5290f8899e7d294a5bac2bc11bdf,22459,document_or_structured_evidence,.md
docs/dossier/A50_addendum_notice_memory_promotion_spec.md,36cd198795cba6611f3b96787a58ce1915f7a6de,23637,document_or_structured_evidence,.md
docs/dossier/A51_post_promotion_memory_stability_protocol.md,8ff655d10fd32a9f0964c2d3b85c978c6603012d,14479,document_or_structured_evidence,.md
docs/dossier/A52_governance_lifecycle_diagram.md,269fae5ab2a7b5c7fede436691e8c66bfd438d7b,12754,document_or_structured_evidence,.md
docs/dossier/A53_hash_config_anchor_location_protocol.md,0bd591aa42cbfc1a65c56378fd278c5a324d5ade,7895,document_or_structured_evidence,.md
docs/generated/act_kappa_card.json,57b12229dfc9c8d75195b419a22dd81c1143a46d,2377,document_or_structured_evidence,.json
docs/generated/act_raw_qe_card.json,708688818b752bf6e923a7738825931b1acc402e,128400,document_or_structured_evidence,.json
docs/generated/amplitude_matched_contamination_report.json,16f287cc65715203612e72d7a423171ad3264d4d,1087,document_or_structured_evidence,.json
docs/generated/amplitude_matched_contamination_report.md,4096f02557a42ee6c548139eed57a862fa32a5aa,1105,document_or_structured_evidence,.md
docs/generated/audit_ver2_completion_report.md,486671cd63e549992020384e4bbc41559c486afc,2865,document_or_structured_evidence,.md
docs/generated/audit_ver2_response_matrix.json,b701e72345ab0b9fa819a110594c63a518738b49,10424,document_or_structured_evidence,.json
docs/generated/audit_ver2_response_matrix.md,57dc177b893ab14d739b58c32105cbf2bbb22d37,6227,document_or_structured_evidence,.md
docs/generated/bass_extended_joint_forecast.json,d0f06564e898d563425ff9b3ad70591605a7b76a,3891,document_or_structured_evidence,.json
docs/generated/bianchi_v_constraint_seal.json,d8ef974339a7d0de18a0696c144d9b28b021fdc7,1122,document_or_structured_evidence,.json
docs/generated/bianchi_v_dynamics_seal.json,ecbc5b44886a679527e4aa2d1e0885118cb64f82,2411,document_or_structured_evidence,.json
docs/generated/cf4_affine_flow_report.json,6009c4b489fc743861ab80dd90b90646dbdc3c7e,5076,document_or_structured_evidence,.json
docs/generated/cf4_affine_flow_report.md,2a1fc58fc49e086633e54688030db630c75b49ed,2518,document_or_structured_evidence,.md
docs/generated/cf4_bulkflow_apex_depth_report.json,dd6d8fd3ecd8cb5199d2f3082a58bb9f14b0b3c8,6528,document_or_structured_evidence,.json
docs/generated/cf4_bulkflow_apex_depth_report.md,63ee9604ccacbac7cb956bdfec85e2608ec4fbfd,1914,document_or_structured_evidence,.md
docs/generated/cf4_bulkflow_lcdm_card.json,b69a12ccaf9ada9a58e9cc0a4cfdfc9337104b8f,3863,document_or_structured_evidence,.json
docs/generated/cf4_bulkflow_likelihood_report.json,c28d7cb6cca46dbcacd261802e9fb9aca7a8a2c9,5882,document_or_structured_evidence,.json
docs/generated/cf4_bulkflow_likelihood_report.md,5e9a0d6b6eb66c9d7e282dc126549a08c5bfdfa4,1081,document_or_structured_evidence,.md
docs/generated/cf4_forward_likelihood_design.md,79931a05ed9418d24849090fa9ee3169232c3648,4067,document_or_structured_evidence,.md
docs/generated/cf4_mock_significance_card.json,426d84855709fc126f29daf3835885f773330f47,3881,document_or_structured_evidence,.json
docs/generated/cf4_mv_bulkflow_card.json,ddbf4ba80196ba7267aacd48a53436c719fba248,3846,document_or_structured_evidence,.json
docs/generated/cf4_p0_quarantine_block.json,ad770500d31eb1ca36750e5b15dcd54efaa64445,3507,document_or_structured_evidence,.json
docs/generated/cf4_p0_quarantine_block.md,d331389f8c7a9a1b962642b57f64dffc87fe51f5,1967,document_or_structured_evidence,.md
docs/generated/cf4_p0_quarantine_inventory.json,1b84e999116432e20f8430fa2180c5403ed96566,373031,document_or_structured_evidence,.json
docs/generated/cf4_p0_quarantine_inventory.md,38d324a52306f5bb70910b623883b8dd25d2fd98,208036,document_or_structured_evidence,.md
docs/generated/cf4_reconstruction_dependence_card.json,b8e157ef95dc2fba09f8938725f78cf682e8dc8b,5559,document_or_structured_evidence,.json
docs/generated/cf4_velocity_correlation_card.json,8d0b528295df4266371de4c586b3b7452992b013,5558,document_or_structured_evidence,.json
docs/generated/cf4_velocity_correlation_ml_card.json,7d70ad28dfd83be84d5003ee3a1a8c0ea27a62e4,3894,document_or_structured_evidence,.json
docs/generated/cf4pp_lnb_provenance_report.json,42763279aa311692be78108827ffbb673275df16,12764,document_or_structured_evidence,.json
docs/generated/cf4pp_lnb_provenance_report.md,8d82a46d815bbb5169420115181aaad41c4c0321,4181,document_or_structured_evidence,.md
docs/generated/cf4pp_vorticity_card.json,c03b3ed02ebb93bdeebbcc2726d16d626dc9ba37,3109,document_or_structured_evidence,.json
docs/generated/channel_occupancy_repair_report.md,cce3bc0a9f02e1e94d5e33cc5e1fc04a1dc9f052,2159,document_or_structured_evidence,.md
docs/generated/claim_adjudication/adjudication_ledger.json,30e2cfb2d9ef8cfd3ba84c4ff173cf61968a7491,54836,document_or_structured_evidence,.json
docs/generated/claim_adjudication/adjudication_ledger.md,b0f6c11a036e41405da4e386b89e1907cd7867aa,45094,document_or_structured_evidence,.md
docs/generated/claim_adjudication/literature_verdicts.json,38811e3ff95652e7dada79bf3c580a738cff8b8b,97353,document_or_structured_evidence,.json
docs/generated/claim_ledger.json,feb8276e04d54a6d82099d56f50fb470b6cd295e,119254,document_or_structured_evidence,.json
docs/generated/coverage_strengthened_seal.json,71ddf44bdd626c0bd5aaabdd97c5945920507c58,968,document_or_structured_evidence,.json
docs/generated/current_manuscript_figure_curation.json,07f9338f957736a85d30dfd22b7ea8a8b6f05533,8071,document_or_structured_evidence,.json
docs/generated/current_manuscript_plot_list.md,b37bb7a10cbef18226c9626bd444a7b482e011c4,7791,document_or_structured_evidence,.md
docs/generated/current_science_plot_payload.json,32c28a7f33b6c73bb3b35aacb1d859be5e2ed57c,1009113,document_or_structured_evidence,.json
docs/generated/data_binding_gap_report.md,c68273dff7bab8d021b2bb6b1bc0ba5b5d747146,22100,document_or_structured_evidence,.md
docs/generated/data_lane_forward_seal.json,bccb7646986f7ee68aab9412b591247b447ec7bd,2858,document_or_structured_evidence,.json
docs/generated/dual_axis_claim_ledger.json,2cfeff9da1b2a16952ed9dd56db661c9bd00e31a,70002,document_or_structured_evidence,.json
docs/generated/egs2_experiments.json,fb142f5dc723515545e5b7cedb17b46e218b9298,6165,document_or_structured_evidence,.json
docs/generated/egs3_boost_tilt_separation_proof.json,20a1d53e6dc1c8c15bb1e0d1fe0cfd311a1e5c40,917,document_or_structured_evidence,.json
docs/generated/egs3_bracket_constants_proof.json,50e7602de282b230471a9dd9abecb3718a14209d,790,document_or_structured_evidence,.json
docs/generated/egs3_experiments.json,b1bbdbefc166ed249c8e6fde575b143e3a2637d1,23677,document_or_structured_evidence,.json
docs/generated/egs3_lean_seal.json,ea1e5b7884ae1c0467266704c8e9b9df2265b0d1,789,document_or_structured_evidence,.json
docs/generated/egs3_psd_cone_proof.json,0a1a2769a516a32538e7ddd229685ba05dd32405,760,document_or_structured_evidence,.json
docs/generated/egs3_sage_seal.json,c53d1df1c03359325e66c9ab3a7ab239a3bc2092,745,document_or_structured_evidence,.json
docs/generated/egs3_v7_t3lin_proof.json,3ceaa747d0315bc622f142e1475e354aa7a3a102,768,document_or_structured_evidence,.json
docs/generated/egs3_v7_wolfram_proofs.json,8fa553c0d4e21c4d23dcba20328eb9a452cf713e,881,document_or_structured_evidence,.json
docs/generated/egs3_v8_interior_family_proof.json,b1c2b2e84f08a559515d0448467b78c79540df4c,957,document_or_structured_evidence,.json
docs/generated/egs3_v8_mathlib_seal.json,04373613d848a4bd848c27a983f32705f86ae45e,752,document_or_structured_evidence,.json
docs/generated/egs3_v8_t3_king_ellis_proof.json,0bb53798372b65d83e03b53e1c727285d72d8c5a,785,document_or_structured_evidence,.json
docs/generated/egs3_v8_teff_representative_proof.json,d3fe5700153b838c4c4e576540425789ee3651f5,787,document_or_structured_evidence,.json
docs/generated/egs3_v8_unification_proof.json,76d154de852f33cafbcfd40685acb89a9e59ba95,1104,document_or_structured_evidence,.json
docs/generated/egs_lowell_theorem_proofs.json,e54eab4498492abbd1909a49ad09256a4564a360,3957,document_or_structured_evidence,.json
docs/generated/egs_lowell_theorem_proofs.md,caba5df187f8aaceff1309cff47b01691d5edc9e,3320,document_or_structured_evidence,.md
docs/generated/egs_results_table_v9.json,79f4e0dcb71614f28d6d8f15b0feee8f73b18988,46546,document_or_structured_evidence,.json
docs/generated/egs_results_table_v9.md,eedf955b60804cdc0f97c30622ac01b366ced639,34719,document_or_structured_evidence,.md
docs/generated/expanded_manuscript_figure_suite.json,96c464bd9af2406ada1aca3308e89b56de0d06d8,71477,document_or_structured_evidence,.json
docs/generated/expanded_manuscript_plot_list.md,3a593ce2a4952e8e30e5d4e86783b34d0e635f5d,38067,document_or_structured_evidence,.md
docs/generated/external_audit_package_manifest.json,7f983214f7cae00148919fc9c9c571c8c5aeab73,842032,document_or_structured_evidence,.json
docs/generated/external_lanes_seal.json,c600b528bb6b9018f5a3606a199c4d16e1990ff6,7859,document_or_structured_evidence,.json
docs/generated/external_research_input_response_matrix.md,5e1118ec02a7628a49e59b0a568e990fe8ad1c25,4040,document_or_structured_evidence,.md
docs/generated/figure_lane_curation_report.json,1463ad24eda52b9f85be529ab8a9ba920e20d3b1,34688,document_or_structured_evidence,.json
docs/generated/figure_lane_curation_report.md,144a3d8923520c70a066ad484c1d45843706a96b,784,document_or_structured_evidence,.md
docs/generated/fingerprint_sum_theorem_seal.json,cfec611a6a70678f67ae2085129280883fd61352,1439,document_or_structured_evidence,.json
docs/generated/formalism_audit_originality_response_matrix.md,a70e283fb61af2a05bea4a36b5361ec60bffd523,13715,document_or_structured_evidence,.md
docs/generated/fractional_program_exact_seal.json,349e8eb3a1b3a29e4f1459f36bb31277b5c02c2b,3097,document_or_structured_evidence,.json
docs/generated/fractional_program_sage_seal.json,c0d1fc2c063eb25b98aa9624c2f860aec81226b0,668,document_or_structured_evidence,.json
docs/generated/frame_vorticity_repair_note.md,b6a74c5aa8c3d4eaaba9b24f29ffdd005fb34535,2483,document_or_structured_evidence,.md
docs/generated/gf_interval_v8_seal.json,164e9f9573361b7e6f5a79e8bcd141e02b9ebe24,1943,document_or_structured_evidence,.json
docs/generated/gf_matched_null_forecast_report.json,0e705f4a951b6caefeacc61a65b3543439ceaf5b,13319,document_or_structured_evidence,.json
docs/generated/gf_matched_null_forecast_report.md,f1a948339138390094bcfbfd2cae6c6fb9aab7d4,1744,document_or_structured_evidence,.md
docs/generated/gf_strictness_exact_seal.json,03678b74f91dded2d18d0896dd1aec1e005d810b,805,document_or_structured_evidence,.json
docs/generated/hostile_review_response_matrix.md,9c9795b2ef0243b76098d781fcca1c374c2b93d3,7877,document_or_structured_evidence,.md
docs/generated/interior_family_seal.json,5d80feea8b66b8f7465fa9502c804f9b8d8cd2b7,11103,document_or_structured_evidence,.json
docs/generated/joint_rest_frame_model_design.md,4ae9500aef471ea1b018a3b3b60fb973670558df,3831,document_or_structured_evidence,.md
docs/generated/joint_survey_hierarchy_design.md,f7e5fbda966ed805455f7d8b5aada4958d9a10cf,1901,document_or_structured_evidence,.md
docs/generated/jwst_cf4_anchors.json,4b72a08457d39fe6cf3a8eae948a395a6015673a,5263,document_or_structured_evidence,.json
docs/generated/k1_biposh_smica.json,c18b0c4f9e468e2c0c50b4c0618107f48e9367c7,5634,document_or_structured_evidence,.json
docs/generated/k1_e2e_cache_gate_ffp10_smica.json,3f0bf8adee911e1426a56bb985961a823ec41203,1026813,document_or_structured_evidence,.json
docs/generated/k1_e2e_reduced_manifest_ffp10_smica.json,cc61300d40b8261fa8883016d62b59f23102b483,1005516,document_or_structured_evidence,.json
docs/generated/k1_evenl_biposh_rank_card.json,7abbc7c8060e3032393c5f066169a442f0159f95,6205,document_or_structured_evidence,.json
docs/generated/k1_global_maxscan.json,33072ef1ee913d7a4650b229809efe2ba219b630,3057,document_or_structured_evidence,.json
docs/generated/k1_global_maxscan_e2e_full.json,d711cec09100527b79ad39952549d3ab76407c02,921258,document_or_structured_evidence,.json
docs/generated/k5_cf4_identified_interval_card.json,43a6acea464533b8bad4254ee53777f1161ab2a3,4052,document_or_structured_evidence,.json
docs/generated/k5_cf4_identified_interval_card.md,f7a38383641b0f8d16761b4c49c639ecc04aeb0a,498,document_or_structured_evidence,.md
docs/generated/k5_cf4_identified_interval_card_v8.json,a2462f50a260d4def3a8bad79628963b5b54a95d,4070,document_or_structured_evidence,.json
docs/generated/k5_cf4_identified_interval_card_v8.md,44f4a31fe6e81f475423dfe12510730231226bfe,504,document_or_structured_evidence,.md
docs/generated/k5_cf4_identified_interval_card_v9.json,77680c244e4efedd220944d5afccd55efc0a2b1f,4070,document_or_structured_evidence,.json
docs/generated/k5_cf4_identified_interval_card_v9.md,5d55c66256d2c32e677cff0a3ff51289cc66b9b5,504,document_or_structured_evidence,.md
docs/generated/k5_cf4_release_coverage.json,7fbb7e28b1de6121df8e7c211dd1c5c4741354c5,3871,document_or_structured_evidence,.json
docs/generated/k5_omega_k_ceiling_card.json,467499b69bbffa9d054bf1bf9fdeb54327f1501b,4317,document_or_structured_evidence,.json
docs/generated/k6_cf4_curl_posterior.json,322d01cc356f0f93f8fd6281896406f9fe022cd4,5866,document_or_structured_evidence,.json
docs/generated/ke_postverify_adversarial.json,e3927cf90f2ff671c8222146afc3bb237becac27,7441,document_or_structured_evidence,.json
docs/generated/ke_preaudit_adversarial.json,75f05c1665aa1ce7890535662f73e23f691edd30,8814,document_or_structured_evidence,.json
docs/generated/king_ellis_dynamics_seal.json,cbd81ca5fcea1a8ded059bc43fcc11c65f0c0d2f,5549,document_or_structured_evidence,.json
docs/generated/king_ellis_dynamics_wolfram_seal.json,f633297bfc4982974a76b4ae89f65f330c66b1e3,1123,document_or_structured_evidence,.json
docs/generated/king_ellis_frame_seal.json,20d2606fbb9e8e2d3f21843c5c96d5ddcb34ef2f,6571,document_or_structured_evidence,.json
docs/generated/king_ellis_frame_wolfram_seal.json,bf8ac9e5bd6aad63e085d7910800401fce058c03,1304,document_or_structured_evidence,.json
docs/generated/linearized_realization_seal.json,5d85ad5d47c0517fbe4e156a71ef1cb1a283c3d2,2572,document_or_structured_evidence,.json
docs/generated/lowell_likelihood_branch_report.md,9d96be64c2585044006451989f5cfdd1ba6aca50,1950,document_or_structured_evidence,.md
docs/generated/lowell_morphology_real_map_report.json,f8a19a6e6ea6e5e237fe27c8b1c6f6fcba15409d,12928,document_or_structured_evidence,.json
docs/generated/lowell_morphology_real_map_report.md,c90c896ca11483762f88a4bf06fad9cca8affc74,2025,document_or_structured_evidence,.md
docs/generated/manuscript_audit_repair_matrix.md,75bf2d8c5927346e71bd1cc970e8d59247915428,5623,document_or_structured_evidence,.md
docs/generated/manuscript_figure_inventory.md,81d1243a1a713e90cbea529b951961ab1d8a984c,44412,document_or_structured_evidence,.md
docs/generated/manuscript_plot_list_index.md,ab88134f91336b2843018cd73cb815943e9c5baf,4411,document_or_structured_evidence,.md
docs/generated/manuscript_rearchitecture_report.md,2ac919859fda7a5d6b98951ac5d70dab467a6f93,5049,document_or_structured_evidence,.md
docs/generated/measured_response_seal.json,09315279a1a49c6329c0df14b8b12b7259f1893f,2430,document_or_structured_evidence,.json
docs/generated/mes_branch_registry_seal.json,d0dbc4227a9c3b5c772b08e18d2cf72dda5d85d2,4326,document_or_structured_evidence,.json
docs/generated/mes_geodesic_refreeze_seal.json,f7498e66716ca002c27ea8da0d99198a6de3aa21,6313,document_or_structured_evidence,.json
docs/generated/mes_geodesic_refreeze_wolfram_seal.json,5194a12417a3da3a974219b9384fe7d5e932dd8e,841,document_or_structured_evidence,.json
docs/generated/mes_provenance_seal.json,55795a106d594ddfc281d1de63e1801c3a93eb86,3979,document_or_structured_evidence,.json
docs/generated/mes_rederivation_seal.json,c724d7ace07403913d56e1ddea69f5949cc29f8c,6023,document_or_structured_evidence,.json
docs/generated/mes_refreeze_postverify_adversarial.json,c3029f177955638991d49119e8d70f1f8e7e5881,5736,document_or_structured_evidence,.json
docs/generated/mesb_web_trace_seal.json,e9218efdff5dd2cd54e8c35d036bc0f0ffc8d551,6942,document_or_structured_evidence,.json
docs/generated/mesb_web_trace_wolfram_seal.json,6521d600a64501868aa910ad8d69fdf51b8693be,862,document_or_structured_evidence,.json
docs/generated/missing_figure_references.md,512f3c33cd9ec13f6143d0ca03511fab272c8411,6589,document_or_structured_evidence,.md
docs/generated/multicomponent_tilt_seal.json,1ef3bbbdbc01fb4f6804a878b75457d7a33d580c,939,document_or_structured_evidence,.json
docs/generated/new_results_real_data_summary.md,19983ed7673855a6d36af72ba710ff777c6eafe7,4005,document_or_structured_evidence,.md
docs/generated/nonlinear_realization_seal.json,25326990a21407ada1f3f47581189a50778f8389,3653,document_or_structured_evidence,.json
docs/generated/observational_data_inventory.json,d5a99ebfc2fdb1b25b195f79682202e9bcd9ae24,279535,document_or_structured_evidence,.json
docs/generated/observational_data_inventory.md,bc86c84223b5168937682437aeb2b8c08e215fce,21315,document_or_structured_evidence,.md
docs/generated/observed_current_plot_list.md,23dd3e331576a14e5042d0daf2702d78b6701d2e,9195,document_or_structured_evidence,.md
docs/generated/observed_longrun_analysis.json,b985f37dbefe5480baf89ae3e2776cc497db8216,20084,document_or_structured_evidence,.json
docs/generated/observed_longrun_analysis.md,9cac7274cf0873f517b25008e738c87f947814b0,2003,document_or_structured_evidence,.md
docs/generated/omega_k_reopening_seal.json,fae61dc0b2aee06a0398691b6574906013c67a2f,6755,document_or_structured_evidence,.json
docs/generated/omega_k_reopening_wolfram_seal.json,ff129871693fd1f6ed1219ab8dc09dc9a3e1f061,910,document_or_structured_evidence,.json
docs/generated/omk_postverify_adversarial.json,576370d0ed4c78a3d9b10447e8cc15d3c855aa2c,6444,document_or_structured_evidence,.json
docs/generated/open_items_ledger.json,762c909542841ef99afa0f9061c3949b5e53f2b3,10478,document_or_structured_evidence,.json
docs/generated/optional_dependency_status.md,0c58ae1bab6b87f967b9b170c7069589c5b07af8,2543,document_or_structured_evidence,.md
docs/generated/parent_identity_seal.json,98bd97e89b8ea1605c97ac9800a7e7e95406eda6,1954,document_or_structured_evidence,.json
docs/generated/pdf_claim_lint_report.md,7219488dc607006d23a5ce5f18421d9e55cceb5e,1627,document_or_structured_evidence,.md
docs/generated/pr04_paper_theorem_proofs.json,4e174738f04b39136e1b92568bafbcd4a77642be,6138,document_or_structured_evidence,.json
docs/generated/pr04_paper_theorem_proofs.md,35ab6fc865a9b2b048144946e675fd533c9fb4e3,4838,document_or_structured_evidence,.md
docs/generated/pr07_capability_probe.json,fee4fdcfd8ce3bec8d0348c65b8b1b48125f01d5,405,document_or_structured_evidence,.json
docs/generated/pr07_cove_report.json,470bbbc8ad0150ee3f0b0e148f5c2b4f05177e9a,5966,document_or_structured_evidence,.json
docs/generated/pr07_k1_global_synthetic.json,6e75d618fc1e7b3a801ade2485f53168b17b1057,836,document_or_structured_evidence,.json
docs/generated/pr07_k5_hierarchical_synthetic.json,dd0aa96cbd878ab31a7d8845d05fe252a33ea788,864,document_or_structured_evidence,.json
docs/generated/pr07_k6_affine_ensemble_synthetic.json,0ca1f8c8136244bcc9bb32dd0610a9cf74031166,913,document_or_structured_evidence,.json
docs/generated/pr07_paper_a.json,d5b76f93d9036d83ca380a6bb7153bcc0d5cf1e0,2004,document_or_structured_evidence,.json
docs/generated/pr07_paper_b.json,98b4c1ff0a7b13527585a564c62bcda6e9bfc2be,753,document_or_structured_evidence,.json
docs/generated/pr07_wolfram_proofs.json,04f0bac42ae3f055f6f67f50998548752f109358,1363,document_or_structured_evidence,.json
docs/generated/pr08_006_joint_artifact.json,113f015bdd22dc52affc3ce8af5748fa534a23b3,3871,document_or_structured_evidence,.json
docs/generated/pr121_hermetic_replay_receipt.json,63c09c105068252592dd0cce56e1d3a7f1b89217,392434,document_or_structured_evidence,.json
docs/generated/pr121_hermetic_replay_receipt.md,c8d8b6fb43b960c535f8166265e1da316871b95c,7246,document_or_structured_evidence,.md
docs/generated/pr122_artifact_manifest.json,2f8d7bbbc90a984e140885c7a7370317bbb832f5,8214,document_or_structured_evidence,.json
docs/generated/pr122_claim_closure_report.json,7706475c6e3ab96d30986a263ae654cc27a37fcc,36918,document_or_structured_evidence,.json
docs/generated/pr122_claim_closure_report.md,1cdd1949998deb726c006378512471f9dff416b1,7713,document_or_structured_evidence,.md
docs/generated/pr122_claim_evidence_graph.json,54bfba7e0e37459d1f49c998c05407e905c01a43,112875,document_or_structured_evidence,.json
docs/generated/pr122_mes_successor_scan.json,2b5e5c3ff04d4799efcb546ee6d308b4577549ca,8323,document_or_structured_evidence,.json
docs/generated/pr122_parent_receipt.json,3f36cb1cf9132d963d811e9eda9371aae3ec222f,3566,document_or_structured_evidence,.json
docs/generated/pr122_release_receipt.json,f5d457e339fa8315e4950678a7893b2c05f4cfb6,7423,document_or_structured_evidence,.json
docs/generated/pr122_test_execution.json,cd59cef69c33437fc43621bcdc6965bade469798,343113,document_or_structured_evidence,.json
docs/generated/pr123_artifact_manifest.json,fe10af379f7696958ad149fea4cead2574ea0aa6,9577,document_or_structured_evidence,.json
docs/generated/pr123_attempt_history.json,9ddf600daffe48c36883d47a29cd5c11282f9f6d,16031,document_or_structured_evidence,.json
docs/generated/pr123_k6_continuum_card.json,af98b50ead6e56cfd31fe1df26d91ad01a6a3e8c,14371,document_or_structured_evidence,.json
docs/generated/pr123_mutation_lab_report.json,47838e9769a6bbda9bda8a2186773bad0b193e48,59036,document_or_structured_evidence,.json
docs/generated/pr123_oracle_lineage_manifest.json,86a67cb8ec10ddaf805f3b20f132374d86cb8732,41343,document_or_structured_evidence,.json
docs/generated/pr123_surviving_mutations.json,eca0472691893fecc7d2862f4f7cfd7392278018,8479,document_or_structured_evidence,.json
docs/generated/pr124_artifact_manifest.json,5a407550eddc764ac6415eea2b04f3f09e0a55ac,3436,document_or_structured_evidence,.json
docs/generated/pr124_cas/CAS_CONTRACT_PR124_MES_GEODESIC.json,e1413d6d38a8fac5543229b675bc949002da682c,4814,document_or_structured_evidence,.json
docs/generated/pr124_cas/axis_result_lean.json,cd31bfd88adde8f9ee6626e874a6515193371868,1665,document_or_structured_evidence,.json
docs/generated/pr124_cas/axis_result_sage_singular.json,51d4b8c5131dd30c44e8fe845a4360b335835269,1534,document_or_structured_evidence,.json
docs/generated/pr124_cas/axis_result_sympy.json,8936b4094fe0ef8cce47f1a834daf568a4819e55,1540,document_or_structured_evidence,.json
docs/generated/pr124_cas/axis_result_wolfram_xact.json,ad354df7f135097dc409b522b12acdcb98ef7f48,1508,document_or_structured_evidence,.json
docs/generated/pr124_cas_adjudication.json,fb304bb91d6eecbf3656a1cd806aab7e9e7263d7,585,document_or_structured_evidence,.json
docs/generated/pr124_d2_authority_receipt.json,a9247b69964967942ed56360a138e373ff94fd42,2537,document_or_structured_evidence,.json
docs/generated/pr124_lineage_receipt.json,4f4b4ae7793570ddafceb1a4eed930735e7c5e51,3766,document_or_structured_evidence,.json
docs/generated/pr124_mes_authority_table.json,6c237fcdfb48f7718e28464b2a076480c82bcc50,11912,document_or_structured_evidence,.json
docs/generated/pr124_mutation_report.json,f29aafda6e2082615e17e50efe4f7cac2e874cb1,2104,document_or_structured_evidence,.json
docs/generated/pr124_theorem_inventory.json,5441157ecdf09b7a41318e72fa62a8c31bee58e2,1023,document_or_structured_evidence,.json
docs/generated/pr125_artifact_manifest.json,917f6bf3e5e9517997b900b62d223946e6205a83,1680,document_or_structured_evidence,.json
docs/generated/pr125_frame_contract_registry.json,cb290906815e6c3c17dbb1315a34d9bfdf58d4c2,2934,document_or_structured_evidence,.json
docs/generated/pr125_kinematic_witness_report.json,98321e2382df1945aac8423e8838a4472736d915,530,document_or_structured_evidence,.json
docs/generated/pr125_mutation_report.json,9564af640e36e2900718cf6d96f1b06e4cef5aa8,1611,document_or_structured_evidence,.json
docs/generated/pr125_theorem_frame_graph.json,8e22a77e0defdfc1570ddb11b84f66cc82f00a72,3799,document_or_structured_evidence,.json
docs/generated/pr126_artifact_manifest.json,bd3762621655900355c5461ab652966fe06695ed,1731,document_or_structured_evidence,.json
docs/generated/pr126_counterexample_registry.json,66f3495381027ef1de7faac61807e32aa701b318,1443,document_or_structured_evidence,.json
docs/generated/pr126_mutation_report.json,7f895e618ccc9a92a5763c99a7a5495cc37b851d,1469,document_or_structured_evidence,.json
docs/generated/pr126_oneway_witness_report.json,c0ae6d3d36405529b1d2a96ebea36690cc948a39,612,document_or_structured_evidence,.json
docs/generated/pr126_premise_dag.json,d5701f682c541d210997fa08b84a2e124a8dd966,2874,document_or_structured_evidence,.json
docs/generated/pr127_artifact_manifest.json,d2a2761e298883b343e70d2d65b87b8e77987ce2,1766,document_or_structured_evidence,.json
docs/generated/pr127_mutation_report.json,9d4381547d5edc3466b3a70b331b2d982bd910f2,1457,document_or_structured_evidence,.json
docs/generated/pr127_nonid_witnesses.json,b67cd04ec7408a797779401216558e9e83650a0e,2222,document_or_structured_evidence,.json
docs/generated/pr127_rank_api_table.json,5a9068cf5e2c172334afaff9b38fa4e46b491aed,976,document_or_structured_evidence,.json
docs/generated/pr127_response_kernel.json,5a496ebcc15bccb7234c99c9805ccb04de2c2cc7,1164,document_or_structured_evidence,.json
docs/generated/pr128_artifact_manifest.json,083e85ed561d1004e5b52b427a4b8f95dbdfcd4a,1722,document_or_structured_evidence,.json
docs/generated/pr128_coefficient_authority.json,843a682ef16727689d68fc98022aa1ff0a4ccaa9,2402,document_or_structured_evidence,.json
docs/generated/pr128_invalidation_table.json,328d68133a1883cd7b872a024e9e9971da07baa4,2858,document_or_structured_evidence,.json
docs/generated/pr128_mutation_report.json,bb3df444fd4ad6cef7e3b6a4432e8926fbf8a454,1595,document_or_structured_evidence,.json
docs/generated/pr128_randomized_bracket_report.json,26576f8f595560ee7f502aa3b4aad47a7e083045,664,document_or_structured_evidence,.json
docs/generated/pr129_artifact_manifest.json,d387c46020dfb0644ba26fc731e64a70e794fe4c,1947,document_or_structured_evidence,.json
docs/generated/pr129_captions.json,e4e18a92f61708a472e6a6c12d3803690b9381a6,614,document_or_structured_evidence,.json
docs/generated/pr129_estimator_registry.json,9b8b0e5abea46645280f694e3f60ae81c43a0bbb,2018,document_or_structured_evidence,.json
docs/generated/pr129_mc_report.json,920efc2b16da7fb2a00a129cdd9d46645730743e,951,document_or_structured_evidence,.json
docs/generated/pr129_mutation_report.json,5cd9af5d9036be0fc262d6a699910be9bbd48b5c,2063,document_or_structured_evidence,.json
docs/generated/pr129_negative_scan.json,48aadebdef3497fea5d37455b49df94814ed9725,3597,document_or_structured_evidence,.json
docs/generated/pr130_artifact_manifest.json,64c67aed64dc5dd7478d69a6e4d7f3a002b2f8cc,2195,document_or_structured_evidence,.json
docs/generated/pr130_captions.json,29fa5b5d020d1b35a01d47acaef226b792c07a74,996,document_or_structured_evidence,.json
docs/generated/pr130_legacy_invalidation.json,a1bea7215549d16a3ccefd24f8b47448933392fb,1755,document_or_structured_evidence,.json
docs/generated/pr130_mutation_report.json,bcb564e36afa6d49a2f2c248c3988de0f7dde3bf,2252,document_or_structured_evidence,.json
docs/generated/pr130_precision_report.json,dfeef5dbe2bb9a49d7874ca7f88d6917bd0bef6a,1343,document_or_structured_evidence,.json
docs/generated/pr130_profile_sensitivity.json,bf33006c75fdd1aecea69a81e73481b1fd1d338d,1515,document_or_structured_evidence,.json
docs/generated/pr130_tail_theorem.json,cc83821caf9627ee1f3eefef1555b2a311ed9d36,4313,document_or_structured_evidence,.json
docs/generated/pr131_artifact_manifest.json,4741e4d7ee0e03cc603220b7aad80524ab4a20ca,2271,document_or_structured_evidence,.json
docs/generated/pr131_captions.json,220c7119a394fa8377c677e9569f849ba7032a4b,783,document_or_structured_evidence,.json
docs/generated/pr131_coefficients.json,fc6faf49cc1808d4916abcfca9bc0382bf84fa72,769,document_or_structured_evidence,.json
docs/generated/pr131_fd_plateau.json,a5e73b56cfe58541b7900e652b7a0c4e114c9a70,5302,document_or_structured_evidence,.json
docs/generated/pr131_mutation_report.json,f58ba846f2a03476131ec4126dfc1391a64b4a11,2351,document_or_structured_evidence,.json
docs/generated/pr131_named_system.json,5e0718782093400e26f896d2a30bab97075de583,1864,document_or_structured_evidence,.json
docs/generated/pr131_singular_map.json,957ae0a29962f966afeb8a84c7bf41169bbf8f7e,1099,document_or_structured_evidence,.json
docs/generated/pr131_two_path_report.json,d95e9d2ba7d17fdf24c51e8ff559b87731efa34c,732,document_or_structured_evidence,.json
docs/generated/pr132_artifact_manifest.json,3f4721bf94249218c91fa467095a5cdd4e0afcab,2245,document_or_structured_evidence,.json
docs/generated/pr132_boundary_states.json,19e7a014cd4a4f3038ddf628768dcabfcfa0e83e,1228,document_or_structured_evidence,.json
docs/generated/pr132_captions.json,e81ae0b0d2170e609c2f2c5a22665c19a7a45e0a,910,document_or_structured_evidence,.json
docs/generated/pr132_domain_api.json,bff2d8dfa513b9d728efeee4c10d2b0c3f84e088,579,document_or_structured_evidence,.json
docs/generated/pr132_mutation_report.json,a5d2717040b363c35fd131e1216e7d265eada757,2320,document_or_structured_evidence,.json
docs/generated/pr132_trapping_certificate.json,136ba976392e3ba2e376931cee78bb38d54a4e5d,2877,document_or_structured_evidence,.json
docs/generated/pr132_uncertainty_budget.json,ffed01b2eb5d1ef330097401381d4365a97f3ce1,3004,document_or_structured_evidence,.json
docs/generated/pr133_artifact_manifest.json,bc4a63b4116f14aca163bf7487e70904e6a5db10,2357,document_or_structured_evidence,.json
docs/generated/pr133_captions.json,5b8b361c909477c041df487487195b1a0b310b44,627,document_or_structured_evidence,.json
docs/generated/pr133_deprojection_property.json,39c7b79130fdd3b544f03747cca383c293d5768b,998,document_or_structured_evidence,.json
docs/generated/pr133_harmonic_boost.json,87d02dd98df3f660cbbee8dbebfe3a39793fff1d,614,document_or_structured_evidence,.json
docs/generated/pr133_mutation_report.json,159afb24fdeb30a941b3be4e9f2ca437e6d277e0,2439,document_or_structured_evidence,.json
docs/generated/pr133_response_graph.json,1eb01524c96c210ff20bb5ca160c636a60e664fd,1930,document_or_structured_evidence,.json
docs/generated/pr133_typed_quantities.json,58f048f752de968d88b7b0c4cfdfe558cb59fbbf,2332,document_or_structured_evidence,.json
docs/generated/pr134_artifact_manifest.json,31b92635efd85f6d7fa67e447ef10b47a8351cd6,2204,document_or_structured_evidence,.json
docs/generated/pr134_branch_separation.json,a8528bd1a145b66bb2ea8be78b5103049af44e93,1084,document_or_structured_evidence,.json
docs/generated/pr134_captions.json,d7337d2d6f56d84d5ce5245dffa998136da47774,399,document_or_structured_evidence,.json
docs/generated/pr134_contract_registry.json,a81dff2f965bfe3e57bf7b115e07dca306aba20d,4750,document_or_structured_evidence,.json
docs/generated/pr134_dependency_graph.json,1c36de092b8ce3a39761249098cfb15be936b5f9,705,document_or_structured_evidence,.json
docs/generated/pr134_estimand_fingerprints.json,58c096a4fda3a5b124a29912406b2e9797be7bcc,340,document_or_structured_evidence,.json
docs/generated/pr134_mutation_report.json,d9a94569f6c0a5f05c80d3903f0da0f7c8c8b6da,2354,document_or_structured_evidence,.json
docs/generated/pr135_artifact_manifest.json,ff2ce8e83dc2e2b80c4b6679e74a978a6f6b239c,2042,document_or_structured_evidence,.json
docs/generated/pr135_captions.json,2ef4bf4e06ee4915a19bc84d5a2b68bbacee48df,481,document_or_structured_evidence,.json
docs/generated/pr135_exact_enumeration.json,25808423a68aaf6648e4f0bf7a5fabf4f56f095f,5035,document_or_structured_evidence,.json
docs/generated/pr135_max_scan.json,1ce5de4d6a80dcdcc232794d0879dddf8f0de8ec,709,document_or_structured_evidence,.json
docs/generated/pr135_mutation_report.json,78e7a33b86083492dfb5da1d4f758b79cbc45793,2482,document_or_structured_evidence,.json
docs/generated/pr135_rank_estimator.json,415335d68ffb9165bd34f6e115b51c6d656014aa,1294,document_or_structured_evidence,.json
docs/generated/pr135_type_i_simulation.json,aceb68e6b5ef9545ec8dae700320e90be0d61dcb,1333,document_or_structured_evidence,.json
docs/generated/pr136_artifact_manifest.json,a5164ece4e24b0f89bf3d506523b9497b9318a0d,2241,document_or_structured_evidence,.json
docs/generated/pr136_captions.json,7446137f1193641a213c1c2fcbff1c1e51780881,566,document_or_structured_evidence,.json
docs/generated/pr136_cross_engine.json,a7ded502378a1326ec4cadf5bb9311503b838fc9,572,document_or_structured_evidence,.json
docs/generated/pr136_identified_sets.json,de263d0bfa2dfcedaf75b9bd2caa81a486f64088,4007,document_or_structured_evidence,.json
docs/generated/pr136_mutation_report.json,8268eddad3ab73ed8ac463ce61291f4ab7ae845c,2193,document_or_structured_evidence,.json
docs/generated/pr136_subvector.json,d04034a730aad208f4a691aa50313937e2645377,1022,document_or_structured_evidence,.json
docs/generated/pr136_topology.json,9e0631d29aaa5ae86f6ea7ca664731c21482cc3d,662,document_or_structured_evidence,.json
docs/generated/pr137_artifact_manifest.json,14b3e425ce70ef6d5139861c245f0db4a4d27f2c,2221,document_or_structured_evidence,.json
docs/generated/pr137_captions.json,56f15de796b668ba5ec19dea12b4b035da3a726f,535,document_or_structured_evidence,.json
docs/generated/pr137_coverage_grid.json,3b144402fcd72cf07e4c76d4b315cf008f3156f2,13188,document_or_structured_evidence,.json
docs/generated/pr137_failure_map.json,176a292a2382b2bc239b26a97764dac450500a17,1213,document_or_structured_evidence,.json
docs/generated/pr137_family_wise_bounds.json,4ebbd4fa293be846142bcc0ad79b912470e60dd5,3285,document_or_structured_evidence,.json
docs/generated/pr137_mesh_refinement.json,fb260de12e4c4f74593e5edee839fc445d40d3a8,1131,document_or_structured_evidence,.json
docs/generated/pr137_mutation_report.json,2ba883e3932bb1c35f33bb91035505589b2d3941,2547,document_or_structured_evidence,.json
docs/generated/pr138_artifact_manifest.json,35d65a75afab968a570af674e68c62518d7addee,2128,document_or_structured_evidence,.json
docs/generated/pr138_captions.json,87a319d91a358b08d735d7230f8a073af1b2dddc,478,document_or_structured_evidence,.json
docs/generated/pr138_lineage.json,cf2f28bf5ebfa9521801356725f4328b73aa8b5d,593,document_or_structured_evidence,.json
docs/generated/pr138_mutation_report.json,99df6c2ea3167f8aefa8e2f79f079da7174c7dc6,2303,document_or_structured_evidence,.json
docs/generated/pr138_ppc_report.json,01ec1c63e79cae6feb62923e2ac05af11167af5c,1500,document_or_structured_evidence,.json
docs/generated/pr138_residual_check.json,185e6a81411bf6d496a6969492ff1a2bf390423a,431,document_or_structured_evidence,.json
docs/generated/pr138_sbc_report.json,9d41ab35a222a04e2abdaac1fa0bdd8f5f37ee97,1284,document_or_structured_evidence,.json
docs/generated/pr139_artifact_manifest.json,8c2b39017318271ec44f735296199b2326a13727,2264,document_or_structured_evidence,.json
docs/generated/pr139_captions.json,7d1dd7ce6df0de04039a68d7ca17a865b37a7727,433,document_or_structured_evidence,.json
docs/generated/pr139_dependency_report.json,860b7031729253bf892161206b5625a9c540153c,419,document_or_structured_evidence,.json
docs/generated/pr139_elpd_report.json,460aeb1d1812f474e486d22ccd6ad44084dce905,7003,document_or_structured_evidence,.json
docs/generated/pr139_leakage_report.json,3366f4a3136f02acb1f0c4105c4ed3cc4ef988c5,631,document_or_structured_evidence,.json
docs/generated/pr139_mutation_report.json,3852647a8442bd9166974f592598bf9203244701,2204,document_or_structured_evidence,.json
docs/generated/pr139_psis_report.json,97660650670cd4fd52db68762a3957aa9fe088d5,2326,document_or_structured_evidence,.json
docs/generated/pr140_artifact_manifest.json,26c49e6af63fb8064aeb91ffe9e408f245002409,2433,document_or_structured_evidence,.json
docs/generated/pr140_captions.json,e6254fcbd9cec13d4c330e0557c5d9bcaac98aa3,496,document_or_structured_evidence,.json
docs/generated/pr140_evidence_report.json,bb51c2507ee70f46c53bf0f17136b316abfe895a,2078,document_or_structured_evidence,.json
docs/generated/pr140_indeterminate_demo.json,54f98a86cd77ef4234f63a2ee4666a5e8c06ea55,753,document_or_structured_evidence,.json
docs/generated/pr140_mutation_report.json,78acf61d0db726ffc0dc160e89ec2f7cc49b8e34,2256,document_or_structured_evidence,.json
docs/generated/pr140_prior_sensitive_demo.json,b390ed7ab04937edc8c92cda0c0617fad8ba7278,893,document_or_structured_evidence,.json
docs/generated/pr140_receipt.json,6a67535d2fed0cd0ce69b664c9ac9197e61b66a0,1416,document_or_structured_evidence,.json
docs/generated/pr140_sensitivity_report.json,7b11f0b6e8617ac5e711a43e1707c35d213e785a,884,document_or_structured_evidence,.json
docs/generated/pr141_abstention_demos.json,1c05f75e2268b682bd0e377182d59e2cdf37089b,912,document_or_structured_evidence,.json
docs/generated/pr141_artifact_manifest.json,6eb96f3afb14555249436d880d96cef737e5d203,2155,document_or_structured_evidence,.json
docs/generated/pr141_branch_comparison.json,0dac78fa3736bffe95c228d59081c0a8106c330b,715,document_or_structured_evidence,.json
docs/generated/pr141_captions.json,c7a4b47fd442775d8aacc279d5135514b871b970,438,document_or_structured_evidence,.json
docs/generated/pr141_confusion_matrix.json,f632a40aafe13d6f33434c2e7d988814cc722fac,3002,document_or_structured_evidence,.json
docs/generated/pr141_mutation_report.json,b9446bd7e4c86c202d4aa9604d120f7e1ed28df0,2077,document_or_structured_evidence,.json
docs/generated/pr142_artifact_manifest.json,19e7c3c41bf28ec93799ae4a71e5498ddb64c553,2168,document_or_structured_evidence,.json
docs/generated/pr142_captions.json,451afecd4851016dc4f15e5c0d35dd95479ee187,372,document_or_structured_evidence,.json
docs/generated/pr142_gf_range.json,0eba5d4aad49b541db6ab9a2d9c42cd179545969,508,document_or_structured_evidence,.json
docs/generated/pr142_invariance_report.json,ef8299c162c18a5ab818856c8382095b1d66d6bc,440,document_or_structured_evidence,.json
docs/generated/pr142_measures_report.json,5c06b1f10471898d7a8c0eac520e66f1f86f9561,1752,document_or_structured_evidence,.json
docs/generated/pr142_mutation_report.json,fbccd8b9e0a2ca2b05166766c6d8c14df5f44e5c,2161,document_or_structured_evidence,.json
docs/generated/pr142_no_justified_demo.json,2f152bc97bcaa555329c235482866d181e8e9d89,1018,document_or_structured_evidence,.json
docs/generated/pr143_artifact_manifest.json,6778e8d54f8cc61a209ceb3f8873711d954796f3,2459,document_or_structured_evidence,.json
docs/generated/pr143_captions.json,3578dff0214c5d8ef51275bd718e5d6896690987,437,document_or_structured_evidence,.json
docs/generated/pr143_method_ready_matrix.json,9fdb5dedc9503d749a43c2849f788b640e1e7287,444,document_or_structured_evidence,.json
docs/generated/pr143_mutation_report.json,7db5fa252ea899081bfb04942e93ac5bb6cdf37f,1888,document_or_structured_evidence,.json
docs/generated/pr143_referee_report.json,6b0976bbc59f401ed4c6024affc73f011c140ade,2664,document_or_structured_evidence,.json
docs/generated/pr143_separation_receipt.json,99e1595cd15b8d662e351fa60c8312c75ede1a54,624,document_or_structured_evidence,.json
docs/generated/pr144_artifact_manifest.json,af6bc152eefd790484cb79eb7d090261e1f2fa2e,2405,document_or_structured_evidence,.json
docs/generated/pr144_captions.json,850830b52727f149b9665434cbff33fff93ec6f5,451,document_or_structured_evidence,.json
docs/generated/pr144_cf4_manifest.json,ab2394419c682692a36e4400f79c13b9fe28e472,2910,document_or_structured_evidence,.json
docs/generated/pr144_column_authority.json,e28d0c3f6d887a74b3d8ccd982fcaf4c24675651,7821,document_or_structured_evidence,.json
docs/generated/pr144_mutation_report.json,ad153e20933536db2b925688ab6e07563e83c7f0,2341,document_or_structured_evidence,.json
docs/generated/pr144_selection_completeness.json,4f751932c1bd470fdea7398252818b57bfc5e86a,1206,document_or_structured_evidence,.json
docs/generated/pr145_artifact_manifest.json,cbcc0088aaa7bfe1cf8bde1d0583eedd83333765,2482,document_or_structured_evidence,.json
docs/generated/pr145_bulk_flow_report.json,bc315080809dddf1828a1991b229e1c5de480c0d,1404,document_or_structured_evidence,.json
docs/generated/pr145_captions.json,c327baecf16e181e5d30e3e93ee6727e77d5a035,465,document_or_structured_evidence,.json
docs/generated/pr145_coverage_report.json,3a08d2446bef0b19cd5b62dcd24ec9e3cdd681ea,673,document_or_structured_evidence,.json
docs/generated/pr145_mutation_report.json,9963c857d28fc7c920a3d6f206ef49dcbbea0dd6,1916,document_or_structured_evidence,.json
docs/generated/pr145_p0_remediation_candidates.json,2758d82890f047e7598a4e9b239299ec934b88ea,1376,document_or_structured_evidence,.json
docs/generated/pr145_partition_report.json,6f3dff0ff53b6f41d55ada12446d6a067c5dede5,313,document_or_structured_evidence,.json
docs/generated/pr146_artifact_manifest.json,3ac7f9343eb7dc66cfa53fbd8b316191b11ed365,2987,document_or_structured_evidence,.json
docs/generated/pr146_captions.json,1693ed165a6e8e8ba7e01bb35864b19db90c7dc9,587,document_or_structured_evidence,.json
docs/generated/pr146_coverage_report.json,bc50ec662809172f2065de8c5fd6dc28b99d82d9,3385,document_or_structured_evidence,.json
docs/generated/pr146_depth_coverage.json,2811d5577033ce73e84964db8b2a85c002f70309,1395,document_or_structured_evidence,.json
docs/generated/pr146_effective_n.json,7d1994a9af937b1c5ba3a17cbda475ffba34ba86,580,document_or_structured_evidence,.json
docs/generated/pr146_generator_verification.json,8a49e9c8869741c559f8820dabcd8dd58901d602,848,document_or_structured_evidence,.json
docs/generated/pr146_independent_reference.json,13cf864ce95feed46ddf66423bfc5b968754fa5f,1296,document_or_structured_evidence,.json
docs/generated/pr146_mutation_report.json,5784a22858f63b79d07d3a88764f17daa7186376,1938,document_or_structured_evidence,.json
docs/generated/pr146_p0_remediation_candidates.json,bb2958a0b456ea300c4597b693e57cd407da6bf1,1704,document_or_structured_evidence,.json
docs/generated/pr146_simulator_card.json,b6e4e1c2469607e86163adfd4e366cf9088813df,3343,document_or_structured_evidence,.json
docs/generated/pr147_artifact_manifest.json,0f2e076823b055e8cdee955acc571897af01415d,2937,document_or_structured_evidence,.json
docs/generated/pr147_captions.json,a995ddb67cebf88248339f5284d6719a0b425445,570,document_or_structured_evidence,.json
docs/generated/pr147_comparability_table.json,90fd6fbe00596e87a3fbb84da7c058c9134ac92d,563,document_or_structured_evidence,.json
docs/generated/pr147_coverage.json,bfd2b00ea4d07821ceff14f0f2b9d27e621450f0,1067,document_or_structured_evidence,.json
docs/generated/pr147_gls_mv_difference.json,75beb22f27475e1831bf1a43bb4a5d5380eca994,503,document_or_structured_evidence,.json
docs/generated/pr147_identified_set.json,c358cd46f23ecb837c86a3fc9e706e6a3511e6c4,4480,document_or_structured_evidence,.json
docs/generated/pr147_mesh_sensitivity.json,d17e20b92b70944f22ae4930efdc48bd331c88d3,1691,document_or_structured_evidence,.json
docs/generated/pr147_mutation_report.json,12c7f9bc2c43925c72b4c72130c12bc49e31c1da,1801,document_or_structured_evidence,.json
docs/generated/pr147_p0_remediation_candidates.json,a8597d9983447744bbe1eb396bca37eee811ce06,1596,document_or_structured_evidence,.json
docs/generated/pr148_artifact_manifest.json,2aa83180d2d83b4772d133d8971823dd9d1ffe4a,2911,document_or_structured_evidence,.json
docs/generated/pr148_captions.json,3e31a5f163b33f359580c34357beac5503f1f0be,591,document_or_structured_evidence,.json
docs/generated/pr148_fsigma8_by_depth.json,ce7b8230f04ebe57fc606a4b10f0ef9740d553de,2533,document_or_structured_evidence,.json
docs/generated/pr148_growth_difference_bound.json,b229560b70bcfa1074e6bbd812d0f26b5152ac5c,2053,document_or_structured_evidence,.json
docs/generated/pr148_held_out_prediction.json,f31c90c3dca52e4646624ba4731a0e45eea3550e,798,document_or_structured_evidence,.json
docs/generated/pr148_joint_covariance.json,d65c4f3b63db51a8d2d335e3cae7244c004ff811,3996,document_or_structured_evidence,.json
docs/generated/pr148_mutation_report.json,5866b69e3da57c2436458e56e6f48ae1440a5012,1835,document_or_structured_evidence,.json
docs/generated/pr148_p0_remediation_candidates.json,4407ad46bb5d5bfd67a94ac46c87d8ca65badf5a,1324,document_or_structured_evidence,.json
docs/generated/pr148_shell_stability.json,e4fee453e468d51ce395c1101eed9ce62618614c,727,document_or_structured_evidence,.json
docs/generated/pr149_artifact_manifest.json,8bbff04bd47f71a042d5018a2d1efca0737f759b,2734,document_or_structured_evidence,.json
docs/generated/pr149_captions.json,c155c410f14f657d21ac08687fb095d226ccd2ed,583,document_or_structured_evidence,.json
docs/generated/pr149_convention_contract.json,343cb6c392616e9f80edd6b93f0a5644df30b6f4,1152,document_or_structured_evidence,.json
docs/generated/pr149_map_convention_checks.json,3f2431f21ecc802a92b16d555ceac12aa6424883,1744,document_or_structured_evidence,.json
docs/generated/pr149_mutation_report.json,f0b97be48c8999c93ae2f285645edd3271f50d9e,1804,document_or_structured_evidence,.json
docs/generated/pr149_observed_null_path_equality.json,e22341b4ed230e2b05ee56ab13aa1136301744a0,1656,document_or_structured_evidence,.json
docs/generated/pr149_scan_family_ledger.json,fe8c2487bc40c06f63af9bf4ac0f5b512d8d340e,1305,document_or_structured_evidence,.json
docs/generated/pr149_structural_zero_theorem.json,4bf46b1923d8851b4ca144c061f305ff19fb6d3a,10232,document_or_structured_evidence,.json
docs/generated/pr150_artifact_manifest.json,91aca92d1090c011251978e01f1199268e85539d,6375,document_or_structured_evidence,.json
docs/generated/pr150_captions.json,c8083ff18ff76d359762ac983521b2b756f58542,3617,document_or_structured_evidence,.json
docs/generated/pr150_compact_retention_receipt.json,031936bb776f0d8f7ef8403f4c1bf7bb17d99353,5141,document_or_structured_evidence,.json
docs/generated/pr150_e2e_input_manifest.json,e1efe16284f3333e6e8d00527edee6160a9dbebd,4042,document_or_structured_evidence,.json
docs/generated/pr150_e2e_pooled_rank.json,3d6b18408f413a9e21d2eebc4935fae9086a3fb4,5291,document_or_structured_evidence,.json
docs/generated/pr150_idealised_super_uniformity.json,ed434aac7b460ecaa227353c6a93cb8be470198a,4261,document_or_structured_evidence,.json
docs/generated/pr150_mutation_report.json,f6cbacba1f8ef4f0f56477be05c6fb46bcc74ae3,4424,document_or_structured_evidence,.json
docs/generated/pr150_pr4_skip_receipt.json,5a1c55397ccfceed4e05c50bc7f32d029cd72c7e,3501,document_or_structured_evidence,.json
docs/generated/pr152_artifact_manifest.json,42d1aeb8faf11ab3ea1932a3f38ce658f98762e1,4840,document_or_structured_evidence,.json
docs/generated/pr152_availability_decision.json,bbe1a7aad3d752d53126902125f079d22a68b94d,3028,document_or_structured_evidence,.json
docs/generated/pr152_captions.json,7be476c3abe46db4a9cd356c4a096006b173f54c,3207,document_or_structured_evidence,.json
docs/generated/pr152_crossfit_mean_field.json,b51b199ff74c3968311dc70987ad9dcc0d2f9efa,14143,document_or_structured_evidence,.json
docs/generated/pr152_injection_law.json,6148b6467bf5184b2c7df29e42e01abf87210b52,3043,document_or_structured_evidence,.json
docs/generated/pr152_inventory.json,16a42be45bd09e629ef493eba787793a0be438d2,5314,document_or_structured_evidence,.json
docs/generated/pr152_legacy_mean_field_sensitivity.json,0acd644a04b642df94a4790ab062617c6adb77b3,3551,document_or_structured_evidence,.json
docs/generated/pr152_mutation_report.json,c62c2783713ac34e710016f81063dc2ea173afdf,4195,document_or_structured_evidence,.json
docs/generated/pr152_rank_ceiling.json,5e14df29b3d0653f03fef05516bfa3c4a54e5f63,2753,document_or_structured_evidence,.json
docs/generated/pr153_artifact_manifest.json,7d3de4fd53a4133fa6f19dcfa2b8a861560d990a,19716,document_or_structured_evidence,.json
docs/generated/pr153_authoritative_decision.json,76adf04cecc1bba7603ce965d70eb679b39f8291,7018,document_or_structured_evidence,.json
docs/generated/pr153_captions.json,34568f58dc55a7953b054919815ff7d18f89c20a,6100,document_or_structured_evidence,.json
docs/generated/pr153_crossmatch.json,4eb20904efe168d7bd241955334a38312fc9d3b2,13562,document_or_structured_evidence,.json
docs/generated/pr153_distance_consistency.json,6bcfd5cd6a8a7c1246b52a65a48cb062b16315ec,15960,document_or_structured_evidence,.json
docs/generated/pr153_mutation_report.json,e435b01cb0987ccc9101a5063349972583054d98,6682,document_or_structured_evidence,.json
docs/generated/pr153_negative_tests.json,c50be4e72d6595d3ecf38f3871c2787531f5b262,6058,document_or_structured_evidence,.json
docs/generated/pr153_row_manifest.json,c3c29d8bc6271827d0ccf9cd9cdedeea3078581c,17588,document_or_structured_evidence,.json
docs/generated/pr153_sensitivity.json,1cb0a03ac5c0796fb8d0f642ce5bbf487eac3131,6130,document_or_structured_evidence,.json
docs/generated/pr154_artifact_manifest.json,8c14130550f4e2b445b0ae697f11b242c57420ce,5100,document_or_structured_evidence,.json
docs/generated/pr154_captions.json,6ac23ba14535be6d296ded16c28c2bf1d380da11,4499,document_or_structured_evidence,.json
docs/generated/pr154_cchp_observed.json,eba2970c3a99651371d772a727c4a50c3a21f706,13290,document_or_structured_evidence,.json
docs/generated/pr154_cf4_scenarios.json,4e394490a8b9d51c747a87f625075a4912ec641c,4376627,document_or_structured_evidence,.json
docs/generated/pr154_covariance_envelope.json,0eb32bdc97f3d54375625be808223ff5b45674f2,37503,document_or_structured_evidence,.json
docs/generated/pr154_mutation_report.json,eb1b2bc4da3bd81ba7948d7c31e1bdf481c54fc4,4813,document_or_structured_evidence,.json
docs/generated/pr154_robustness_holdout.json,c6b6965dd9b06ddac1b4768a4dceda081fed9d3d,15604,document_or_structured_evidence,.json
docs/generated/pr154_sbc_ppc.json,cef888faa8f922d63dbc049537a7d7106ef0fe6e,11359,document_or_structured_evidence,.json
docs/generated/pr154_shoes_observed.json,8909c8d1a31b4216b2f4e08f0d98d4d4e83e951d,15705,document_or_structured_evidence,.json
docs/generated/pr167_advocate_crosswalk.json,6c1a2e7bdf139be68940027f5306343a47e59db3,7102,document_or_structured_evidence,.json
docs/generated/pr167_artifact_manifest.json,b85c7156a441a8a947307f7c4c3c5cb6ccd902be,3223,document_or_structured_evidence,.json
docs/generated/pr167_pre_intake_semantic_receipt.json,7d66c285c943cb74df6c97be34ddd581337742aa,16182,document_or_structured_evidence,.json
docs/generated/pr168_artifact_manifest.json,d236f55ac07f8e040959958245448306567e95d7,5691,document_or_structured_evidence,.json
docs/generated/pr168_cas/CAS_CONTRACT_PR168_ACCEL_KINEMATIC_SOURCE_BASIS.json,fc780e252919db70d598f9bfd0e9747c597261a1,10136,document_or_structured_evidence,.json
docs/generated/pr168_cas/axis_result_lean.json,0ff80b66085e94454e9d61132e3e1e22e27f9815,5506,document_or_structured_evidence,.json
docs/generated/pr168_cas/axis_result_sage_singular.json,3d2e647dfbe4de5f732a542ab24c39ef47e0b461,5226,document_or_structured_evidence,.json
docs/generated/pr168_cas/axis_result_sympy.json,54d0a3a46de99b506ce75019b8e6b343035a84c8,4905,document_or_structured_evidence,.json
docs/generated/pr168_cas/axis_result_wolfram_xact.json,5ae38e41879b34e8e2ff8a47b39632a95f68ffe8,5648,document_or_structured_evidence,.json
docs/generated/pr168_cas/harness_receipts/assignment_lean.json,40ab7e701401f494843cf10fdbcd4994fa34a1a3,2835,document_or_structured_evidence,.json
docs/generated/pr168_cas/harness_receipts/assignment_sage_singular.json,1824b23a693022d754c04aff1cd1fa589be7afea,2262,document_or_structured_evidence,.json
docs/generated/pr168_cas/harness_receipts/assignment_sympy.json,e60d37576c90fabd7dc1e1354331159db97f9e2f,2209,document_or_structured_evidence,.json
docs/generated/pr168_cas/harness_receipts/assignment_wolfram_xact.json,95c807bf102219db30708409fa7839db8c0bcf86,2275,document_or_structured_evidence,.json
docs/generated/pr168_cas/harness_receipts/outer_result_lean.json,164675b3022e02647a733de633c58ab75e538397,7822,document_or_structured_evidence,.json
docs/generated/pr168_cas/harness_receipts/outer_result_sage_singular.json,8c8ffefb41e6997eb23a0d40fa4bf7b4041cc445,7278,document_or_structured_evidence,.json
docs/generated/pr168_cas/harness_receipts/outer_result_sympy.json,572ef1d43c0e1d502b4eda79ac1dd587184bcc81,6967,document_or_structured_evidence,.json
docs/generated/pr168_cas/harness_receipts/outer_result_wolfram_xact.json,fd4906face5df9bbe8b55b45849c53803dc15319,7678,document_or_structured_evidence,.json
docs/generated/pr168_cas_adjudication.json,f16039c758d5c022a759c037f7a0392e36326e7b,578,document_or_structured_evidence,.json
docs/generated/pr168_cas_collection_receipt.json,a6a267e48dcc60a38d64927cc6f6325e5e5d9a7b,1336,document_or_structured_evidence,.json
docs/generated/pr168_code_integrity_receipt.json,1641d2fd9ae21d3582e570ce73f0d3a84769e8a6,4195,document_or_structured_evidence,.json
docs/generated/pr168_contract_failure_adjudication.json,84f5bb6598e3bec11e809be575111f2b7ae92202,3476,document_or_structured_evidence,.json
docs/generated/pr168_result_card.json,5faf8e3f53eaacfc7a6c94969ca6cec8aa2e98bc,6439,document_or_structured_evidence,.json
docs/generated/pr168_reviews/assignment_claim.json,45ea29ecd4c3b23a2d838f9bcc342c747191336e,2115,document_or_structured_evidence,.json
docs/generated/pr168_reviews/assignment_code.json,5a8b9e50574fb61dc4f9fa350738431e86454c71,2090,document_or_structured_evidence,.json
docs/generated/pr168_reviews/assignment_physics.json,6128d44c63fdc33176392a4842e7ea577984a594,2116,document_or_structured_evidence,.json
docs/generated/pr168_reviews/result_claim.json,79332f2e25602475f1f229089cec3bd155e157a6,14403,document_or_structured_evidence,.json
docs/generated/pr168_reviews/result_code.json,210ab5dc0ab1c200bc8db863d2614ddfc5065088,19851,document_or_structured_evidence,.json
docs/generated/pr168_reviews/result_physics.json,fafcf94bd04bd88e434221ab27b718ef9bd3d7d8,15571,document_or_structured_evidence,.json
docs/generated/pr168_theorem_signature.json,09abb3373b8a7ffbcac953cc27ee63188c7ec2cc,6123,document_or_structured_evidence,.json
docs/generated/pr169_all_consumer_scan.json,f0d65f8f624aacfb3d752c5357728a263de0edc5,74133,document_or_structured_evidence,.json
docs/generated/pr169_artifact_manifest.json,7517b55e4652d5af343cd1742a15b4ee9e115fdb,6573,document_or_structured_evidence,.json
docs/generated/pr169_candidate_branch_supersession.json,0f726dfec3006e5fef7705f636183772080cc2b0,6106,document_or_structured_evidence,.json
docs/generated/pr169_cas/CAS_CONTRACT_PR169_UNSIGNED_LEAKAGE.json,e186c93b105aa7b2774207a3e317e62966b11bf0,9415,document_or_structured_evidence,.json
docs/generated/pr169_cas/CAS_CONTRACT_PR169_UNSIGNED_LEAKAGE_V2.json,bb48ca22d2bf6879719334b3830ba4e095ef152d,10156,document_or_structured_evidence,.json
docs/generated/pr169_cas/adjudication_v1.json,41f1befb08e60271f648470c754af471cd012ef6,612,document_or_structured_evidence,.json
docs/generated/pr169_cas/adjudication_v2.json,2af0fc3da1ec8cb90770abe50f47fa7ae3413459,618,document_or_structured_evidence,.json
docs/generated/pr169_cas/v1/axis_result_lean.json,5dd13ebf8b61a3a65ff4e86ae7c13a6b83125637,6486,document_or_structured_evidence,.json
docs/generated/pr169_cas/v1/axis_result_sage_singular.json,2d58badadec0ae1db750d54de15eec3ce94f8289,4729,document_or_structured_evidence,.json
docs/generated/pr169_cas/v1/axis_result_sympy.json,67bca53fd094345642f04eeb99aedc63275f21bf,4102,document_or_structured_evidence,.json
docs/generated/pr169_cas/v1/axis_result_wolfram_xact.json,1fca04447e60e10bdc7e3e46361d189d9775e72a,4856,document_or_structured_evidence,.json
docs/generated/pr169_cas/v1/harness_receipts/assignment_lean.json,34ff05ac3bce66eda8ec59fe00ca3c47253043e5,2216,document_or_structured_evidence,.json
docs/generated/pr169_cas/v1/harness_receipts/assignment_sage_singular.json,f31f13ddabfed3cd46c0fc5eeb62867742b5b434,2245,document_or_structured_evidence,.json
docs/generated/pr169_cas/v1/harness_receipts/assignment_sympy.json,2023278e1101bd17316a25e28f17061f99ff5116,2213,document_or_structured_evidence,.json
docs/generated/pr169_cas/v1/harness_receipts/assignment_wolfram_xact.json,e9a36d1e0025efc3f5cb43016f99aa0c974a7653,2252,document_or_structured_evidence,.json
docs/generated/pr169_cas/v1/harness_receipts/outer_result_lean.json,2a8c73127aa0d9752a6ebd21cc89b8c17f7e5704,8252,document_or_structured_evidence,.json
docs/generated/pr169_cas/v1/harness_receipts/outer_result_sage_singular.json,d0c6711776cb403284d62cd60a68efed8e8ce8d5,6488,document_or_structured_evidence,.json
docs/generated/pr169_cas/v1/harness_receipts/outer_result_sympy.json,5fc14bfbaadcfa0b4255809496f7c45a491cd268,5869,document_or_structured_evidence,.json
docs/generated/pr169_cas/v1/harness_receipts/outer_result_wolfram_xact.json,ccb753503244c24090a7a0304cf25e1d10b833e5,6593,document_or_structured_evidence,.json
docs/generated/pr169_cas/v1/source_snapshot/docs/generated/pr169_cas/CAS_CONTRACT_PR169_UNSIGNED_LEAKAGE.json,e186c93b105aa7b2774207a3e317e62966b11bf0,9415,document_or_structured_evidence,.json
docs/generated/pr169_cas/v1/source_snapshot/formal_pr169/lake-manifest.json,307fddbaad8c9b401150f439b87585e0d26f8191,3154,document_or_structured_evidence,.json
docs/generated/pr169_cas/v1/source_snapshot/formal_pr169/lakefile.toml,21f9364fffb94ccdb2fc3756d42a325582dd961f,367,document_or_structured_evidence,.toml
docs/generated/pr169_cas/v2/axis_result_lean.json,28e1f29f81cd0e7f991c1148ce9ebeda18bfe417,8644,document_or_structured_evidence,.json
docs/generated/pr169_cas/v2/axis_result_sage_singular.json,93a419b43090c9ca4f63ad41aaf39c30ec1c466b,4182,document_or_structured_evidence,.json
docs/generated/pr169_cas/v2/axis_result_sympy.json,c661ff21febfa1a440858823c4f01a80e62d72ee,3858,document_or_structured_evidence,.json
docs/generated/pr169_cas/v2/axis_result_wolfram_xact.json,f2b76cf74b0381b00148789d4917ec9d774eb3af,4614,document_or_structured_evidence,.json
docs/generated/pr169_cas/v2/harness_receipts/assignment_lean.json,ee632c696db04ebe561c5c6d6e7ad0c4e4490c3a,2094,document_or_structured_evidence,.json
docs/generated/pr169_cas/v2/harness_receipts/assignment_sage_singular.json,b93ffc72afc7ea4de745a7c5214ed6a602851ac8,1958,document_or_structured_evidence,.json
docs/generated/pr169_cas/v2/harness_receipts/assignment_sympy.json,6d9e7bf62f4d594c956e339218c1d988df9ba49c,1926,document_or_structured_evidence,.json
docs/generated/pr169_cas/v2/harness_receipts/assignment_wolfram_xact.json,d920ff8704a988b5d71219ed9d0d39f5db604787,1971,document_or_structured_evidence,.json
docs/generated/pr169_cas/v2/harness_receipts/outer_result_lean.json,c839544fec197181f86ebed312402c7297afe6d0,10636,document_or_structured_evidence,.json
docs/generated/pr169_cas/v2/harness_receipts/outer_result_sage_singular.json,313e74c3e039e7f1d1e6ecdd9eea2092663721a6,5909,document_or_structured_evidence,.json
docs/generated/pr169_cas/v2/harness_receipts/outer_result_sympy.json,00e798662bc38598fcdd55c2e2ec851ac2f25b10,5593,document_or_structured_evidence,.json
docs/generated/pr169_cas/v2/harness_receipts/outer_result_wolfram_xact.json,894f0b7c32e3f958e0ada3bdc3ccec0bd4683d01,6319,document_or_structured_evidence,.json
docs/generated/pr169_cas_collection_receipt.json,8b8fa02b1b2b292a74614d820716db43fd57ea01,32108,document_or_structured_evidence,.json
docs/generated/pr169_closeout_review_receipt.json,f808a9c437511159c02f7f97485d195b25de19b0,7666,document_or_structured_evidence,.json
docs/generated/pr169_exact_ceiling.json,ecfbc9a6579caeb23c7e48690fc3b75c63ca579f,6630,document_or_structured_evidence,.json
docs/generated/pr169_mutation_report.json,a462450d133d8a0abf764f03c8739cac4e3303a1,6916,document_or_structured_evidence,.json
docs/generated/pr169_physical_admissibility.json,725e567583cb45290b71e2eaf85ffcba631af79b,6972,document_or_structured_evidence,.json
docs/generated/pr169_result_card.json,a4d07588f152b7dd4aba98a45d0f416b4970cb79,6261,document_or_structured_evidence,.json
docs/generated/pr169_reviews/assignment_harness_code.json,e0be122352d14fd91c6151acccc68e8e07c94478,2662,document_or_structured_evidence,.json
docs/generated/pr169_reviews/assignment_science_claim.json,7d5b659181445951fc1989da74eb515a7308c346,3378,document_or_structured_evidence,.json
docs/generated/pr169_reviews/result_harness_code.json,4a31d74c8dd98037198e54953d6c553e8806d6a0,17377,document_or_structured_evidence,.json
docs/generated/pr169_reviews/result_science_claim.json,476c444212cf91b648dd3c62325858b1d2e98175,11868,document_or_structured_evidence,.json
docs/generated/pr170_active_consumer_inventory.json,78b2567128df11963f971435863b2ab8e2e1c059,3940,document_or_structured_evidence,.json
docs/generated/pr170_artifact_manifest.json,445656d40bceba3ff874674f0c0076231d1b5297,7298,document_or_structured_evidence,.json
docs/generated/pr170_candidate_branch_supersession.json,ac7baad9636908ac165e4c02db9421ac05365382,3708,document_or_structured_evidence,.json
docs/generated/pr170_cas/CAS_CONTRACT_PR170_BUCHERT_TWO_PATCH.json,1db419ee1d784c89efb041856531aa0a01f053f9,6666,document_or_structured_evidence,.json
docs/generated/pr170_cas/adjudication.json,0d6c145593eca481a4166b83cb72949e92e7e44d,955,document_or_structured_evidence,.json
docs/generated/pr170_cas/axis_result_lean.json,6c253c4999698dc1a27a917263197db856cadcbf,5454,document_or_structured_evidence,.json
docs/generated/pr170_cas/axis_result_sage_singular.json,5c375eaf98bd881fca80726a00cab32c45b80345,5219,document_or_structured_evidence,.json
docs/generated/pr170_cas/axis_result_sympy.json,1668518f10d086acf49466330dc15b3c598390d4,4861,document_or_structured_evidence,.json
docs/generated/pr170_cas/axis_result_wolfram_xact.json,dbaee3709a287e7f6a3019dc32700fe37210e0a2,2376,document_or_structured_evidence,.json
docs/generated/pr170_cas/harness_receipts/assignment_lean.json,68c762bc21e55412bb79d35eae81b1ec4aa5efa4,1983,document_or_structured_evidence,.json
docs/generated/pr170_cas/harness_receipts/assignment_sage_singular.json,53dcd98f24371f22cc3a9617119fb12a2de61f49,2010,document_or_structured_evidence,.json
docs/generated/pr170_cas/harness_receipts/assignment_sympy.json,17cd291d99e523cfa76376b2f0c503f76eb7b589,1996,document_or_structured_evidence,.json
docs/generated/pr170_cas/harness_receipts/assignment_wolfram_xact.json,3997de0530973a3504ba6421c5ef44bed55f392e,2027,document_or_structured_evidence,.json
docs/generated/pr170_cas/harness_receipts/outer_result_lean.json,af93691d26895b8489913fde43c160408b892f43,7257,document_or_structured_evidence,.json
docs/generated/pr170_cas/harness_receipts/outer_result_sage_singular.json,b0defc1098cd9279d533dfb66563ecba64344dc5,6759,document_or_structured_evidence,.json
docs/generated/pr170_cas/harness_receipts/outer_result_sympy.json,0f61c79ad980a8c7630989e347cb2bff9c8a0a49,6407,document_or_structured_evidence,.json
docs/generated/pr170_cas/harness_receipts/outer_result_wolfram_xact.json,b437bc185b29899af2041fb95dccdc27752c09c7,3788,document_or_structured_evidence,.json
docs/generated/pr170_cas/preaxis_authorization.json,a6dec68002693cd31d486893c2274db2c4708309,2622,document_or_structured_evidence,.json
docs/generated/pr170_cas/remediation_wolfram_attempt_1_failure.json,7850491fdf7c8fbd1b0cf9c6134469cb6dade305,579,document_or_structured_evidence,.json
docs/generated/pr170_cas/remediation_wolfram_attempt_2_failure.json,801fe1e38417681d2a10000271a73079f1e3fa16,610,document_or_structured_evidence,.json
docs/generated/pr170_cas_collection_receipt.json,148594916fbfc06c2dfea8c8a0ca5e3db754a63b,949,document_or_structured_evidence,.json
docs/generated/pr170_closeout_review_receipt.json,f5e076a96eef2a7dec647ccaf315d6281af2c724,10109,document_or_structured_evidence,.json
docs/generated/pr170_exact_identity.json,eaea2d2d21020f652f34f92a14a448d02f3e8881,3004,document_or_structured_evidence,.json
docs/generated/pr170_mutation_report.json,142e6bad150f15502d910aa9c52af7b861a232a4,11821,document_or_structured_evidence,.json
docs/generated/pr170_physical_admissibility.json,2c3364cd1a88b994a61e35e256645422b136ede7,3497,document_or_structured_evidence,.json
docs/generated/pr170_result_card.json,b47ac9eea386bb0e58a8bb6f17d79bd67f3433fc,4375,document_or_structured_evidence,.json
docs/generated/pr170_reviews/result_claim.json,3c4f3dbef7e771380aa5b888b219d9660bab444b,16323,document_or_structured_evidence,.json
docs/generated/pr170_reviews/result_final_adjudication.json,b126bb5f1b100c5ad465160c044fe89093a1ce0c,16004,document_or_structured_evidence,.json
docs/generated/pr170_reviews/result_harness.json,3542feaeea12cb2ec8da01bd45db89ba811bddd8,15630,document_or_structured_evidence,.json
docs/generated/pr170_reviews/result_physics.json,697c7ab67263518c8989b8875b1e1b4876de6ea5,13369,document_or_structured_evidence,.json
docs/generated/pr170_source_provenance_receipt.json,d632cadad9df3adf9794bbdde8a734fb50ca7cb3,4953,document_or_structured_evidence,.json
docs/generated/pr170_two_patch_witness.json,fb9b48fe66763e152ee59f8e00cb5bafcb36c23a,3075,document_or_structured_evidence,.json
docs/generated/pr170_type_closure.json,71d882ab07913c277c6d0021ccb016116fd70377,4336,document_or_structured_evidence,.json
docs/generated/pr171_artifact_manifest.json,13c309829c744b271380f02b9bcb4bdb33445162,3579,document_or_structured_evidence,.json
docs/generated/pr171_cas/CAS_CONTRACT_PR171_CLASS_CONDITIONAL_TILT.json,355276617f346abec6f989c8807ece4f11ff1bad,9747,document_or_structured_evidence,.json
docs/generated/pr171_cas/CAS_CONTRACT_PR171_CLASS_CONDITIONAL_TILT_V2.json,da44334a11dd97a8713b207dcb2930df267c43a8,10980,document_or_structured_evidence,.json
docs/generated/pr171_cas/CAS_CONTRACT_PR171_CLASS_CONDITIONAL_TILT_V3.json,fb1735cc4452ebf4084ee0ec24230acaebb6df5f,11276,document_or_structured_evidence,.json
docs/generated/pr171_cas/generation_1/adjudication.json,a2eaa43b3d2e251b2ca7fcc29178bc4562dec534,1827,document_or_structured_evidence,.json
docs/generated/pr171_cas/generation_1/assignments/assignment_sage_singular.json,950266bd1fcca82ef8eb43cfdc918b3880bbe91d,2668,document_or_structured_evidence,.json
docs/generated/pr171_cas/generation_1/assignments/assignment_sympy.json,c27cad6e31a3c078f55cf0be8c3c0464c5497c97,2637,document_or_structured_evidence,.json
docs/generated/pr171_cas/generation_1/assignments/assignment_wolfram_xact.json,550c7c3cd300e6aa039ef9c108b48ec4f876ff69,2675,document_or_structured_evidence,.json
docs/generated/pr171_cas/generation_1/axis_result_sage_singular.json,cf3b6c3c04d31fb53d9658782170e657d7bb6aaa,3487,document_or_structured_evidence,.json
docs/generated/pr171_cas/generation_1/axis_result_sympy.json,e3b214ba2af101100ab4baa77d20a29968a04ecb,3978,document_or_structured_evidence,.json
docs/generated/pr171_cas/generation_1/axis_result_wolfram_xact.json,bae6e5cf6bdc7cfb44b867d8333218aa770cbc3f,6133,document_or_structured_evidence,.json
docs/generated/pr171_cas/generation_1/outer_results/outer_result_sage_singular.json,b690dc77d802f2b06efb816348b17b97ef4c4de6,5354,document_or_structured_evidence,.json
docs/generated/pr171_cas/generation_1/outer_results/outer_result_sympy.json,4acf62ca81fd6eac331f4e2a500df5054f92988f,5877,document_or_structured_evidence,.json
docs/generated/pr171_cas/generation_1/outer_results/outer_result_wolfram_xact.json,5bf52ccd8944f34420ce24d51142530463135d1a,8120,document_or_structured_evidence,.json
docs/generated/pr171_cas/generation_1/source_snapshot/.agent-harness/runs/pr171-cas-g1-20260720/assignments/A-PR171-CAS-LEAN.json,d33426b44f796b071c3b14aab3f2211c6cdab94a,2639,document_or_structured_evidence,.json
docs/generated/pr171_cas/generation_1/source_snapshot/.agent-harness/runs/pr171-cas-g1-20260720/assignments/A-PR171-CAS-SAGE.json,c1a783de6f6d06bc15ee3fe38ab4b6028e3890b6,2668,document_or_structured_evidence,.json
docs/generated/pr171_cas/generation_1/source_snapshot/.agent-harness/runs/pr171-cas-g1-20260720/assignments/A-PR171-CAS-SYMPY.json,cb632624541b4491ec548d6a3ef9cb822f71c93e,2637,document_or_structured_evidence,.json
docs/generated/pr171_cas/generation_1/source_snapshot/.agent-harness/runs/pr171-cas-g1-20260720/assignments/A-PR171-CAS-WOLFRAM.json,b7aec17d8196b8e5874a3c6d862c4c13218dbd2d,2675,document_or_structured_evidence,.json
docs/generated/pr171_cas/generation_1/source_snapshot/.agent-harness/runs/pr171-cas-g1-20260720/results/A-PR171-CAS-SAGE.json,b690dc77d802f2b06efb816348b17b97ef4c4de6,5354,document_or_structured_evidence,.json
docs/generated/pr171_cas/generation_1/source_snapshot/.agent-harness/runs/pr171-cas-g1-20260720/results/A-PR171-CAS-SYMPY.json,4acf62ca81fd6eac331f4e2a500df5054f92988f,5877,document_or_structured_evidence,.json
docs/generated/pr171_cas/generation_1/source_snapshot/.agent-harness/runs/pr171-cas-g1-20260720/results/A-PR171-CAS-WOLFRAM.json,5bf52ccd8944f34420ce24d51142530463135d1a,8120,document_or_structured_evidence,.json
docs/generated/pr171_cas/generation_1/source_snapshot/docs/audits/pr171_primary_sources/coley_hervik_lim_0605128_record.txt,07ae555a94b87a20e5171f9ad4b66a305b75afcc,607,document_or_structured_evidence,.txt
docs/generated/pr171_cas/generation_1/source_snapshot/docs/audits/pr171_primary_sources/hervik_lim_0512070_equations.txt,6f3f25ed20a44807912fac38c49c9642b4456649,1019,document_or_structured_evidence,.txt
docs/generated/pr171_cas/generation_1/source_snapshot/docs/audits/pr171_primary_sources/khronon_2404_06584_record.txt,6c1287b90c214c5b031ac8d27f0ee2f802978c84,719,document_or_structured_evidence,.txt
docs/generated/pr171_cas/generation_1/source_snapshot/docs/audits/pr171_primary_sources/noncomoving_1903_11009_equations.txt,88a808aeda9eff5b249decf69363fc3ea127708c,801,document_or_structured_evidence,.txt
docs/generated/pr171_cas/generation_1/source_snapshot/docs/audits/pr171_primary_sources/velocity_interaction_2012_12204_record.txt,6a3eee21eecf4e2e9ba5da6c76ab37332c36c17f,673,document_or_structured_evidence,.txt
docs/generated/pr171_cas/generation_1/source_snapshot/docs/generated/pr171_cas/CAS_CONTRACT_PR171_CLASS_CONDITIONAL_TILT.json,355276617f346abec6f989c8807ece4f11ff1bad,9747,document_or_structured_evidence,.json
docs/generated/pr171_cas/generation_1/source_snapshot/docs/generated/pr171_cas/preaxis_authorization.json,e0edff5ee0195c663934e7ac96bea3245e715e86,5023,document_or_structured_evidence,.json
docs/generated/pr171_cas/generation_1/source_snapshot/docs/generated/pr171_source_verification.json,22395c165cfa9397fb76dace054ee13adfd5a03c,2784,document_or_structured_evidence,.json
docs/generated/pr171_cas/generation_1/source_snapshot/docs/research_program/long_horizon_rescue/pr125_spec.yaml,579075fbc4e68a66d143019e7f0164cd86c6e3c4,7403,document_or_structured_evidence,.yaml
docs/generated/pr171_cas/generation_1/source_snapshot/docs/research_program/long_horizon_rescue/pr171_primary_source_provenance.yaml,a4f451f8d715a0a3c015ef8c89507959352e4919,3775,document_or_structured_evidence,.yaml
docs/generated/pr171_cas/generation_1/source_snapshot/docs/research_program/long_horizon_rescue/pr171_spec.yaml,eca7b66e15b3245ed7046c30d52b904dbd19ba40,8093,document_or_structured_evidence,.yaml
docs/generated/pr171_cas/generation_1/source_snapshot/formal_pr171/lake-manifest.json,793f0b8a1ebc6e3740413bae163462744bcfa0b2,2910,document_or_structured_evidence,.json
docs/generated/pr171_cas/generation_1/source_snapshot/formal_pr171/lakefile.toml,5a1a9bd19b42f98cd4f1b7ccfa1466d9a366ad70,361,document_or_structured_evidence,.toml
docs/generated/pr171_cas/generation_1/source_snapshot_manifest.json,18657cb3138642297b0fe403490d6352b685ae86,10867,document_or_structured_evidence,.json
docs/generated/pr171_cas/generation_2/adjudication.json,798344cfbaccc9826e1d2319a1b9b02cf93b4c55,2085,document_or_structured_evidence,.json
docs/generated/pr171_cas/generation_2/assignments/assignment_lean.json,85547a89ae59d8c783146dc88f94301d30026723,2615,document_or_structured_evidence,.json
docs/generated/pr171_cas/generation_2/assignments/assignment_sage_singular.json,cb7e2544f75509fc069280bb7c07516fb72006ae,2644,document_or_structured_evidence,.json
docs/generated/pr171_cas/generation_2/assignments/assignment_sympy.json,a97276f228303487ad763f95c18449e0a2754d96,2613,document_or_structured_evidence,.json
docs/generated/pr171_cas/generation_2/assignments/assignment_wolfram_xact.json,b1dc879819e70c960dcf53e2586afd791e9155ea,2651,document_or_structured_evidence,.json
docs/generated/pr171_cas/generation_2/axis_result_lean.json,4c6647fbe89a0c5c41240b6ae3b5f3de3a76415b,16243,document_or_structured_evidence,.json
docs/generated/pr171_cas/generation_2/axis_result_sage_singular.json,72ecd70827873276c9f7b455fe2c58aeb0b42541,3490,document_or_structured_evidence,.json
docs/generated/pr171_cas/generation_2/axis_result_sympy.json,f11f47cee54d5c4b00e244616610d96cdbd5b1ac,5605,document_or_structured_evidence,.json
docs/generated/pr171_cas/generation_2/axis_result_wolfram_xact.json,98aed745850128c9e7321b120fc99bdea97e5e18,6133,document_or_structured_evidence,.json
docs/generated/pr171_cas/generation_2/outer_results/outer_result_lean.json,a9eeb664aaa882b326f355c898b1935f4c5a97d9,18087,document_or_structured_evidence,.json
docs/generated/pr171_cas/generation_2/outer_results/outer_result_sage_singular.json,a7affe7db327450ef190621278f44200eaa2c41a,5359,document_or_structured_evidence,.json
docs/generated/pr171_cas/generation_2/outer_results/outer_result_sympy.json,261a3ad2c0224270a417264ee4a3c4e93aed2aa8,7633,document_or_structured_evidence,.json
docs/generated/pr171_cas/generation_2/outer_results/outer_result_wolfram_xact.json,791d8e2d0898b8bd46005e0b25e092558e46ae49,8122,document_or_structured_evidence,.json
docs/generated/pr171_cas/generation_2/source_snapshot/.agent-harness/runs/pr171-cas-g2-20260720/assignments/A-PR171-CAS2-LEAN.json,aab847eb42f88b3cf9911dc350a7d621732c40c1,2615,document_or_structured_evidence,.json
docs/generated/pr171_cas/generation_2/source_snapshot/.agent-harness/runs/pr171-cas-g2-20260720/assignments/A-PR171-CAS2-SAGE.json,e2a3a5e04144b4b4b4cf04786f93ad7e546c5506,2644,document_or_structured_evidence,.json
docs/generated/pr171_cas/generation_2/source_snapshot/.agent-harness/runs/pr171-cas-g2-20260720/assignments/A-PR171-CAS2-SYMPY.json,ec48356d7a839c4a11ec517bccc50588a36ab186,2613,document_or_structured_evidence,.json
docs/generated/pr171_cas/generation_2/source_snapshot/.agent-harness/runs/pr171-cas-g2-20260720/assignments/A-PR171-CAS2-WOLFRAM.json,588d2322f2763fe6c4b512b52b251d102a005b7b,2651,document_or_structured_evidence,.json
docs/generated/pr171_cas/generation_2/source_snapshot/.agent-harness/runs/pr171-cas-g2-20260720/results/A-PR171-CAS2-LEAN.json,a9eeb664aaa882b326f355c898b1935f4c5a97d9,18087,document_or_structured_evidence,.json
docs/generated/pr171_cas/generation_2/source_snapshot/.agent-harness/runs/pr171-cas-g2-20260720/results/A-PR171-CAS2-SAGE.json,a7affe7db327450ef190621278f44200eaa2c41a,5359,document_or_structured_evidence,.json
docs/generated/pr171_cas/generation_2/source_snapshot/.agent-harness/runs/pr171-cas-g2-20260720/results/A-PR171-CAS2-SYMPY.json,261a3ad2c0224270a417264ee4a3c4e93aed2aa8,7633,document_or_structured_evidence,.json
docs/generated/pr171_cas/generation_2/source_snapshot/.agent-harness/runs/pr171-cas-g2-20260720/results/A-PR171-CAS2-WOLFRAM.json,791d8e2d0898b8bd46005e0b25e092558e46ae49,8122,document_or_structured_evidence,.json
docs/generated/pr171_cas/generation_2/source_snapshot/docs/audits/pr171_primary_sources/coley_hervik_lim_0605128_record.txt,07ae555a94b87a20e5171f9ad4b66a305b75afcc,607,document_or_structured_evidence,.txt
docs/generated/pr171_cas/generation_2/source_snapshot/docs/audits/pr171_primary_sources/hervik_lim_0512070_equations.txt,6f3f25ed20a44807912fac38c49c9642b4456649,1019,document_or_structured_evidence,.txt
docs/generated/pr171_cas/generation_2/source_snapshot/docs/audits/pr171_primary_sources/khronon_2404_06584_record.txt,6c1287b90c214c5b031ac8d27f0ee2f802978c84,719,document_or_structured_evidence,.txt
docs/generated/pr171_cas/generation_2/source_snapshot/docs/audits/pr171_primary_sources/noncomoving_1903_11009_equations.txt,88a808aeda9eff5b249decf69363fc3ea127708c,801,document_or_structured_evidence,.txt
docs/generated/pr171_cas/generation_2/source_snapshot/docs/audits/pr171_primary_sources/velocity_interaction_2012_12204_record.txt,6a3eee21eecf4e2e9ba5da6c76ab37332c36c17f,673,document_or_structured_evidence,.txt
docs/generated/pr171_cas/generation_2/source_snapshot/docs/generated/pr171_cas/CAS_CONTRACT_PR171_CLASS_CONDITIONAL_TILT_V2.json,da44334a11dd97a8713b207dcb2930df267c43a8,10980,document_or_structured_evidence,.json
docs/generated/pr171_cas/generation_2/source_snapshot/docs/generated/pr171_cas/preaxis_authorization_v2.json,48f3d5a8aaf8bcb769f2a0e2c6213c10b33e9b0b,5034,document_or_structured_evidence,.json
docs/generated/pr171_cas/generation_2/source_snapshot/docs/generated/pr171_source_verification.json,22395c165cfa9397fb76dace054ee13adfd5a03c,2784,document_or_structured_evidence,.json
docs/generated/pr171_cas/generation_2/source_snapshot/docs/research_program/long_horizon_rescue/pr125_spec.yaml,579075fbc4e68a66d143019e7f0164cd86c6e3c4,7403,document_or_structured_evidence,.yaml
docs/generated/pr171_cas/generation_2/source_snapshot/docs/research_program/long_horizon_rescue/pr171_primary_source_provenance.yaml,a4f451f8d715a0a3c015ef8c89507959352e4919,3775,document_or_structured_evidence,.yaml
docs/generated/pr171_cas/generation_2/source_snapshot/docs/research_program/long_horizon_rescue/pr171_spec.yaml,eca7b66e15b3245ed7046c30d52b904dbd19ba40,8093,document_or_structured_evidence,.yaml
docs/generated/pr171_cas/generation_2/source_snapshot/formal_pr171/lake-manifest.json,793f0b8a1ebc6e3740413bae163462744bcfa0b2,2910,document_or_structured_evidence,.json
docs/generated/pr171_cas/generation_2/source_snapshot/formal_pr171/lakefile.toml,5a1a9bd19b42f98cd4f1b7ccfa1466d9a366ad70,361,document_or_structured_evidence,.toml
docs/generated/pr171_cas/generation_2/source_snapshot_manifest.json,7f170eb6ef7f537074ad4606bfa49c510c8b52a1,11261,document_or_structured_evidence,.json
docs/generated/pr171_cas/generation_3/adjudication.json,d0d81b7e4202f446c9778e91649d35479e7f1afd,2091,document_or_structured_evidence,.json
docs/generated/pr171_cas/generation_3/assignments/assignment_lean.json,b147c4d36e494b8a83005a4b9b0fac3bfd647732,2598,document_or_structured_evidence,.json
docs/generated/pr171_cas/generation_3/assignments/assignment_sage_singular.json,5cfa167c4bec15dac7589e010713ecdcaf3919d7,2627,document_or_structured_evidence,.json
docs/generated/pr171_cas/generation_3/assignments/assignment_sympy.json,df602b196ddf9afa122e085db82af83b760c52cf,2596,document_or_structured_evidence,.json
docs/generated/pr171_cas/generation_3/assignments/assignment_wolfram_xact.json,88232ee396f4e8d3a9a5c50995d07e7ad3ce2357,2634,document_or_structured_evidence,.json
docs/generated/pr171_cas/generation_3/axis_result_lean.json,4e418ac6759d1e5e751e1a1e2f62ff7e4b483ba1,7301,document_or_structured_evidence,.json
docs/generated/pr171_cas/generation_3/axis_result_sage_singular.json,1bd7c8a7621e42282775c850bfc897de8fd78f9a,5743,document_or_structured_evidence,.json
docs/generated/pr171_cas/generation_3/axis_result_sympy.json,db1f3de19b9ae43b135940a3a7737efd2f08b736,5406,document_or_structured_evidence,.json
docs/generated/pr171_cas/generation_3/axis_result_wolfram_xact.json,fea3c9e10309257ad7f5353a702d3ac580d0f234,6133,document_or_structured_evidence,.json
docs/generated/pr171_cas/generation_3/outer_results/outer_result_lean.json,9c8289e03f0b8459beb8ef376b857efc7ac65b89,9394,document_or_structured_evidence,.json
docs/generated/pr171_cas/generation_3/outer_results/outer_result_sage_singular.json,8b66e473a092a16ceb0b73c79455996c2c818719,7759,document_or_structured_evidence,.json
docs/generated/pr171_cas/generation_3/outer_results/outer_result_sympy.json,a32a065fde2476a77541a9e4f490f6ce461a6666,7410,document_or_structured_evidence,.json
docs/generated/pr171_cas/generation_3/outer_results/outer_result_wolfram_xact.json,b9cd44781fc5d69c6f327b26d514379c8c05a660,8122,document_or_structured_evidence,.json
docs/generated/pr171_cas/generation_3/source_snapshot/.agent-harness/runs/pr171-cas-g3-20260720/assignments/A-PR171-CAS3-LEAN.json,101140f79e61400d4c1ba80ed3e795d5d98d203b,2598,document_or_structured_evidence,.json
docs/generated/pr171_cas/generation_3/source_snapshot/.agent-harness/runs/pr171-cas-g3-20260720/assignments/A-PR171-CAS3-SAGE.json,2066988355976509fa3b7c61569bd19bbb8e95a0,2627,document_or_structured_evidence,.json
docs/generated/pr171_cas/generation_3/source_snapshot/.agent-harness/runs/pr171-cas-g3-20260720/assignments/A-PR171-CAS3-SYMPY.json,895ffaaabd831c2cbe99f0bd40644c85eba172ee,2596,document_or_structured_evidence,.json
docs/generated/pr171_cas/generation_3/source_snapshot/.agent-harness/runs/pr171-cas-g3-20260720/assignments/A-PR171-CAS3-WOLFRAM.json,eebc2527911b9f4563ca294f38e40fb3be4409ae,2634,document_or_structured_evidence,.json
docs/generated/pr171_cas/generation_3/source_snapshot/.agent-harness/runs/pr171-cas-g3-20260720/results/A-PR171-CAS3-LEAN.json,9c8289e03f0b8459beb8ef376b857efc7ac65b89,9394,document_or_structured_evidence,.json
docs/generated/pr171_cas/generation_3/source_snapshot/.agent-harness/runs/pr171-cas-g3-20260720/results/A-PR171-CAS3-SAGE.json,8b66e473a092a16ceb0b73c79455996c2c818719,7759,document_or_structured_evidence,.json
docs/generated/pr171_cas/generation_3/source_snapshot/.agent-harness/runs/pr171-cas-g3-20260720/results/A-PR171-CAS3-SYMPY.json,a32a065fde2476a77541a9e4f490f6ce461a6666,7410,document_or_structured_evidence,.json
docs/generated/pr171_cas/generation_3/source_snapshot/.agent-harness/runs/pr171-cas-g3-20260720/results/A-PR171-CAS3-WOLFRAM.json,b9cd44781fc5d69c6f327b26d514379c8c05a660,8122,document_or_structured_evidence,.json
docs/generated/pr171_cas/generation_3/source_snapshot/docs/audits/pr171_primary_sources/coley_hervik_lim_0605128_record.txt,07ae555a94b87a20e5171f9ad4b66a305b75afcc,607,document_or_structured_evidence,.txt
docs/generated/pr171_cas/generation_3/source_snapshot/docs/audits/pr171_primary_sources/hervik_lim_0512070_equations.txt,6f3f25ed20a44807912fac38c49c9642b4456649,1019,document_or_structured_evidence,.txt
docs/generated/pr171_cas/generation_3/source_snapshot/docs/audits/pr171_primary_sources/khronon_2404_06584_record.txt,6c1287b90c214c5b031ac8d27f0ee2f802978c84,719,document_or_structured_evidence,.txt
docs/generated/pr171_cas/generation_3/source_snapshot/docs/audits/pr171_primary_sources/noncomoving_1903_11009_equations.txt,88a808aeda9eff5b249decf69363fc3ea127708c,801,document_or_structured_evidence,.txt
docs/generated/pr171_cas/generation_3/source_snapshot/docs/audits/pr171_primary_sources/velocity_interaction_2012_12204_record.txt,6a3eee21eecf4e2e9ba5da6c76ab37332c36c17f,673,document_or_structured_evidence,.txt
docs/generated/pr171_cas/generation_3/source_snapshot/docs/generated/pr171_cas/CAS_CONTRACT_PR171_CLASS_CONDITIONAL_TILT_V3.json,fb1735cc4452ebf4084ee0ec24230acaebb6df5f,11276,document_or_structured_evidence,.json
docs/generated/pr171_cas/generation_3/source_snapshot/docs/generated/pr171_cas/preaxis_authorization_v3.json,24e5bcbae7a206dc12d7cf163af74d7284f53591,5034,document_or_structured_evidence,.json
docs/generated/pr171_cas/generation_3/source_snapshot/docs/generated/pr171_source_verification.json,22395c165cfa9397fb76dace054ee13adfd5a03c,2784,document_or_structured_evidence,.json
docs/generated/pr171_cas/generation_3/source_snapshot/docs/research_program/long_horizon_rescue/pr125_spec.yaml,579075fbc4e68a66d143019e7f0164cd86c6e3c4,7403,document_or_structured_evidence,.yaml
docs/generated/pr171_cas/generation_3/source_snapshot/docs/research_program/long_horizon_rescue/pr171_primary_source_provenance.yaml,a4f451f8d715a0a3c015ef8c89507959352e4919,3775,document_or_structured_evidence,.yaml
docs/generated/pr171_cas/generation_3/source_snapshot/docs/research_program/long_horizon_rescue/pr171_spec.yaml,eca7b66e15b3245ed7046c30d52b904dbd19ba40,8093,document_or_structured_evidence,.yaml
docs/generated/pr171_cas/generation_3/source_snapshot/formal_pr171/lake-manifest.json,793f0b8a1ebc6e3740413bae163462744bcfa0b2,2910,document_or_structured_evidence,.json
docs/generated/pr171_cas/generation_3/source_snapshot/formal_pr171/lakefile.toml,5a1a9bd19b42f98cd4f1b7ccfa1466d9a366ad70,361,document_or_structured_evidence,.toml
docs/generated/pr171_cas/generation_3/source_snapshot_manifest.json,0f91f7e7772f863c88ddb12c8df1a283ff7e8ef3,11260,document_or_structured_evidence,.json
docs/generated/pr171_cas/preaxis_authorization.json,e0edff5ee0195c663934e7ac96bea3245e715e86,5023,document_or_structured_evidence,.json
docs/generated/pr171_cas/preaxis_authorization_v2.json,48f3d5a8aaf8bcb769f2a0e2c6213c10b33e9b0b,5034,document_or_structured_evidence,.json
docs/generated/pr171_cas/preaxis_authorization_v3.json,24e5bcbae7a206dc12d7cf163af74d7284f53591,5034,document_or_structured_evidence,.json
docs/generated/pr171_cas_collection_receipt.json,d0d81b7e4202f446c9778e91649d35479e7f1afd,2091,document_or_structured_evidence,.json
docs/generated/pr171_closeout_manifest.json,50e0ca080296825e6cd6ec1c4b21084c968e681d,7690,document_or_structured_evidence,.json
docs/generated/pr171_exact_mechanics.json,d1ecce3025952b75d02726df467953643b9115d4,2898,document_or_structured_evidence,.json
docs/generated/pr171_mutation_report.json,836e1e9d3f8e9e6918b2fab60c56af54cc58a747,5141,document_or_structured_evidence,.json
docs/generated/pr171_postcas_contract_review.json,21453081dc1ca45b7d12ed0d177d2f785e491d84,2956,document_or_structured_evidence,.json
docs/generated/pr171_result_card.json,e2761f595524ada47bbefbdedf4378a7e509073f,3538,document_or_structured_evidence,.json
docs/generated/pr171_reviews/adjudicator.json,7ab8a90287dcfba1147ecfd86fc2b60b63ff7526,13397,document_or_structured_evidence,.json
docs/generated/pr171_reviews/claim_gate.json,7b3e38aab72ea5aff5906d5f233017d096adfbc7,30103,document_or_structured_evidence,.json
docs/generated/pr171_reviews/harness.json,d51b3f7764de2a7591c5ce7930de7c31dfaf5de7,34903,document_or_structured_evidence,.json
docs/generated/pr171_reviews/manifest.json,50e5052d63fa695fc6ba555685f8a19242825fa9,3353,document_or_structured_evidence,.json
docs/generated/pr171_reviews/physics_statistics.json,65e3b8c787a04b0e7eaa1c8c5db327d2c8c98ddd,8765,document_or_structured_evidence,.json
docs/generated/pr171_source_counterexample.json,f7f62da109f0eee0dc23bbf5b131b7870c1d057a,3235,document_or_structured_evidence,.json
docs/generated/pr171_source_space_closure.json,06d0f46bf68c18c347c298564255f1a0a73731ed,2933,document_or_structured_evidence,.json
docs/generated/pr171_source_verification.json,22395c165cfa9397fb76dace054ee13adfd5a03c,2784,document_or_structured_evidence,.json
docs/generated/pr172_artifact_manifest.json,997e7573437fc30b0f4b4717b1d50a06b1e73da7,3985,document_or_structured_evidence,.json
docs/generated/pr172_closeout_review_receipt.json,ec1d29f197a708293bf809200d44880328821f16,4051,document_or_structured_evidence,.json
docs/generated/pr172_co04_delta.json,eaa65b80265f0a2e88c9a2f1410455009cc1fcb5,3584,document_or_structured_evidence,.json
docs/generated/pr172_metamorphic_relation_registry.json,2e5ff98366a041538bda4b3c3dbb98e672af6cd2,11862,document_or_structured_evidence,.json
docs/generated/pr172_metamorphic_result.json,507cca36daa3929dc9a725d179e4babc0cc385ea,56228,document_or_structured_evidence,.json
docs/generated/pr172_mutation_report.json,41e9779612146133d88213e41f03b32dcf61085d,34418,document_or_structured_evidence,.json
docs/generated/pr172_replay_receipt.json,a4c25f9a1f0033a5afefe900e1e38fae30777511,2926,document_or_structured_evidence,.json
docs/generated/pr172_result_card.json,95b2f1df0a0c100ea3aced9cddb42187c0bb4a64,3629,document_or_structured_evidence,.json
docs/generated/pr172_reviews/claim_gate.json,758d50261dad065c3f14a460fabeb28ed627a9fa,21840,document_or_structured_evidence,.json
docs/generated/pr172_reviews/final_claim.json,fbd36e0a61a1ab06ffeb7342a76c725a59709cc3,8395,document_or_structured_evidence,.json
docs/generated/pr172_reviews/final_code.json,5d7ff0d3d32c2b02532ce35c20a8b78068b5a366,10225,document_or_structured_evidence,.json
docs/generated/pr172_reviews/final_science.json,8c894747d25540c3329effb1334c5ad7027e6b69,5572,document_or_structured_evidence,.json
docs/generated/pr172_reviews/harness.json,d09b5c3b9e6abad1f3bcf6b2b51b07ec8628652b,21774,document_or_structured_evidence,.json
docs/generated/pr172_reviews/manifest.json,54944ab1ffdfbb03af4eb8f3944029e5f8a5c308,6051,document_or_structured_evidence,.json
docs/generated/pr172_reviews/physics_statistics.json,7cd7fb7f71b898fe5292774b1807f9163844db32,20372,document_or_structured_evidence,.json
docs/generated/pr172_reviews/remediation_claim.json,9f69d7c9f6cc0124f9ae0ce99d530971222b9015,11001,document_or_structured_evidence,.json
docs/generated/pr172_reviews/remediation_code.json,39adf3b242668faf934a6896e4a96d55956c5f84,5254,document_or_structured_evidence,.json
docs/generated/pr173_artifact_manifest.json,2a1ed378d935d6fb4e3fc68e85bc2d629cc088f4,8037,document_or_structured_evidence,.json
docs/generated/pr173_error_budget_report.json,1adcc73542207bcd4c3d3f959f1a8401e40860f5,19554,document_or_structured_evidence,.json
docs/generated/pr173_method_validation.json,790ed6a9d01fff0e2d559c38effaee1cd6a48642,3877,document_or_structured_evidence,.json
docs/generated/pr173_mutation_report.json,a99844de8f861533cca7e546ce9e032d2403903e,10261,document_or_structured_evidence,.json
docs/generated/pr173_result_card.json,8ad066db09497b408c5d1e34150eb01c2061cbf1,3703,document_or_structured_evidence,.json
docs/generated/pr173_reviews/final_claim.json,b5b13ac5b147c5676669f43f90c9ad550656cf7b,14398,document_or_structured_evidence,.json
docs/generated/pr173_reviews/final_code.json,1a358b45a55e38e5bf5d85208b1e7c6e9b682d1c,10370,document_or_structured_evidence,.json
docs/generated/pr173_reviews/final_statistics.json,42e68afa1452192cef19d401ca076a3d9a7b7e35,11361,document_or_structured_evidence,.json
docs/generated/pr173_reviews/intake_claim.json,4e52b0b58dbbee838c22063be4c3391d54b4e823,25330,document_or_structured_evidence,.json
docs/generated/pr173_reviews/intake_harness.json,64df868d02c4379c79cfed0653e834a3abe0dcba,27948,document_or_structured_evidence,.json
docs/generated/pr173_reviews/intake_statistics.json,95167c0b63e19619b348683c9d53bdc7529a172a,24194,document_or_structured_evidence,.json
docs/generated/pr173_reviews/manifest.json,d71d98aa48fc35682a39ceb7ba03d84ae710a867,8240,document_or_structured_evidence,.json
docs/generated/pr173_reviews/remediation_claim.json,4eaa23d9df3a3fbe8af73d5d079121888970f5ec,11465,document_or_structured_evidence,.json
docs/generated/pr173_reviews/remediation_code.json,adefb91acb97eca701a08f6fbac429666fd94532,8697,document_or_structured_evidence,.json
docs/generated/pr173_reviews/stale_final_claim.json,77ef74266580e93e46694096aae9a27e20005d1f,2393,document_or_structured_evidence,.json
docs/generated/pr173_reviews/stale_final_code.json,bc6021616ee01bbd45c538c174992c508e75b4ee,2132,document_or_structured_evidence,.json
docs/generated/pr173_reviews/stale_final_statistics.json,58afacaec1a2de0531581050ee953613f88a1043,2673,document_or_structured_evidence,.json
docs/generated/pr174_mutation_report.json,f2e1086f8220843ddaba35124b37ba12742727dc,2445,document_or_structured_evidence,.json
docs/generated/pr174_result_card.json,6a54902af31d5b9e7d0d934234db359ca56d3dff,4511,document_or_structured_evidence,.json
docs/generated/pr174_reviews/final_adjudication.json,508169a804eb45e8fb5a947425f3255e03163d3e,1563,document_or_structured_evidence,.json
docs/generated/pr174_reviews/finding_verdicts.json,48668791eed9eb7337175a789a62328dea73c3fd,8945,document_or_structured_evidence,.json
docs/generated/pr174_reviews/manifest.json,a685194efb69d2421c350d61f6289cab0305a3f8,1441,document_or_structured_evidence,.json
docs/generated/pr174_reviews/review_claim.json,68a0cb8e86a9eb60f8ee4c27d5934be41d8a7b6b,3793,document_or_structured_evidence,.json
docs/generated/pr174_reviews/review_code.json,32dcbc473115bfac4fbb30b5c079e1e0d817beec,5003,document_or_structured_evidence,.json
docs/generated/pr174_reviews/review_physics.json,64c9c6d21bf0b69b7f92d8241c40ace757b656d1,4079,document_or_structured_evidence,.json
docs/generated/pr175_cas/CAS_CONTRACT_PR175_INVARIANT.json,7050533aad193150f09680487bc5a35a14597d1e,3408,document_or_structured_evidence,.json
docs/generated/pr175_cas/CAS_CONTRACT_PR175_INVARIANT_V2.json,3e9acb4bd256655ef1a09b943dc19d6c1408710a,4215,document_or_structured_evidence,.json
docs/generated/pr175_cas/axis_result_lean.json,16cbcf41a6e9bd96007d18cea5f2b91b7e0f6654,1806,document_or_structured_evidence,.json
docs/generated/pr175_cas/axis_result_sage_singular.json,50dfc37abbf54d89e937132332aac9ac098725c4,1721,document_or_structured_evidence,.json
docs/generated/pr175_cas/axis_result_sympy.json,99cbbae1ddad01c8b7db3aa1b15581724d97e35b,1538,document_or_structured_evidence,.json
docs/generated/pr175_cas/axis_result_wolfram_xact.json,f678033fda297232ac6bd142039fa1bfb7fcd547,2245,document_or_structured_evidence,.json
docs/generated/pr175_cas/v1/CAS_CONTRACT_PR175_INVARIANT.json,7050533aad193150f09680487bc5a35a14597d1e,3408,document_or_structured_evidence,.json
docs/generated/pr175_cas/v1/adjudication_v1.json,d0539542b3a982a5a11e131e0a5fc94a5ed78b2d,559,document_or_structured_evidence,.json
docs/generated/pr175_cas/v1/axis_result_lean.json,12dd7702289b493fe3b321058ece54d5e3fb4a3c,1806,document_or_structured_evidence,.json
docs/generated/pr175_cas/v1/axis_result_sage_singular.json,c72d2a539180646faef724efa4c7032593016500,1720,document_or_structured_evidence,.json
docs/generated/pr175_cas/v1/axis_result_sympy.json,8487813a719f6cbb0b70f440fe3e451db5874247,1538,document_or_structured_evidence,.json
docs/generated/pr175_cas/v1/axis_result_wolfram_xact.json,411546cb1747e77f2f1b9030bd5b159460c5c4fc,2245,document_or_structured_evidence,.json
docs/generated/pr175_cas_adjudication.json,ecaf7a1e8d38462f9cab579b428e6e4f137fbe26,559,document_or_structured_evidence,.json
docs/generated/pr175_result_card.json,0e5b033ad3a9471b868ac5f36ab66879a44216d6,5212,document_or_structured_evidence,.json
docs/generated/pr175_reviews/final_adjudication.json,ad5e95e8657c8186b84de3d80b39ccca7fb3191a,1075,document_or_structured_evidence,.json
docs/generated/pr175_reviews/manifest.json,8501cd3bb105355bb7b6df25cf11376221adaa53,1257,document_or_structured_evidence,.json
docs/generated/pr175_reviews/review_claim.json,724e8a0c254858e7f5f4c86847a0f1d38b351894,7600,document_or_structured_evidence,.json
docs/generated/pr175_reviews/review_code.json,a8be4f05fdc0da1f38a33c9aad24340d064ce278,8178,document_or_structured_evidence,.json
docs/generated/pr175_reviews/review_physics.json,8cc7201551c55619a595569ec48df522c4612d23,5670,document_or_structured_evidence,.json
docs/generated/pr176_artifact_manifest.json,c1794f9bdd3006f910b760fadbb9c9ab29d98525,7376,document_or_structured_evidence,.json
docs/generated/pr176_cross_falsifier_result.json,8ac9c4b3588ddeb17670ebbce353e0b4b1e36145,6699,document_or_structured_evidence,.json
docs/generated/pr176_dependence_bound.json,c5248e385f7565a4e249bc3d43f906eee1974813,8318,document_or_structured_evidence,.json
docs/generated/pr176_divergence_measurement.json,675abc3aad89af3f1fa44b729d8b0313c46391d6,13476,document_or_structured_evidence,.json
docs/generated/pr176_execution_receipt.json,1940471237c59a5df949ea08e403b7be20d52544,6989,document_or_structured_evidence,.json
docs/generated/pr176_injection_validation.json,0ab302955e58efe693dfd3b4f0def349300a00a7,30289,document_or_structured_evidence,.json
docs/generated/pr176_mutation_report.json,aa6454d875d6225145a55ed74c19df7ca9dbeb6c,8358,document_or_structured_evidence,.json
docs/generated/pr176_result_card.json,f913a2f03f148bf346eaaa5b490b4e3185d2668b,6259,document_or_structured_evidence,.json
docs/generated/pr176_reviews/final_adjudication.json,9870ef48047c46289c3bffc228e1c7f569588300,18924,document_or_structured_evidence,.json
docs/generated/pr176_reviews/first_final_claim_fail.json,ba60b18ff8c897644eb71208dc85aa332f324ecd,12689,document_or_structured_evidence,.json
docs/generated/pr176_reviews/first_final_code_fail.json,5b06886c39e68ceb4bebb8fa4ad46d3fc5dcad1a,17022,document_or_structured_evidence,.json
docs/generated/pr176_reviews/first_final_statistics_fail.json,44b6518ec63007b9bce6e35eb7f34f029b3433e1,16450,document_or_structured_evidence,.json
docs/generated/pr176_reviews/intake_claim.json,20f77162ffdbe78822c2fa968fb66464bd5824e6,7956,document_or_structured_evidence,.json
docs/generated/pr176_reviews/intake_harness.json,6895b1c230c255aad831ff186297f7ac4df3cf43,36790,document_or_structured_evidence,.json
docs/generated/pr176_reviews/intake_mapper.json,17c70db4a8775fcd0f3158a234830f58ceac9aaa,24783,document_or_structured_evidence,.json
docs/generated/pr176_reviews/intake_statistics.json,13626d924390a7b47e64613815b061c8f70ad731,21307,document_or_structured_evidence,.json
docs/generated/pr176_reviews/manifest.json,fe1b7861a144b7ed8f795ad965f7a5be0d991ca0,10005,document_or_structured_evidence,.json
docs/generated/pr176_reviews/remediation_claim_pass.json,5eec8fe7ca1ba758b22e6b090347629118ccee65,18724,document_or_structured_evidence,.json
docs/generated/pr176_reviews/remediation_code_pass.json,9d7e03665db6c0e2967256077f0982b794640322,12834,document_or_structured_evidence,.json
docs/generated/pr176_reviews/remediation_statistics_pass.json,dd976a50dc182e590604f3cc7a4de514f06cef64,14875,document_or_structured_evidence,.json
docs/generated/pr176_reviews/superseded_adjudication_error.json,5e51d8358b0fbda696e0feeffa85109955d0614c,546,document_or_structured_evidence,.json
docs/generated/pr176_source_authority.json,c494e7a4d473ca4b7d2007c14a92d21beae00de9,7963,document_or_structured_evidence,.json
docs/generated/pr177_act_inband_feature_card.json,5060e67103e1495e774d8fed07c4ac36ab2302a3,395287,document_or_structured_evidence,.json
docs/generated/pr177_act_modulation_result.json,3c4b2e887d7652792effd15af84c1f18a29d5604,42274,document_or_structured_evidence,.json
docs/generated/pr177_artifact_manifest.json,ffa57b70de76a2d131bc3543693385cf09859528,5677,document_or_structured_evidence,.json
docs/generated/pr177_deep_replay_receipt.json,84f26a226b4ef1593728c47813d6281e99b79f91,14549,document_or_structured_evidence,.json
docs/generated/pr177_input_authority_receipt.json,ce339b9bdcf0509c7b08671c68ff31f347bcbea5,5165,document_or_structured_evidence,.json
docs/generated/pr177_mask_control.json,6bed3657018409d47eae7e629e087627f0bb34eb,39502,document_or_structured_evidence,.json
docs/generated/pr177_mc_resolution.json,1777470c6742e00f8f4e022c4c42cf09a7cdd2bb,108434,document_or_structured_evidence,.json
docs/generated/pr177_mutation_report.json,6c80577e4a34bf5101586cef90acb07972d57209,8780,document_or_structured_evidence,.json
docs/generated/pr177_result_card.json,a1223f5daa742cc63a36708173cdca5740c383aa,4772,document_or_structured_evidence,.json
docs/generated/pr177_reviews/final_claim.json,c73b4295579df2ab4498acc2016f23f8cb8e8ceb,12108,document_or_structured_evidence,.json
docs/generated/pr177_reviews/final_claim_pass.json,ccfc8933b38c72186bb7ad5dd9d3f4299915a8c4,11355,document_or_structured_evidence,.json
docs/generated/pr177_reviews/final_code.json,08f0d34c9299c678512a9506387bc0c9ec624a41,13606,document_or_structured_evidence,.json
docs/generated/pr177_reviews/final_code_pass.json,0472a367f47f3f2d74fb6243c659013ba6501ac5,13098,document_or_structured_evidence,.json
docs/generated/pr177_reviews/final_science.json,184330744e91c4a6b636eec0d25325d272c02d20,12167,document_or_structured_evidence,.json
docs/generated/pr177_reviews/first_remediation_claim_pass.json,138d5f2cd599394192399377cc200583fdc4c0f3,22081,document_or_structured_evidence,.json
docs/generated/pr177_reviews/first_remediation_code_fail.json,9aa10baa44e09b54dd549eb1423ae38451686719,22883,document_or_structured_evidence,.json
docs/generated/pr177_reviews/intake_claim.json,383e22eea3a7db5615168a9c91fc8a7b925e0f85,24715,document_or_structured_evidence,.json
docs/generated/pr177_reviews/intake_harness.json,ad034c46fb9e6260fc2fe6b4388cdb8d1b188fdc,27385,document_or_structured_evidence,.json
docs/generated/pr177_reviews/intake_statistics.json,5922b1546337ce6d25a45941b9d815c120f806ce,23392,document_or_structured_evidence,.json
docs/generated/pr177_reviews/manifest.json,6a8a1d46dcbd5cb297f60e6019519f43145e284a,9354,document_or_structured_evidence,.json
docs/generated/pr177_reviews/second_final_claim_fail.json,60ec29ac2c6c7c8a94a5c903498ace09786427f8,23448,document_or_structured_evidence,.json
docs/generated/pr177_reviews/second_final_code_fail.json,42ecf6ddc8bc953254c40aa5733fcb7cd4eb13fa,16976,document_or_structured_evidence,.json
docs/generated/pr179_artifact_manifest.json,b6c6226acf88e533560b79073e4d1d1bb40bac87,6569,document_or_structured_evidence,.json
docs/generated/pr179_directional_cosmography_result.json,f7bd48fa1f43402a8375d040f60bb7adaed37ef7,10603,document_or_structured_evidence,.json
docs/generated/pr179_estimand_contract.json,4f76517649319280856c7ea9d171c718fa01d59f,12044,document_or_structured_evidence,.json
docs/generated/pr179_execution_receipt.json,7f90f16287e96300b8a7d51b5050f800caee018a,7400,document_or_structured_evidence,.json
docs/generated/pr179_mutation_report.json,33e2b167daf41714f20e6c9e4560c62addd80fac,10930,document_or_structured_evidence,.json
docs/generated/pr179_null_calibration.json,02237a906cf15c813f262c200c2c62437616b82c,529243,document_or_structured_evidence,.json
docs/generated/pr179_raw_catalogue_receipt.json,d2960a96ba497e790f280b42419a1856a6693356,52709,document_or_structured_evidence,.json
docs/generated/pr179_raw_systematics.json,29e60f2f6e068cb2409213771b43e88f1cebaca0,62025,document_or_structured_evidence,.json
docs/generated/pr179_response_identifiability.json,9cc515a820589a97f4ed84ae719bb0438393338d,7593,document_or_structured_evidence,.json
docs/generated/pr179_result_card.json,b12e8215829b509286029bb110689e6e532d5c1f,7117,document_or_structured_evidence,.json
docs/generated/pr179_reviews/A-PR179-FINAL-ADJUDICATION.json,d3e773d98ccbb7a3ff64bb47603fca024874ae2b,22437,document_or_structured_evidence,.json
docs/generated/pr179_reviews/A-PR179-REVIEW-CLAIM.json,be3d9253f0f9ceff3a943be51cafd6fc1eec94b1,17415,document_or_structured_evidence,.json
docs/generated/pr179_reviews/A-PR179-REVIEW-CODE.json,70a778c07e3eb09db8d0e8bd3b203f6e651bb315,18019,document_or_structured_evidence,.json
docs/generated/pr179_reviews/A-PR179-REVIEW-STAT.json,07d3dc6d84d877c317c44066344fc6a7345118a3,13966,document_or_structured_evidence,.json
docs/generated/pr180_result_card.json,5b80846b3747d23cb2a5d4dd599e4a83a44cd7a0,4673,document_or_structured_evidence,.json
docs/generated/pr182_cas/CAS_CONTRACT_PR182_PARITY.json,437f92be91accf7fe8029b986fed13359fbdafdb,3321,document_or_structured_evidence,.json
docs/generated/pr182_cas/CAS_CONTRACT_PR182_PARITY_V2.json,27cfa8a5c8c4e863546919e13330f18bda7e116e,3886,document_or_structured_evidence,.json
docs/generated/pr182_cas/axis_result_lean.json,2db520063794a93e8df0a9359e6e0ce061d85862,2334,document_or_structured_evidence,.json
docs/generated/pr182_cas/axis_result_sage_singular.json,8301ff798ea08cc35a76ee01a7b2c4f9fcec2ddb,2250,document_or_structured_evidence,.json
docs/generated/pr182_cas/axis_result_sympy.json,d69b6ae24350715c32ec4694e115f8f4e00531cd,1964,document_or_structured_evidence,.json
docs/generated/pr182_cas/axis_result_wolfram_xact.json,f329e683da81d824f65d69c61eda2072bf97e0e0,2507,document_or_structured_evidence,.json
docs/generated/pr182_cas/v1/CAS_CONTRACT_PR182_PARITY.json,437f92be91accf7fe8029b986fed13359fbdafdb,3321,document_or_structured_evidence,.json
docs/generated/pr182_cas/v1/adjudication_v1.json,ac21ab373cd2f14bf581b92b11cf14f9347a4b69,556,document_or_structured_evidence,.json
docs/generated/pr182_cas/v1/axis_result_lean.json,3c1231a5fbfb9d51618d972983ec4ad4047fc202,2272,document_or_structured_evidence,.json
docs/generated/pr182_cas/v1/axis_result_sage_singular.json,18aa85c8ebe5a316a7f34dae4688604da0f62681,2224,document_or_structured_evidence,.json
docs/generated/pr182_cas/v1/axis_result_sympy.json,cebabe303d69f1df8d6d7f19b8707c42f84c4e98,1938,document_or_structured_evidence,.json
docs/generated/pr182_cas/v1/axis_result_wolfram_xact.json,6a363bd7a3508ba379f8c5a94ba4c61c0b81e7a1,2326,document_or_structured_evidence,.json
docs/generated/pr182_cas_adjudication.json,dc18ecaa2b278982640ebee098740fb129bddabc,556,document_or_structured_evidence,.json
docs/generated/pr182_result_card.json,8c50f8171a947b5a420ab65f1049a083cc20fb39,6196,document_or_structured_evidence,.json
docs/generated/pr182_reviews/final_adjudication.json,fbad54eb4348b24b001f03d074a1982294de657f,1032,document_or_structured_evidence,.json
docs/generated/pr182_reviews/finding_verdicts.json,0a5812b59e950edab2c67b3ebfb49500c8e452b1,30251,document_or_structured_evidence,.json
docs/generated/pr182_reviews/manifest.json,54ea0b96b0838395ab3d598772b2823665877c52,1441,document_or_structured_evidence,.json
docs/generated/pr182_reviews/review_claim.json,a3c7613736ea699839592f47f1270bbf7809b003,8911,document_or_structured_evidence,.json
docs/generated/pr182_reviews/review_code.json,268a8a89f2ad94c0143e9f4a52928ef126581207,9565,document_or_structured_evidence,.json
docs/generated/pr182_reviews/review_physics.json,7bc6d6d57c4ad22fa9c17776316735523b0b64ea,9310,document_or_structured_evidence,.json
docs/generated/pr184_result_card.json,934aeb15c8aba61427a2c6c41631d037edaeff78,3069,document_or_structured_evidence,.json
docs/generated/pr185_result_card.json,976132ee911762d8a64c1f99ab465c2e6281c722,1454,document_or_structured_evidence,.json
docs/generated/pr185_strengthen_intake_receipt.json,5354786086ed956bdc6bb4283b7fad035def8f54,1711,document_or_structured_evidence,.json
docs/generated/pr186_cas/CAS_CONTRACT_PR186_W2.json,a5861a18cb810299f46f7f8b67e089b313b07446,1537,document_or_structured_evidence,.json
docs/generated/pr186_cas/adjudication.json,4b21a23e402f7f066762940aa11a79d4c62c9c66,754,document_or_structured_evidence,.json
docs/generated/pr186_cas/axis_result_lean.json,18bdcfba4a4615bcdccbc651c504eb34406ed605,554,document_or_structured_evidence,.json
docs/generated/pr186_cas/axis_result_rocq.json,aa178cdd44faa125c3e2f146fa0066fe1464309c,382,document_or_structured_evidence,.json
docs/generated/pr186_cas/axis_result_sage_singular.json,862e625352772a14860ca5cf20cabb0dda475f0c,641,document_or_structured_evidence,.json
docs/generated/pr186_cas/axis_result_sympy.json,a62f55dc011bad95764287d6bd39c1fb530b416d,622,document_or_structured_evidence,.json
docs/generated/pr186_cas/axis_result_wolfram_xact.json,857265df317353211c4fd92d2f76680bd68678cc,1415,document_or_structured_evidence,.json
docs/generated/pr186_result_card.json,5f1245d6332839d05ba80b08f21ad158c25f941f,2935,document_or_structured_evidence,.json
docs/generated/pr187_cas/CAS_CONTRACT_PR187_FRAME_ORDER.json,145757fa2efc3e61b2adc1e85d315ff91a210d9d,1362,document_or_structured_evidence,.json
docs/generated/pr187_cas/adjudication.json,dd621cf7e8b185010bef4fbf62a2dcc14dae48a5,752,document_or_structured_evidence,.json
docs/generated/pr187_cas/axis_result_lean.json,af19e47515f722b02e5acf539cd401fe1b5c38c7,576,document_or_structured_evidence,.json
docs/generated/pr187_cas/axis_result_rocq.json,ceb2a357184249697e9e0faebad40aa2ab6f4bc0,382,document_or_structured_evidence,.json
docs/generated/pr187_cas/axis_result_sage_singular.json,c4c4e78ddcb048f7b0631307bda75b16af15adc8,513,document_or_structured_evidence,.json
docs/generated/pr187_cas/axis_result_sympy.json,f7bd0e6bdb24cb6a54828a0b9596645d0995569f,569,document_or_structured_evidence,.json
docs/generated/pr187_cas/axis_result_wolfram_xact.json,7aefb92c2e5e122cbafbad07ababdd7c200da264,1327,document_or_structured_evidence,.json
docs/generated/pr187_result_card.json,cda470f6504810b0598432c260854f9045761256,2296,document_or_structured_evidence,.json
docs/generated/pr188_result_card.json,bdbb4d9ac0c7f98259014eef6ef0d62dfb176598,1952,document_or_structured_evidence,.json
docs/generated/pr189_cas/CAS_CONTRACT_PR189_JOINT.json,04da3da3bb45a2f4e08b47c65fe287ab53bb31da,1202,document_or_structured_evidence,.json
docs/generated/pr189_cas/adjudication.json,56c42b901add0e2606da50523ba9061203a5df11,754,document_or_structured_evidence,.json
docs/generated/pr189_cas/axis_result_lean.json,cfc4ee1d24d10cd8918ea4d717e0fbce3dd812f5,503,document_or_structured_evidence,.json
docs/generated/pr189_cas/axis_result_rocq.json,63b0bcf84c0be9a6dcfbf3f1799ad1d224c69045,376,document_or_structured_evidence,.json
docs/generated/pr189_cas/axis_result_sage_singular.json,031f8bed4f1974d3ddfb1f98fe040ae161f9314f,463,document_or_structured_evidence,.json
docs/generated/pr189_cas/axis_result_sympy.json,0703e38cf8725fa80d68edae03b08b3b2f821875,519,document_or_structured_evidence,.json
docs/generated/pr189_cas/axis_result_wolfram_xact.json,5ad35dc696d01043cd0e2c1e1bbd207870d3152f,1297,document_or_structured_evidence,.json
docs/generated/pr189_result_card.json,a47f2027154f9b20a064b60cfc285887bcc26b07,2130,document_or_structured_evidence,.json
docs/generated/pr192_preflight.json,1f142c042b0f1d909591b804b5c0745a2ebaf061,1234,document_or_structured_evidence,.json
docs/generated/pr197_result_card.json,1f7c5a7cb563cb440aec75f1d220fb6382fbf2ec,4321,document_or_structured_evidence,.json
docs/generated/pr200_result_card.json,65825b7c20b93a803c50cfb1e89b96d6693c6315,3519,document_or_structured_evidence,.json
docs/generated/pr204_result_card.json,1cc03bf0213a3ea24b6dc0dfe6672a714dfe3c43,5603,document_or_structured_evidence,.json
docs/generated/pr209_result_card.json,0e1f66b3a201a4470a68538edc878974f09f0299,1705,document_or_structured_evidence,.json
docs/generated/pr210_result_card.json,90d4f4ee0854212cca2d6ad0baa8876ddaf3e99b,1260,document_or_structured_evidence,.json
docs/generated/pr211_result_card.json,6c486e1f9faedbf105ef20b94bbe7f414c22ae74,1704,document_or_structured_evidence,.json
docs/generated/pr212_result_card.json,b82b198a80d896108c159cdd50a3db76818e8458,1893,document_or_structured_evidence,.json
docs/generated/pr213_result_card.json,6782f799447a502b5d4e5c2a7c843143a6e2c574,1523,document_or_structured_evidence,.json
docs/generated/pr214_result_card.json,3eb621c1b2993752e6431e4d5cce0a98151c0017,1337,document_or_structured_evidence,.json
docs/generated/pr215_result_card.json,6fe585c4397bfe7649563999b185b0067ad4de54,1572,document_or_structured_evidence,.json
docs/generated/pr216_result_card.json,0e5c044029981fd4e84ade5c366441928811d2ff,1431,document_or_structured_evidence,.json
docs/generated/pr217_result_card.json,076d560af709d5b4cbc4854c23adfd7d1f033400,2085,document_or_structured_evidence,.json
docs/generated/pr218_result_card.json,81aea987d934540a99969589eef034f7931b0955,1214,document_or_structured_evidence,.json
docs/generated/pr219_result_card.json,0615d8511c2653e8b2d2b1429d81af16fc719c28,1813,document_or_structured_evidence,.json
docs/generated/pr220_result_card.json,cc1ec86d5ba230a0339d9d9c279c05e5dbfd710b,1290,document_or_structured_evidence,.json
docs/generated/pr221_result_card.json,603a88cabd03433a2061aed011a789f12a58f770,1355,document_or_structured_evidence,.json
docs/generated/pr222_cas/CAS_CONTRACT_PR222_BRIDGE.json,ecdf9d7610a68046c06c93657e549f41a96d2ca8,1246,document_or_structured_evidence,.json
docs/generated/pr222_cas/adjudication.json,e7582641b870349b39b8bf107456183023356098,752,document_or_structured_evidence,.json
docs/generated/pr222_cas/axis_result_lean.json,3c7f71ecf5e86d24a28b870c927a6eb2fb6b387d,678,document_or_structured_evidence,.json
docs/generated/pr222_cas/axis_result_rocq.json,81adbdea4ec0d35f44725a2cd54186b4d8effb63,377,document_or_structured_evidence,.json
docs/generated/pr222_cas/axis_result_sage_singular.json,07a37f23bc0bf064eeceebde406eb35aba897611,435,document_or_structured_evidence,.json
docs/generated/pr222_cas/axis_result_sympy.json,3c79ecc8c0f9c0f548b0b289cb24b8b896abd19b,541,document_or_structured_evidence,.json
docs/generated/pr222_cas/axis_result_wolfram_xact.json,664430e6298d837b6af338d7f78ba28e08210375,1269,document_or_structured_evidence,.json
docs/generated/pr222_result_card.json,51a0d325c3402bf01d916cc9da0bbb4cf4bfb25a,1826,document_or_structured_evidence,.json
docs/generated/pr223_cas/CAS_CONTRACT_PR223_MULTIFLUID.json,11fea107c4220b0a757f96599ddac8fd15ebce60,1229,document_or_structured_evidence,.json
docs/generated/pr223_cas/adjudication.json,6758b015d8e923f7892396f155cffc31f8d10e57,751,document_or_structured_evidence,.json
docs/generated/pr223_cas/axis_result_lean.json,9c949236b2f45cea135bc215ca752c8d86d2d0a2,466,document_or_structured_evidence,.json
docs/generated/pr223_cas/axis_result_rocq.json,b7bdfca7444a51b6fc020ea8c56444fc3fa6a127,381,document_or_structured_evidence,.json
docs/generated/pr223_cas/axis_result_sage_singular.json,e2badd447306d1826e2dab6b1c65fc39f9fee543,463,document_or_structured_evidence,.json
docs/generated/pr223_cas/axis_result_sympy.json,5aa2f6bc41babf4e90b0ace00227641475841e4c,523,document_or_structured_evidence,.json
docs/generated/pr223_cas/axis_result_wolfram_xact.json,297563601b94869bfa5c8a9936f343362e4b1779,1297,document_or_structured_evidence,.json
docs/generated/pr223_result_card.json,e491588ec72fae911e07fad7af62b7a6a08d4df4,1888,document_or_structured_evidence,.json
docs/generated/pr224_result_card.json,9ae8d8b47e0c11a245253202ce724e74a3097fbb,1255,document_or_structured_evidence,.json
docs/generated/pr225_result_card.json,b12d60d75d280cfd1c570c582811233d5a1d632a,1642,document_or_structured_evidence,.json
docs/generated/pr226_result_card.json,bcd3cdb51fa396052dd923b92c41b4254ec21ceb,2868,document_or_structured_evidence,.json
docs/generated/pr227_result_card.json,62aa65e6543398a0af1a2d33c8efd8cea69997dd,3239,document_or_structured_evidence,.json
docs/generated/pr228_result_card.json,ce671d920d0102f25d6036c7bf060f4e2b02aeba,1646,document_or_structured_evidence,.json
docs/generated/predictive_adequacy_report.json,c7ac05a0a4f8353f7dbac8d9e24a6dfc9af3f246,1004,document_or_structured_evidence,.json
docs/generated/predictive_adequacy_report.md,007b33bb8d1e245e55d89a0a67de4b5a818f1682,966,document_or_structured_evidence,.md
docs/generated/prior_error_sensitivity_report.json,ada0b8142f226aa9bccf7caf682ac268be2cf4ca,1396,document_or_structured_evidence,.json
docs/generated/prior_error_sensitivity_report.md,8d8f9a2812e718e7ffed442c3b1d17074e6fd3ff,1195,document_or_structured_evidence,.md
docs/generated/progress_checkpoints/README.md,71c2f79e29849cf9f2718f7919955bcef4c17ee4,1211,document_or_structured_evidence,.md
docs/generated/progress_checkpoints/checkpoint_005.md,f5e819b3d2e883705a8ce82210a89f7faba1fcf9,973,document_or_structured_evidence,.md
docs/generated/progress_checkpoints/checkpoint_010.md,80b5cb757cdc269d3dbcf7623b280a0d8a4c985d,1003,document_or_structured_evidence,.md
docs/generated/progress_checkpoints/checkpoint_015.md,eb7a384c0785149e20a08e8104abc3fd43752b42,995,document_or_structured_evidence,.md
docs/generated/progress_checkpoints/checkpoint_020.md,16357d300b44013ae3680e982dd1f37c91a7220e,1023,document_or_structured_evidence,.md
docs/generated/progress_checkpoints/checkpoint_025.md,dea040b31e06e1d21d8d3ddca45ae74356821d86,1015,document_or_structured_evidence,.md
docs/generated/progress_checkpoints/checkpoint_030.md,20d1f6f98733d5074de3cf411a53b50a169b37b3,1013,document_or_structured_evidence,.md
docs/generated/progress_checkpoints/checkpoint_035.md,f59f3ce3a8df9486e1e76dbaa0c1f9582e74566b,999,document_or_structured_evidence,.md
docs/generated/progress_checkpoints/checkpoint_040.md,ee65a9e655d0345f44f694a8ddef2ec53ac4eee6,1000,document_or_structured_evidence,.md
docs/generated/progress_checkpoints/checkpoint_045.md,0ee9d4a7a5094a13957cb440a02ebd6216259fb2,1016,document_or_structured_evidence,.md
docs/generated/progress_checkpoints/checkpoint_050.md,1f0208c4fd7aced11257f4181947112f6c7ece3f,990,document_or_structured_evidence,.md
docs/generated/progress_checkpoints/checkpoint_055.md,4420c54c218c167c773262b0c4d9814942c46975,984,document_or_structured_evidence,.md
docs/generated/progress_checkpoints/checkpoint_060.md,ff7a9ffddefc17884fb46e5837b45632a4ac7989,984,document_or_structured_evidence,.md
docs/generated/progress_checkpoints/checkpoint_065.md,861febf0c9f73f22c192d45ffd70af51196d9574,1012,document_or_structured_evidence,.md
docs/generated/progress_checkpoints/checkpoint_070.md,49c91195ef90009bf52eb398ff48af0c97570e58,2612,document_or_structured_evidence,.md
docs/generated/progress_checkpoints/checkpoint_075.md,76b71a05bef44c560d7ace5b85e0ec684d5ce43e,2622,document_or_structured_evidence,.md
docs/generated/progress_checkpoints/checkpoint_080.md,1495e009d6d27d15fb628f98a2f217dcae8c4902,3652,document_or_structured_evidence,.md
docs/generated/progress_checkpoints/checkpoint_085.md,8ddd086cab54269ed132e6ec207d789c7025d89a,3770,document_or_structured_evidence,.md
docs/generated/progress_checkpoints/checkpoint_090.md,d8bb95db3b8db8018e599ea6508e3ee98a759234,5381,document_or_structured_evidence,.md
docs/generated/progress_checkpoints/checkpoint_095.md,6a8f87b6139825cb795bed83856eb5c43217e090,3608,document_or_structured_evidence,.md
docs/generated/progress_checkpoints/checkpoint_100.md,343edcf4b8b3850e88b6f3e62eff08ff1693c927,7335,document_or_structured_evidence,.md
docs/generated/progress_checkpoints/checkpoint_105.md,eff673d1f4c32bc2432154b5a7b5d0443fbc934e,4722,document_or_structured_evidence,.md
docs/generated/progress_checkpoints/checkpoint_110.md,2e2dcf450bab6ac6e388eedab382f169603d0c30,6833,document_or_structured_evidence,.md
docs/generated/progress_checkpoints/checkpoint_110_execution_sequence.md,751bd623762e8d217c723f8e3e7a2f9773335014,4587,document_or_structured_evidence,.md
docs/generated/progress_checkpoints/checkpoint_150.md,378791197d6ef53064dd8a7f496d20ffc36bd6d8,2894,document_or_structured_evidence,.md
docs/generated/progress_checkpoints/progress_scoreboard.md,469f7f4fc367cdcb2903c79c8080f221c5b05c79,2659,document_or_structured_evidence,.md
docs/generated/progress_checkpoints/revision_checkpoint_rev_r078.md,1be2631f88b67fd4202d047d35f1bf765da337e6,6289,document_or_structured_evidence,.md
docs/generated/progress_checkpoints/revision_checkpoint_rev_r083.md,9500a814e8e912d16aebeebe846beffca05e8d5a,2593,document_or_structured_evidence,.md
docs/generated/progress_checkpoints/revision_checkpoint_rev_r086.md,6fc4308d56ffdfd605c554f0eb7ab119a091a761,4779,document_or_structured_evidence,.md
docs/generated/progress_checkpoints/wave28_cp188.md,95c54f4e4e3bfb149d4e4a44a6bd93d6dfb72869,2599,document_or_structured_evidence,.md
docs/generated/progress_scoreboard.md,fb85fc907aab9ef16ea311c36a80f501b5023453,2640,document_or_structured_evidence,.md
docs/generated/psd_cone_review_signoff.json,f574340953a54c31f02b356316b92575d06c2502,2411,document_or_structured_evidence,.json
docs/generated/publication_claim_freeze.md,af86b495037689317e437f28dbdc9bb1c5a24273,11205,document_or_structured_evidence,.md
docs/generated/qfpi_semantic_reconciliation.md,9468e944126fc0dd8544476cef4a242ce9e8c910,2834,document_or_structured_evidence,.md
docs/generated/quarantined_figures.md,8df30ea038c88ea2ff682380b5f60f87a4a971c4,93529,document_or_structured_evidence,.md
docs/generated/repo_inventory.json,2bea7c6e91a5b7893a0c2ccbdd9f72629dd1d086,13657,document_or_structured_evidence,.json
docs/generated/report_data_analysis_figure_pack.json,ecf4d9623c373b0e1ad12d215b1b53c445a35cda,25896,document_or_structured_evidence,.json
docs/generated/report_data_analysis_figure_pack.md,f851c83fde0ba7b51bdfab27a28f749899bbed13,10438,document_or_structured_evidence,.md
docs/generated/report_figure_lane_quarantine_check.md,ffb2796b5d7f9b9de14dc1c0b33c3ef9643befe6,46819,document_or_structured_evidence,.md
docs/generated/research_only_external_audit_package_manifest.json,8f9cfb207c41149ddee8e954bca65dae7c26fd8e,495741,document_or_structured_evidence,.json
docs/generated/research_only_external_audit_prompt.md,362381f6be91a832d1963e8dc21f2f044ee1b9d9,7290,document_or_structured_evidence,.md
docs/generated/research_program_experiment_registry.yaml,2dfaf3d29f73b5b3bfbb5dc736024033d897c894,5674,document_or_structured_evidence,.yaml
docs/generated/research_program_theorem_registry.yaml,6f6a8e3dd2389ce98fd085f1a3f931d6da197d66,4425,document_or_structured_evidence,.yaml
docs/generated/result_pack_A.md,30cf12f7e8a43e53de1bc7d2b8c343740b12ebf2,9292,document_or_structured_evidence,.md
docs/generated/result_pack_B.md,8a8678bfb3e26807306bce5f8411ec65dd593617,13645,document_or_structured_evidence,.md
docs/generated/result_pack_C.md,279f1681da0f6bf13f19edb2f5cc984a10cc26cc,10275,document_or_structured_evidence,.md
docs/generated/revision_claim_lanes.md,dbdc37a4ff8470573a5c510a94caf0ff4cd3a28c,1461,document_or_structured_evidence,.md
docs/generated/revision_defense_dossier.md,8e6bce294122cc3e6cda2be7d9258e47e0be25ed,2053,document_or_structured_evidence,.md
docs/generated/revision_diagnostic_external_audit_figures.tex,f422edfdec1256f0f78f30dc1f8fc3204ae8760e,760,document_or_structured_evidence,.tex
docs/generated/revision_experiment_assets.json,95d96929e605374564be9df3313b92f422e93148,22849,document_or_structured_evidence,.json
docs/generated/revision_experiment_assets.md,a999577fbff37cd5964ddee9abb3ce5080132c24,2642,document_or_structured_evidence,.md
docs/generated/revision_literature_crag.md,8ab3406f3873c3df78df999eeeda58313bd0b95c,1554,document_or_structured_evidence,.md
docs/generated/revision_novelty_ledger.md,2e027ffaec75d6b03a61bbecbee0cca9c76b7f04,1728,document_or_structured_evidence,.md
docs/generated/revision_plan_crosswalk.md,8c4cc75b1b8ec766ce034b8d21039c60709e184d,5039,document_or_structured_evidence,.md
docs/generated/revival_checkpoints/cp214_foundation.md,0bbac2aec9615d7dcacf668f704dbd278c8282dc,1138,document_or_structured_evidence,.md
docs/generated/revival_checkpoints/cp228_track_i_close.md,d63d7f8fe61da0a2ae14b4961c6cbc24eb58eeed,1186,document_or_structured_evidence,.md
docs/generated/revival_legacy_disposition.json,63632e8ee510ea15c1cce0fe78491758ad763621,4691,document_or_structured_evidence,.json
docs/generated/revival_v11i_report.md,65abe6253e5aa4ec04a62f37c041edc08b5e51e7,6915,document_or_structured_evidence,.md
docs/generated/semantic_firewall_fuzz_report.json,423b3f33114ad1dfc4bcf6e0f12f9fd00d8db77a,8656,document_or_structured_evidence,.json
docs/generated/semantic_firewall_fuzz_report.md,94149645456b885cac686e2581d51cbbdd5b0744,3724,document_or_structured_evidence,.md
docs/generated/seminative_camb_crosscheck_seal.json,55b26999d2344fc95f5e91d18c15f48ecbe050d0,1986,document_or_structured_evidence,.json
docs/generated/signed_box_interval_seal.json,03352e697b5756f93eb68a73723917adf62549c8,567,document_or_structured_evidence,.json
docs/generated/spectroscopic_dipole_design.md,600362daa37825bf25b7c88dcdf0515744d6ca83,3500,document_or_structured_evidence,.md
docs/generated/statistical_formalism_audit_package_manifest.json,e87ce8cc948b427dabd66048d0b3c5a7531c4c92,250988,document_or_structured_evidence,.json
docs/generated/statistical_formalism_audit_prompt.md,f406da15fad17231d99908a8e969d70728bbe22d,6821,document_or_structured_evidence,.md
docs/generated/statistical_formalism_reaudit_readiness.md,2b0267f2425caad681d05185c0bbeb4cf7d2b749,4240,document_or_structured_evidence,.md
docs/generated/status_matrix.md,f5d5e11dcddcb4a68c3afefcb79479cc4c2aa788,2738,document_or_structured_evidence,.md
docs/generated/status_snapshot.json,6a3e992112db280e2ccfd82662637e74ff9dfafe,129843,document_or_structured_evidence,.json
docs/generated/teff_representative_seal.json,8d32744f5988df3e0873594ff3b97af4ffb0bb8d,1906,document_or_structured_evidence,.json
docs/generated/teff_rust_parity_seal.json,e3010d634dd99b5a37b8b167042499c098655e97,1904,document_or_structured_evidence,.json
docs/generated/teff_statistical_seal.json,9364ac8ef510aa30dc5f9b05016de2e92d2a077e,1912,document_or_structured_evidence,.json
docs/generated/teff_statistical_v9_seal.json,70ad6777096e45df0e1e823aa95d58906bb3c4e6,8076,document_or_structured_evidence,.json
docs/generated/teff_transport_application_seal.json,98d58b6da9708857308a2051ca9aadc3f7b5ca53,1796,document_or_structured_evidence,.json
docs/generated/teff_unification_seal.json,5bc0c80d8b8cc7dd28dc68ed37d8a8d6b7fc2423,5258,document_or_structured_evidence,.json
docs/generated/tensor_joint_r7/ADJUDICATION.md,50a9a979b67fd7ccb9ada2e91e7b576bbd59c4f4,4123,document_or_structured_evidence,.md
docs/generated/tensor_joint_r7/IMPLEMENTATION_STATUS.md,4d994acb89787cb436d4acdbb69455e401222881,10679,document_or_structured_evidence,.md
docs/generated/tensor_joint_r7/LOCAL_DELIVERY.json,8adb259f7da6e890018e99c93580c08aeaf66289,2835,document_or_structured_evidence,.json
docs/generated/tensor_joint_r7/README.md,456e13ba15972a7ef0d6dca3fe834d42eee76976,7647,document_or_structured_evidence,.md
docs/generated/tensor_joint_r7/VALIDATION_RESULTS.json,228cda85fdf465568be5a48faaa51cf0155b1b2a,9745,document_or_structured_evidence,.json
docs/generated/tensor_joint_r7/axial_certificate_source.json,95bc36092b10542690fdf06cda1f84608ef384f7,3465,document_or_structured_evidence,.json
docs/generated/tensor_joint_r7/cas/CAS_CONTRACT.json,0ae89fe4ac9853f70b3e1ae29c61e40728bfeb64,7382,document_or_structured_evidence,.json
docs/generated/tensor_joint_r7/cas/assignments/asset_binding.json,666b1a7c4fbbdb4ebe7504319b2198bab94e8ca3,1569,document_or_structured_evidence,.json
docs/generated/tensor_joint_r7/cas/assignments/control_readers.json,67cec72090fec4b93860b8e83d72e6943797b752,1817,document_or_structured_evidence,.json
docs/generated/tensor_joint_r7/cas/assignments/final_binding_review.json,4c13080ffc8ee67a489f540015541b70535745ed,2492,document_or_structured_evidence,.json
docs/generated/tensor_joint_r7/cas/assignments/final_scientific_review.json,9660fec8f0ef9a7f8aacf55339454a0aaa08b10d,2412,document_or_structured_evidence,.json
docs/generated/tensor_joint_r7/cas/assignments/lean.json,d1b34b2f5ed548ec5317eb5675ab1a9714de4b31,1774,document_or_structured_evidence,.json
docs/generated/tensor_joint_r7/cas/assignments/sage_singular.json,b9a07fc777c7de13a68ca7cf4f76d49e376eae9d,1810,document_or_structured_evidence,.json
docs/generated/tensor_joint_r7/cas/assignments/sympy.json,2e9527730fc7898093801614d4c9d86ba2943ba4,1778,document_or_structured_evidence,.json
docs/generated/tensor_joint_r7/cas/assignments/wolfram_xact.json,608aaebf08efde8227074b34cd966526c733e0eb,1806,document_or_structured_evidence,.json
docs/generated/tensor_joint_r7/cas/axes/lean/axis_payload.json,ad54af7497caebcf00735c3b72375494d66df5c8,398,document_or_structured_evidence,.json
docs/generated/tensor_joint_r7/cas/axes/lean/build_receipt.json,9c20d5c9fc3e2264f8646e7cb7972e9cac728d42,3023,document_or_structured_evidence,.json
docs/generated/tensor_joint_r7/cas/axes/lean/last_build_receipt.json,bd2d3d9ac97154fb314632306ed71d65c9ffaa2c,3195,document_or_structured_evidence,.json
docs/generated/tensor_joint_r7/cas/axes/lean/lean_paths.json,c3d36de94580864a2aa4756c51a177946e8d5749,738,document_or_structured_evidence,.json
docs/generated/tensor_joint_r7/cas/axes/sage_singular/attempt_01.stderr.txt,e69de29bb2d1d6434b8b29ae775ad8c2e48c5391,0,document_or_structured_evidence,.txt
docs/generated/tensor_joint_r7/cas/axes/sage_singular/attempt_01.stdout.json,5715cf2cb316139c8157128f31425c432de4bb68,340,document_or_structured_evidence,.json
docs/generated/tensor_joint_r7/cas/axes/sage_singular/engine_result.json,ad54af7497caebcf00735c3b72375494d66df5c8,398,document_or_structured_evidence,.json
docs/generated/tensor_joint_r7/cas/axes/sage_singular/singular_transcript.txt,9b56d90d43358b80fa9e452b57e909a401d72f63,120,document_or_structured_evidence,.txt
docs/generated/tensor_joint_r7/cas/axes/sage_singular/singular_version.txt,9c8212a5e845258ccc4a220564fb04dcb73b8c2a,6803,document_or_structured_evidence,.txt
docs/generated/tensor_joint_r7/cas/axes/sage_singular/verification_details.json,eaff5bacff923bfd5631271b9a71cde5a8d257fa,4346,document_or_structured_evidence,.json
docs/generated/tensor_joint_r7/cas/axes/sympy/details.json,deefcd77fa01e47db88cc4b6da22ea501133e11e,8788,document_or_structured_evidence,.json
docs/generated/tensor_joint_r7/cas/axes/sympy/engine_transcript.json,eb3be61f84756fc312343a2e435a009da43353f5,658,document_or_structured_evidence,.json
docs/generated/tensor_joint_r7/cas/axes/wolfram_xact/20260908T121539-1293562.execution.json,d1e6072425b10b34c3f1efae205ab9f72ad14c19,777,document_or_structured_evidence,.json
docs/generated/tensor_joint_r7/cas/axes/wolfram_xact/20260908T121633-1300646.execution.json,6cf045ed64784466ee679dcc3c882624b9d397e9,777,document_or_structured_evidence,.json
docs/generated/tensor_joint_r7/cas/axes/wolfram_xact/20260908T122124-1332914.execution.json,ad2b68fdcf558efbb15d4c717bdea227a9875277,777,document_or_structured_evidence,.json
docs/generated/tensor_joint_r7/cas/axes/wolfram_xact/engine_result.json,0fcb7517c713e3ad4daf7f7d173e14c8e2082035,3800,document_or_structured_evidence,.json
docs/generated/tensor_joint_r7/cas/axes/wolfram_xact/first_execution.json,5e0237e36e00ac54d2777ddce9e1d5990fc6da21,4201,document_or_structured_evidence,.json
docs/generated/tensor_joint_r7/cas/axes/wolfram_xact/validated_execution.json,e6ccd98ab1d2d22343cffd51985b4ca9af0e8a01,4222,document_or_structured_evidence,.json
docs/generated/tensor_joint_r7/cas/cas_adjudication.json,b54772454ab0f3d8faf321b730cdd1311fccb743,10857,document_or_structured_evidence,.json
docs/generated/tensor_joint_r7/cas/cas_run_spec.json,f7f50946cc475287d5a28ba4298bbce4b2b6e574,921,document_or_structured_evidence,.json
docs/generated/tensor_joint_r7/cas/results/asset_binding.json,6fa598f836c7222cb226ca9b928b1072aa0ab9c6,21816,document_or_structured_evidence,.json
docs/generated/tensor_joint_r7/cas/results/control_readers.json,7d0c8b1a6186733444701b9a501b6a14db3e635f,8050,document_or_structured_evidence,.json
docs/generated/tensor_joint_r7/cas/results/final_binding_review.json,6ce8b9a4b5ff4e64f6ed7abe356bdea3b3337278,7629,document_or_structured_evidence,.json
docs/generated/tensor_joint_r7/cas/results/final_scientific_review.json,20a0794f6ba6dd1272df651a6ef8134ed8b3653e,16286,document_or_structured_evidence,.json
docs/generated/tensor_joint_r7/cas/results/lean.json,98110cb83f4295498e4cfb0abb2f67cca5fa8ff8,8638,document_or_structured_evidence,.json
docs/generated/tensor_joint_r7/cas/results/sage_singular.json,85ba298ee0d4334f7cc36b6314e0c60bb9e68db6,7339,document_or_structured_evidence,.json
docs/generated/tensor_joint_r7/cas/results/sympy.json,eb655ec0c938ef085060df54f0f8e44478b18baf,5143,document_or_structured_evidence,.json
docs/generated/tensor_joint_r7/cas/results/wolfram_xact.json,84224e46d9b3255c89be1f05345e20a021c778a1,12104,document_or_structured_evidence,.json
docs/generated/tensor_joint_r7/delivery/campaign_state.json,aa3c944005e1d4757d9eaba0584efc1a91a6d7f0,116739,document_or_structured_evidence,.json
docs/generated/tensor_joint_r7/delivery/checkpoint.json,49374828c2388c107c20e6b8994b9e685ac57935,1028,document_or_structured_evidence,.json
docs/generated/tensor_joint_r7/delivery/commit_validation/CF4.json,0ce00a0967e83257ecefd0c48d6eefc1dc8423ee,795,document_or_structured_evidence,.json
docs/generated/tensor_joint_r7/delivery/commit_validation/DESI.json,564c16bff3c89e5d0c0313f82a423d7f31db0ffb,797,document_or_structured_evidence,.json
docs/generated/tensor_joint_r7/delivery/conclusion.json,989673223daa6bff307faa840cc15d95006a6c23,42989,document_or_structured_evidence,.json
docs/generated/tensor_joint_r7/delivery/delivery_validation.json,d9840faa22bf91023392980a592b88eb4d4fb828,594,document_or_structured_evidence,.json
docs/generated/tensor_joint_r7/delivery/history/R7-00/attempt-0001/result.json,6be7f0358daa1f9b897607fcbc013291c423108a,39623,document_or_structured_evidence,.json
docs/generated/tensor_joint_r7/delivery/history/R7-00/attempt-0002/result.json,5f305b2f8b69d2ba58e973685104b280c5ef6fd4,39623,document_or_structured_evidence,.json
docs/generated/tensor_joint_r7/delivery/history/R7-00/attempt-0003/result.json,13a5484128ef8835d8336d6cbf57736e275eab33,39966,document_or_structured_evidence,.json
docs/generated/tensor_joint_r7/delivery/history/R7-01/attempt-0001/result.json,8e0ca59e98befc5f4b6cf8a893f9cbab20a8de1a,15416,document_or_structured_evidence,.json
docs/generated/tensor_joint_r7/delivery/history/R7-01/attempt-0002/result.json,887b2d78c317f9a4a3c648ba5bba5c9bc40a24b8,15416,document_or_structured_evidence,.json
docs/generated/tensor_joint_r7/delivery/history/R7-01/attempt-0003/result.json,faa7d5dc0a0e47a5f00a6dbfa9ee5cf8fabbe311,15706,document_or_structured_evidence,.json
docs/generated/tensor_joint_r7/delivery/history/R7-02/attempt-0001/result.json,a56bab53f26173d42ed9e9a760dc4594c19a825c,5589,document_or_structured_evidence,.json
docs/generated/tensor_joint_r7/delivery/history/R7-02/attempt-0002/result.json,1a6e726f8f0c83801611cd58a5861ba3c10916a8,6793,document_or_structured_evidence,.json
docs/generated/tensor_joint_r7/delivery/history/R7-02/attempt-0003/result.json,bbe9cc3404bfbe139a9870fde10071f19b9bed64,13214,document_or_structured_evidence,.json
docs/generated/tensor_joint_r7/delivery/history/R7-03/attempt-0001/result.json,b1e4e6e4cbd8b38b1698cc2b8af7059e1fe28778,1594,document_or_structured_evidence,.json
docs/generated/tensor_joint_r7/delivery/history/R7-03/attempt-0002/result.json,f23f94cc0586bbaf7b4c32062a7b733573185a39,1594,document_or_structured_evidence,.json
docs/generated/tensor_joint_r7/delivery/history/R7-03/attempt-0003/result.json,6f6299f80b3bc2418acc0a00a8f01282d75c8754,1594,document_or_structured_evidence,.json
docs/generated/tensor_joint_r7/delivery/history/R7-03/attempt-0004/result.json,ce49cccce450c524d32bd6b3fce3bc137f917964,621,document_or_structured_evidence,.json
docs/generated/tensor_joint_r7/delivery/history/R7-04/attempt-0001/result.json,65cf9e0146573369e6b00ae62a05f5b4fc9f1bbe,14459,document_or_structured_evidence,.json
docs/generated/tensor_joint_r7/delivery/history/R7-04/attempt-0002/result.json,824e712536d52816bc2e48e1fa01988c1ed2741e,14459,document_or_structured_evidence,.json
docs/generated/tensor_joint_r7/delivery/history/R7-04/attempt-0003/result.json,d6d0aa5c9ab5b3edfb3e4aea5e2de2e0f04bc8ed,619,document_or_structured_evidence,.json
docs/generated/tensor_joint_r7/delivery/history/R7-05/attempt-0001/result.json,f34f52d627d312ed9e85253661e41ddc92cc92cc,1624,document_or_structured_evidence,.json
docs/generated/tensor_joint_r7/delivery/history/R7-05/attempt-0002/result.json,27efd52b4f4a5097aee1eed8e1483ec0f4b2fc6b,1624,document_or_structured_evidence,.json
docs/generated/tensor_joint_r7/delivery/history/R7-05/attempt-0003/result.json,58a6c69b05d061d9b76ab715b3e53fb8cfc52427,1624,document_or_structured_evidence,.json
docs/generated/tensor_joint_r7/delivery/history/R7-05/attempt-0004/result.json,e58900a93be6bb4df0af77568f6bd76516e9aad4,1914,document_or_structured_evidence,.json
docs/generated/tensor_joint_r7/delivery/history/R7-06/attempt-0001/result.json,8e59afe85bea91117ee4ffb03e30203fc9f2cc82,19131,document_or_structured_evidence,.json
docs/generated/tensor_joint_r7/delivery/history/R7-06/attempt-0002/result.json,caa57e90128dcb5be8fadd4368a1ce5c2c06a99a,19131,document_or_structured_evidence,.json
docs/generated/tensor_joint_r7/delivery/history/R7-06/attempt-0003/result.json,987b130da7bed89a0cbd7ea48489b4d21084732d,19131,document_or_structured_evidence,.json
docs/generated/tensor_joint_r7/delivery/history/R7-06/attempt-0004/result.json,ca0ebab94107f264e430cc235e18527a530dfe05,19565,document_or_structured_evidence,.json
docs/generated/tensor_joint_r7/delivery/history/R7-07/attempt-0001/result.json,b7af64a6dcfafb02996f5777b7bd4666e1617d97,6794,document_or_structured_evidence,.json
docs/generated/tensor_joint_r7/delivery/history/R7-07/attempt-0002/result.json,f675a46861fc25aa0ee972eaa87a7e831c6ceb48,6794,document_or_structured_evidence,.json
docs/generated/tensor_joint_r7/delivery/history/R7-07/attempt-0003/result.json,9412968f3ccd6e7452bd2341a6ad092319954d3f,6794,document_or_structured_evidence,.json
docs/generated/tensor_joint_r7/delivery/history/R7-07/attempt-0004/result.json,4e7324b64cac3ab810acf4992a9890e3d4afbfaf,7228,document_or_structured_evidence,.json
docs/generated/tensor_joint_r7/delivery/history/R7-08/attempt-0001/result.json,c53c8e9b9d3b4a9990d3240447f59b3d0352600a,6524,document_or_structured_evidence,.json
docs/generated/tensor_joint_r7/delivery/history/R7-08/attempt-0002/result.json,26d52c03a872900611f0ab4a82b66b911a24d86c,6524,document_or_structured_evidence,.json
docs/generated/tensor_joint_r7/delivery/history/R7-08/attempt-0003/result.json,f5e138e688b5426b196e1121d5c6537feb2cc48a,6524,document_or_structured_evidence,.json
docs/generated/tensor_joint_r7/delivery/history/R7-08/attempt-0004/result.json,b96ddecd1cb659d50354d5d52ac73cb23e5bfd2a,7222,document_or_structured_evidence,.json
docs/generated/tensor_joint_r7/delivery/history/R7-09/attempt-0001/result.json,931bb37bb6ee7586708bdd3da612d133b2bf0bab,12547,document_or_structured_evidence,.json
docs/generated/tensor_joint_r7/delivery/history/R7-09/attempt-0002/result.json,37866a1819499300bd42666f4ec4e5051b07de66,12547,document_or_structured_evidence,.json
docs/generated/tensor_joint_r7/delivery/history/R7-09/attempt-0003/result.json,c894031e4779a32ed8bc6584a8400af5d30bf2e5,12547,document_or_structured_evidence,.json
docs/generated/tensor_joint_r7/delivery/history/R7-09/attempt-0004/result.json,8a11df407f1a2d566e5cb525425bdba59e94edb8,13245,document_or_structured_evidence,.json
docs/generated/tensor_joint_r7/delivery/history/R7-10/attempt-0001/result.json,96538d1ca623592e236504108ec2d61df1c4d833,5347,document_or_structured_evidence,.json
docs/generated/tensor_joint_r7/delivery/history/R7-10/attempt-0002/result.json,8522579ac323df63d3d10c0e3927fd7d266a1b32,5347,document_or_structured_evidence,.json
docs/generated/tensor_joint_r7/delivery/history/R7-10/attempt-0003/result.json,33c603b9cfc5e5a67e00058d253f8ff4c4f29e5e,5347,document_or_structured_evidence,.json
docs/generated/tensor_joint_r7/delivery/history/R7-10/attempt-0004/result.json,f1e9c36744ae41d5e56b08e6361d07dc8e6e1794,6189,document_or_structured_evidence,.json
docs/generated/tensor_joint_r7/delivery/history/R7-11/attempt-0001/result.json,3e1f3e06de56f592ae91526135d54ac42fa063c8,2986,document_or_structured_evidence,.json
docs/generated/tensor_joint_r7/delivery/history/R7-11/attempt-0002/result.json,e1c25aa597015945d174c73355d50872a3df7fd9,3809,document_or_structured_evidence,.json
docs/generated/tensor_joint_r7/delivery/history/R7-11/attempt-0003/result.json,832da6c6770b41d654ced9bbd4b171a10452515e,3809,document_or_structured_evidence,.json
docs/generated/tensor_joint_r7/delivery/history/R7-11/attempt-0004/result.json,449071d8ea69c86c708082099a9adb28d12aafe8,621,document_or_structured_evidence,.json
docs/generated/tensor_joint_r7/delivery/history/R7-12/attempt-0001/result.json,2c77acac1ea5fa8f8a1c1f691b173203fb585f95,12592,document_or_structured_evidence,.json
docs/generated/tensor_joint_r7/delivery/history/R7-12/attempt-0002/result.json,7600fd0d49fceecc2f1f02e1566c7a44d0fde745,12592,document_or_structured_evidence,.json
docs/generated/tensor_joint_r7/delivery/history/R7-12/attempt-0003/result.json,bda4c5236cac1b943f2bb7ea11f90e1342b4c75d,12592,document_or_structured_evidence,.json
docs/generated/tensor_joint_r7/delivery/history/R7-12/attempt-0004/result.json,815ec04e8236073dc6308aeef6d8b913f2a275bb,687,document_or_structured_evidence,.json
docs/generated/tensor_joint_r7/delivery/history/R7-13/attempt-0001/result.json,535ddfdf525be845c65289ec94bad7b502b98119,2033,document_or_structured_evidence,.json
docs/generated/tensor_joint_r7/delivery/history/R7-13/attempt-0002/result.json,aa98a0e42e84a31da5dd480c122d30e4a6e38ac9,2033,document_or_structured_evidence,.json
docs/generated/tensor_joint_r7/delivery/history/R7-13/attempt-0003/result.json,c15b80bd6e4355d00497d533d95146c3a79097d3,2033,document_or_structured_evidence,.json
docs/generated/tensor_joint_r7/delivery/history/R7-13/attempt-0004/result.json,1ca94c5c7feedaefaf2e892e3ad28dcc30cd3ce3,922,document_or_structured_evidence,.json
docs/generated/tensor_joint_r7/delivery/history/R7-14/attempt-0001/result.json,f315807fd17b0419c5a99fce83f9d74bf1b93729,6373,document_or_structured_evidence,.json
docs/generated/tensor_joint_r7/delivery/history/R7-14/attempt-0002/result.json,24e1086faa39476daad67f7485974a5f4564243f,6373,document_or_structured_evidence,.json
docs/generated/tensor_joint_r7/delivery/history/R7-14/attempt-0003/result.json,34666a55efcb7cb57d270e1866a39f715eef52e3,6373,document_or_structured_evidence,.json
docs/generated/tensor_joint_r7/delivery/history/R7-14/attempt-0004/result.json,873db2e0b8d6f42fd369b416b4bd674d14ac4d00,7355,document_or_structured_evidence,.json
docs/generated/tensor_joint_r7/delivery/history/R7-15/attempt-0001/result.json,e05c96493fe331b2160f38f134348ac5f6d24b65,625,document_or_structured_evidence,.json
docs/generated/tensor_joint_r7/delivery/history/R7-15/attempt-0002/result.json,ccb12ab6b76138af9edb6e0411fca35ca463ad77,1412,document_or_structured_evidence,.json
docs/generated/tensor_joint_r7/delivery/history/R7-15/attempt-0003/result.json,20cc079d19ddbac169ad351f45f5c47f1fde0ec3,1412,document_or_structured_evidence,.json
docs/generated/tensor_joint_r7/delivery/history/R7-15/attempt-0004/result.json,fd9785bec2282453ce56d6fd937eafdff2699d85,625,document_or_structured_evidence,.json
docs/generated/tensor_joint_r7/delivery/history/R7-16/attempt-0001/result.json,882a75e57f39f63af00f4c29a0e69766732fb3d0,734,document_or_structured_evidence,.json
docs/generated/tensor_joint_r7/delivery/history/R7-16/attempt-0002/result.json,5f7bf34ddb2fbda41e7aac0e7d2be1c473b84ad1,734,document_or_structured_evidence,.json
docs/generated/tensor_joint_r7/delivery/history/R7-16/attempt-0003/result.json,b02b1fed1f5edee50ecfd5193ec188da56f479ea,901,document_or_structured_evidence,.json
docs/generated/tensor_joint_r7/delivery/history/R7-17/attempt-0001/result.json,c23096149e300cfd51c10d811650147950fd2340,3041,document_or_structured_evidence,.json
docs/generated/tensor_joint_r7/delivery/history/R7-17/attempt-0002/result.json,11ce13af39e1d2b0a83b935bb7f757342cb0625d,3041,document_or_structured_evidence,.json
docs/generated/tensor_joint_r7/delivery/history/R7-17/attempt-0003/result.json,06eb2144ad9e0aec9bbedbcafcb32569a2b6d2c5,3041,document_or_structured_evidence,.json
docs/generated/tensor_joint_r7/delivery/history/R7-17/attempt-0004/result.json,d43b7f5608f7389cff0d4755533c0be61fbba7b0,4023,document_or_structured_evidence,.json
docs/generated/tensor_joint_r7/delivery/history/R7-18/attempt-0001/result.json,368dff4630c1c78f76ea432b7d2ee9889c79a07c,12132,document_or_structured_evidence,.json
docs/generated/tensor_joint_r7/delivery/history/R7-18/attempt-0002/result.json,73c68bb68023f600a6f6f3176c8998adb022e377,12132,document_or_structured_evidence,.json
docs/generated/tensor_joint_r7/delivery/history/R7-18/attempt-0003/result.json,a45f9869c1bbbed23bfa02423e6925cfd4f10854,12132,document_or_structured_evidence,.json
docs/generated/tensor_joint_r7/delivery/history/R7-18/attempt-0004/result.json,8914ec7536b29e4015af830bdb4bf65b4e1f4304,13248,document_or_structured_evidence,.json
docs/generated/tensor_joint_r7/delivery/history/R7-19/attempt-0001/result.json,79885ba4f8273b1414e6102b56cb79c06abcd6e4,3655,document_or_structured_evidence,.json
docs/generated/tensor_joint_r7/delivery/history/R7-19/attempt-0002/result.json,b5f3740d79966c443b95b6d100f67af07b456de7,3655,document_or_structured_evidence,.json
docs/generated/tensor_joint_r7/delivery/history/R7-19/attempt-0003/result.json,86de273166530cfb9a05edd7d018ff6df84153dd,3655,document_or_structured_evidence,.json
docs/generated/tensor_joint_r7/delivery/history/R7-19/attempt-0004/result.json,05f57ab9c8659b43cffef2b6bc7bde29458989f9,4771,document_or_structured_evidence,.json
docs/generated/tensor_joint_r7/delivery/history/R7-20/attempt-0001/result.json,e5dabab02b3c1bd13a5cc5401a95cd788c44cf8a,3700,document_or_structured_evidence,.json
docs/generated/tensor_joint_r7/delivery/history/R7-20/attempt-0002/result.json,f13ee68ab3d75e7f48158276a365c79c5fac4ab3,4027,document_or_structured_evidence,.json
docs/generated/tensor_joint_r7/delivery/history/R7-20/attempt-0003/result.json,bf045460848eaa5d375414ef96ba73ebb418f010,4027,document_or_structured_evidence,.json
docs/generated/tensor_joint_r7/delivery/history/R7-20/attempt-0004/result.json,15f547b913dd4037f838fa0666a1e9835faae24a,5122,document_or_structured_evidence,.json
docs/generated/tensor_joint_r7/delivery/history/R7-21/attempt-0001/result.json,26f019be11725283a658b89ee2e0c5f2be37a728,3623,document_or_structured_evidence,.json
docs/generated/tensor_joint_r7/delivery/history/R7-21/attempt-0002/result.json,1fc4e1dc44baf8d3d1b20fbaa0ed4882c52533cd,3623,document_or_structured_evidence,.json
docs/generated/tensor_joint_r7/delivery/history/R7-21/attempt-0003/result.json,578d649606b1b120265a2519f72746305ca8ad20,3623,document_or_structured_evidence,.json
docs/generated/tensor_joint_r7/delivery/history/R7-21/attempt-0004/result.json,06fa501d2fb63944ff1420d233491ffd9738c16d,32271,document_or_structured_evidence,.json
docs/generated/tensor_joint_r7/delivery/history/R7-22/attempt-0001/result.json,6ace6b473743cb9aa88708d94338d79eea879725,1536,document_or_structured_evidence,.json
docs/generated/tensor_joint_r7/delivery/history/R7-22/attempt-0002/result.json,efcab2a09021364c9551cdf53c55edee99a86099,8761,document_or_structured_evidence,.json
docs/generated/tensor_joint_r7/delivery/history/R7-22/attempt-0003/result.json,428b43f65145fc811316a8f600459529e32dcb6b,11343,document_or_structured_evidence,.json
docs/generated/tensor_joint_r7/delivery/history/R7-22/attempt-0004/result.json,610b5e15df69435fdeba4c70e3a1146716cafdd2,11343,document_or_structured_evidence,.json
docs/generated/tensor_joint_r7/delivery/history/R7-22/attempt-0005/result.json,54eb19d5d1cdd513cf4fe60ec3c9fc2316b1d394,11343,document_or_structured_evidence,.json
docs/generated/tensor_joint_r7/delivery/history/R7-22/attempt-0006/result.json,4fe98d52305001fc2b2b210d0ed26cc09971ce70,7217,document_or_structured_evidence,.json
docs/generated/tensor_joint_r7/delivery/history/R7-22/attempt-0007/result.json,ec79baaa42f0dee2062bfa88469bb880e1da564c,13117,document_or_structured_evidence,.json
docs/generated/tensor_joint_r7/delivery/history/R7-23/attempt-0001/result.json,7ca0d0ea9f54f269056146e32a8e983bc47e6ac2,548,document_or_structured_evidence,.json
docs/generated/tensor_joint_r7/delivery/history/R7-23/attempt-0002/result.json,230e502ed9a9916c7fecd917eae107399eee9ae1,548,document_or_structured_evidence,.json
docs/generated/tensor_joint_r7/delivery/history/R7-23/attempt-0003/result.json,a4e9f703dcac69cc93afafcc370a025ce9f43f23,548,document_or_structured_evidence,.json
docs/generated/tensor_joint_r7/delivery/history/R7-23/attempt-0004/result.json,bfdc4a27978dc63f35956775a615d4d28d239a9c,548,document_or_structured_evidence,.json
docs/generated/tensor_joint_r7/delivery/history/R7-23/attempt-0005/result.json,9b50820a963e3495d02b1f4947acf9eaa720649b,548,document_or_structured_evidence,.json
docs/generated/tensor_joint_r7/delivery/history/R7-23/attempt-0006/result.json,0b2690b66de3b8dcba3b4cfa024b3b0144270b27,1664,document_or_structured_evidence,.json
docs/generated/tensor_joint_r7/delivery/history/R7-23/attempt-0007/result.json,8261a28eb1efbc760b12b26db368c6bcbf85a539,2322,document_or_structured_evidence,.json
docs/generated/tensor_joint_r7/delivery/history/R7-24/attempt-0001/result.json,4afae7f581f6f4ea0a8e9845bff7cb6b5a6effe1,2365,document_or_structured_evidence,.json
docs/generated/tensor_joint_r7/delivery/history/R7-24/attempt-0002/result.json,c8063b8cbbab789dc4d35bceaa1e5ce569215f2d,1349,document_or_structured_evidence,.json
docs/generated/tensor_joint_r7/delivery/history/R7-24/attempt-0003/result.json,eb2e5338b634fff542a41e39a7dd49e3c61b5804,2365,document_or_structured_evidence,.json
docs/generated/tensor_joint_r7/delivery/history/R7-24/attempt-0004/result.json,d22b18926147fc572a40b20ea97d6d6dcd6fd85b,2365,document_or_structured_evidence,.json
docs/generated/tensor_joint_r7/delivery/history/R7-24/attempt-0005/result.json,dff252a80fd8d48d9bf1dc137784dad6bd621d70,2365,document_or_structured_evidence,.json
docs/generated/tensor_joint_r7/delivery/history/R7-24/attempt-0006/result.json,002986eed7d580d9d7af6252fa2ad8b2ab1ca2d4,3481,document_or_structured_evidence,.json
docs/generated/tensor_joint_r7/delivery/history/R7-24/attempt-0007/result.json,228c2b88a22bf30964ff0f5ced25a03822572c44,4139,document_or_structured_evidence,.json
docs/generated/tensor_joint_r7/delivery/history/R7-25/attempt-0001/result.json,10e53c0635847f34716109a819bf8a325f17b318,41540,document_or_structured_evidence,.json
docs/generated/tensor_joint_r7/delivery/history/R7-25/attempt-0002/result.json,9c66d28b5aa3cf6c2311ff34172fcf311d67eadf,42647,document_or_structured_evidence,.json
docs/generated/tensor_joint_r7/delivery/history/R7-25/attempt-0003/result.json,2668f041b436a092e848c3e34237b7a02b73ffb8,41807,document_or_structured_evidence,.json
docs/generated/tensor_joint_r7/delivery/history/R7-25/attempt-0004/result.json,83fcfd6057af0d171f0552db300d3cccf15ffa49,41807,document_or_structured_evidence,.json
docs/generated/tensor_joint_r7/delivery/history/R7-25/attempt-0005/result.json,9a4f895b99750f868ca30d7e6e2eeb4e6dc14533,41807,document_or_structured_evidence,.json
docs/generated/tensor_joint_r7/delivery/history/R7-25/attempt-0006/result.json,3857c0d556b3bb1450f47c6edea20d7d51d8cbd4,46266,document_or_structured_evidence,.json
docs/generated/tensor_joint_r7/delivery/history/R7-25/attempt-0007/result.json,3f59bc9baae486f81ec47c1db16433e04347ba4a,49551,document_or_structured_evidence,.json
docs/generated/tensor_joint_r7/delivery/independent_review.json,4d095cfa03987a4ad9efd86c8352c312836d1106,8941,document_or_structured_evidence,.json
docs/generated/tensor_joint_r7/delivery/location_map.json,e8d0c09dce91d6e6228e2ffcea912f556f5a48ac,112258,document_or_structured_evidence,.json
docs/generated/tensor_joint_r7/delivery/logs/decoder_before.txt,8fe602fbe7f3337be613d99dd062aded9e16495b,958,document_or_structured_evidence,.txt
docs/generated/tensor_joint_r7/delivery/logs/donors_composed.json,fcb0b6c21e7eeb67d2cbe5131ffe91567ebde2cb,744,document_or_structured_evidence,.json
docs/generated/tensor_joint_r7/delivery/logs/donors_composed.txt,b72d367a3bcdf8a473abeff1c445ee5c34a4c07b,3536,document_or_structured_evidence,.txt
docs/generated/tensor_joint_r7/delivery/logs/donors_dependencies.json,a481254341a1f4623515996ef01284225222b93d,743,document_or_structured_evidence,.json
docs/generated/tensor_joint_r7/delivery/logs/donors_dependencies.txt,e8bfb787d268976a1b35bf7b1b17dc60a7c684e2,15749,document_or_structured_evidence,.txt
docs/generated/tensor_joint_r7/delivery/logs/donors_initial.json,ac5c3df5976fd330f041f52bb06143850e773746,744,document_or_structured_evidence,.json
docs/generated/tensor_joint_r7/delivery/logs/donors_initial.txt,b75c63d33a9c21c623fb25669f2920d30dff8991,100,document_or_structured_evidence,.txt
docs/generated/tensor_joint_r7/delivery/logs/donors_target_full.json,475a420b0de87d551da4ceb26aded5ca1545e2b2,1058,document_or_structured_evidence,.json
docs/generated/tensor_joint_r7/delivery/logs/donors_target_full.txt,974d8d78ca1eecacb7759e3df29109983f9053b7,15749,document_or_structured_evidence,.txt
docs/generated/tensor_joint_r7/delivery/logs/gaussian_before.txt,091ac54932eb736aa0f09d3bc5991731b3f35fca,940,document_or_structured_evidence,.txt
docs/generated/tensor_joint_r7/delivery/nodes/R7-00/execution.json,e350a18510008ad53f1d6f02801eee5eda15b403,555,document_or_structured_evidence,.json
docs/generated/tensor_joint_r7/delivery/nodes/R7-00/result.json,ff05250cc127cbe858762e1639e923316585da7e,39966,document_or_structured_evidence,.json
docs/generated/tensor_joint_r7/delivery/nodes/R7-00/science.json,4b628edc42f72df85d95348f68db65464e8907a4,35155,document_or_structured_evidence,.json
docs/generated/tensor_joint_r7/delivery/nodes/R7-01/execution.json,f68e9ef50fc0eddea55e1e455a4085b170828e81,955,document_or_structured_evidence,.json
docs/generated/tensor_joint_r7/delivery/nodes/R7-01/result.json,c02a77ebd7c076d988ff13b1571347ebcf920393,15741,document_or_structured_evidence,.json
docs/generated/tensor_joint_r7/delivery/nodes/R7-01/science.json,cbcb09cebfa9e5330afccd57cfe435ecce4ee965,12857,document_or_structured_evidence,.json
docs/generated/tensor_joint_r7/delivery/nodes/R7-01/validation.json,c7c5640daec8662348dc7cc2550ce0699e6d8c2f,817,document_or_structured_evidence,.json
docs/generated/tensor_joint_r7/delivery/nodes/R7-02/anchor/validation.json,2fe36b73be2af2063602c089816b676a4c054b95,869,document_or_structured_evidence,.json
docs/generated/tensor_joint_r7/delivery/nodes/R7-02/boost/validation.json,111eae925277af288210e86785d4e99690c1c2b1,679,document_or_structured_evidence,.json
docs/generated/tensor_joint_r7/delivery/nodes/R7-02/cf4/validation.json,1ceb06ebd9b9797dd48a5aa5f1070dafe018d712,717,document_or_structured_evidence,.json
docs/generated/tensor_joint_r7/delivery/nodes/R7-02/desi/validation.json,a880469b2eb957e31a0980882372b0f42c96073d,700,document_or_structured_evidence,.json
docs/generated/tensor_joint_r7/delivery/nodes/R7-02/dynamics/validation.json,e6ecf9e9a0e3977b6ca740b079da05d0bb87ff5f,1018,document_or_structured_evidence,.json
docs/generated/tensor_joint_r7/delivery/nodes/R7-02/execution.json,4fd30e81ec0408c5ecc6cab912777e5aabf62fd4,2384,document_or_structured_evidence,.json
docs/generated/tensor_joint_r7/delivery/nodes/R7-02/gf/validation.json,14f2ff77c4460441ca734d0de215096b83bd5431,928,document_or_structured_evidence,.json
docs/generated/tensor_joint_r7/delivery/nodes/R7-02/jwst/validation.json,c2cd9013b28bb81f5ef05c6451d7bcaf02bc9902,711,document_or_structured_evidence,.json
docs/generated/tensor_joint_r7/delivery/nodes/R7-02/krylov/validation.json,ce109bc0a5803ae49ee2b5079c717375b5be166a,856,document_or_structured_evidence,.json
docs/generated/tensor_joint_r7/delivery/nodes/R7-02/processed_error/validation.json,cf53fd1077d19d23c39e0c8d6a09f70974ba0ae8,705,document_or_structured_evidence,.json
docs/generated/tensor_joint_r7/delivery/nodes/R7-02/result.json,df9d4129ac6c9a1de2983e8124d6d129cd5345ba,27915,document_or_structured_evidence,.json
docs/generated/tensor_joint_r7/delivery/nodes/R7-02/science.json,37128b36f9d166a7c2bb5a928a34ea68be245d54,12311,document_or_structured_evidence,.json
docs/generated/tensor_joint_r7/delivery/nodes/R7-02/tensor/validation.json,b6625f4eefa91a744b1e86d03d18429d3b539121,876,document_or_structured_evidence,.json
docs/generated/tensor_joint_r7/delivery/nodes/R7-03/execution.json,4d7921a617dbdcc445994bc131b8f481229f29c6,555,document_or_structured_evidence,.json
docs/generated/tensor_joint_r7/delivery/nodes/R7-03/result.json,712238cbfcfe1d62cb2acdabfbc86d1144f7b6d6,1919,document_or_structured_evidence,.json
docs/generated/tensor_joint_r7/delivery/nodes/R7-03/science.json,2e65f639632aacc9e33c496f699adad8751109de,1111,document_or_structured_evidence,.json
docs/generated/tensor_joint_r7/delivery/nodes/R7-03/validation.json,d8a586e76ca10d871258c958d0dd4b9e37bbb9ca,665,document_or_structured_evidence,.json
docs/generated/tensor_joint_r7/delivery/nodes/R7-04/execution.json,9504f6bcf750c0cf23d2058aee146a005cb7db7a,555,document_or_structured_evidence,.json
docs/generated/tensor_joint_r7/delivery/nodes/R7-04/result.json,8c52f22720ed7fb112dc24f6da55479d2783f7fd,14928,document_or_structured_evidence,.json
docs/generated/tensor_joint_r7/delivery/nodes/R7-04/science.json,d78eb5e7188ad71ea88064d9de705b1eb98ff9b4,13370,document_or_structured_evidence,.json
docs/generated/tensor_joint_r7/delivery/nodes/R7-04/validation.json,f7b3d6c3be44223158ea9c49c42dedbf749b6285,685,document_or_structured_evidence,.json
docs/generated/tensor_joint_r7/delivery/nodes/R7-05/execution.json,842d18fe41f0373c4132c65f0335c45e1e2c366e,555,document_or_structured_evidence,.json
docs/generated/tensor_joint_r7/delivery/nodes/R7-05/result.json,13e1098aa7f3656d9e8e543587b6c1887367cfcc,2093,document_or_structured_evidence,.json
docs/generated/tensor_joint_r7/delivery/nodes/R7-05/science.json,706e87e525e779a79c893ec5a2bbd15d16579381,1275,document_or_structured_evidence,.json
docs/generated/tensor_joint_r7/delivery/nodes/R7-05/validation.json,30c7d95c86d152da6a3517b5676279b4d606d62b,669,document_or_structured_evidence,.json
docs/generated/tensor_joint_r7/delivery/nodes/R7-06/execution.json,d4932c82298ab839e535ddda74beaa6ab9241cd2,1100,document_or_structured_evidence,.json
docs/generated/tensor_joint_r7/delivery/nodes/R7-06/result.json,6931808dddbe6c21c5a381a9b117eb4ea9c8c240,19565,document_or_structured_evidence,.json
docs/generated/tensor_joint_r7/delivery/nodes/R7-06/science.json,2e973eb8fdaaf8784f2cb726e829a41610d4fba5,16230,document_or_structured_evidence,.json
docs/generated/tensor_joint_r7/delivery/nodes/R7-07/execution.json,c12cb2646101724164d4c1152cd25ffa32bb731e,1083,document_or_structured_evidence,.json
docs/generated/tensor_joint_r7/delivery/nodes/R7-07/result.json,a9495c95c94ca5ec527ce87213c3f86ebdc9bcd8,7263,document_or_structured_evidence,.json
docs/generated/tensor_joint_r7/delivery/nodes/R7-07/science.json,7f95653edc8d23d6905f87446b2c2bc11c4f62f7,5381,document_or_structured_evidence,.json
docs/generated/tensor_joint_r7/delivery/nodes/R7-07/validation.json,b544c73f9a54d51a8bab952a12c4b231599ab0c3,673,document_or_structured_evidence,.json
docs/generated/tensor_joint_r7/delivery/nodes/R7-08/compressed_bao.json,74f8288f1c6d97ab815ac853aac8683bb936834f,752,document_or_structured_evidence,.json
docs/generated/tensor_joint_r7/delivery/nodes/R7-08/execution.json,dbf40559b5b6b31649f2274c75466ae334c8d844,736,document_or_structured_evidence,.json
docs/generated/tensor_joint_r7/delivery/nodes/R7-08/result.json,85fc1782c4b24e4aefdfeb4542b9557aaac69967,7257,document_or_structured_evidence,.json
docs/generated/tensor_joint_r7/delivery/nodes/R7-08/science.json,d0c2d60525458acf5e361c6ef0863ca77c1036f9,5107,document_or_structured_evidence,.json
docs/generated/tensor_joint_r7/delivery/nodes/R7-08/validation.json,2a0624d5a415c6c1ba9a4412d290ea76afb5ffe9,673,document_or_structured_evidence,.json
docs/generated/tensor_joint_r7/delivery/nodes/R7-09/execution.json,24f9a913e16299be38a6fb7662fd7c68bff1f03f,555,document_or_structured_evidence,.json
docs/generated/tensor_joint_r7/delivery/nodes/R7-09/result.json,d84396294652862e7c66db52f61992fc6292b225,13280,document_or_structured_evidence,.json
docs/generated/tensor_joint_r7/delivery/nodes/R7-09/science.json,5d3f5f5f91cb8def3f079b3e5bfb79cf6bce9969,11282,document_or_structured_evidence,.json
docs/generated/tensor_joint_r7/delivery/nodes/R7-09/validation.json,7bf0dd55ca371005d5a8fbbd49f24eaf11224f2d,673,document_or_structured_evidence,.json
docs/generated/tensor_joint_r7/delivery/nodes/R7-10/execution.json,0d89e1ecc7e3dc5fc3ee50ffacb590aeb900fc47,555,document_or_structured_evidence,.json
docs/generated/tensor_joint_r7/delivery/nodes/R7-10/result.json,df0f54b042b3e0376187d36f7aa096f8e1e277ee,6224,document_or_structured_evidence,.json
docs/generated/tensor_joint_r7/delivery/nodes/R7-10/science.json,8d8279697e768a8fe0bfe6265d6b61aa388a18b3,3930,document_or_structured_evidence,.json
docs/generated/tensor_joint_r7/delivery/nodes/R7-10/validation.json,dc19eb6a1cf42c803739bdfd4ba173fc4ec9bc55,677,document_or_structured_evidence,.json
docs/generated/tensor_joint_r7/delivery/nodes/R7-11/cmbonly999_packet_recovery.json,f9f193fbb03811738acf29de581b0122e32d3bab,258534,document_or_structured_evidence,.json
docs/generated/tensor_joint_r7/delivery/nodes/R7-11/cmbonly999_scores.json,f4187dcded993b4df1e50faf319d338370f6fce9,117211,document_or_structured_evidence,.json
docs/generated/tensor_joint_r7/delivery/nodes/R7-11/execution.json,a13e037be5b718f06c93e61dadebf3e2d54ad373,1307,document_or_structured_evidence,.json
docs/generated/tensor_joint_r7/delivery/nodes/R7-11/paired300_packet_recovery.json,3a5d8cd816ad7471487879755f3923e9d449c5a4,79276,document_or_structured_evidence,.json
docs/generated/tensor_joint_r7/delivery/nodes/R7-11/paired300_scores.json,8cbf57ba5e3fdf782aad91908d8d7101a66887d4,36940,document_or_structured_evidence,.json
docs/generated/tensor_joint_r7/delivery/nodes/R7-11/result.json,9f5cd14086c89379ae50da285531bf26dc843672,4814,document_or_structured_evidence,.json
docs/generated/tensor_joint_r7/delivery/nodes/R7-11/science.json,82f56ed32c91604b13f47469baf6c32717452140,2943,document_or_structured_evidence,.json
docs/generated/tensor_joint_r7/delivery/nodes/R7-11/validation.json,3c6a299b2dea702408f462bfa31c684c1cc2fed8,669,document_or_structured_evidence,.json
docs/generated/tensor_joint_r7/delivery/nodes/R7-12/execution.json,f45495fefb4ddf65cf1db710afa19ee2cdfc3841,555,document_or_structured_evidence,.json
docs/generated/tensor_joint_r7/delivery/nodes/R7-12/result.json,a3917381058768c4a56f4d1bb3558abf184d5f64,14127,document_or_structured_evidence,.json
docs/generated/tensor_joint_r7/delivery/nodes/R7-12/science.json,f9613b2ab232d07e99a9eb88ffab6544e1d26e3b,12471,document_or_structured_evidence,.json
docs/generated/tensor_joint_r7/delivery/nodes/R7-12/validation.json,234b1801cc2c677ccf9a77a957e31cbfbcab452f,667,document_or_structured_evidence,.json
docs/generated/tensor_joint_r7/delivery/nodes/R7-13/execution.json,7a0539499c6e91b3b6a82d43e4681ae11a252c29,555,document_or_structured_evidence,.json
docs/generated/tensor_joint_r7/delivery/nodes/R7-13/result.json,5f67ec138750e67efd0e1a4a28c0e14600fedec2,3708,document_or_structured_evidence,.json
docs/generated/tensor_joint_r7/delivery/nodes/R7-13/science.json,b142c0055980d84dbc643bed849945d1496b08a2,3063,document_or_structured_evidence,.json
docs/generated/tensor_joint_r7/delivery/nodes/R7-13/validation.json,a07f5a13f9715be887fa4b5990d2ca8acedb13dd,665,document_or_structured_evidence,.json
docs/generated/tensor_joint_r7/delivery/nodes/R7-14/execution.json,245b12da9ba4b1ce21a3883fcbb1f592d8926a9b,555,document_or_structured_evidence,.json
docs/generated/tensor_joint_r7/delivery/nodes/R7-14/result.json,91bba05cba449227be3e0159f89cb3bb7cb93217,8048,document_or_structured_evidence,.json
docs/generated/tensor_joint_r7/delivery/nodes/R7-14/science.json,68db86e684d7975c72e22aea27483c240b3c1125,6813,document_or_structured_evidence,.json
docs/generated/tensor_joint_r7/delivery/nodes/R7-14/validation.json,cdc9a5711eecaabf56d3b8f0e5961c4301fdceb1,677,document_or_structured_evidence,.json
docs/generated/tensor_joint_r7/delivery/nodes/R7-15/execution.json,1a9828dabeb79966ed1736b9624e27afc89ba7e3,555,document_or_structured_evidence,.json
docs/generated/tensor_joint_r7/delivery/nodes/R7-15/result.json,004de0b07675409a9e9d89cfd5b8854c514ab42f,2145,document_or_structured_evidence,.json
docs/generated/tensor_joint_r7/delivery/nodes/R7-15/science.json,65b65ee99254e250b7d87e0927215ca940a03c9d,1619,document_or_structured_evidence,.json
docs/generated/tensor_joint_r7/delivery/nodes/R7-15/validation.json,a1fa0bfd6801f8ecb2ff3bdb75565a01bae9e2a0,681,document_or_structured_evidence,.json
docs/generated/tensor_joint_r7/delivery/nodes/R7-16/execution.json,166e67732f9d1ffa90d421e2bfc74322ce4e7ef5,379,document_or_structured_evidence,.json
docs/generated/tensor_joint_r7/delivery/nodes/R7-16/result.json,b82212edec29626cdc4e23766c456e2d1ed3ebf2,734,document_or_structured_evidence,.json
docs/generated/tensor_joint_r7/delivery/nodes/R7-17/execution.json,3701a1b389740bde90e0ef7e09820e8f57ca1715,555,document_or_structured_evidence,.json
docs/generated/tensor_joint_r7/delivery/nodes/R7-17/result.json,95400408b0156ccb14918d1ea4ca01673fb9e792,4681,document_or_structured_evidence,.json
docs/generated/tensor_joint_r7/delivery/nodes/R7-17/science.json,184df30557547bdb039308a011b3398cc76d3bf0,3255,document_or_structured_evidence,.json
docs/generated/tensor_joint_r7/delivery/nodes/R7-18/execution.json,52d24111ba9cecb41fd26a2dd5c5fe0c5e220263,555,document_or_structured_evidence,.json
docs/generated/tensor_joint_r7/delivery/nodes/R7-18/result.json,e6a0f775970406bec104b1d9ad4b3f9aac32dd8f,14093,document_or_structured_evidence,.json
docs/generated/tensor_joint_r7/delivery/nodes/R7-18/science.json,20ea105a029d137f03b4ffe62cf7d4712b91adff,12523,document_or_structured_evidence,.json
docs/generated/tensor_joint_r7/delivery/nodes/R7-18/validation.json,05d2f157a0d2f0fb796fb78feb7b5ffe65248c10,681,document_or_structured_evidence,.json
docs/generated/tensor_joint_r7/delivery/nodes/R7-19/execution.json,ef2481e9c1bfd6a610a18c890ed8c3da8789ed58,555,document_or_structured_evidence,.json
docs/generated/tensor_joint_r7/delivery/nodes/R7-19/result.json,5033eed2cafa1d217fde5edc36164edd1a76b23c,5429,document_or_structured_evidence,.json
docs/generated/tensor_joint_r7/delivery/nodes/R7-19/science.json,03ee36ab6e2ee682baa5e4f218be7d7c2a6c54c7,3990,document_or_structured_evidence,.json
docs/generated/tensor_joint_r7/delivery/nodes/R7-20/execution.json,261ba69e923c1afe343456ae8bd3bcaeab78f73b,555,document_or_structured_evidence,.json
docs/generated/tensor_joint_r7/delivery/nodes/R7-20/result.json,5658cf5630c6299846e710da3f82a5ac9d05ada1,5801,document_or_structured_evidence,.json
docs/generated/tensor_joint_r7/delivery/nodes/R7-20/science.json,d66c5ca3d92534eb052efe2e1cff22140dc89741,4744,document_or_structured_evidence,.json
docs/generated/tensor_joint_r7/delivery/nodes/R7-21/execution.json,52e7108db5a454824b3b1cdf313190739ee11406,555,document_or_structured_evidence,.json
docs/generated/tensor_joint_r7/delivery/nodes/R7-21/result.json,a4a9475b5e9852efdce4922dc1f81f43a33f9661,32929,document_or_structured_evidence,.json
docs/generated/tensor_joint_r7/delivery/nodes/R7-21/science.json,f188047e4db172dd122f8f652b79bcdad7d9166d,30657,document_or_structured_evidence,.json
docs/generated/tensor_joint_r7/delivery/nodes/R7-22/execution.json,b6b3e2f6372a0911e500c1a6c518827d89f15e41,2903,document_or_structured_evidence,.json
docs/generated/tensor_joint_r7/delivery/nodes/R7-22/figure_manifest.json,c938e0e1fa1767672906698f5eda74d89502e26d,8842,document_or_structured_evidence,.json
docs/generated/tensor_joint_r7/delivery/nodes/R7-22/result.json,68c4183ba0853ab05e2eb72e3cb3833fad54a6ed,13455,document_or_structured_evidence,.json
docs/generated/tensor_joint_r7/delivery/nodes/R7-22/science.json,8fefc9d25ab82cee887df1ece2e7b8191e669b93,9341,document_or_structured_evidence,.json
docs/generated/tensor_joint_r7/delivery/nodes/R7-23/execution.json,eac976ff60ad4a2c305d3f9b4db8ad060d9abf58,715,document_or_structured_evidence,.json
docs/generated/tensor_joint_r7/delivery/nodes/R7-23/result.json,5fded48dfbda83f3576f875fde9cc2abe05255fb,10807,document_or_structured_evidence,.json
docs/generated/tensor_joint_r7/delivery/nodes/R7-23/science.json,b0a7a8e606fd97a60af0dc3b0c1ddb3989b990fc,9555,document_or_structured_evidence,.json
docs/generated/tensor_joint_r7/delivery/nodes/R7-24/execution.json,fffd117cad969952ab79ed03cd32ff2499728b5a,1262,document_or_structured_evidence,.json
docs/generated/tensor_joint_r7/delivery/nodes/R7-24/integrated_data_results.md,f191c226098feea63389493618c4aebaba957412,1336,document_or_structured_evidence,.md
docs/generated/tensor_joint_r7/delivery/nodes/R7-24/methods.tex,94fe500df5e677ad7d4c3391f51fde91d9d9d904,11062,document_or_structured_evidence,.tex
docs/generated/tensor_joint_r7/delivery/nodes/R7-24/result.json,d6b2d69bb8748a6ee8e6d6a6ace89ee5972b8713,2647,document_or_structured_evidence,.json
docs/generated/tensor_joint_r7/delivery/nodes/R7-24/science.json,f0c2c1557d1aebb8138e370a4ba1015ded5098f5,918,document_or_structured_evidence,.json
docs/generated/tensor_joint_r7/delivery/nodes/R7-25/execution.json,31cdb6a35827af8c3be3bfd4c8dd93ced8de7817,555,document_or_structured_evidence,.json
docs/generated/tensor_joint_r7/delivery/nodes/R7-25/result.json,639a63d6ec33020051cd4086c85d0ad3f9a583ec,48207,document_or_structured_evidence,.json
docs/generated/tensor_joint_r7/delivery/nodes/R7-25/science.json,c421423a3671f469c9a2843a973a499712bfd29a,45201,document_or_structured_evidence,.json
docs/generated/tensor_joint_r7/delivery/pdf_visual_equivalence.json,6dd49d5ba2503851380c07ada89348616313d00a,1586,document_or_structured_evidence,.json
docs/generated/tensor_joint_r7/delivery/resume_validation.json,415dad7f1826de899c476346c7d21abc2634dc38,690,document_or_structured_evidence,.json
docs/generated/tensor_joint_r7/delivery/tracing_status.json,1b64f4c5d3137a2aeca89640ac8b78d096f538be,54,document_or_structured_evidence,.json
docs/generated/tensor_joint_r7/delivery/visual_review.json,d788684b48056817c5e565ffbf4f6170dc5e28c8,1997,document_or_structured_evidence,.json
docs/generated/tensor_joint_r7/source_bindings.json,3449005da3fa6382d901d6bf0dbcfc2549a2cc20,10582,document_or_structured_evidence,.json
docs/generated/tensor_joint_r8/ac/README.md,8a74502f2a102f9fc61c3da82b924ac5f0f9cec0,7374,document_or_structured_evidence,.md
docs/generated/tensor_joint_r8/ac/campaign/R8-00/bind_sources/attempt_0001/result.json,3167d17c59b0f7a3a052845847f86bdfd90dbf8c,46970,document_or_structured_evidence,.json
docs/generated/tensor_joint_r8/ac/campaign/R8-00/bind_sources/attempt_0001/source_binding.json,1a903cea4e9087624eb9534e33aaf172fb0f009d,43952,document_or_structured_evidence,.json
docs/generated/tensor_joint_r8/ac/campaign/R8-00/bind_sources/latest.json,3167d17c59b0f7a3a052845847f86bdfd90dbf8c,46970,document_or_structured_evidence,.json
docs/generated/tensor_joint_r8/ac/campaign/R8-00/import_historical_records/attempt_0001/result.json,c0ec147a5d8ad7d7d8ce67ed44868fb4eaed9a58,711,document_or_structured_evidence,.json
docs/generated/tensor_joint_r8/ac/campaign/R8-00/import_historical_records/latest.json,c0ec147a5d8ad7d7d8ce67ed44868fb4eaed9a58,711,document_or_structured_evidence,.json
docs/generated/tensor_joint_r8/ac/campaign/R8-01/orbit_obligations/attempt_0001/per_obligation_checks.json,182641cd83bfbac47c22f66e870f62a60d477bea,674,document_or_structured_evidence,.json
docs/generated/tensor_joint_r8/ac/campaign/R8-01/orbit_obligations/attempt_0001/result.json,d4e4f27522873473b8c60a8077ff693a20f00652,2133,document_or_structured_evidence,.json
docs/generated/tensor_joint_r8/ac/campaign/R8-01/orbit_obligations/latest.json,d4e4f27522873473b8c60a8077ff693a20f00652,2133,document_or_structured_evidence,.json
docs/generated/tensor_joint_r8/ac/campaign/R8-01/rank_obligations/attempt_0001/per_obligation_checks.json,182641cd83bfbac47c22f66e870f62a60d477bea,674,document_or_structured_evidence,.json
docs/generated/tensor_joint_r8/ac/campaign/R8-01/rank_obligations/attempt_0001/result.json,a5a8321ccd667dc82f01b33699c3ef82a0c666ba,2132,document_or_structured_evidence,.json
docs/generated/tensor_joint_r8/ac/campaign/R8-01/rank_obligations/latest.json,a5a8321ccd667dc82f01b33699c3ef82a0c666ba,2132,document_or_structured_evidence,.json
docs/generated/tensor_joint_r8/ac/campaign/R8-01/representation_obligations/attempt_0001/result.json,5406abb5de6367776e6aec4d10192fa2c4f8e3cc,394,document_or_structured_evidence,.json
docs/generated/tensor_joint_r8/ac/campaign/R8-01/representation_obligations/latest.json,5406abb5de6367776e6aec4d10192fa2c4f8e3cc,394,document_or_structured_evidence,.json
docs/generated/tensor_joint_r8/ac/campaign/R8-02/certified_bounds/attempt_0001/result.json,9751864008d41f46d945eeff53a935b0fffe8fe0,383,document_or_structured_evidence,.json
docs/generated/tensor_joint_r8/ac/campaign/R8-02/certified_bounds/latest.json,9751864008d41f46d945eeff53a935b0fffe8fe0,383,document_or_structured_evidence,.json
docs/generated/tensor_joint_r8/ac/campaign/R8-03/interval_rank/attempt_0001/result.json,1e1b3c48e7e353534ddc3c8e8f4b9ec9d7f9c209,381,document_or_structured_evidence,.json
docs/generated/tensor_joint_r8/ac/campaign/R8-03/interval_rank/latest.json,1e1b3c48e7e353534ddc3c8e8f4b9ec9d7f9c209,381,document_or_structured_evidence,.json
docs/generated/tensor_joint_r8/ac/campaign/R8-04/full_mv/attempt_0001/result.json,18b78c5ff47346aa5f8f60ca996a98886e65c00f,375,document_or_structured_evidence,.json
docs/generated/tensor_joint_r8/ac/campaign/R8-04/full_mv/latest.json,18b78c5ff47346aa5f8f60ca996a98886e65c00f,375,document_or_structured_evidence,.json
docs/generated/tensor_joint_r8/ac/campaign/R8-05/mv_comparison/attempt_0001/result.json,642343f497d5387794d5402f217d3909f2aae715,381,document_or_structured_evidence,.json
docs/generated/tensor_joint_r8/ac/campaign/R8-05/mv_comparison/latest.json,642343f497d5387794d5402f217d3909f2aae715,381,document_or_structured_evidence,.json
docs/generated/tensor_joint_r8/ac/campaign/R8-05/orbit_rank_mocks/attempt_0001/result.json,fcfd6aa8a6502058b717fcd85c4a9afdef896dc9,384,document_or_structured_evidence,.json
docs/generated/tensor_joint_r8/ac/campaign/R8-05/orbit_rank_mocks/latest.json,fcfd6aa8a6502058b717fcd85c4a9afdef896dc9,384,document_or_structured_evidence,.json
docs/generated/tensor_joint_r8/ac/campaign/R8-06/extract_valid_tensors/attempt_0001/result.json,75fccfa988f34c60eda760bab250897fe8bfd719,389,document_or_structured_evidence,.json
docs/generated/tensor_joint_r8/ac/campaign/R8-06/extract_valid_tensors/latest.json,75fccfa988f34c60eda760bab250897fe8bfd719,389,document_or_structured_evidence,.json
docs/generated/tensor_joint_r8/ac/campaign/R8-06/qualify_candidate_cmb_law/attempt_0001/result.json,1f00e809a9c090ec47fc30f89d3c731e08cd36ec,393,document_or_structured_evidence,.json
docs/generated/tensor_joint_r8/ac/campaign/R8-06/qualify_candidate_cmb_law/latest.json,1f00e809a9c090ec47fc30f89d3c731e08cd36ec,393,document_or_structured_evidence,.json
docs/generated/tensor_joint_r8/ac/campaign/R8-06/qualify_pool_law/attempt_0001/result.json,8ed8d9dc46935e6bc7f3582adcff2807a950993b,383,document_or_structured_evidence,.json
docs/generated/tensor_joint_r8/ac/campaign/R8-06/qualify_pool_law/latest.json,8ed8d9dc46935e6bc7f3582adcff2807a950993b,383,document_or_structured_evidence,.json
docs/generated/tensor_joint_r8/ac/campaign/R8-07/candidate_state_acceptance/attempt_0001/result.json,67efb4f9316682108fc13278742e17e9d878e9e5,393,document_or_structured_evidence,.json
docs/generated/tensor_joint_r8/ac/campaign/R8-07/candidate_state_acceptance/latest.json,67efb4f9316682108fc13278742e17e9d878e9e5,393,document_or_structured_evidence,.json
docs/generated/tensor_joint_r8/ac/campaign/R8-07/descriptive_morphology/attempt_0001/result.json,51c1162a1cd0c6c40a0568880d4fc6b8ddf0d4ce,389,document_or_structured_evidence,.json
docs/generated/tensor_joint_r8/ac/campaign/R8-07/descriptive_morphology/latest.json,51c1162a1cd0c6c40a0568880d4fc6b8ddf0d4ce,389,document_or_structured_evidence,.json
docs/generated/tensor_joint_r8/ac/campaign/R8-07/observed_rank/attempt_0001/result.json,370dd30450b93dd0290738194376d32fc0318b6b,380,document_or_structured_evidence,.json
docs/generated/tensor_joint_r8/ac/campaign/R8-07/observed_rank/latest.json,370dd30450b93dd0290738194376d32fc0318b6b,380,document_or_structured_evidence,.json
docs/generated/tensor_joint_r8/ac/campaign/R8-08/gaussian_support/attempt_0001/result.json,0618b36848a99395a78a151917b8d9b801573cb5,732,document_or_structured_evidence,.json
docs/generated/tensor_joint_r8/ac/campaign/R8-08/gaussian_support/latest.json,0618b36848a99395a78a151917b8d9b801573cb5,732,document_or_structured_evidence,.json
docs/generated/tensor_joint_r8/ac/campaign/R8-08/partial_laws/attempt_0001/result.json,bda67eb41407e75444821fe62d7550ac931b7841,728,document_or_structured_evidence,.json
docs/generated/tensor_joint_r8/ac/campaign/R8-08/partial_laws/latest.json,bda67eb41407e75444821fe62d7550ac931b7841,728,document_or_structured_evidence,.json
docs/generated/tensor_joint_r8/ac/campaign/R8-09/known_nonsingular_law/attempt_0001/compressed_bao.json,74f8288f1c6d97ab815ac853aac8683bb936834f,752,document_or_structured_evidence,.json
docs/generated/tensor_joint_r8/ac/campaign/R8-09/known_nonsingular_law/attempt_0001/products.json,1893ac9379fd068d75d5f312f0fee18178259642,3505,document_or_structured_evidence,.json
docs/generated/tensor_joint_r8/ac/campaign/R8-09/known_nonsingular_law/attempt_0001/result.json,5ae1f1b0df04b3e4de9a74caac3b8d1cb0ea978b,4342,document_or_structured_evidence,.json
docs/generated/tensor_joint_r8/ac/campaign/R8-09/known_nonsingular_law/latest.json,5ae1f1b0df04b3e4de9a74caac3b8d1cb0ea978b,4342,document_or_structured_evidence,.json
docs/generated/tensor_joint_r8/ac/campaign/R8-09/known_singular_law/attempt_0001/result.json,0ebfb0ef4909ffa85073cfc8d600e125cbd7245d,469,document_or_structured_evidence,.json
docs/generated/tensor_joint_r8/ac/campaign/R8-09/known_singular_law/latest.json,0ebfb0ef4909ffa85073cfc8d600e125cbd7245d,469,document_or_structured_evidence,.json
docs/generated/tensor_joint_r8/ac/campaign/R8-09/marginal_or_moment_law/attempt_0001/result.json,389c09c4a3c2765ce7884c24788576088942cac8,472,document_or_structured_evidence,.json
docs/generated/tensor_joint_r8/ac/campaign/R8-09/marginal_or_moment_law/latest.json,389c09c4a3c2765ce7884c24788576088942cac8,472,document_or_structured_evidence,.json
docs/generated/tensor_joint_r8/ac/campaign/R8-09/simulator_law/attempt_0001/compressed_bao.json,74f8288f1c6d97ab815ac853aac8683bb936834f,752,document_or_structured_evidence,.json
docs/generated/tensor_joint_r8/ac/campaign/R8-09/simulator_law/attempt_0001/law_refusals.json,1893ac9379fd068d75d5f312f0fee18178259642,3505,document_or_structured_evidence,.json
docs/generated/tensor_joint_r8/ac/campaign/R8-09/simulator_law/attempt_0001/result.json,8d05b6d54d3114cf64dd1e17cf6009b834344335,4411,document_or_structured_evidence,.json
docs/generated/tensor_joint_r8/ac/campaign/R8-09/simulator_law/latest.json,8d05b6d54d3114cf64dd1e17cf6009b834344335,4411,document_or_structured_evidence,.json
docs/generated/tensor_joint_r8/ac/campaign/R8-10/nonsingular_dispatch/attempt_0001/acceptance.json,81dbaee90e9c94cb008a7e604fb9d71737233415,1528,document_or_structured_evidence,.json
docs/generated/tensor_joint_r8/ac/campaign/R8-10/nonsingular_dispatch/attempt_0001/compressed_bao.json,74f8288f1c6d97ab815ac853aac8683bb936834f,752,document_or_structured_evidence,.json
docs/generated/tensor_joint_r8/ac/campaign/R8-10/nonsingular_dispatch/attempt_0001/result.json,35b37c15a26d4772ce442b207687b228b995a690,2377,document_or_structured_evidence,.json
docs/generated/tensor_joint_r8/ac/campaign/R8-10/nonsingular_dispatch/latest.json,35b37c15a26d4772ce442b207687b228b995a690,2377,document_or_structured_evidence,.json
docs/generated/tensor_joint_r8/ac/campaign/R8-10/partial_dispatch/attempt_0001/result.json,3542f3e4a3fbfd5a0b3674b984da5918bff338d1,384,document_or_structured_evidence,.json
docs/generated/tensor_joint_r8/ac/campaign/R8-10/partial_dispatch/latest.json,3542f3e4a3fbfd5a0b3674b984da5918bff338d1,384,document_or_structured_evidence,.json
docs/generated/tensor_joint_r8/ac/campaign/R8-10/singular_dispatch/attempt_0001/result.json,796ac44ddc9e5d4225fd629b7b3441b35ea7d3cb,383,document_or_structured_evidence,.json
docs/generated/tensor_joint_r8/ac/campaign/R8-10/singular_dispatch/latest.json,796ac44ddc9e5d4225fd629b7b3441b35ea7d3cb,383,document_or_structured_evidence,.json
docs/generated/tensor_joint_r8/ac/campaign/R8-11/real_candidate_simulator/attempt_0001/result.json,673c2f5f4d5fa949342eefe45f46f77e91875681,392,document_or_structured_evidence,.json
docs/generated/tensor_joint_r8/ac/campaign/R8-11/real_candidate_simulator/latest.json,673c2f5f4d5fa949342eefe45f46f77e91875681,392,document_or_structured_evidence,.json
docs/generated/tensor_joint_r8/ac/campaign/R8-11/toy_simulator_validation/attempt_0001/result.json,b451076e5f3a2428b3c6ffa81d6efe0228f5c6b9,4678,document_or_structured_evidence,.json
docs/generated/tensor_joint_r8/ac/campaign/R8-11/toy_simulator_validation/latest.json,b451076e5f3a2428b3c6ffa81d6efe0228f5c6b9,4678,document_or_structured_evidence,.json
docs/generated/tensor_joint_r8/ac/campaign/R8-12/gaussian_observation/attempt_0001/compressed_bao.json,74f8288f1c6d97ab815ac853aac8683bb936834f,752,document_or_structured_evidence,.json
docs/generated/tensor_joint_r8/ac/campaign/R8-12/gaussian_observation/attempt_0001/observed_subsets.json,5dcb07ac2fa8518afadeb327b607930aad692bd7,2142,document_or_structured_evidence,.json
docs/generated/tensor_joint_r8/ac/campaign/R8-12/gaussian_observation/attempt_0001/result.json,9580d8030ea8b837f5091203eac080f60163fb61,3019,document_or_structured_evidence,.json
docs/generated/tensor_joint_r8/ac/campaign/R8-12/gaussian_observation/latest.json,9580d8030ea8b837f5091203eac080f60163fb61,3019,document_or_structured_evidence,.json
docs/generated/tensor_joint_r8/ac/campaign/R8-12/partial_observation/attempt_0001/result.json,bac946104e96c856d7424fb703ff62824246c2cb,387,document_or_structured_evidence,.json
docs/generated/tensor_joint_r8/ac/campaign/R8-12/partial_observation/latest.json,bac946104e96c856d7424fb703ff62824246c2cb,387,document_or_structured_evidence,.json
docs/generated/tensor_joint_r8/ac/campaign/R8-12/simulator_observation/attempt_0001/result.json,f91689772079ec81c8a14f5cca5561afd53d7cc3,389,document_or_structured_evidence,.json
docs/generated/tensor_joint_r8/ac/campaign/R8-12/simulator_observation/latest.json,f91689772079ec81c8a14f5cca5561afd53d7cc3,389,document_or_structured_evidence,.json
docs/generated/tensor_joint_r8/ac/campaign/R8-12/singular_observation/attempt_0001/result.json,1816e4468b311e5b047d928af7f4b6d6884bc6e4,388,document_or_structured_evidence,.json
docs/generated/tensor_joint_r8/ac/campaign/R8-12/singular_observation/latest.json,1816e4468b311e5b047d928af7f4b6d6884bc6e4,388,document_or_structured_evidence,.json
docs/generated/tensor_joint_r8/ac/campaign/R8-13/outer_family/attempt_0001/result.json,991eb14846e15a8f7e10c496298be731ed65c80f,380,document_or_structured_evidence,.json
docs/generated/tensor_joint_r8/ac/campaign/R8-13/outer_family/latest.json,991eb14846e15a8f7e10c496298be731ed65c80f,380,document_or_structured_evidence,.json
docs/generated/tensor_joint_r8/ac/campaign/R8-14/jet_set/attempt_0001/result.json,5ddfb999483a55a472bbb8ec690bd5fc832d85d6,375,document_or_structured_evidence,.json
docs/generated/tensor_joint_r8/ac/campaign/R8-14/jet_set/latest.json,5ddfb999483a55a472bbb8ec690bd5fc832d85d6,375,document_or_structured_evidence,.json
docs/generated/tensor_joint_r8/ac/campaign/R8-14/recession_certificates/attempt_0001/result.json,08774f394f916004e573ee9b9496ec911d124b08,388,document_or_structured_evidence,.json
docs/generated/tensor_joint_r8/ac/campaign/R8-14/recession_certificates/latest.json,08774f394f916004e573ee9b9496ec911d124b08,388,document_or_structured_evidence,.json
docs/generated/tensor_joint_r8/ac/campaign/R8-15/closure_mocks/attempt_0001/result.json,243e47d0396c66935909429a0987f3fbffaf69c1,381,document_or_structured_evidence,.json
docs/generated/tensor_joint_r8/ac/campaign/R8-15/closure_mocks/latest.json,243e47d0396c66935909429a0987f3fbffaf69c1,381,document_or_structured_evidence,.json
docs/generated/tensor_joint_r8/ac/campaign/R8-15/recession_mocks/attempt_0001/result.json,9b6cd7599268ee4294771befb8537d01beed821a,383,document_or_structured_evidence,.json
docs/generated/tensor_joint_r8/ac/campaign/R8-15/recession_mocks/latest.json,9b6cd7599268ee4294771befb8537d01beed821a,383,document_or_structured_evidence,.json
docs/generated/tensor_joint_r8/ac/campaign/R8-16/conditional_physical_image/attempt_0001/result.json,e51fa68d0675fa5e32fcfcf163a95289e0be91da,393,document_or_structured_evidence,.json
docs/generated/tensor_joint_r8/ac/campaign/R8-16/conditional_physical_image/latest.json,e51fa68d0675fa5e32fcfcf163a95289e0be91da,393,document_or_structured_evidence,.json
docs/generated/tensor_joint_r8/ac/campaign/R8-16/nonidentification_result/attempt_0001/result.json,500205d1dac5af0ed468788ef4cc05d547d28010,391,document_or_structured_evidence,.json
docs/generated/tensor_joint_r8/ac/campaign/R8-16/nonidentification_result/latest.json,500205d1dac5af0ed468788ef4cc05d547d28010,391,document_or_structured_evidence,.json
docs/generated/tensor_joint_r8/ac/campaign/R8-17/field_and_map_controls/attempt_0001/result.json,af2641d9c79c05c93f179cbe94e4747825f68087,390,document_or_structured_evidence,.json
docs/generated/tensor_joint_r8/ac/campaign/R8-17/field_and_map_controls/latest.json,af2641d9c79c05c93f179cbe94e4747825f68087,390,document_or_structured_evidence,.json
docs/generated/tensor_joint_r8/ac/campaign/R8-18/restricted_stress/attempt_0001/result.json,7bdcc71c035eab7ddf84a100fd8f0ca55f600cca,385,document_or_structured_evidence,.json
docs/generated/tensor_joint_r8/ac/campaign/R8-18/restricted_stress/latest.json,7bdcc71c035eab7ddf84a100fd8f0ca55f600cca,385,document_or_structured_evidence,.json
docs/generated/tensor_joint_r8/ac/campaign/R8-19/distance_channel/attempt_0001/result.json,f1606e1e69fb8ecd87484d398145505107a3d1f4,384,document_or_structured_evidence,.json
docs/generated/tensor_joint_r8/ac/campaign/R8-19/distance_channel/latest.json,f1606e1e69fb8ecd87484d398145505107a3d1f4,384,document_or_structured_evidence,.json
docs/generated/tensor_joint_r8/ac/campaign/R8-19/photon_channel/attempt_0001/result.json,340c96f6b7b97c54e936060ac029b19421ec9889,381,document_or_structured_evidence,.json
docs/generated/tensor_joint_r8/ac/campaign/R8-19/photon_channel/latest.json,340c96f6b7b97c54e936060ac029b19421ec9889,381,document_or_structured_evidence,.json
docs/generated/tensor_joint_r8/ac/campaign/R8-19/record_radiation_jet_unavailable/attempt_0001/result.json,4f9cdc470955b057dd74289f21f969ae0ca36ca8,400,document_or_structured_evidence,.json
docs/generated/tensor_joint_r8/ac/campaign/R8-19/record_radiation_jet_unavailable/latest.json,4f9cdc470955b057dd74289f21f969ae0ca36ca8,400,document_or_structured_evidence,.json
docs/generated/tensor_joint_r8/ac/campaign/R8-20/external_channel_factory/attempt_0001/result.json,89272d205f590f451ac7722568ad611812a02760,391,document_or_structured_evidence,.json
docs/generated/tensor_joint_r8/ac/campaign/R8-20/external_channel_factory/latest.json,89272d205f590f451ac7722568ad611812a02760,391,document_or_structured_evidence,.json
docs/generated/tensor_joint_r8/ac/campaign/R8-20/restricted_distance_factory/attempt_0001/result.json,17e27bbb660fbe109609c7182b27cbc6722b76a1,395,document_or_structured_evidence,.json
docs/generated/tensor_joint_r8/ac/campaign/R8-20/restricted_distance_factory/latest.json,17e27bbb660fbe109609c7182b27cbc6722b76a1,395,document_or_structured_evidence,.json
docs/generated/tensor_joint_r8/ac/campaign/R8-20/restricted_sky_factory/attempt_0001/result.json,bce3e4662a1fbf33bf6c9e7c68e643b007a2207a,390,document_or_structured_evidence,.json
docs/generated/tensor_joint_r8/ac/campaign/R8-20/restricted_sky_factory/latest.json,bce3e4662a1fbf33bf6c9e7c68e643b007a2207a,390,document_or_structured_evidence,.json
docs/generated/tensor_joint_r8/ac/campaign/R8-21/p0_p1_comparison/attempt_0001/result.json,3da55789d0943bf013e726e564d520da1defeda8,384,document_or_structured_evidence,.json
docs/generated/tensor_joint_r8/ac/campaign/R8-21/p0_p1_comparison/latest.json,3da55789d0943bf013e726e564d520da1defeda8,384,document_or_structured_evidence,.json
docs/generated/tensor_joint_r8/ac/campaign/R8-21/p2_distance_comparison/attempt_0001/result.json,d4d2b9e5fd00a57e2a8e947b6b32aba6225122d7,390,document_or_structured_evidence,.json
docs/generated/tensor_joint_r8/ac/campaign/R8-21/p2_distance_comparison/latest.json,d4d2b9e5fd00a57e2a8e947b6b32aba6225122d7,390,document_or_structured_evidence,.json
docs/generated/tensor_joint_r8/ac/campaign/R8-21/p2_sky_comparison/attempt_0001/result.json,074f7123f1b565c4dd7bbc4eb27fbe7f9525e457,384,document_or_structured_evidence,.json
docs/generated/tensor_joint_r8/ac/campaign/R8-21/p2_sky_comparison/latest.json,074f7123f1b565c4dd7bbc4eb27fbe7f9525e457,384,document_or_structured_evidence,.json
docs/generated/tensor_joint_r8/ac/campaign/R8-21/p3_supported_comparison/attempt_0001/result.json,3d4614c76aae2030f24dd41e94c338078444909a,391,document_or_structured_evidence,.json
docs/generated/tensor_joint_r8/ac/campaign/R8-21/p3_supported_comparison/latest.json,3d4614c76aae2030f24dd41e94c338078444909a,391,document_or_structured_evidence,.json
docs/generated/tensor_joint_r8/ac/campaign/R8-22/check_local_hook_context/attempt_0001/result.json,cee8715569ae9e0b452c6d3d71243807a1ad9857,392,document_or_structured_evidence,.json
docs/generated/tensor_joint_r8/ac/campaign/R8-22/check_local_hook_context/latest.json,cee8715569ae9e0b452c6d3d71243807a1ad9857,392,document_or_structured_evidence,.json
docs/generated/tensor_joint_r8/ac/campaign/R8-23/receipt_synthesis/attempt_0001/result.json,b0c8d482ec63c081adaa25942a0c9a9891f92780,385,document_or_structured_evidence,.json
docs/generated/tensor_joint_r8/ac/campaign/R8-23/receipt_synthesis/latest.json,b0c8d482ec63c081adaa25942a0c9a9891f92780,385,document_or_structured_evidence,.json
docs/generated/tensor_joint_r8/ac/campaign/summary.json,af469a1214d3c721626ef92f5a486661c4a27584,114082,document_or_structured_evidence,.json
docs/generated/tensor_joint_r8/ac/figure_manifest.json,e9d1d2f18cacec04f7e38445fa0356a5be2c29a3,1472,document_or_structured_evidence,.json
docs/generated/tensor_joint_r8/ac/mocks/mock3.json,a6baa09aebb3575e37f90eb058236c60cd4a54fe,488,document_or_structured_evidence,.json
docs/generated/tensor_joint_r8/ac/mocks/mock4.json,8772c942829fcd9c88aad4217adf42e07016e2fd,1377,document_or_structured_evidence,.json
docs/generated/tensor_joint_r8/ac/mocks/mock4_pre_quantile_repair.json,25e43359b663fa1b7c551443e19f0117c289e67c,1377,document_or_structured_evidence,.json
docs/generated/tensor_joint_r8/ac/mocks/mock5.json,ded19918bc60404c255dbe78ebba5090d145b411,3449,document_or_structured_evidence,.json
docs/generated/tensor_joint_r8/ac/mocks/orbit_reference_intervals.json,45fb45d7cd518d4461f7939747070e06b2516792,1580560,document_or_structured_evidence,.json
docs/generated/tensor_joint_r8/ac/mocks/orbit_summary.json,f4dd18b17f65b972695ba4cc6cad2c97440f4593,1210280,document_or_structured_evidence,.json
docs/generated/tensor_joint_r8/ac/validation.json,e80c82a960e8c86da94e8f71ec4d6a404c3306c2,3163,document_or_structured_evidence,.json
docs/generated/tensor_joint_r8/final/EXECUTION.md,0c18ee42016c8fb3b2c87876eee94f53f9e5d137,3242,document_or_structured_evidence,.md
docs/generated/tensor_joint_r8/final/REPORT.md,a0c1a82f38f1b53235a887e062b2b64e7ab1a910,6772,document_or_structured_evidence,.md
docs/generated/tensor_joint_r8/final/REVIEW.md,4c11136ed749e97ec85aea046183dca8856786f8,5082,document_or_structured_evidence,.md
docs/generated/tensor_joint_r8/final/acceptance.json,664935c32a50d101c58d16fbdb915846c1c968c6,915,document_or_structured_evidence,.json
docs/generated/tensor_joint_r8/final/campaign/R8-00/bind_sources/attempt_0001/result.json,ebe02788de5bdca93244654570df55aae68931a0,46974,document_or_structured_evidence,.json
docs/generated/tensor_joint_r8/final/campaign/R8-00/bind_sources/attempt_0001/source_binding.json,1a903cea4e9087624eb9534e33aaf172fb0f009d,43952,document_or_structured_evidence,.json
docs/generated/tensor_joint_r8/final/campaign/R8-00/bind_sources/latest.json,ebe02788de5bdca93244654570df55aae68931a0,46974,document_or_structured_evidence,.json
docs/generated/tensor_joint_r8/final/campaign/R8-00/import_historical_records/attempt_0001/result.json,22a2dc3a27e4f6639ce4348bad2b07a70d0a293f,711,document_or_structured_evidence,.json
docs/generated/tensor_joint_r8/final/campaign/R8-00/import_historical_records/latest.json,22a2dc3a27e4f6639ce4348bad2b07a70d0a293f,711,document_or_structured_evidence,.json
docs/generated/tensor_joint_r8/final/campaign/R8-01/orbit_obligations/attempt_0001/per_obligation_checks.json,182641cd83bfbac47c22f66e870f62a60d477bea,674,document_or_structured_evidence,.json
docs/generated/tensor_joint_r8/final/campaign/R8-01/orbit_obligations/attempt_0001/result.json,63dfdd7a52fd8406c4d010ebd195aeadb8e9a9a2,2135,document_or_structured_evidence,.json
docs/generated/tensor_joint_r8/final/campaign/R8-01/orbit_obligations/latest.json,63dfdd7a52fd8406c4d010ebd195aeadb8e9a9a2,2135,document_or_structured_evidence,.json
docs/generated/tensor_joint_r8/final/campaign/R8-01/rank_obligations/attempt_0001/per_obligation_checks.json,182641cd83bfbac47c22f66e870f62a60d477bea,674,document_or_structured_evidence,.json
docs/generated/tensor_joint_r8/final/campaign/R8-01/rank_obligations/attempt_0001/result.json,0b65445d7acb8835299956579173ee8f3f70ccd8,2135,document_or_structured_evidence,.json
docs/generated/tensor_joint_r8/final/campaign/R8-01/rank_obligations/latest.json,0b65445d7acb8835299956579173ee8f3f70ccd8,2135,document_or_structured_evidence,.json
docs/generated/tensor_joint_r8/final/campaign/R8-01/representation_obligations/attempt_0001/representation_proof.json,33e248da5d2b6367f5ab9a4fa9e599a9c05393e4,386,document_or_structured_evidence,.json
docs/generated/tensor_joint_r8/final/campaign/R8-01/representation_obligations/attempt_0001/result.json,18d8e2c72bc5f55dce05415791040ed8d1acd9bf,1692,document_or_structured_evidence,.json
docs/generated/tensor_joint_r8/final/campaign/R8-01/representation_obligations/latest.json,18d8e2c72bc5f55dce05415791040ed8d1acd9bf,1692,document_or_structured_evidence,.json
docs/generated/tensor_joint_r8/final/campaign/R8-02/certified_bounds/attempt_0001/result.json,ed3993d0fcc2334e093ba8e403521429641b5fe9,553,document_or_structured_evidence,.json
docs/generated/tensor_joint_r8/final/campaign/R8-02/certified_bounds/latest.json,ed3993d0fcc2334e093ba8e403521429641b5fe9,553,document_or_structured_evidence,.json
docs/generated/tensor_joint_r8/final/campaign/R8-03/interval_rank/attempt_0001/result.json,530de64abaeeb46d4e83fe7e65fe5af7b30d597a,548,document_or_structured_evidence,.json
docs/generated/tensor_joint_r8/final/campaign/R8-03/interval_rank/latest.json,530de64abaeeb46d4e83fe7e65fe5af7b30d597a,548,document_or_structured_evidence,.json
docs/generated/tensor_joint_r8/final/campaign/R8-04/full_mv/attempt_0001/result.json,863a4e3fa2d0c076417256d4f49c7b3231b971b2,540,document_or_structured_evidence,.json
docs/generated/tensor_joint_r8/final/campaign/R8-04/full_mv/latest.json,863a4e3fa2d0c076417256d4f49c7b3231b971b2,540,document_or_structured_evidence,.json
docs/generated/tensor_joint_r8/final/campaign/R8-05/mv_comparison/attempt_0001/result.json,f130947219dc350b11a042ad4f63524aaf25c1ec,651,document_or_structured_evidence,.json
docs/generated/tensor_joint_r8/final/campaign/R8-05/mv_comparison/latest.json,f130947219dc350b11a042ad4f63524aaf25c1ec,651,document_or_structured_evidence,.json
docs/generated/tensor_joint_r8/final/campaign/R8-05/orbit_rank_mocks/attempt_0001/result.json,7334c052e5dfe3c509300537e3be9efc189f659a,656,document_or_structured_evidence,.json
docs/generated/tensor_joint_r8/final/campaign/R8-05/orbit_rank_mocks/latest.json,7334c052e5dfe3c509300537e3be9efc189f659a,656,document_or_structured_evidence,.json
docs/generated/tensor_joint_r8/final/campaign/R8-06/extract_valid_tensors/attempt_0001/extract_valid_tensors.json,1ce3e6212953d33fa82c74320ec05d26e207f92d,32202,document_or_structured_evidence,.json
docs/generated/tensor_joint_r8/final/campaign/R8-06/extract_valid_tensors/attempt_0001/result.json,70e93e4f9f829f4180668a6fc8337ab5a0491317,35524,document_or_structured_evidence,.json
docs/generated/tensor_joint_r8/final/campaign/R8-06/extract_valid_tensors/latest.json,70e93e4f9f829f4180668a6fc8337ab5a0491317,35524,document_or_structured_evidence,.json
docs/generated/tensor_joint_r8/final/campaign/R8-06/qualify_candidate_cmb_law/attempt_0001/cmb_law.json,7b77fa0e0a12f288b836bb3d5d8ae60ff356e602,10802,document_or_structured_evidence,.json
docs/generated/tensor_joint_r8/final/campaign/R8-06/qualify_candidate_cmb_law/attempt_0001/result.json,eb7afa1b00345896b428e5cffc2e80050bb979ed,12317,document_or_structured_evidence,.json
docs/generated/tensor_joint_r8/final/campaign/R8-06/qualify_candidate_cmb_law/latest.json,eb7afa1b00345896b428e5cffc2e80050bb979ed,12317,document_or_structured_evidence,.json
docs/generated/tensor_joint_r8/final/campaign/R8-06/qualify_pool_law/attempt_0001/cmb_law.json,7b77fa0e0a12f288b836bb3d5d8ae60ff356e602,10802,document_or_structured_evidence,.json
docs/generated/tensor_joint_r8/final/campaign/R8-06/qualify_pool_law/attempt_0001/result.json,656f9d16656bd616a48308b46b065763000dd78d,12300,document_or_structured_evidence,.json
docs/generated/tensor_joint_r8/final/campaign/R8-06/qualify_pool_law/latest.json,656f9d16656bd616a48308b46b065763000dd78d,12300,document_or_structured_evidence,.json
docs/generated/tensor_joint_r8/final/campaign/R8-07/candidate_state_acceptance/attempt_0001/result.json,2fe3a4ec86e990e3e9d72de95200249867575003,718,document_or_structured_evidence,.json
docs/generated/tensor_joint_r8/final/campaign/R8-07/candidate_state_acceptance/latest.json,2fe3a4ec86e990e3e9d72de95200249867575003,718,document_or_structured_evidence,.json
docs/generated/tensor_joint_r8/final/campaign/R8-07/descriptive_morphology/attempt_0001/descriptive_morphology.json,6d5cdddeed153acb46c661461c71b0160a8abee6,32918,document_or_structured_evidence,.json
docs/generated/tensor_joint_r8/final/campaign/R8-07/descriptive_morphology/attempt_0001/result.json,27214c09f2a22025062c63eff87cc8fe7c420beb,35882,document_or_structured_evidence,.json
docs/generated/tensor_joint_r8/final/campaign/R8-07/descriptive_morphology/latest.json,27214c09f2a22025062c63eff87cc8fe7c420beb,35882,document_or_structured_evidence,.json
docs/generated/tensor_joint_r8/final/campaign/R8-07/observed_rank/attempt_0001/result.json,8e1605c824ca879c34cfb5474233681bceea75a5,699,document_or_structured_evidence,.json
docs/generated/tensor_joint_r8/final/campaign/R8-07/observed_rank/latest.json,8e1605c824ca879c34cfb5474233681bceea75a5,699,document_or_structured_evidence,.json
docs/generated/tensor_joint_r8/final/campaign/R8-08/gaussian_support/attempt_0001/result.json,b552ffa41f433bcb03932d85789b0e96ddad7352,408,document_or_structured_evidence,.json
docs/generated/tensor_joint_r8/final/campaign/R8-08/gaussian_support/attempt_0002/result.json,f7b08f507eff12e24f321fea1f81c5a14a3ed963,735,document_or_structured_evidence,.json
docs/generated/tensor_joint_r8/final/campaign/R8-08/gaussian_support/latest.json,f7b08f507eff12e24f321fea1f81c5a14a3ed963,735,document_or_structured_evidence,.json
docs/generated/tensor_joint_r8/final/campaign/R8-08/partial_laws/attempt_0001/result.json,96f7771e6d9065c9301dd6e66c82267b588f9aea,403,document_or_structured_evidence,.json
docs/generated/tensor_joint_r8/final/campaign/R8-08/partial_laws/attempt_0002/result.json,0da10b51e7745219624d716f5e03d9337bb1a62e,731,document_or_structured_evidence,.json
docs/generated/tensor_joint_r8/final/campaign/R8-08/partial_laws/latest.json,0da10b51e7745219624d716f5e03d9337bb1a62e,731,document_or_structured_evidence,.json
docs/generated/tensor_joint_r8/final/campaign/R8-09/known_nonsingular_law/attempt_0001/compressed_bao.json,74f8288f1c6d97ab815ac853aac8683bb936834f,752,document_or_structured_evidence,.json
docs/generated/tensor_joint_r8/final/campaign/R8-09/known_nonsingular_law/attempt_0001/products.json,14ea7191570936dc69b201a6657754929bee8a8c,11108,document_or_structured_evidence,.json
docs/generated/tensor_joint_r8/final/campaign/R8-09/known_nonsingular_law/attempt_0001/result.json,8f7cb0fed6cb506bcb6dea8cbaad7531865a6145,12656,document_or_structured_evidence,.json
docs/generated/tensor_joint_r8/final/campaign/R8-09/known_nonsingular_law/attempt_0002/compressed_bao.json,74f8288f1c6d97ab815ac853aac8683bb936834f,752,document_or_structured_evidence,.json
docs/generated/tensor_joint_r8/final/campaign/R8-09/known_nonsingular_law/attempt_0002/products.json,14ea7191570936dc69b201a6657754929bee8a8c,11108,document_or_structured_evidence,.json
docs/generated/tensor_joint_r8/final/campaign/R8-09/known_nonsingular_law/attempt_0002/result.json,f03ef6d2bcd10b13b6ce9d54b9ce003ed4a21713,12657,document_or_structured_evidence,.json
docs/generated/tensor_joint_r8/final/campaign/R8-09/known_nonsingular_law/latest.json,f03ef6d2bcd10b13b6ce9d54b9ce003ed4a21713,12657,document_or_structured_evidence,.json
docs/generated/tensor_joint_r8/final/campaign/R8-09/known_singular_law/attempt_0001/result.json,19875f7b1fa50740686219a2a4791751f4a3118c,544,document_or_structured_evidence,.json
docs/generated/tensor_joint_r8/final/campaign/R8-09/known_singular_law/attempt_0002/result.json,91236bc38fa027fa66b4b93a67a7cf42a0a51a12,561,document_or_structured_evidence,.json
docs/generated/tensor_joint_r8/final/campaign/R8-09/known_singular_law/latest.json,91236bc38fa027fa66b4b93a67a7cf42a0a51a12,561,document_or_structured_evidence,.json
docs/generated/tensor_joint_r8/final/campaign/R8-09/marginal_or_moment_law/attempt_0001/result.json,d30fb23ec11f948cdea87f9bdc9ce2ff96275d59,548,document_or_structured_evidence,.json
docs/generated/tensor_joint_r8/final/campaign/R8-09/marginal_or_moment_law/attempt_0002/result.json,d690b241a8c250f2eee5c0b7bcc528fec35ae930,566,document_or_structured_evidence,.json
docs/generated/tensor_joint_r8/final/campaign/R8-09/marginal_or_moment_law/latest.json,d690b241a8c250f2eee5c0b7bcc528fec35ae930,566,document_or_structured_evidence,.json
docs/generated/tensor_joint_r8/final/campaign/R8-09/simulator_law/attempt_0001/compressed_bao.json,74f8288f1c6d97ab815ac853aac8683bb936834f,752,document_or_structured_evidence,.json
docs/generated/tensor_joint_r8/final/campaign/R8-09/simulator_law/attempt_0001/law_refusals.json,14ea7191570936dc69b201a6657754929bee8a8c,11108,document_or_structured_evidence,.json
docs/generated/tensor_joint_r8/final/campaign/R8-09/simulator_law/attempt_0001/result.json,f2cdfaacc5e94e9579c0f4369b36007ba11fbe04,12726,document_or_structured_evidence,.json
docs/generated/tensor_joint_r8/final/campaign/R8-09/simulator_law/attempt_0002/compressed_bao.json,74f8288f1c6d97ab815ac853aac8683bb936834f,752,document_or_structured_evidence,.json
docs/generated/tensor_joint_r8/final/campaign/R8-09/simulator_law/attempt_0002/law_refusals.json,14ea7191570936dc69b201a6657754929bee8a8c,11108,document_or_structured_evidence,.json
docs/generated/tensor_joint_r8/final/campaign/R8-09/simulator_law/attempt_0002/result.json,be28a1131da673d9baddf2eb003f3c52a538c53f,12726,document_or_structured_evidence,.json
docs/generated/tensor_joint_r8/final/campaign/R8-09/simulator_law/latest.json,be28a1131da673d9baddf2eb003f3c52a538c53f,12726,document_or_structured_evidence,.json
docs/generated/tensor_joint_r8/final/campaign/R8-10/nonsingular_dispatch/attempt_0001/acceptance.json,81dbaee90e9c94cb008a7e604fb9d71737233415,1528,document_or_structured_evidence,.json
docs/generated/tensor_joint_r8/final/campaign/R8-10/nonsingular_dispatch/attempt_0001/compressed_bao.json,74f8288f1c6d97ab815ac853aac8683bb936834f,752,document_or_structured_evidence,.json
docs/generated/tensor_joint_r8/final/campaign/R8-10/nonsingular_dispatch/attempt_0001/result.json,9a24d13975ae60a47c628a739a07dbeac650356e,2380,document_or_structured_evidence,.json
docs/generated/tensor_joint_r8/final/campaign/R8-10/nonsingular_dispatch/attempt_0002/acceptance.json,81dbaee90e9c94cb008a7e604fb9d71737233415,1528,document_or_structured_evidence,.json
docs/generated/tensor_joint_r8/final/campaign/R8-10/nonsingular_dispatch/attempt_0002/compressed_bao.json,74f8288f1c6d97ab815ac853aac8683bb936834f,752,document_or_structured_evidence,.json
docs/generated/tensor_joint_r8/final/campaign/R8-10/nonsingular_dispatch/attempt_0002/result.json,c2c27e68345208392b13b40a861ce9847fed8d94,2379,document_or_structured_evidence,.json
docs/generated/tensor_joint_r8/final/campaign/R8-10/nonsingular_dispatch/latest.json,c2c27e68345208392b13b40a861ce9847fed8d94,2379,document_or_structured_evidence,.json
docs/generated/tensor_joint_r8/final/campaign/R8-10/partial_dispatch/attempt_0001/result.json,77342ea9b93a8b27628f6584170517cb4148f258,715,document_or_structured_evidence,.json
docs/generated/tensor_joint_r8/final/campaign/R8-10/partial_dispatch/attempt_0002/result.json,f6f58d629889319ae7c41ca2ddeb6b340d8fb1cd,731,document_or_structured_evidence,.json
docs/generated/tensor_joint_r8/final/campaign/R8-10/partial_dispatch/latest.json,f6f58d629889319ae7c41ca2ddeb6b340d8fb1cd,731,document_or_structured_evidence,.json
docs/generated/tensor_joint_r8/final/campaign/R8-10/singular_dispatch/attempt_0001/result.json,6d13df1d8a3e6b4d83033e250a79ed583947336a,727,document_or_structured_evidence,.json
docs/generated/tensor_joint_r8/final/campaign/R8-10/singular_dispatch/attempt_0002/result.json,edc5909fd65fabd65eb8d4cfa8e0337f775d749d,743,document_or_structured_evidence,.json
docs/generated/tensor_joint_r8/final/campaign/R8-10/singular_dispatch/latest.json,edc5909fd65fabd65eb8d4cfa8e0337f775d749d,743,document_or_structured_evidence,.json
docs/generated/tensor_joint_r8/final/campaign/R8-11/real_candidate_simulator/attempt_0001/result.json,c63a89605eccbf925e92e6c6cc172ed30ea8b851,607,document_or_structured_evidence,.json
docs/generated/tensor_joint_r8/final/campaign/R8-11/real_candidate_simulator/attempt_0002/result.json,5942a606bd1618fd0d24faa03ac3935fea7b4992,608,document_or_structured_evidence,.json
docs/generated/tensor_joint_r8/final/campaign/R8-11/real_candidate_simulator/latest.json,5942a606bd1618fd0d24faa03ac3935fea7b4992,608,document_or_structured_evidence,.json
docs/generated/tensor_joint_r8/final/campaign/R8-11/toy_simulator_validation/attempt_0001/result.json,fca139ecdb0982a21bcff557b54206f50567fb19,4678,document_or_structured_evidence,.json
docs/generated/tensor_joint_r8/final/campaign/R8-11/toy_simulator_validation/attempt_0002/result.json,59d16c665a0b6ff6ed9415af515322442ce41754,4681,document_or_structured_evidence,.json
docs/generated/tensor_joint_r8/final/campaign/R8-11/toy_simulator_validation/latest.json,59d16c665a0b6ff6ed9415af515322442ce41754,4681,document_or_structured_evidence,.json
docs/generated/tensor_joint_r8/final/campaign/R8-12/gaussian_observation/attempt_0001/compressed_bao.json,74f8288f1c6d97ab815ac853aac8683bb936834f,752,document_or_structured_evidence,.json
docs/generated/tensor_joint_r8/final/campaign/R8-12/gaussian_observation/attempt_0001/observed_subsets.json,326a42543cde19435398f9192376ae6f2fc84ffd,2530,document_or_structured_evidence,.json
docs/generated/tensor_joint_r8/final/campaign/R8-12/gaussian_observation/attempt_0001/result.json,e1ea15c50fcafd70d049a74754b8b11e28484345,3428,document_or_structured_evidence,.json
docs/generated/tensor_joint_r8/final/campaign/R8-12/gaussian_observation/attempt_0002/compressed_bao.json,74f8288f1c6d97ab815ac853aac8683bb936834f,752,document_or_structured_evidence,.json
docs/generated/tensor_joint_r8/final/campaign/R8-12/gaussian_observation/attempt_0002/observed_subsets.json,326a42543cde19435398f9192376ae6f2fc84ffd,2530,document_or_structured_evidence,.json
docs/generated/tensor_joint_r8/final/campaign/R8-12/gaussian_observation/attempt_0002/result.json,dadedcdc2cb0296502e89d307678a9c136142c14,3427,document_or_structured_evidence,.json
docs/generated/tensor_joint_r8/final/campaign/R8-12/gaussian_observation/latest.json,dadedcdc2cb0296502e89d307678a9c136142c14,3427,document_or_structured_evidence,.json
docs/generated/tensor_joint_r8/final/campaign/R8-12/partial_observation/attempt_0001/result.json,50d1ed5cc3e4b8b32323482e8a6fa00271d7924b,576,document_or_structured_evidence,.json
docs/generated/tensor_joint_r8/final/campaign/R8-12/partial_observation/attempt_0002/result.json,d2a3fae7cace40b8b503bee944be799d1ba310c0,577,document_or_structured_evidence,.json
docs/generated/tensor_joint_r8/final/campaign/R8-12/partial_observation/latest.json,d2a3fae7cace40b8b503bee944be799d1ba310c0,577,document_or_structured_evidence,.json
docs/generated/tensor_joint_r8/final/campaign/R8-12/simulator_observation/attempt_0001/result.json,89fec9a3279ef7142ca4270f3a1acf2d46952e61,593,document_or_structured_evidence,.json
docs/generated/tensor_joint_r8/final/campaign/R8-12/simulator_observation/attempt_0002/result.json,438d8a34611048374fe9c4bf8aca950faddb74c2,592,document_or_structured_evidence,.json
docs/generated/tensor_joint_r8/final/campaign/R8-12/simulator_observation/latest.json,438d8a34611048374fe9c4bf8aca950faddb74c2,592,document_or_structured_evidence,.json
docs/generated/tensor_joint_r8/final/campaign/R8-12/singular_observation/attempt_0001/result.json,8d6fe90efb0540f6f7a89198b212f5151cc398ff,579,document_or_structured_evidence,.json
docs/generated/tensor_joint_r8/final/campaign/R8-12/singular_observation/attempt_0002/result.json,c7bc548c8d040aa97ff3d991c40a6543d94c035c,578,document_or_structured_evidence,.json
docs/generated/tensor_joint_r8/final/campaign/R8-12/singular_observation/latest.json,c7bc548c8d040aa97ff3d991c40a6543d94c035c,578,document_or_structured_evidence,.json
docs/generated/tensor_joint_r8/final/campaign/R8-13/outer_family/attempt_0001/compressed_bao.json,74f8288f1c6d97ab815ac853aac8683bb936834f,752,document_or_structured_evidence,.json
docs/generated/tensor_joint_r8/final/campaign/R8-13/outer_family/attempt_0001/outer_family.json,38523057a66eb4b3c1307d399eb3871870724084,2851,document_or_structured_evidence,.json
docs/generated/tensor_joint_r8/final/campaign/R8-13/outer_family/attempt_0001/result.json,38c37aca4bbea6a2ec28a6779c9c0f00f5ad16b6,3785,document_or_structured_evidence,.json
docs/generated/tensor_joint_r8/final/campaign/R8-13/outer_family/attempt_0002/compressed_bao.json,74f8288f1c6d97ab815ac853aac8683bb936834f,752,document_or_structured_evidence,.json
docs/generated/tensor_joint_r8/final/campaign/R8-13/outer_family/attempt_0002/outer_family.json,38523057a66eb4b3c1307d399eb3871870724084,2851,document_or_structured_evidence,.json
docs/generated/tensor_joint_r8/final/campaign/R8-13/outer_family/attempt_0002/result.json,ccbb6dd3a97f7638bd4e35314e17a83dafd8a979,3784,document_or_structured_evidence,.json
docs/generated/tensor_joint_r8/final/campaign/R8-13/outer_family/latest.json,ccbb6dd3a97f7638bd4e35314e17a83dafd8a979,3784,document_or_structured_evidence,.json
docs/generated/tensor_joint_r8/final/campaign/R8-14/jet_set/attempt_0001/jet_set.json,657910ac15cd070b067565e240925d5a3f9d88fa,274599,document_or_structured_evidence,.json
docs/generated/tensor_joint_r8/final/campaign/R8-14/jet_set/attempt_0001/result.json,a17a9192a5a241252709e44de10fdeac55b0007a,296141,document_or_structured_evidence,.json
docs/generated/tensor_joint_r8/final/campaign/R8-14/jet_set/latest.json,a17a9192a5a241252709e44de10fdeac55b0007a,296141,document_or_structured_evidence,.json
docs/generated/tensor_joint_r8/final/campaign/R8-14/recession_certificates/attempt_0001/recession_certificates.json,3a3f004514c5596464e259aa43a0a39c6bc1a9ab,1516,document_or_structured_evidence,.json
docs/generated/tensor_joint_r8/final/campaign/R8-14/recession_certificates/attempt_0001/result.json,6644994a7072cf557cc0ea5c39595609b9ca134e,2706,document_or_structured_evidence,.json
docs/generated/tensor_joint_r8/final/campaign/R8-14/recession_certificates/latest.json,6644994a7072cf557cc0ea5c39595609b9ca134e,2706,document_or_structured_evidence,.json
docs/generated/tensor_joint_r8/final/campaign/R8-15/closure_mocks/attempt_0001/closure_mocks.json,657910ac15cd070b067565e240925d5a3f9d88fa,274599,document_or_structured_evidence,.json
docs/generated/tensor_joint_r8/final/campaign/R8-15/closure_mocks/attempt_0001/result.json,0378aa7ece8a00420b66ebce6d2955bfadd1df0b,296169,document_or_structured_evidence,.json
docs/generated/tensor_joint_r8/final/campaign/R8-15/closure_mocks/latest.json,0378aa7ece8a00420b66ebce6d2955bfadd1df0b,296169,document_or_structured_evidence,.json
docs/generated/tensor_joint_r8/final/campaign/R8-15/recession_mocks/attempt_0001/recession_mocks.json,3a3f004514c5596464e259aa43a0a39c6bc1a9ab,1516,document_or_structured_evidence,.json
docs/generated/tensor_joint_r8/final/campaign/R8-15/recession_mocks/attempt_0001/result.json,463deebb1e2b4b2aef4768791cd7030bd41a11eb,2692,document_or_structured_evidence,.json
docs/generated/tensor_joint_r8/final/campaign/R8-15/recession_mocks/latest.json,463deebb1e2b4b2aef4768791cd7030bd41a11eb,2692,document_or_structured_evidence,.json
docs/generated/tensor_joint_r8/final/campaign/R8-16/conditional_physical_image/attempt_0001/physical_images.json,660e38b690582b8a6d20f84101093ad3e9a7c3b4,14148,document_or_structured_evidence,.json
docs/generated/tensor_joint_r8/final/campaign/R8-16/conditional_physical_image/attempt_0001/result.json,ff503eceda92ac3c02f0841326788aaa1789a5d8,16445,document_or_structured_evidence,.json
docs/generated/tensor_joint_r8/final/campaign/R8-16/conditional_physical_image/attempt_0002/physical_images.json,660e38b690582b8a6d20f84101093ad3e9a7c3b4,14148,document_or_structured_evidence,.json
docs/generated/tensor_joint_r8/final/campaign/R8-16/conditional_physical_image/attempt_0002/result.json,cc171b97c89429e84ac7918d4a4df9f1ef6cd62b,16444,document_or_structured_evidence,.json
docs/generated/tensor_joint_r8/final/campaign/R8-16/conditional_physical_image/latest.json,cc171b97c89429e84ac7918d4a4df9f1ef6cd62b,16444,document_or_structured_evidence,.json
docs/generated/tensor_joint_r8/final/campaign/R8-16/nonidentification_result/attempt_0001/nonidentification_result.json,963d0bff0b15792c92944b49ce1fe5f73f899d88,3551,document_or_structured_evidence,.json
docs/generated/tensor_joint_r8/final/campaign/R8-16/nonidentification_result/attempt_0001/result.json,d564e02c86dce8732b9e0894f33234d1a213e6b3,4870,document_or_structured_evidence,.json
docs/generated/tensor_joint_r8/final/campaign/R8-16/nonidentification_result/attempt_0002/nonidentification_result.json,963d0bff0b15792c92944b49ce1fe5f73f899d88,3551,document_or_structured_evidence,.json
docs/generated/tensor_joint_r8/final/campaign/R8-16/nonidentification_result/attempt_0002/result.json,44d49c0e9925343445a0ae20ed24d7eed2238df8,4869,document_or_structured_evidence,.json
docs/generated/tensor_joint_r8/final/campaign/R8-16/nonidentification_result/latest.json,44d49c0e9925343445a0ae20ed24d7eed2238df8,4869,document_or_structured_evidence,.json
docs/generated/tensor_joint_r8/final/campaign/R8-17/field_and_map_controls/attempt_0001/field_and_map_controls.json,bb5022ee01db58ad2eca80ee2d85a11f7fa8df13,19132,document_or_structured_evidence,.json
docs/generated/tensor_joint_r8/final/campaign/R8-17/field_and_map_controls/attempt_0001/result.json,5399d3af7e4baad0d9f7f4b9cf5749c339e0620a,22001,document_or_structured_evidence,.json
docs/generated/tensor_joint_r8/final/campaign/R8-17/field_and_map_controls/attempt_0002/field_and_map_controls.json,bb5022ee01db58ad2eca80ee2d85a11f7fa8df13,19132,document_or_structured_evidence,.json
docs/generated/tensor_joint_r8/final/campaign/R8-17/field_and_map_controls/attempt_0002/result.json,d8c491d9962fb84d1999895f2e54b2366cb2b6c2,22001,document_or_structured_evidence,.json
docs/generated/tensor_joint_r8/final/campaign/R8-17/field_and_map_controls/latest.json,d8c491d9962fb84d1999895f2e54b2366cb2b6c2,22001,document_or_structured_evidence,.json
docs/generated/tensor_joint_r8/final/campaign/R8-18/restricted_stress/attempt_0001/history.json,bbf2038763704e83d3befba9d172a4684e060097,2849,document_or_structured_evidence,.json
docs/generated/tensor_joint_r8/final/campaign/R8-18/restricted_stress/attempt_0001/result.json,b1df5ae228db725faab8f7d663665e9f4a2fb64e,4318,document_or_structured_evidence,.json
docs/generated/tensor_joint_r8/final/campaign/R8-18/restricted_stress/latest.json,b1df5ae228db725faab8f7d663665e9f4a2fb64e,4318,document_or_structured_evidence,.json
docs/generated/tensor_joint_r8/final/campaign/R8-19/distance_channel/attempt_0001/distance.json,bae9881b466d92173a0e3881830c34339d2434d6,54660,document_or_structured_evidence,.json
docs/generated/tensor_joint_r8/final/campaign/R8-19/distance_channel/attempt_0001/result.json,8c6e686344dde5007854f215b59f9d69d620b1e0,62626,document_or_structured_evidence,.json
docs/generated/tensor_joint_r8/final/campaign/R8-19/distance_channel/latest.json,8c6e686344dde5007854f215b59f9d69d620b1e0,62626,document_or_structured_evidence,.json
docs/generated/tensor_joint_r8/final/campaign/R8-19/photon_channel/attempt_0001/result.json,3a20ef1d49463c853045b05e6bc13236f4e194cb,3927,document_or_structured_evidence,.json
docs/generated/tensor_joint_r8/final/campaign/R8-19/photon_channel/attempt_0001/sky.json,805cf1b4b9753e383f73b9ad01ca4a9fbad92f18,2760,document_or_structured_evidence,.json
docs/generated/tensor_joint_r8/final/campaign/R8-19/photon_channel/latest.json,3a20ef1d49463c853045b05e6bc13236f4e194cb,3927,document_or_structured_evidence,.json
docs/generated/tensor_joint_r8/final/campaign/R8-19/record_radiation_jet_unavailable/attempt_0001/r3_jet_unavailable.json,6d9aba1d735fe4b4f604bed932f2272a45216bfb,225,document_or_structured_evidence,.json
docs/generated/tensor_joint_r8/final/campaign/R8-19/record_radiation_jet_unavailable/attempt_0001/result.json,16eee518e9ef9aa2d933b3fa745407404a9580ac,1046,document_or_structured_evidence,.json
docs/generated/tensor_joint_r8/final/campaign/R8-19/record_radiation_jet_unavailable/latest.json,16eee518e9ef9aa2d933b3fa745407404a9580ac,1046,document_or_structured_evidence,.json
docs/generated/tensor_joint_r8/final/campaign/R8-20/external_channel_factory/attempt_0001/external_binding.json,7e256594098d57dbafa24d7c382191dba825a9e2,423,document_or_structured_evidence,.json
docs/generated/tensor_joint_r8/final/campaign/R8-20/external_channel_factory/attempt_0001/result.json,f4b3d09303dae4ab97321013fcec31ce5f8b50a1,1368,document_or_structured_evidence,.json
docs/generated/tensor_joint_r8/final/campaign/R8-20/external_channel_factory/attempt_0002/external_binding.json,7e256594098d57dbafa24d7c382191dba825a9e2,423,document_or_structured_evidence,.json
docs/generated/tensor_joint_r8/final/campaign/R8-20/external_channel_factory/attempt_0002/result.json,d799ee0c9a9c1909e35278fa73fb419be879caef,1368,document_or_structured_evidence,.json
docs/generated/tensor_joint_r8/final/campaign/R8-20/external_channel_factory/latest.json,d799ee0c9a9c1909e35278fa73fb419be879caef,1368,document_or_structured_evidence,.json
docs/generated/tensor_joint_r8/final/campaign/R8-20/restricted_distance_factory/attempt_0001/distance_factory.json,5aeb6d1acaee6f4139eff3172dec9eb77f5a6dd9,540,document_or_structured_evidence,.json
docs/generated/tensor_joint_r8/final/campaign/R8-20/restricted_distance_factory/attempt_0001/result.json,c096a0a55eb44aad302690699d971d25f4064eb9,1780,document_or_structured_evidence,.json
docs/generated/tensor_joint_r8/final/campaign/R8-20/restricted_distance_factory/attempt_0002/distance_factory.json,5aeb6d1acaee6f4139eff3172dec9eb77f5a6dd9,540,document_or_structured_evidence,.json
docs/generated/tensor_joint_r8/final/campaign/R8-20/restricted_distance_factory/attempt_0002/result.json,2773959a007164d492e8b3fa9ad1ab2546981fe1,1780,document_or_structured_evidence,.json
docs/generated/tensor_joint_r8/final/campaign/R8-20/restricted_distance_factory/latest.json,2773959a007164d492e8b3fa9ad1ab2546981fe1,1780,document_or_structured_evidence,.json
docs/generated/tensor_joint_r8/final/campaign/R8-20/restricted_sky_factory/attempt_0001/result.json,83b371b0377818602a3cfd778c07f3728e41c5d3,1626,document_or_structured_evidence,.json
docs/generated/tensor_joint_r8/final/campaign/R8-20/restricted_sky_factory/attempt_0001/sky_factory.json,97fd04a7f02576fa10f2478241da4ecb36b69d50,401,document_or_structured_evidence,.json
docs/generated/tensor_joint_r8/final/campaign/R8-20/restricted_sky_factory/attempt_0002/result.json,7a3c9748a6292e9b268c69baa89ddb609327a0ba,1626,document_or_structured_evidence,.json
docs/generated/tensor_joint_r8/final/campaign/R8-20/restricted_sky_factory/attempt_0002/sky_factory.json,97fd04a7f02576fa10f2478241da4ecb36b69d50,401,document_or_structured_evidence,.json
docs/generated/tensor_joint_r8/final/campaign/R8-20/restricted_sky_factory/latest.json,7a3c9748a6292e9b268c69baa89ddb609327a0ba,1626,document_or_structured_evidence,.json
docs/generated/tensor_joint_r8/final/campaign/R8-21/p0_p1_comparison/attempt_0001/compressed_bao.json,74f8288f1c6d97ab815ac853aac8683bb936834f,752,document_or_structured_evidence,.json
docs/generated/tensor_joint_r8/final/campaign/R8-21/p0_p1_comparison/attempt_0001/p0_p1_comparison.json,ae3770f52951a32c85279af85359b1277cd0eb32,26210,document_or_structured_evidence,.json
docs/generated/tensor_joint_r8/final/campaign/R8-21/p0_p1_comparison/attempt_0001/result.json,f5636014811d355b15e7f9d961c083f624d436d4,29505,document_or_structured_evidence,.json
docs/generated/tensor_joint_r8/final/campaign/R8-21/p0_p1_comparison/attempt_0002/compressed_bao.json,74f8288f1c6d97ab815ac853aac8683bb936834f,752,document_or_structured_evidence,.json
docs/generated/tensor_joint_r8/final/campaign/R8-21/p0_p1_comparison/attempt_0002/p0_p1_comparison.json,ae3770f52951a32c85279af85359b1277cd0eb32,26210,document_or_structured_evidence,.json
docs/generated/tensor_joint_r8/final/campaign/R8-21/p0_p1_comparison/attempt_0002/result.json,515e2a69214be196f54087d3e12d27b9a649f425,29506,document_or_structured_evidence,.json
docs/generated/tensor_joint_r8/final/campaign/R8-21/p0_p1_comparison/latest.json,515e2a69214be196f54087d3e12d27b9a649f425,29506,document_or_structured_evidence,.json
docs/generated/tensor_joint_r8/final/campaign/R8-21/p2_distance_comparison/attempt_0001/result.json,eb435917a34af1894dce01d72fb442317473136c,557,document_or_structured_evidence,.json
docs/generated/tensor_joint_r8/final/campaign/R8-21/p2_distance_comparison/attempt_0002/result.json,13e648d98035cd0a39fe21e7d79c2bffc541d560,558,document_or_structured_evidence,.json
docs/generated/tensor_joint_r8/final/campaign/R8-21/p2_distance_comparison/latest.json,13e648d98035cd0a39fe21e7d79c2bffc541d560,558,document_or_structured_evidence,.json
docs/generated/tensor_joint_r8/final/campaign/R8-21/p2_sky_comparison/attempt_0001/result.json,a4d948253150ec2e47a5f65e9c44c8b42487ecfb,547,document_or_structured_evidence,.json
docs/generated/tensor_joint_r8/final/campaign/R8-21/p2_sky_comparison/attempt_0002/result.json,f0b0f948929a7f4c0591ede2321e48de82d66bb7,546,document_or_structured_evidence,.json
docs/generated/tensor_joint_r8/final/campaign/R8-21/p2_sky_comparison/latest.json,f0b0f948929a7f4c0591ede2321e48de82d66bb7,546,document_or_structured_evidence,.json
docs/generated/tensor_joint_r8/final/campaign/R8-21/p3_supported_comparison/attempt_0001/result.json,48fa9be18594f3a6ad85d73bb128c455dabb7679,556,document_or_structured_evidence,.json
docs/generated/tensor_joint_r8/final/campaign/R8-21/p3_supported_comparison/attempt_0002/result.json,138e29a84f898eeb57c84dc05daa26192dd952e3,555,document_or_structured_evidence,.json
docs/generated/tensor_joint_r8/final/campaign/R8-21/p3_supported_comparison/latest.json,138e29a84f898eeb57c84dc05daa26192dd952e3,555,document_or_structured_evidence,.json
docs/generated/tensor_joint_r8/final/campaign/R8-22/check_local_hook_context/attempt_0001/local_context.json,de5d8263871d0744cdecf1e515fd733802891e39,287,document_or_structured_evidence,.json
docs/generated/tensor_joint_r8/final/campaign/R8-22/check_local_hook_context/attempt_0001/result.json,ae166789216d115c67442f8dab5a301ef0b78956,1347,document_or_structured_evidence,.json
docs/generated/tensor_joint_r8/final/campaign/R8-22/check_local_hook_context/latest.json,ae166789216d115c67442f8dab5a301ef0b78956,1347,document_or_structured_evidence,.json
docs/generated/tensor_joint_r8/final/campaign/R8-23/receipt_synthesis/attempt_0001/result.json,9308c9d903f43e324b710f0032d61efd11b87257,1600077,document_or_structured_evidence,.json
docs/generated/tensor_joint_r8/final/campaign/R8-23/receipt_synthesis/attempt_0001/scientific_synthesis.json,f9619ac45e90c07529fd15fa8966c14c61ccf355,1485704,document_or_structured_evidence,.json
docs/generated/tensor_joint_r8/final/campaign/R8-23/receipt_synthesis/attempt_0002/result.json,2d599a32a4a5dc264dfb26ca1a76ff7c3da30cbc,1600832,document_or_structured_evidence,.json
docs/generated/tensor_joint_r8/final/campaign/R8-23/receipt_synthesis/attempt_0002/scientific_synthesis.json,de6e92a01bf8a6570bd05a551ec0e609ceea48a7,1486435,document_or_structured_evidence,.json
docs/generated/tensor_joint_r8/final/campaign/R8-23/receipt_synthesis/latest.json,2d599a32a4a5dc264dfb26ca1a76ff7c3da30cbc,1600832,document_or_structured_evidence,.json
docs/generated/tensor_joint_r8/final/campaign/summary.json,de39f550b154b0d5649693a809dfbab342a3f444,3275105,document_or_structured_evidence,.json
docs/generated/tensor_joint_r8/final/dry_plan.json,8ef7af2ba7788c71fd956e4a6b559c3efd188288,15768,document_or_structured_evidence,.json
docs/generated/tensor_joint_r8/final/figure_manifest.json,313356bcdbd471624be554bf5587d389d1dc411c,2118,document_or_structured_evidence,.json
docs/generated/tensor_joint_r8/final/mocks/mock5.json,ded19918bc60404c255dbe78ebba5090d145b411,3449,document_or_structured_evidence,.json
docs/generated/tensor_joint_r8/final/validation.json,381acb07223f0907e9f9d88f02380961c2b81d74,3070,document_or_structured_evidence,.json
docs/generated/tensor_joint_r8/hook/README.md,755c039e6bef160d78affa9b398656163a5bb32c,3440,document_or_structured_evidence,.md
docs/generated/tensor_joint_r8/jet_images/README.md,1f7e103baf4fa8625b9fd151d176e5ee7adc9da3,9432,document_or_structured_evidence,.md
docs/generated/tensor_joint_r8/jet_images/execution_20260912/execution.json,075683a318f0055a7c68d563164d2491f2166214,386,document_or_structured_evidence,.json
docs/generated/tensor_joint_r8/jet_images/execution_20260912/results.json,657910ac15cd070b067565e240925d5a3f9d88fa,274599,document_or_structured_evidence,.json
docs/generated/tensor_joint_r8/jet_images/validation.json,ca4918b4a8216c54ff22ddb0736619084a326149,1627,document_or_structured_evidence,.json
docs/generated/tensor_joint_r8/law_followup/initial_products.json,1c34986d8eec61dce9b98a1652ac6c91511d0152,2626,document_or_structured_evidence,.json
docs/generated/tensor_joint_r8/law_followup/mixture_diagnosis.json,8db22e1a25ad9f78ed91d4ff4666a54da38fc11f,1009,document_or_structured_evidence,.json
docs/generated/tensor_joint_r8/law_followup/products.json,6367034329a4a60deabe7c7a38a6cc4e4455c4da,10544,document_or_structured_evidence,.json
docs/generated/tensor_joint_r8/law_followup/union3_README.md,c1679bc28e419cd9cd351c3443b08fe4e5ad59bc,1825,document_or_structured_evidence,.md
docs/generated/tensor_joint_r8/law_followup/union3_source.json,a5c68f1d85d5c1d4eb41c1909294e5ef19856197,589,document_or_structured_evidence,.json
docs/generated/tensor_joint_r8/orbit_continuation/checkpoints/mock1_M1000_0.json,2ae7589a63d5085fe9f776c6db3b6276b6575d81,799998,document_or_structured_evidence,.json
docs/generated/tensor_joint_r8/orbit_continuation/checkpoints/mock1_M1000_1.json,56a22fc5a7d309fbb0209f85d1fd157374536af0,799497,document_or_structured_evidence,.json
docs/generated/tensor_joint_r8/orbit_continuation/checkpoints/mock1_M1000_2.json,e89831d03c719161a090b42f299762fb2ab0c4b1,797709,document_or_structured_evidence,.json
docs/generated/tensor_joint_r8/orbit_continuation/checkpoints/mock1_M1000_3.json,f59adca7703c0ee7a294433d688487823a6941d8,795133,document_or_structured_evidence,.json
docs/generated/tensor_joint_r8/orbit_continuation/checkpoints/mock1_M1000_4.json,fb74c26d23ace05dcd02fbab232e5a0767ab39eb,749728,document_or_structured_evidence,.json
docs/generated/tensor_joint_r8/orbit_continuation/checkpoints/mock1_M1000_5.json,393736db09bb0378d393888663e076f563c99fca,749568,document_or_structured_evidence,.json
docs/generated/tensor_joint_r8/orbit_continuation/checkpoints/mock1_M1000_6.json,76598ae721434023e6a69e0c7061dcd82889366b,744214,document_or_structured_evidence,.json
docs/generated/tensor_joint_r8/orbit_continuation/checkpoints/mock1_M1000_7.json,dbf133a9e307acf4c39042a55efdc33a4d3f5f78,739040,document_or_structured_evidence,.json
docs/generated/tensor_joint_r8/orbit_continuation/checkpoints/mock1_M1000_8.json,9e9f64f2f4b8cedff2884d589dcf2cd586f112d9,745872,document_or_structured_evidence,.json
docs/generated/tensor_joint_r8/orbit_continuation/checkpoints/mock1_M1000_9.json,659fa762a453b2d33f01af68851fe7ac28e20887,772799,document_or_structured_evidence,.json
docs/generated/tensor_joint_r8/orbit_continuation/checkpoints/mock1_M301_0.json,d21ba09cb5e21b52e4a45bd76e77f455c691a9dc,7746521,document_or_structured_evidence,.json
docs/generated/tensor_joint_r8/orbit_continuation/checkpoints/mock1_M301_1.json,9123ab89927628da4b130e68c5085015f75b1a1a,7691788,document_or_structured_evidence,.json
docs/generated/tensor_joint_r8/orbit_continuation/checkpoints/mock1_M301_2.json,6dd435abcf7e17b771a2263ade08b4759e163c08,7599397,document_or_structured_evidence,.json
docs/generated/tensor_joint_r8/orbit_continuation/checkpoints/mock1_M301_3.json,332753e2a4fec23619c7cde8bfd0e9d405933129,7589277,document_or_structured_evidence,.json
docs/generated/tensor_joint_r8/orbit_continuation/checkpoints/mock1_M301_4.json,3914870f65bf3099c61c935b40c6b55e30f4d866,7518003,document_or_structured_evidence,.json
docs/generated/tensor_joint_r8/orbit_continuation/checkpoints/mock1_M301_5.json,cce0ad998bc204ee1b4b9e4e8e8ca0eef49fd1cf,7659368,document_or_structured_evidence,.json
docs/generated/tensor_joint_r8/orbit_continuation/checkpoints/mock1_M301_6.json,6b1c6f9d60ba4dcedaf6437e3a230dc335a29d33,8047009,document_or_structured_evidence,.json
docs/generated/tensor_joint_r8/orbit_continuation/checkpoints/mock1_M301_7.json,126d8d8f7c3ce2d04f6a8e945836aa04fa6c52be,8045341,document_or_structured_evidence,.json
docs/generated/tensor_joint_r8/orbit_continuation/checkpoints/mock1_M301_8.json,8ee3997169d982416b8409dc3bca700c11605376,8018306,document_or_structured_evidence,.json
docs/generated/tensor_joint_r8/orbit_continuation/checkpoints/mock1_M301_9.json,54a950b49e3911d8a570dd252ad08d3868a1c784,8099072,document_or_structured_evidence,.json
docs/generated/tensor_joint_r8/orbit_continuation/checkpoints/mock1_M31_0.json,77fe526535df2abd8db20b88a331f52e2d9ec6fc,53418908,document_or_structured_evidence,.json
docs/generated/tensor_joint_r8/orbit_continuation/checkpoints/mock1_M31_1.json,0c43a608720ba2950d6d33e514887c0c598af0bb,53386562,document_or_structured_evidence,.json
docs/generated/tensor_joint_r8/orbit_continuation/checkpoints/mock1_M31_2.json,654e2b14c58da5e5c0a5eebd338961b0eedce303,53890864,document_or_structured_evidence,.json
docs/generated/tensor_joint_r8/orbit_continuation/checkpoints/mock1_M31_3.json,2e78bb70b2651d32b21bdecf638672d2d4fee12c,53803183,document_or_structured_evidence,.json
docs/generated/tensor_joint_r8/orbit_continuation/checkpoints/mock1_M31_4.json,987fd2384e1643c1f78281001cc0e51ffd1b7dcc,51712628,document_or_structured_evidence,.json
docs/generated/tensor_joint_r8/orbit_continuation/checkpoints/mock1_M31_5.json,2b7b81e5d17d7f1c5299d1c3949e77e7486d936e,51612214,document_or_structured_evidence,.json
docs/generated/tensor_joint_r8/orbit_continuation/checkpoints/mock1_M31_6.json,271940d73f8f288e6839beda6765ede8557f2f19,51814303,document_or_structured_evidence,.json
docs/generated/tensor_joint_r8/orbit_continuation/checkpoints/mock1_M31_7.json,1f1971c20294906cb4d39029e5315dab82e7ff7b,51169329,document_or_structured_evidence,.json
docs/generated/tensor_joint_r8/orbit_continuation/checkpoints/mock1_M31_8.json,20d1ee4d43a61e4f1b0f83d7662a0ff7c51e2ca1,51513382,document_or_structured_evidence,.json
docs/generated/tensor_joint_r8/orbit_continuation/checkpoints/mock1_M31_9.json,ba4c3398e8cddbb363753d75982e3f1cdde00e72,51729369,document_or_structured_evidence,.json
docs/generated/tensor_joint_r8/orbit_continuation/mock1_M1000_0.json,5640e69ebb32b2416bf5fa66915b96a7235e80ef,73174,document_or_structured_evidence,.json
docs/generated/tensor_joint_r8/orbit_continuation/mock1_M1000_1.json,da51d2771079cafdc452a922875825e7244194a0,73157,document_or_structured_evidence,.json
docs/generated/tensor_joint_r8/orbit_continuation/mock1_M1000_2.json,d888d1cf034b895ce80875170da3b7edbd0e2aa7,73159,document_or_structured_evidence,.json
docs/generated/tensor_joint_r8/orbit_continuation/mock1_M1000_3.json,7b1e101cafe05f3943d31dc464904a87c783074f,73137,document_or_structured_evidence,.json
docs/generated/tensor_joint_r8/orbit_continuation/mock1_M1000_4.json,b7e92564ad257ba975830a179b40b75d0a253972,73162,document_or_structured_evidence,.json
docs/generated/tensor_joint_r8/orbit_continuation/mock1_M1000_5.json,12eaced9883dbc45b6614ac5fe1140b70587fc81,73199,document_or_structured_evidence,.json
docs/generated/tensor_joint_r8/orbit_continuation/mock1_M1000_6.json,d0906d9dd159a6d9aa308c7cb8f3ca0e37a20ead,73191,document_or_structured_evidence,.json
docs/generated/tensor_joint_r8/orbit_continuation/mock1_M1000_7.json,75002b1b32e9f63caeb58658f1af21cc1d3d5ad1,73154,document_or_structured_evidence,.json
docs/generated/tensor_joint_r8/orbit_continuation/mock1_M1000_8.json,67dcbdfc09340cc8e4133af5a86bde72de9e73db,73177,document_or_structured_evidence,.json
docs/generated/tensor_joint_r8/orbit_continuation/mock1_M1000_9.json,97209ede9374146e5846a630ee9dc58521686f44,73134,document_or_structured_evidence,.json
docs/generated/tensor_joint_r8/orbit_continuation/mock1_M301_0.json,67e47ee0757787f22ef975d17b3b4ece8bffc2f2,23100,document_or_structured_evidence,.json
docs/generated/tensor_joint_r8/orbit_continuation/mock1_M301_1.json,d35d6094e8845fe507f3e93bf17369249c4f866a,23111,document_or_structured_evidence,.json
docs/generated/tensor_joint_r8/orbit_continuation/mock1_M301_2.json,33e69b1c0e2e1426e60dd289b09909e2a55cd53f,23149,document_or_structured_evidence,.json
docs/generated/tensor_joint_r8/orbit_continuation/mock1_M301_3.json,980806e46245eacea700492436268ceda104a561,23116,document_or_structured_evidence,.json
docs/generated/tensor_joint_r8/orbit_continuation/mock1_M301_4.json,e7f298ae7454a3febef90a47c17ec4033129817c,23124,document_or_structured_evidence,.json
docs/generated/tensor_joint_r8/orbit_continuation/mock1_M301_5.json,4b0e3be90bce24c1afe5f75bd0825552a3cbd1b4,23125,document_or_structured_evidence,.json
docs/generated/tensor_joint_r8/orbit_continuation/mock1_M301_6.json,0551e261fd0e7b31507d4c6e9952f8a46e2f94fa,23128,document_or_structured_evidence,.json
docs/generated/tensor_joint_r8/orbit_continuation/mock1_M301_7.json,526d90ce65698297ef960388d48215d409383bfb,23140,document_or_structured_evidence,.json
docs/generated/tensor_joint_r8/orbit_continuation/mock1_M301_8.json,c79c809575ae8a66a907fa2f79ba9d1afd6209ff,23117,document_or_structured_evidence,.json
docs/generated/tensor_joint_r8/orbit_continuation/mock1_M301_9.json,b2883d62feb9601611ac5ee171a528f9872c7b41,23119,document_or_structured_evidence,.json
docs/generated/tensor_joint_r8/orbit_continuation/mock1_M31_0.json,c9380085566088fd331be2f0708826b8eb0de3f4,3861,document_or_structured_evidence,.json
docs/generated/tensor_joint_r8/orbit_continuation/mock1_M31_1.json,1bbcdcc299e52e3d322d2c3a38f7efc7b552c6b6,3870,document_or_structured_evidence,.json
docs/generated/tensor_joint_r8/orbit_continuation/mock1_M31_2.json,f718dca613f013c3881f43c39bac0b9575e4187b,3875,document_or_structured_evidence,.json
docs/generated/tensor_joint_r8/orbit_continuation/mock1_M31_3.json,d80895e980c9057cf7040db5554556d18a7f28a7,3872,document_or_structured_evidence,.json
docs/generated/tensor_joint_r8/orbit_continuation/mock1_M31_4.json,b3fb0e694f9d30291ce9396bdca238143cf1963e,3874,document_or_structured_evidence,.json
docs/generated/tensor_joint_r8/orbit_continuation/mock1_M31_5.json,6d49551349351c59e312d2ab2e774c942f54a656,3860,document_or_structured_evidence,.json
docs/generated/tensor_joint_r8/orbit_continuation/mock1_M31_6.json,4a4492775ec0062920c7d863d43d6ef2134e1007,3863,document_or_structured_evidence,.json
docs/generated/tensor_joint_r8/orbit_continuation/mock1_M31_7.json,53416819a81e443279edd5cf0adc701870396444,3863,document_or_structured_evidence,.json
docs/generated/tensor_joint_r8/orbit_continuation/mock1_M31_8.json,015ad018777ee5b1b0c1f93147e828f6c2dfaf88,3869,document_or_structured_evidence,.json
docs/generated/tensor_joint_r8/orbit_continuation/mock1_M31_9.json,d1fbfc33bfc6fecd7e59c3fbfe678e9f34b40e59,3869,document_or_structured_evidence,.json
docs/generated/tensor_joint_r8/orbit_continuation/summary.json,c102074f2d5b9a5ae689014e82f011a143fd2018,1221379,document_or_structured_evidence,.json
docs/generated/tensor_joint_r8/owned_controls/README.md,f948e6ffde42d9c4118258bea02918477ce31077,7072,document_or_structured_evidence,.md
docs/generated/tensor_joint_r8/owned_controls/cmb/cmb.json,1ce3e6212953d33fa82c74320ec05d26e207f92d,32202,document_or_structured_evidence,.json
docs/generated/tensor_joint_r8/owned_controls/cmb/figures.json,43b1b9c9fb334a75e710b589272f4bbaccaa685e,991,document_or_structured_evidence,.json
docs/generated/tensor_joint_r8/owned_controls/execution/fields.json,bb5022ee01db58ad2eca80ee2d85a11f7fa8df13,19132,document_or_structured_evidence,.json
docs/generated/tensor_joint_r8/owned_controls/execution/figures.json,917f30a1a65ad25e9ff0480cc483260df40f6210,1098,document_or_structured_evidence,.json
docs/generated/tensor_joint_r8/representations/README.md,397eae39c77b2caec98c2d5e6caeac0db6990ec1,7871,document_or_structured_evidence,.md
docs/generated/tensor_joint_r8/representations/execution_after_symmetry/figure.json,af6adfec19bd0b768e1fdd3b7daa301e26849f15,855,document_or_structured_evidence,.json
docs/generated/tensor_joint_r8/representations/execution_after_symmetry/mock2.json,eb8f8b6bd4069de514c95ba95e28f08ac30be73d,304334,document_or_structured_evidence,.json
docs/generated/tensor_joint_r8/representations/execution_after_symmetry/observed_components.json,6d5cdddeed153acb46c661461c71b0160a8abee6,32918,document_or_structured_evidence,.json
docs/generated/tensor_joint_r8/restricted_history/results.json,23306d2b8130507e6909c97a828bdc9d635972aa,571130,document_or_structured_evidence,.json
docs/generated/test_command_matrix.md,a82f8592e72a8ec86ae005c3759f53d5f1dffaf6,5235,document_or_structured_evidence,.md
docs/generated/theorem_extension_registry.json,7f7b82340327e3ef8cef609330a5406bffd74adb,17000,document_or_structured_evidence,.json
docs/generated/theorem_extension_registry.md,3645cdaa35e229358c4d5b2fd56c3c66f1b75e4e,5658,document_or_structured_evidence,.md
docs/generated/theorem_to_test_map_legacy_tsc.json,461eb966cdfcf2535f3b6f750db2d9c129151e6d,28713,document_or_structured_evidence,.json
docs/generated/transfer_sensitivity_report.md,9161c7ec132b5491aff0e0b08a4295faf4b3016b,6671,document_or_structured_evidence,.md
docs/generated/unification_schema_seal.json,8bde829509b62f365acb6b70d852c09e455e9491,3702,document_or_structured_evidence,.json
docs/generated/v10_report_figure_manifest.json,451ef8b38ffb35491f90f98b58c9919119450ed4,3079,document_or_structured_evidence,.json
docs/generated/v6_approval_compact_download_inventory.json,45470131bdd3b70629e6ef44f5d3e51a6e8b749a,20111,document_or_structured_evidence,.json
docs/generated/v6_approval_compact_download_inventory.md,35b4633fe4092c2b86fe84d36af4ce8ac81aee58,960,document_or_structured_evidence,.md
docs/generated/v6_compact_data_analysis.json,2c1ffb4bd62fad8aa7d5954e896a0854b8087649,97282,document_or_structured_evidence,.json
docs/generated/v6_compact_data_analysis.md,b49d54a889aedcdacaed36e1dd129e1a585e28a2,3929,document_or_structured_evidence,.md
docs/generated/v6_existing_compact_download_inventory.json,db9e1735a2d4fea30ad8646fa905811b1b246ee3,28511,document_or_structured_evidence,.json
docs/generated/v6_existing_compact_download_inventory.md,9964b58102562483acf543f19fb63ac251faafd5,3850,document_or_structured_evidence,.md
docs/generated/v6_k5_k6_user_commands.json,150372b39ed9ff30ef19bf447b4c214d5d1172b1,2631,document_or_structured_evidence,.json
docs/generated/v6_k5_k6_user_commands.md,25f9e5bd170dec8065ea553f2c02cfa018ef6030,1328,document_or_structured_evidence,.md
docs/generated/v6_legacy_figure_classification.json,568cfd068e0e4dbead8bd1d0bc47168fb6f21c71,87504,document_or_structured_evidence,.json
docs/generated/v6_legacy_figure_classification.md,8aa77e4e386de9a6fabbc8647981fab79f1d8d4f,19163,document_or_structured_evidence,.md
docs/generated/v6_no_download_figure_pack.json,a33573e013ab1890223a0186ec9fccc2a7f2ab98,4223,document_or_structured_evidence,.json
docs/generated/v6_no_download_figure_pack.md,9cea39edd81d89f4533c6453ecdf4198d32da4ab,1954,document_or_structured_evidence,.md
docs/generated/v6_no_download_quarantine_check.md,9a2621f63931e311d59350e3e4d5c891f3238e2f,3668,document_or_structured_evidence,.md
docs/generated/v6_no_download_research_cards.json,a9ab21e8a7838f629a1d20ed7f1a1693d34d0c36,21925,document_or_structured_evidence,.json
docs/generated/v6_no_download_research_cards.md,1b274b1cf525ac5d7b7552bcc8a891e064e89dae,4131,document_or_structured_evidence,.md
docs/generated/v6_novel_data_analysis_plot_opportunities.md,3ebcdf304ed14466a0bb7529f3c0c8c7dba061cd,11043,document_or_structured_evidence,.md
docs/generated/v7_external_audit_synthesis_matrix.json,1c0213d9425778331dce82d6f09f20a2d15e87fe,10636,document_or_structured_evidence,.json
docs/generated/v7_external_audit_synthesis_matrix.md,3dc3d72dbaef5f5a57530aa4d6a66b0de64eaf98,3244,document_or_structured_evidence,.md
docs/generated/v7_fortification_witnesses.json,d0a90e4b792b38628b1b73735f2fba29c5870b3c,6620,document_or_structured_evidence,.json
docs/generated/v7_fortification_witnesses.md,453d536aaa65a685f16d1ea96f3822d12efe7b16,1058,document_or_structured_evidence,.md
docs/generated/v7_paper_a_revision_packet.json,9ca93fb2a3e1b3bcbdcaa741374b561eda91adf5,5405,document_or_structured_evidence,.json
docs/generated/v7_paper_a_revision_packet.md,3de7c6d1625ff9fc01f2f46acf8f3a5385abd927,2051,document_or_structured_evidence,.md
docs/generated/v7_paper_a_skeleton.tex,0e55fd645503c4465cf83a88e3f38948a1464835,1365,document_or_structured_evidence,.tex
docs/generated/v8_adversarial_verification.json,7c179161c93b40fcf6dec7c43b5e0e8257321e28,4745,document_or_structured_evidence,.json
docs/generated/v8_update_adversarial_verification.json,8070b85e1b4ca8a05fce83341b55ac8c409e073c,5638,document_or_structured_evidence,.json
docs/generated/v9_adversarial_verification.json,a896d5aa27f504bac7a8e95e25aa7e9c3ad6fd64,2166,document_or_structured_evidence,.json
docs/generated/volterra_hz_seal.json,9128e70951e1a3fb4045534c1d4e4ae0d634c461,1226,document_or_structured_evidence,.json
docs/generated/wave19_data_readiness.json,af6fc58e3e592c7396a44d1a2008628682bf04f1,7436,document_or_structured_evidence,.json
docs/git_history/README.md,bab233f85bce20ff8a15933fc1812aa7a1ce2ba1,2305,document_or_structured_evidence,.md
docs/git_history/strip_paths_20260717.txt,7b6dbd9f26a9916b32d83c575a073f94f149e606,2121,document_or_structured_evidence,.txt
docs/harness/BLOCKERS.md,f5a16e5e247321a707107bcb03bb27d31dec0728,16470,document_or_structured_evidence,.md
docs/harness/CLAIM_LEDGER.md,efe720d30d7190faa0c2debef5d1979b4b9f327f,22914,document_or_structured_evidence,.md
docs/harness/DECISION_LOG.md,afb1c311e544b80a6e6d33cbdb35386cc55bce5f,37675,document_or_structured_evidence,.md
docs/harness/DEPRECATED_IDEAS.md,ca26ed27e3cb4253621ebe5ddda93a263cef660f,636,document_or_structured_evidence,.md
docs/harness/NEXT_SESSION_PROMPT.md,6af76b75e9c5a7bfeeaf1ea87685d09c448ecbb5,5007,document_or_structured_evidence,.md
docs/harness/PROJECT_STATE.md,bfd516e245c4f2b55508a7bb89310e72c663d75f,28060,document_or_structured_evidence,.md
docs/harness/PR_PROGRESS.md,f1409557c14ff95c0bcf0948b5c7f9fc13c8f111,8827,document_or_structured_evidence,.md
docs/harness/VALIDATION_LEDGER.md,3d67835c0f5682fe619fdc24716efab177b1d015,247096,document_or_structured_evidence,.md
docs/lowell_bianchi/00_conventions.md,7581b999db8446e78c52e521d953d09e13a59f40,24066,document_or_structured_evidence,.md
docs/lowell_bianchi/01_species_background_spec.md,6171987b183a84c8e44da9132b453f50fe4b462e,30187,document_or_structured_evidence,.md
docs/lowell_bianchi/02_multipole_hierarchy_spec.md,590c2c5fea3731d5dddc65b2cebcdb66550fd02f,29605,document_or_structured_evidence,.md
docs/lowell_bianchi/03_closure_truncation_spec.md,653750b1a0ec5539ec996bd9ad8bd5e9cab86180,20924,document_or_structured_evidence,.md
docs/lowell_bianchi/04_thomson_collision_spec.md,437a1e6f2992e36c0c8719735c577fa9b5d26a3a,24405,document_or_structured_evidence,.md
docs/lowell_bianchi/05_integrator_spec.md,7424d24d6b1f632c40939e8a5e2a12cf6941f697,24086,document_or_structured_evidence,.md
docs/lowell_bianchi/06_integration_tests_spec.md,fbc081e16e6c916994059a6f00627b6581cf352a,16626,document_or_structured_evidence,.md
docs/lowell_bianchi/FULL_BIANCHI_COVERAGE_PLAN.md,38849049c31989a84648c8635c847d9b589b5442,24924,document_or_structured_evidence,.md
docs/lowell_bianchi/NEXT_SESSION_PROMPT.md,c604c7c40af3ae78bf2f39a475935ff0d364072b,88991,document_or_structured_evidence,.md
docs/lowell_bianchi/README.md,87ee0d88194b40c038939382a5afb9a1e4e56f65,13224,document_or_structured_evidence,.md
docs/lowell_bianchi/extended_coverage/DEVELOPMENT_LOG_FB3_TO_FB7.md,3bcf8f1c7da9add5c2db81c337bd3c54eccddeda,50926,document_or_structured_evidence,.md
docs/lowell_bianchi/extended_coverage/DEVELOPMENT_LOG_FB8_ONWARD.md,4369801a4638f5aad2d6d01df287b5de690f60c4,38715,document_or_structured_evidence,.md
docs/lowell_bianchi/extended_coverage/EXTENDED_COVERAGE_PLAN_FB8_FB9_FB11.md,747fe10915104e18f389a368418276528e3d08fa,11648,document_or_structured_evidence,.md
docs/lowell_bianchi/extended_coverage/FB11_INFERENCE_DRIVER_SDD.md,f526ffa90b85e9fef7dc9b2ef28afd2de46f8a47,14474,document_or_structured_evidence,.md
docs/lowell_bianchi/extended_coverage/FB8_DISCRIMINATOR_SDD.md,464600a53f5e1063da6325e9332238572059e12e,15299,document_or_structured_evidence,.md
docs/lowell_bianchi/extended_coverage/FB9_MASSIVE_NEUTRINO_SDD.md,23578f6e04423e09541710e16329c7aa5f6d34d3,11597,document_or_structured_evidence,.md
docs/lowell_bianchi/extended_coverage/INDEX.md,63c5ea84a2e982869e540aa09b396fb302031601,7039,document_or_structured_evidence,.md
docs/lowell_bianchi/extended_coverage/PROJECT_MEMORY_EXPLICIT.md,988f2385892d5c653046d455b582da6eecd7f09b,9517,document_or_structured_evidence,.md
docs/lowell_bianchi/extended_coverage/SCOPE_DECISIONS.md,e752c44b361e422e89e570a983a6076b9d72a9d5,7407,document_or_structured_evidence,.md
docs/lowell_bianchi/extended_coverage/SELF_AUDIT_AUTOMATION.md,bb4f7d371a0db080e301c3648c16e2b6249b8aa2,11112,document_or_structured_evidence,.md
docs/lowell_bianchi_solver_reference.md,9371ae539f866c77afce3029325703c984dff2b7,25548,document_or_structured_evidence,.md
docs/lowell_bianchi_solver_reference_PR_WBS.md,9132c7899d59aa0757a4a70a07d84da1f93bb84c,24557,document_or_structured_evidence,.md
docs/manuscript/appendices.tex,7a1a4879b7653a656ee0f3afc16cca1076607677,19477,document_or_structured_evidence,.tex
docs/manuscript/ch01_introduction.tex,da935a699d9c60f605b5a8195ac120b68194fbe6,18115,document_or_structured_evidence,.tex
docs/manuscript/ch02_dipole_anomaly.tex,f82e0cca988775ecf118371620203f672ac63668,22830,document_or_structured_evidence,.tex
docs/manuscript/ch03_framework.tex,84affbbad5d902b504dae6662f4570a6dec969dc,142354,document_or_structured_evidence,.tex
docs/manuscript/ch04_bianchi_bounds.tex,248c5b28ce3a844337c1974b5d124ab8ecc55131,49998,document_or_structured_evidence,.tex
docs/manuscript/ch05_teff_corrections.tex,9ba51b36790599cd1f0012fb8d10eabcaeef2f74,99447,document_or_structured_evidence,.tex
docs/manuscript/ch06_pipeline.tex,ff52ba3e90044d04ab0bbadb39b7f388b3ca432c,38364,document_or_structured_evidence,.tex
docs/manuscript/ch07_results.tex,5894eca13c7cfc06ad87de0e2f3509905fc6f9ed,76718,document_or_structured_evidence,.tex
docs/manuscript/ch08_robustness.tex,2d2a54fee0fa948f20cd9dbb7bf541437abc8346,54090,document_or_structured_evidence,.tex
docs/manuscript/ch09_discussion.tex,711c51fe254b4ed8a5dcfe0d054dffc7d43a5dc8,91070,document_or_structured_evidence,.tex
docs/manuscript/ch10_future.tex,b28fea7a81520da19713224b0d714e5f9af31546,47369,document_or_structured_evidence,.tex
docs/manuscript/ch11_error_hierarchy.tex,601db1dc0e3f19655abdd6bfe3c1077cdd146071,25646,document_or_structured_evidence,.tex
docs/manuscript/generated/conditioned_legacy_figure_gallery.tex,57b9ba403c1eb05cbe506d2f244f5e28b6daf70e,47611,document_or_structured_evidence,.tex
docs/manuscript/generated/current_figures_framework.tex,7a0d67b4b7903f8bfd48e548cb3948fc3e45e4ce,861,document_or_structured_evidence,.tex
docs/manuscript/generated/current_figures_governance.tex,ead093fda6191990f24b5ff0be9ebe131b5b820b,490,document_or_structured_evidence,.tex
docs/manuscript/generated/current_figures_pipeline.tex,c6154f45f0c0416a617961b352fa69e80eda119d,965,document_or_structured_evidence,.tex
docs/manuscript/generated/current_figures_results.tex,28a0df5efe41b598dc0235b93c63a3835d7a57dd,2914,document_or_structured_evidence,.tex
docs/manuscript/generated/current_figures_ver2_exports.tex,3089aeef76060f46435d3f6f98cb862af1773c5b,2411,document_or_structured_evidence,.tex
docs/manuscript/generated/formalism_methods_claim_ladder.tex,8f7057add742382f5b2b7957e864204f1e150697,4751,document_or_structured_evidence,.tex
docs/manuscript/generated/observed_figures_pipeline.tex,c335d14fcf42021dd3e87047d9d5afc5bd48625d,1970,document_or_structured_evidence,.tex
docs/manuscript/generated/observed_figures_results.tex,ddb8b74f1adcae97623c1979eaf5cf9ffea3b9fc,2496,document_or_structured_evidence,.tex
docs/manuscript/generated/revision_diagnostic_appendix_figures.tex,69bdbc3df74a13471cbb0f11d40f6aa39c8e0680,2249,document_or_structured_evidence,.tex
docs/manuscript/generated/revision_diagnostic_main_figure.tex,d951067e97e3339f81502f077358f5d6fe249ceb,234,document_or_structured_evidence,.tex
docs/manuscript/generated/theorem_extension_appendix_figures.tex,62e3d41fa058348d864df9420e43c5950c66c9d2,2394,document_or_structured_evidence,.tex
docs/manuscript/generated/ver2_artifact_export_policy.tex,1717c9e96896c5e666d22e75cdc068e25a7bbb0d,1359,document_or_structured_evidence,.tex
docs/manuscript/generated/ver2_channel_responsibility.tex,d2bfc96a63d243cbeb3a1ceb14a9f8b45c651335,434,document_or_structured_evidence,.tex
docs/manuscript/generated/ver2_claim_ledger.tex,a93fa3382bcbd86c39038de852fc74e8c66cb7cd,225,document_or_structured_evidence,.tex
docs/manuscript/generated/ver2_figure_manifest_status.tex,62451aaed3c62d422149c95349d9446270056379,902,document_or_structured_evidence,.tex
docs/manuscript/generated/ver2_result_pack_summary.tex,1a14412c34d8afccd0dadbe8f4a8360e66fa00ae,1243,document_or_structured_evidence,.tex
docs/manuscript/generated/ver2_source_vs_propagation.tex,f4a044af721d44f849f85873dfb2a8ab6e9c2b8c,331,document_or_structured_evidence,.tex
docs/manuscript/generated/ver2_status_snapshot.tex,477373579feccaecdfcaf914425247496eea2949,489,document_or_structured_evidence,.tex
docs/manuscript/generated/ver2_titlepage_status.tex,4d1620e5c59d7704972c4b0170121d5694cd3395,315,document_or_structured_evidence,.tex
docs/manuscript/generated/ver2_tsc_scope_boundary.tex,c73d71cc6d225bbeedc16d65ad827c58e7eb325c,345,document_or_structured_evidence,.tex
docs/manuscript/generated/ver2_validation_status.tex,2ec79af1f63d67e7fa93a3e8e0009c2dd15170ab,442,document_or_structured_evidence,.tex
docs/manuscript/main.tex,083d31d52d4a65f46ebc715d4f5e9e1e678ea71d,9697,document_or_structured_evidence,.tex
docs/manuscript/references.bib,67dd38199477496464052a1eea4a426623e933b8,28152,document_or_structured_evidence,.bib
docs/packets/PATCH_PACKET.md,4bc0733a67b479a0d7b3b55cb001c4d57b268138,7965,document_or_structured_evidence,.md
docs/packets/WEEK10_01_PACKET.md,c473af732181fa0dcd68fc6c3e69b5326b8e3907,10663,document_or_structured_evidence,.md
docs/packets/WEEK3_DAY1_MERGED_PACKET.md,8c7840c6401e1ec6098e533d58be6434e865716c,14027,document_or_structured_evidence,.md
docs/packets/WEEK3_DAY1_PACKET.md,60a0a1f229a11babf6351dd16a48e49be4702e9f,13971,document_or_structured_evidence,.md
docs/packets/WEEK3_DAY2_MERGED_PACKET.md,01a64d66faee7435447ff52ce8f916e3d3354aed,11671,document_or_structured_evidence,.md
docs/packets/WEEK3_DAY3_MERGED_PACKET.md,dc8464dbc2a3a7ff577cc4eb0ea10300cd9dc063,11821,document_or_structured_evidence,.md
docs/packets/WEEK3_DAY4_MERGED_PACKET.md,d0c17d9565ff9e5de75522ed3f74670d6a2bee28,13881,document_or_structured_evidence,.md
docs/packets/WEEK3_DAY5a_MERGED_PACKET.md,9b62c7321f32070c419980cea49daa1ad18d025e,10224,document_or_structured_evidence,.md
docs/packets/WEEK3_DAY5b_MERGED_PACKET.md,2ba321aeeb3a8439b56d85701d85affea29169e7,13958,document_or_structured_evidence,.md
docs/packets/WEEK4_DAY1_PACKET.md,9893fb112eb77264f30d353c82ac6f71573ac76d,12510,document_or_structured_evidence,.md
docs/packets/WEEK4_DAY2_PACKET.md,218f0188ee9642ca763e4a6ee95823fb7ca261cd,11196,document_or_structured_evidence,.md
docs/packets/WEEK4_DAY3_PACKET.md,e1c6c956380436fdcf9b46b49158a18c2dcd1310,12519,document_or_structured_evidence,.md
docs/packets/WEEK4_DAY4_PACKET.md,caaec466eba3102adcbd56e0ab3c819d6a784dac,12167,document_or_structured_evidence,.md
docs/packets/WEEK4_DAY5_PACKET.md,f949c3b2f73e4894c016271722d91f4f0e648907,14311,document_or_structured_evidence,.md
docs/packets/WEEK5A_DAY1_PACKET.md,585c296bd5cb832ffbde3938a41721e7adebb8f4,11427,document_or_structured_evidence,.md
docs/packets/WEEK5_A_PACKET.md,9d7c59c0c9ea3cfe3790f6a78698e96ee2ce16f5,13286,document_or_structured_evidence,.md
docs/packets/WEEK5_B_PACKET.md,93ed9fb059a62e68484dac2ca06e345e5a528bb6,13554,document_or_structured_evidence,.md
docs/packets/WEEK5_C_PACKET.md,10bdae739c9856a559b98325857e88b93b10599a,16731,document_or_structured_evidence,.md
docs/packets/WEEK6_01_PACKET.md,8b503d69c108b92bf733483a6ac6c1648fbba8d7,9411,document_or_structured_evidence,.md
docs/packets/WEEK6_02_PACKET.md,e8b7ed8f244e9d35713b9ded2a0d9f51ff90d3e7,9409,document_or_structured_evidence,.md
docs/packets/WEEK6_03_PACKET.md,bcfde4711e00c84f695d04a0749f80131838754a,8356,document_or_structured_evidence,.md
docs/packets/WEEK6_04_PACKET.md,0485817f4bb0054971a25e1b1a129e6cd72bd438,9580,document_or_structured_evidence,.md
docs/packets/WEEK7_01_PACKET.md,129cd7f75b783941d478144c85483eb232c89f03,9322,document_or_structured_evidence,.md
docs/packets/WEEK7_02_PACKET.md,b9400a1c7c601bb4d75ab4eaef3f6441a94b895a,9148,document_or_structured_evidence,.md
docs/packets/WEEK8_01_PACKET.md,9608cbe99e51310b2256efd997e552fda0145797,9241,document_or_structured_evidence,.md
docs/packets/WEEK8_02_PACKET.md,bfeb9798958595dd11f85148fffca7d421061068,9751,document_or_structured_evidence,.md
docs/packets/WEEK8_03_PACKET.md,f0a1e98824533ebf7eb9a84cca7e08871cbb56f2,15659,document_or_structured_evidence,.md
docs/packets/WEEK9_01_PACKET.md,2f439a281da9528a51a5c4aa549193bffba1c3d5,15307,document_or_structured_evidence,.md
docs/packets/WEEK9_02_PACKET.md,05c313664405fcb9ab972822b6957ca0beaa1336,11287,document_or_structured_evidence,.md
docs/project_catalog/ARCHITECTURE.md,df47323c76b30263b5ab49ed590af44a69a8ed62,6006,document_or_structured_evidence,.md
docs/project_catalog/CAPABILITIES.md,3f3a7fe7d3cbb39f0c8510ac94c8d2c34dd092e9,21368,document_or_structured_evidence,.md
docs/project_catalog/COVERAGE.md,ab8b4c431cf92654dc80212c3058769192fc0beb,15051,document_or_structured_evidence,.md
docs/project_catalog/EXECUTION.md,1ea021e260f80b062cdc07f09579f3c6e45defa8,6002,document_or_structured_evidence,.md
docs/project_catalog/LISTS.md,df10d0f28527ab06204a26f9fa9771e2588c3bfd,3166,document_or_structured_evidence,.md
docs/project_catalog/PORTS_AND_UPDATES.md,3dbc980a76b233484c6385e43cc3abcf698f10f0,4738,document_or_structured_evidence,.md
docs/project_catalog/PROPOSITIONS.md,2b93f96bb11092ced59299ad9fb4328683d7b036,1892,document_or_structured_evidence,.md
docs/project_catalog/PUBLICATION_RECEIPT.json,cd17e781eafa02834f64a637c46019532c19074b,2134,document_or_structured_evidence,.json
docs/project_catalog/README.md,e4f8615e249b773e4c8c3d6cfdb70311202cbef4,9105,document_or_structured_evidence,.md
docs/project_catalog/REVIEW.md,3f95da851bb107cc9d658e76e7dc099c6d33126a,3989,document_or_structured_evidence,.md
docs/project_catalog/SEMANTIC_DEDUP_NOTES.md,a8237fba28c383fd12b3a43ceb867910c2960545,2652,document_or_structured_evidence,.md
docs/project_catalog/SPEC.md,e2698afa300bc84546b058cc9672e0169de8c38b,1250,document_or_structured_evidence,.md
docs/project_catalog/checks.json,00e7dc9f09523c983a25ae6205f3f8ecfb1254a0,3164,document_or_structured_evidence,.json
docs/project_catalog/coverage_gaps.csv,d0b4347935e3e5879b1f7ce14638df2fedba821e,84989,document_or_structured_evidence,.csv
docs/project_catalog/curation.json,183bd7a761ddcd084c1f615645132c8914ad8d3a,25158,document_or_structured_evidence,.json
docs/project_catalog/database/manifest.json,afe0f4df7a841d229e9ffdd8d9afefee5c480eca,9577,document_or_structured_evidence,.json
docs/project_catalog/incremental_check.json,081bc96d4a564b1af6b9d1bb84f2bbb41d508b4a,268,document_or_structured_evidence,.json
docs/project_catalog/lists/analysis-001.md,07daa56da3d8f2fc44276fd6d3ab5927615258a3,32493,document_or_structured_evidence,.md
docs/project_catalog/lists/analysis-002.md,fc00ec15ee4478019c3c70795bf6c4950cbffb32,26762,document_or_structured_evidence,.md
docs/project_catalog/lists/analysis-003.md,885f76e9ef42cc5cc3b67b131c13832c0cd172c7,28648,document_or_structured_evidence,.md
docs/project_catalog/lists/analysis-004.md,10c0c4c103830b1864d8e16bba7e43b34f2a76e3,16059,document_or_structured_evidence,.md
docs/project_catalog/lists/feature-001.md,9de82cd144ca3a79bc229c0968413e8c0c578102,30497,document_or_structured_evidence,.md
docs/project_catalog/lists/feature-002.md,7744b1cbdfdaa85fdf585beb52e6c4091107af17,32890,document_or_structured_evidence,.md
docs/project_catalog/lists/feature-003.md,5b0fcdec84ca562692d6babc9cb41ae17230e7b0,27922,document_or_structured_evidence,.md
docs/project_catalog/lists/feature-004.md,975c36dd222489ba5e14401be6916cc661936ac2,26503,document_or_structured_evidence,.md
docs/project_catalog/lists/feature-005.md,16d6817b57acef24e3d0249a6cd7c78f79c7ea11,26940,document_or_structured_evidence,.md
docs/project_catalog/lists/feature-006.md,eddba0c958e9915ec91b61e0d49624067f071067,27338,document_or_structured_evidence,.md
docs/project_catalog/lists/feature-007.md,8eee15170efae8165c45405017fc0ce20d921d38,26532,document_or_structured_evidence,.md
docs/project_catalog/lists/feature-008.md,77424923f08498c77d84a4bcce7d54aa72d4e8a0,26403,document_or_structured_evidence,.md
docs/project_catalog/lists/feature-009.md,8f219e4584f0f686cf45870d8a08a3d1eeef43f5,25985,document_or_structured_evidence,.md
docs/project_catalog/lists/feature-010.md,c893f625be980c96bbdd9a5ac5b873e87d4fd06b,25890,document_or_structured_evidence,.md
docs/project_catalog/lists/feature-011.md,1be0439ff8cca19c6216621495a0adbe097c6bea,25482,document_or_structured_evidence,.md
docs/project_catalog/lists/feature-012.md,2224a694af8e2a9957ce5850840d539b8847d228,26094,document_or_structured_evidence,.md
docs/project_catalog/lists/feature-013.md,73b73fca848a9a99e94c895e5e1cc2d4c875c399,26107,document_or_structured_evidence,.md
docs/project_catalog/lists/feature-014.md,8fdd341b21b293cbb2b3f9bc74c93dcc12041220,25361,document_or_structured_evidence,.md
docs/project_catalog/lists/feature-015.md,f36c32a80d4183f08d2578b508d7ed47e35d5895,27256,document_or_structured_evidence,.md
docs/project_catalog/lists/feature-016.md,f898b56a328d85cf3dda8b1cb944c1d52eb17842,28218,document_or_structured_evidence,.md
docs/project_catalog/lists/feature-017.md,377de0f4018cea9749fcc4305a64e8ed716b9038,27264,document_or_structured_evidence,.md
docs/project_catalog/lists/feature-018.md,81066d8e1590964bdee47420cc66fa2921677a52,24224,document_or_structured_evidence,.md
docs/project_catalog/lists/feature-019.md,3fb55c31fb1d664bde09b011cfe2343368c53217,23176,document_or_structured_evidence,.md
docs/project_catalog/lists/feature-020.md,edb38a4503d6330ed250c2e91fa1d5d08f6330d7,28106,document_or_structured_evidence,.md
docs/project_catalog/lists/feature-021.md,e2baf1f27a3477c9862401b07a58965250733c6e,28147,document_or_structured_evidence,.md
docs/project_catalog/lists/feature-022.md,3d7d8482ffb24b9f6402a9f08f622b52b1b25cd1,28861,document_or_structured_evidence,.md
docs/project_catalog/lists/feature-023.md,7daae905903e85675588e925a89d84875053e137,14321,document_or_structured_evidence,.md
docs/project_catalog/lists/plan-001.md,6a533b6acac298b8a34b123a9ca1c19faceb231b,28611,document_or_structured_evidence,.md
docs/project_catalog/lists/plan-002.md,094daecc757321c4b95849e77d8c6fad0397e2a7,29757,document_or_structured_evidence,.md
docs/project_catalog/lists/plan-003.md,d4e6a8fc76c87e1a615a35f08b1e0ac3161a9e58,28611,document_or_structured_evidence,.md
docs/project_catalog/lists/plan-004.md,58ffb500b99b8a9db72ded86633ba0a3d773c784,29998,document_or_structured_evidence,.md
docs/project_catalog/lists/plan-005.md,63265375a4c8c48ee8ba6fe55723c6ceaaa3d657,28835,document_or_structured_evidence,.md
docs/project_catalog/lists/plan-006.md,4fe162731896d9b5769457ec74c87085747be249,26223,document_or_structured_evidence,.md
docs/project_catalog/lists/plan-007.md,4531c8a991a2731c3a28db6cdbeb5c2f18b34679,29292,document_or_structured_evidence,.md
docs/project_catalog/lists/plan-008.md,c1957a4032abc08595b3bbcdb04218b73695f1f6,28234,document_or_structured_evidence,.md
docs/project_catalog/lists/plan-009.md,6e8793df3e53a78c61becd689caf4ea12c433202,29335,document_or_structured_evidence,.md
docs/project_catalog/lists/plan-010.md,da1c3c53e3d951868be965e4bbde1933e9a1f439,9289,document_or_structured_evidence,.md
docs/project_catalog/lists/port-001.md,72273aeecac8d54f5edbc2626d1ce532aadae020,30220,document_or_structured_evidence,.md
docs/project_catalog/lists/port-002.md,5b2fcfe61ea8fdea32fda22f7eb4454f066bdca1,33087,document_or_structured_evidence,.md
docs/project_catalog/lists/port-003.md,5a9d344c2ab573a0e2d129d713c93d82106c963f,23772,document_or_structured_evidence,.md
docs/project_catalog/lists/proposition-001.md,c1863c8efaadd9a5a88bf228fce94e08e6f6ecf6,35339,document_or_structured_evidence,.md
docs/project_catalog/lists/proposition-002.md,534cab7347d55b923c99a62680a112aebadef42c,36920,document_or_structured_evidence,.md
docs/project_catalog/lists/proposition-003.md,1fae610bcd4a3c897b4c8a76560086103bba1f4f,37016,document_or_structured_evidence,.md
docs/project_catalog/lists/proposition-004.md,5fae694e1c06e645fe636c74753e37050e1d8438,34843,document_or_structured_evidence,.md
docs/project_catalog/lists/proposition-005.md,d52550c0370284fb7f3a5a13c8863a0b3674eb37,41053,document_or_structured_evidence,.md
docs/project_catalog/lists/proposition-006.md,955f35c975079791fbf3c333627ec980e8e8e47c,48685,document_or_structured_evidence,.md
docs/project_catalog/lists/proposition-007.md,67d5602fdd51510c090f6703710f6e138a3657b1,43614,document_or_structured_evidence,.md
docs/project_catalog/lists/proposition-008.md,485a41c7a8086dc753eb796a51ed1d72cee17317,34565,document_or_structured_evidence,.md
docs/project_catalog/lists/proposition-009.md,d440dde345461f3dbe7f6b2788402e36c6d8592c,36104,document_or_structured_evidence,.md
docs/project_catalog/lists/proposition-010.md,7c0a867213d784c12dffadbc019901a0d37e6662,32074,document_or_structured_evidence,.md
docs/project_catalog/lists/proposition-011.md,b8de7dce4f41948bffac07b18d168d219bed0c32,32329,document_or_structured_evidence,.md
docs/project_catalog/lists/proposition-012.md,5250670f5b91c57bff4fbee3a9eed83050822993,34730,document_or_structured_evidence,.md
docs/project_catalog/lists/proposition-013.md,6f2203b148feb4d07d64a94e14611587b9b131f7,32396,document_or_structured_evidence,.md
docs/project_catalog/lists/proposition-014.md,bdb07af20144f2c7bf8aecec83227caf5e80f9ba,34477,document_or_structured_evidence,.md
docs/project_catalog/lists/proposition-015.md,6eeb700ba6607d9874c2060638e370718d22824c,32746,document_or_structured_evidence,.md
docs/project_catalog/lists/proposition-016.md,e1efd4216d9a8082ff518799a8e73b6350e2aaae,37836,document_or_structured_evidence,.md
docs/project_catalog/lists/proposition-017.md,a65af9d24f3586ab09847c3a07b25e7b0ade022d,33670,document_or_structured_evidence,.md
docs/project_catalog/lists/proposition-018.md,66ad9503d729222165f6e895a8ec3f22c0e998c4,28833,document_or_structured_evidence,.md
docs/project_catalog/lists/proposition-019.md,1a3734af51277dbee01cb94ef0cf8c9c9e80bc57,22563,document_or_structured_evidence,.md
docs/project_catalog/lists/update-001.md,b518d6f2a47342a8172c5cca8523b383f9b8f3d9,5229,document_or_structured_evidence,.md
docs/project_catalog/proofs/PUBLICATION_RECEIPT.json,c88ee912ddb75064dd9fd877b8d430ea248809aa,2774,document_or_structured_evidence,.json
docs/project_catalog/proofs/README.md,3f399783df3ec64e32a7b9208853293fa546d62d,5521,document_or_structured_evidence,.md
docs/project_catalog/proofs/REVIEW.md,d28b90772c30ac62935d2f5e8fdc52940b943c23,5036,document_or_structured_evidence,.md
docs/project_catalog/proofs/confirmed.csv,2cb19fbbedcc5a4345282b87163b4daad3142db7,2818983,document_or_structured_evidence,.csv
docs/project_catalog/proofs/confirmed.json,9f8351822fce3b925003e59569a8532979c40df6,2894322,document_or_structured_evidence,.json
docs/project_catalog/proofs/confirmed.md,63ce513f4d288e7edf4db694becf00a82a9abb0f,147890,document_or_structured_evidence,.md
docs/project_catalog/proofs/confirmed_details/1060279ad973f754.md,53df90b79cd17dfe5f8874693569833befc7cba7,62482,document_or_structured_evidence,.md
docs/project_catalog/proofs/confirmed_details/1266fb7460e0eb8d.md,024bb8f39a1f282e218181efc5fb371b4663a12b,46610,document_or_structured_evidence,.md
docs/project_catalog/proofs/confirmed_details/25a8e10da65c0144.md,1a777709628dd303165284b323fd0c3272a222b6,16341,document_or_structured_evidence,.md
docs/project_catalog/proofs/confirmed_details/464dc454739c80f4.md,097310515434511060c97a7046e4714b564cfd43,11339,document_or_structured_evidence,.md
docs/project_catalog/proofs/confirmed_details/49fa9c68e6ad2df3.md,c753b2d2ee60faeb030c9a26a6d1f819734a26b9,6179,document_or_structured_evidence,.md
docs/project_catalog/proofs/confirmed_details/4c1db75bab9aedee.md,29565ad61ea5a40e3d65ae43cd3167b0c8e2a6b7,37609,document_or_structured_evidence,.md
docs/project_catalog/proofs/confirmed_details/6706a88334c8aee3.md,50260fdc2e63f6efb7233be62836b6787d6ee085,20617,document_or_structured_evidence,.md
docs/project_catalog/proofs/confirmed_details/749977f58d774668.md,35ba3ac252f189660efebcf9a907659c8fb430e2,19423,document_or_structured_evidence,.md
docs/project_catalog/proofs/confirmed_details/78f51ccdc142c891.md,be6a21751f01fa110473f9ddf09636037ceb6d99,14280,document_or_structured_evidence,.md
docs/project_catalog/proofs/confirmed_details/7ebc96847f3dbf29.md,d85b0eb8444413b4f3f46b95ced16a31c02293be,95898,document_or_structured_evidence,.md
docs/project_catalog/proofs/confirmed_details/8875fdeead143337.md,ef9ae891f6a65d0197d2e50cd027681e4fdbf0fd,9784,document_or_structured_evidence,.md
docs/project_catalog/proofs/confirmed_details/89e6f7e4158548c8.md,e932cd3af5b261d4c136dd52b53a1b8347898bdc,140403,document_or_structured_evidence,.md
docs/project_catalog/proofs/confirmed_details/8b7c8dec8a5b7fe1.md,4f7ebf3d322b0570934dfa42f7202933259f9762,15458,document_or_structured_evidence,.md
docs/project_catalog/proofs/confirmed_details/9c4bda66a212dd19.md,674ba4c5af2c7030bbc49aa704a6798e8817283c,20647,document_or_structured_evidence,.md
docs/project_catalog/proofs/confirmed_details/a1cb21e684442956.md,4d071fea495b43350d4ef12588b9bfed6822022f,62306,document_or_structured_evidence,.md
docs/project_catalog/proofs/confirmed_details/bdf056be8b41cec3.md,3879f351844b0736b5a64582172db7252d8a6ed1,36399,document_or_structured_evidence,.md
docs/project_catalog/proofs/confirmed_details/c38a5cfe77821baa.md,bb6c17d08ce9a2be326375cf0326fc25131b75f4,69121,document_or_structured_evidence,.md
docs/project_catalog/proofs/confirmed_details/cb0efdb99d4bd4da.md,331ed6abac41d6663ed4e7dcea04f995d88d9982,17723,document_or_structured_evidence,.md
docs/project_catalog/proofs/confirmed_details/e9aecffac4f2a801.md,687f6f86c79d4522981319c4a35fc9da9f54f3ea,17484,document_or_structured_evidence,.md
docs/project_catalog/proofs/confirmed_details/f46f52f91ff0dffc.md,ad3bd96c3f45267ba1ba978fe8afa82cff7d35ce,47606,document_or_structured_evidence,.md
docs/project_catalog/proofs/excluded.md,299ad71bec1d39e0f8aa69377a73735cbcdc7c9d,1157,document_or_structured_evidence,.md
docs/project_catalog/proofs/occurrences/index.json,63b76d7b4466b29bd0470bf5bb2cd4f5ef9a0e03,3602,document_or_structured_evidence,.json
docs/project_catalog/proofs/reviewed_evidence.json,97bf14bd00374f42a62167cd1ca25516a7f99457,4117284,document_or_structured_evidence,.json
docs/project_catalog/proofs/roles/README.md,b544bb7453bb72c6b1e53ce01732e49055c77867,5550,document_or_structured_evidence,.md
docs/project_catalog/proofs/roles/REVIEW.md,910af63a02a122e7dfd451620c6198386ad46d26,3245,document_or_structured_evidence,.md
docs/project_catalog/proofs/roles/auxiliary_propositions.csv,8fd7079d1854a8367cee2660a5dae81215f7497f,90697,document_or_structured_evidence,.csv
docs/project_catalog/proofs/roles/auxiliary_propositions.json,ca460f3e7e9b33f029f22cc883ec08a60a0a9734,155616,document_or_structured_evidence,.json
docs/project_catalog/proofs/roles/auxiliary_propositions.md,631cf3593cb8a09fb007a02167cff38b7fcaf9e6,22763,document_or_structured_evidence,.md
docs/project_catalog/proofs/roles/evidence.md,0950c44b2abb13331db316973d6e9879779d93cc,530479,document_or_structured_evidence,.md
docs/project_catalog/proofs/roles/internal_auxiliary.md,2a5a15db49ed31a95611240b90b83cddc1e8c173,15313,document_or_structured_evidence,.md
docs/project_catalog/proofs/roles/mixed_role.md,908acb6bd4ae9c35f80064b905fc84a5159c9ec8,321,document_or_structured_evidence,.md
docs/project_catalog/proofs/roles/non_proposition_hit.md,df7a2d0098d7179cb611716ff6c455b9a6a1271e,11134,document_or_structured_evidence,.md
docs/project_catalog/proofs/roles/research_proposal_candidate.md,27b1d3c04a2cb17191d93211f953d2ddd810861f,8703,document_or_structured_evidence,.md
docs/project_catalog/proofs/roles/research_proposals.csv,897647d24dd224a3921dd21142d24d39fc5db240,234056,document_or_structured_evidence,.csv
docs/project_catalog/proofs/roles/research_proposals.json,0ad118ed8974c43b2de78ddeff952379e9369a51,547619,document_or_structured_evidence,.json
docs/project_catalog/proofs/roles/research_proposals.md,dea607bccd9ad701b961a3334bf4c1edaec79597,46258,document_or_structured_evidence,.md
docs/project_catalog/proofs/roles/role_evidence.json,d58b25346bd2d3a3a0698ee0d3870755af1ef8dd,1081168,document_or_structured_evidence,.json
docs/project_catalog/proofs/roles/source_review.json,6fb955eaa9629dc97bf236c494dd0a9a9350f659,144690,document_or_structured_evidence,.json
docs/project_catalog/proofs/roles/summary.json,f44e041cc100e26de86d93462434e141d01c7dc0,1955,document_or_structured_evidence,.json
docs/project_catalog/proofs/roles/supporting_known_result.md,1d5dc42926f2be94242ce09d56b59f03e4887ec2,377,document_or_structured_evidence,.md
docs/project_catalog/proofs/roles/unresolved.md,12f5d1b346587bf999babfbfecadc572090c395c,15083,document_or_structured_evidence,.md
docs/project_catalog/proofs/roles/validation.json,01b5a57594423d2003ab87fd0188f44749095d62,6002,document_or_structured_evidence,.json
docs/project_catalog/proofs/source_review_summary.json,dd5200a97a50a0b0cf0fa05c4a8d59b31fa2e945,41324,document_or_structured_evidence,.json
docs/project_catalog/proofs/source_scan.csv,51102c0525f89ee6358ce7c41785b84b8561f5bc,11017357,document_or_structured_evidence,.csv
docs/project_catalog/proofs/summary.json,872a49ca62357a963bc456ae8d784ae36a122cbb,3164,document_or_structured_evidence,.json
docs/project_catalog/proofs/unconfirmed.csv,7070241a19787f687890dc05023e7d5dbd87e20b,50607507,document_or_structured_evidence,.csv
docs/project_catalog/proofs/unconfirmed.json,1dd56125958fc91576113a42aa1bcb340c180271,79580649,document_or_structured_evidence,.json
docs/project_catalog/proofs/unconfirmed.md,7c642683a5e6a14c5a21150705333a964d5da828,10478,document_or_structured_evidence,.md
docs/project_catalog/proofs/unconfirmed_pages/part-0001.md,a6902aa786786ce19fd4b54fc7b3438f41e5f176,84719,document_or_structured_evidence,.md
docs/project_catalog/proofs/unconfirmed_pages/part-0002.md,feba3b27e10853a6711e514daa8dc79f0477f093,96391,document_or_structured_evidence,.md
docs/project_catalog/proofs/unconfirmed_pages/part-0003.md,8b7eb84d0c16c3198bbeb02a0fd1b8005f0c1ec8,107220,document_or_structured_evidence,.md
docs/project_catalog/proofs/unconfirmed_pages/part-0004.md,5d025d817b80b08a0dd698706d1339ede42c9f79,98657,document_or_structured_evidence,.md
docs/project_catalog/proofs/unconfirmed_pages/part-0005.md,3e5a875e79b472c9c04728da689d576ba7e86f62,97889,document_or_structured_evidence,.md
docs/project_catalog/proofs/unconfirmed_pages/part-0006.md,dc6ea00635057f07a42734bc605fba34a74a66b2,94064,document_or_structured_evidence,.md
docs/project_catalog/proofs/unconfirmed_pages/part-0007.md,fdc1449dd988044a80c3386438b796f7f77e2f63,115840,document_or_structured_evidence,.md
docs/project_catalog/proofs/unconfirmed_pages/part-0008.md,a31c92bde37d465825fa961b8519e492f620d2a6,103647,document_or_structured_evidence,.md
docs/project_catalog/proofs/unconfirmed_pages/part-0009.md,be6084e07ba46ec4048ac485f233a6983b63d219,95412,document_or_structured_evidence,.md
docs/project_catalog/proofs/unconfirmed_pages/part-0010.md,61e6d8667e3e6e66e45059bfa0a4d2d00d5ecd96,114209,document_or_structured_evidence,.md
docs/project_catalog/proofs/unconfirmed_pages/part-0011.md,bb5dbda6d928ba0374f376fd15542658fcf3ad9d,109770,document_or_structured_evidence,.md
docs/project_catalog/proofs/unconfirmed_pages/part-0012.md,2010d10420a56f0b2ae330e6cdc82b115a1eaf7f,105745,document_or_structured_evidence,.md
docs/project_catalog/proofs/unconfirmed_pages/part-0013.md,3a0555864594b269c8b49858f9b1fb0e44d3e621,116786,document_or_structured_evidence,.md
docs/project_catalog/proofs/unconfirmed_pages/part-0014.md,ae71b5da14b1bed061058688fa5667cce5588d32,111411,document_or_structured_evidence,.md
docs/project_catalog/proofs/unconfirmed_pages/part-0015.md,25cfd169764ff1f39af7fc7d712bc39f8d9de3d6,106120,document_or_structured_evidence,.md
docs/project_catalog/proofs/unconfirmed_pages/part-0016.md,70866875e9bfdd0b9e3051c61cc0b0e827d8d9e8,103341,document_or_structured_evidence,.md
docs/project_catalog/proofs/unconfirmed_pages/part-0017.md,e948dea777f84841a92cb884b22db72a4da67347,105791,document_or_structured_evidence,.md
docs/project_catalog/proofs/unconfirmed_pages/part-0018.md,1db1509c2c7b8f14db94604acf11c55bdc530310,103516,document_or_structured_evidence,.md
docs/project_catalog/proofs/unconfirmed_pages/part-0019.md,00a478b4d0f272eda1e0722f36ea571619ae9761,101317,document_or_structured_evidence,.md
docs/project_catalog/proofs/unconfirmed_pages/part-0020.md,a3f6b9ab2d9234807e0c4dd0bc5e538f0a31e4d6,92706,document_or_structured_evidence,.md
docs/project_catalog/proofs/unconfirmed_pages/part-0021.md,8b542cb359e853e59e516c7cd433046dea1ad9ea,91633,document_or_structured_evidence,.md
docs/project_catalog/proofs/unconfirmed_pages/part-0022.md,091f6ffe54203abba16737845888c60fdf4303d9,96257,document_or_structured_evidence,.md
docs/project_catalog/proofs/unconfirmed_pages/part-0023.md,0360d85d7b06c2d5c4c0d0672dfc615de8cfe174,105829,document_or_structured_evidence,.md
docs/project_catalog/proofs/unconfirmed_pages/part-0024.md,d43e85fa08ae55b17aaa8946363e93cc033dfc6c,118319,document_or_structured_evidence,.md
docs/project_catalog/proofs/unconfirmed_pages/part-0025.md,c6387cf22ab99572ba0a3e01b31074009592fe12,80486,document_or_structured_evidence,.md
docs/project_catalog/proofs/unconfirmed_pages/part-0026.md,cc8112b1690ed74e0655be501756309a3938948d,88697,document_or_structured_evidence,.md
docs/project_catalog/proofs/unconfirmed_pages/part-0027.md,a1ab6563d7a90fb2cb07dfac9d8e9a4a776bcb8b,98831,document_or_structured_evidence,.md
docs/project_catalog/proofs/unconfirmed_pages/part-0028.md,275d4aceb92cdc7b84a54303b3ef8d944126f4e8,96502,document_or_structured_evidence,.md
docs/project_catalog/proofs/unconfirmed_pages/part-0029.md,d0d6aec172cba90e3a3ba310c154842b83d82c3b,95860,document_or_structured_evidence,.md
docs/project_catalog/proofs/unconfirmed_pages/part-0030.md,2a15f090c35d4e78bc2134efd9cb85bc9d428a97,98344,document_or_structured_evidence,.md
docs/project_catalog/proofs/unconfirmed_pages/part-0031.md,6e7ec4d6799d61562dbb3a9a93a030044d35edf1,97248,document_or_structured_evidence,.md
docs/project_catalog/proofs/unconfirmed_pages/part-0032.md,ca9fd285a1a10bc6a8bae8ac4f6b618994c9175d,99535,document_or_structured_evidence,.md
docs/project_catalog/proofs/unconfirmed_pages/part-0033.md,5d9d3a314beee74b308782b0b232ccc525130ae9,105633,document_or_structured_evidence,.md
docs/project_catalog/proofs/unconfirmed_pages/part-0034.md,a654e53f0d218a7850d5892a37cb8df1ca535dcd,97675,document_or_structured_evidence,.md
docs/project_catalog/proofs/unconfirmed_pages/part-0035.md,86375f01fbb2ef8401fd116c0b7675225cfc65b9,105369,document_or_structured_evidence,.md
docs/project_catalog/proofs/unconfirmed_pages/part-0036.md,5b408e2f5e340826c1f536f829db2fc94bad1b94,90632,document_or_structured_evidence,.md
docs/project_catalog/proofs/unconfirmed_pages/part-0037.md,f4894acb822c3a86ea6609d5d66d551f4f509ed5,78669,document_or_structured_evidence,.md
docs/project_catalog/proofs/unconfirmed_pages/part-0038.md,ef6f3914090065fd00fea258fcefafd304230624,77772,document_or_structured_evidence,.md
docs/project_catalog/proofs/unconfirmed_pages/part-0039.md,0d146511e740d1100c8fb989c3764c43e4c4444f,86002,document_or_structured_evidence,.md
docs/project_catalog/proofs/unconfirmed_pages/part-0040.md,5bf88658f02dcb02eb4ad955122970a3b7df95ad,83797,document_or_structured_evidence,.md
docs/project_catalog/proofs/unconfirmed_pages/part-0041.md,c531c4348eba2434cb1ae8ed60167ac3ead42fdf,102026,document_or_structured_evidence,.md
docs/project_catalog/proofs/unconfirmed_pages/part-0042.md,051ecafb654c9b03b148f5574be20e93154b9934,89782,document_or_structured_evidence,.md
docs/project_catalog/proofs/unconfirmed_pages/part-0043.md,2d1d5f94ddd1b4509fca042d556e2304c3b9003f,86751,document_or_structured_evidence,.md
docs/project_catalog/proofs/unconfirmed_pages/part-0044.md,66789d48b629e21c8ecb390435ed160e8793eb22,59448,document_or_structured_evidence,.md
docs/project_catalog/proofs/unconfirmed_pages/part-0045.md,626bceaa822bdb22c9387208e02126f50aefea33,69534,document_or_structured_evidence,.md
docs/project_catalog/proofs/unconfirmed_pages/part-0046.md,23173afda9413b95c3f72ded962f0627ccd75594,78493,document_or_structured_evidence,.md
docs/project_catalog/proofs/unconfirmed_pages/part-0047.md,26b9fb23af2c812b032047ccbdb563b998e48172,80359,document_or_structured_evidence,.md
docs/project_catalog/proofs/unconfirmed_pages/part-0048.md,8a900ce406ce9a12cea4504bde3c92c8d926e367,79399,document_or_structured_evidence,.md
docs/project_catalog/proofs/unconfirmed_pages/part-0049.md,f3e1e98d9c88aa4d600372ab6da08c16e3efc147,79004,document_or_structured_evidence,.md
docs/project_catalog/proofs/unconfirmed_pages/part-0050.md,6ef8baf29275ace018589da3423fef0aafb707dd,78285,document_or_structured_evidence,.md
docs/project_catalog/proofs/unconfirmed_pages/part-0051.md,1a0b1f1acf5e94829c544b564c7da4aaff76d332,78411,document_or_structured_evidence,.md
docs/project_catalog/proofs/unconfirmed_pages/part-0052.md,d253c44082197941b39d6e3c5a141b4782b899fe,79245,document_or_structured_evidence,.md
docs/project_catalog/proofs/unconfirmed_pages/part-0053.md,757bf7452bedc420a4436df2af04ac7fe98eb622,82910,document_or_structured_evidence,.md
docs/project_catalog/proofs/unconfirmed_pages/part-0054.md,48142a5ffb81d7644a15cf56ace8bb588847c49d,98705,document_or_structured_evidence,.md
docs/project_catalog/proofs/unconfirmed_pages/part-0055.md,55d929bf112391251e4d675bcfd659dac34c13c0,78105,document_or_structured_evidence,.md
docs/project_catalog/proofs/unconfirmed_pages/part-0056.md,56e2697bec2a8a6a5bc58a1fc436f74fb4afbc15,85555,document_or_structured_evidence,.md
docs/project_catalog/proofs/unconfirmed_pages/part-0057.md,0ceaead004215828668742ebe38653fc5133547f,79541,document_or_structured_evidence,.md
docs/project_catalog/proofs/unconfirmed_pages/part-0058.md,fafa913d3a4186784de646632fb0f44e33094635,78473,document_or_structured_evidence,.md
docs/project_catalog/proofs/unconfirmed_pages/part-0059.md,60c0f7f60891f384789281e6f3e8326a6f29be9a,84412,document_or_structured_evidence,.md
docs/project_catalog/proofs/unconfirmed_pages/part-0060.md,789d7513d1f88af58e4fb4bb85f70371de5c6f76,89993,document_or_structured_evidence,.md
docs/project_catalog/proofs/unconfirmed_pages/part-0061.md,cdd8800c509c695d5bb75a33100cbf172a23bed7,79539,document_or_structured_evidence,.md
docs/project_catalog/proofs/unconfirmed_pages/part-0062.md,17b33dce5056e74db5a6fadf78adafc48fdb758b,81771,document_or_structured_evidence,.md
docs/project_catalog/proofs/unconfirmed_pages/part-0063.md,1f93db67d909c0378488ba40b5659792cabab5de,87982,document_or_structured_evidence,.md
docs/project_catalog/proofs/unconfirmed_pages/part-0064.md,8d929f6afc96123662f49461dda3d68975607049,73215,document_or_structured_evidence,.md
docs/project_catalog/proofs/unconfirmed_pages/part-0065.md,f1362de4cabbafdfdef1d8334436086cd1faaa8a,83002,document_or_structured_evidence,.md
docs/project_catalog/proofs/unconfirmed_pages/part-0066.md,2214a96182b9c2bd203cdff62c5b630071d369ef,79757,document_or_structured_evidence,.md
docs/project_catalog/proofs/unconfirmed_pages/part-0067.md,f85e4c26a0b110cd97c62d3f589c21ae572a520c,77470,document_or_structured_evidence,.md
docs/project_catalog/proofs/unconfirmed_pages/part-0068.md,6f84851f5f80fb80df8f7c6a42c01490a03b3cfc,66936,document_or_structured_evidence,.md
docs/project_catalog/proofs/unconfirmed_pages/part-0069.md,e85d4f7b3a4f18cd41d7e503d8b02b7fe6fb5716,98732,document_or_structured_evidence,.md
docs/project_catalog/proofs/unconfirmed_pages/part-0070.md,780ba6bdb709794faedb79530c630aa892304d4b,219344,document_or_structured_evidence,.md
docs/project_catalog/proofs/unconfirmed_pages/part-0071.md,2b15c540062b2d7f355dfbd4961adcdc3e201734,132045,document_or_structured_evidence,.md
docs/project_catalog/proofs/unconfirmed_pages/part-0072.md,d5f96f0a66196254449444490e120e1f83d8dd6b,117974,document_or_structured_evidence,.md
docs/project_catalog/proofs/unconfirmed_pages/part-0073.md,da13b0d99878991666aa265e0229334a372cf459,104272,document_or_structured_evidence,.md
docs/project_catalog/proofs/unconfirmed_pages/part-0074.md,e5f89c09db1a070e82c70626377b33b9ebf75578,79001,document_or_structured_evidence,.md
docs/project_catalog/proofs/unconfirmed_pages/part-0075.md,75cf4f341a6afe24a2e13b871fd2122c242c3560,83820,document_or_structured_evidence,.md
docs/project_catalog/proofs/unconfirmed_pages/part-0076.md,95f003958f4a22d4e5392e9745a42ff97924770f,77184,document_or_structured_evidence,.md
docs/project_catalog/proofs/unconfirmed_pages/part-0077.md,b3e222681b24b20666c291089d18f90d3e9951e4,74079,document_or_structured_evidence,.md
docs/project_catalog/proofs/unconfirmed_pages/part-0078.md,120d87b41f3a22307759ce2bda12a74b7441d89f,80940,document_or_structured_evidence,.md
docs/project_catalog/proofs/unconfirmed_pages/part-0079.md,6501bb0683a44e702bf42190eb77561437fc1b6b,80773,document_or_structured_evidence,.md
docs/project_catalog/proofs/unconfirmed_pages/part-0080.md,bf2233efd188d05f6202d76c8b97a5383c476294,93498,document_or_structured_evidence,.md
docs/project_catalog/proofs/unconfirmed_pages/part-0081.md,fa3eeec18921aebdc576bedbf3a189fffc94438c,78537,document_or_structured_evidence,.md
docs/project_catalog/proofs/unconfirmed_pages/part-0082.md,c0e828efb86cc6b61122a3eac8d7066793f9ec03,63872,document_or_structured_evidence,.md
docs/project_catalog/proofs/unconfirmed_pages/part-0083.md,6e7e4f4e546644868cdfe40d95121715d24d5a52,68562,document_or_structured_evidence,.md
docs/project_catalog/proofs/unconfirmed_pages/part-0084.md,d36162989df7a6e5efe0c589067d540ba8eb0233,79610,document_or_structured_evidence,.md
docs/project_catalog/proofs/unconfirmed_pages/part-0085.md,f2b0284550e79c5af5084b7cb772a8a6319038b4,76224,document_or_structured_evidence,.md
docs/project_catalog/proofs/unconfirmed_pages/part-0086.md,7ec4660c0be2a8e1221f1d03d250eaae404db169,79137,document_or_structured_evidence,.md
docs/project_catalog/proofs/unconfirmed_pages/part-0087.md,1350bb594278612bfa75c58ce869a94cce900db9,79266,document_or_structured_evidence,.md
docs/project_catalog/proofs/unconfirmed_pages/part-0088.md,d13a73aa93aa4544823c8873e19385a693730657,75023,document_or_structured_evidence,.md
docs/project_catalog/proofs/unconfirmed_pages/part-0089.md,982e1c64b0eb4acd3f3a2937353f032958938426,103932,document_or_structured_evidence,.md
docs/project_catalog/proofs/unconfirmed_pages/part-0090.md,1b1fd0d476f7893c6bfedc13391836aaae881d93,145100,document_or_structured_evidence,.md
docs/project_catalog/proofs/unconfirmed_pages/part-0091.md,6c83d875d630a7c19d7db44218ba32f07f10e5c2,126013,document_or_structured_evidence,.md
docs/project_catalog/proofs/unconfirmed_pages/part-0092.md,3e84d814454dd79ed35060e6ffe9d6adc9368694,104505,document_or_structured_evidence,.md
docs/project_catalog/proofs/unconfirmed_pages/part-0093.md,f38212b48d8e40309e68dade88788a147cc25dba,77231,document_or_structured_evidence,.md
docs/project_catalog/proofs/unconfirmed_pages/part-0094.md,ebde3f0109cd92b712194a8899324232e48fa983,77185,document_or_structured_evidence,.md
docs/project_catalog/proofs/unconfirmed_pages/part-0095.md,908d7a13eb5623635a1a30f12c4419f38bc6060f,96507,document_or_structured_evidence,.md
docs/project_catalog/proofs/unconfirmed_pages/part-0096.md,8db43417568a520a84e310a1d14070c4357d8950,91598,document_or_structured_evidence,.md
docs/project_catalog/proofs/unconfirmed_pages/part-0097.md,df103a7946f83d67cd78681840ad86a8be4fdb2f,80820,document_or_structured_evidence,.md
docs/project_catalog/proofs/unconfirmed_pages/part-0098.md,685ba4381aa38a47d58600f1c5d9e77209c3552b,66329,document_or_structured_evidence,.md
docs/project_catalog/proofs/unconfirmed_pages/part-0099.md,a5b16a4cbf46c0838622312bf298422763c40702,79015,document_or_structured_evidence,.md
docs/project_catalog/proofs/unconfirmed_pages/part-0100.md,fab503d41097e3ae056ca760cfd8d1ffedde9169,92279,document_or_structured_evidence,.md
docs/project_catalog/proofs/unconfirmed_pages/part-0101.md,5cae96c323ed517151cec7e2a3eb22a7673da762,77800,document_or_structured_evidence,.md
docs/project_catalog/proofs/unconfirmed_pages/part-0102.md,2486e92bd3e447f9acab2631c098bae549defd9b,78932,document_or_structured_evidence,.md
docs/project_catalog/proofs/unconfirmed_pages/part-0103.md,e15315557b678537e64f9bd0fd48f55a0bdfdbe9,78428,document_or_structured_evidence,.md
docs/project_catalog/proofs/unconfirmed_pages/part-0104.md,27d77bb24316dcdee51b3a7782e77fcceaa41c13,78987,document_or_structured_evidence,.md
docs/project_catalog/proofs/unconfirmed_pages/part-0105.md,4ceaeb93c4df7f54b89a5553c94388d5f5c144c6,78643,document_or_structured_evidence,.md
docs/project_catalog/proofs/unconfirmed_pages/part-0106.md,bbe21d248f4d45a6f900c04d5f2aeecc3d062d32,79983,document_or_structured_evidence,.md
docs/project_catalog/proofs/unconfirmed_pages/part-0107.md,db4d63eaca715603a5b1ffc66e1aa12064416193,81868,document_or_structured_evidence,.md
docs/project_catalog/proofs/unconfirmed_pages/part-0108.md,db328bdde776f2f7072667b798692bee2b098b7c,77386,document_or_structured_evidence,.md
docs/project_catalog/proofs/unconfirmed_pages/part-0109.md,8a2b10c15b05ee9c59d3ec965437f326232f0acd,79133,document_or_structured_evidence,.md
docs/project_catalog/proofs/unconfirmed_pages/part-0110.md,cefcadfe6c76a7067dc2fbbc433a3280c691a8a1,71145,document_or_structured_evidence,.md
docs/project_catalog/proofs/unconfirmed_pages/part-0111.md,6dbb3b077f87ff5b786e9ed6d19ab9fb4fcdf15b,73592,document_or_structured_evidence,.md
docs/project_catalog/proofs/unconfirmed_pages/part-0112.md,c1e3ae3c46808d4c8e0ab432069290c36503cb4f,72970,document_or_structured_evidence,.md
docs/project_catalog/proofs/unconfirmed_pages/part-0113.md,5c7899d40fe1653ae2e8f22d7577a5a570f53b7f,72896,document_or_structured_evidence,.md
docs/project_catalog/proofs/unconfirmed_pages/part-0114.md,a54d264b90476f6cd4109505b45356a9b4effcc6,75371,document_or_structured_evidence,.md
docs/project_catalog/proofs/unconfirmed_pages/part-0115.md,97d648cea035f3d763384f9c080c61941d9f64bf,72973,document_or_structured_evidence,.md
docs/project_catalog/proofs/unconfirmed_pages/part-0116.md,bf15f2b3c4cf312fc17bbd5f18dd3961daa68e60,74007,document_or_structured_evidence,.md
docs/project_catalog/proofs/unconfirmed_pages/part-0117.md,ff6203fc583aa7758fbc458d7cb5c6afcef2101f,75817,document_or_structured_evidence,.md
docs/project_catalog/proofs/unconfirmed_pages/part-0118.md,247b58d5003598d2b54d2b0c5289a02b1a908592,75538,document_or_structured_evidence,.md
docs/project_catalog/proofs/unconfirmed_pages/part-0119.md,1a3f022e5b913ff9872e52ce63fdf4ad32924033,88324,document_or_structured_evidence,.md
docs/project_catalog/proofs/unconfirmed_pages/part-0120.md,9507a8bae51e54367573bde4a2d36bea1cdae4ca,93170,document_or_structured_evidence,.md
docs/project_catalog/proofs/unconfirmed_pages/part-0121.md,f9d3b5fee4e5d4e1d4f8e2b3e97f8e0ba72385e3,98573,document_or_structured_evidence,.md
docs/project_catalog/proofs/unconfirmed_pages/part-0122.md,21d84d99fa8a45d150eae3e02ecf76b73443ed70,93328,document_or_structured_evidence,.md
docs/project_catalog/proofs/unconfirmed_pages/part-0123.md,4113134d32a5250dd53893b773bb1f6923933231,90042,document_or_structured_evidence,.md
docs/project_catalog/proofs/unconfirmed_pages/part-0124.md,6b541ee2a9c2b266b181e87ca7d4a327b885dd60,97793,document_or_structured_evidence,.md
docs/project_catalog/proofs/unconfirmed_pages/part-0125.md,e98f4f710fac7387536c53c9fc3df0c286148c97,97788,document_or_structured_evidence,.md
docs/project_catalog/proofs/unconfirmed_pages/part-0126.md,54218d953032ce08804c8db5a7c2b0ebf0d2c2a0,95269,document_or_structured_evidence,.md
docs/project_catalog/proofs/unconfirmed_pages/part-0127.md,cc0aac60e8b01a881d8b6c986e474ffefba04ba9,90977,document_or_structured_evidence,.md
docs/project_catalog/proofs/unconfirmed_pages/part-0128.md,a0a93bcf439222be951d06397506e98ef0a40469,93548,document_or_structured_evidence,.md
docs/project_catalog/proofs/unconfirmed_pages/part-0129.md,e410933727ed3d539dd66f5c0ba844c0f8c446a8,94910,document_or_structured_evidence,.md
docs/project_catalog/proofs/unconfirmed_pages/part-0130.md,c5d3e779a5abed01ec3e693240b9c41525d6a8e3,97657,document_or_structured_evidence,.md
docs/project_catalog/proofs/unconfirmed_pages/part-0131.md,bdf457d9581b1d192bdf9538f8400d382c857a0d,95038,document_or_structured_evidence,.md
docs/project_catalog/proofs/unconfirmed_pages/part-0132.md,3566065b6d95a0201cc5667eab477448b52ac25a,92118,document_or_structured_evidence,.md
docs/project_catalog/proofs/unconfirmed_pages/part-0133.md,5fac6bd61b1de521ba5692a4af5254a979f2da4f,76345,document_or_structured_evidence,.md
docs/project_catalog/proofs/unconfirmed_pages/part-0134.md,cb4884ec4e081a8d999b35a4d45f8aa9acf14dca,88058,document_or_structured_evidence,.md
docs/project_catalog/proofs/unconfirmed_pages/part-0135.md,741a4bf7572bc1c68d5a593eee7254da91b262e2,92690,document_or_structured_evidence,.md
docs/project_catalog/proofs/unconfirmed_pages/part-0136.md,c5513d3198777bfdf9111e7b699310fe19a2ee03,93576,document_or_structured_evidence,.md
docs/project_catalog/proofs/unconfirmed_pages/part-0137.md,d1fa599f940f7592938bd37ce349b2288cd40de5,97580,document_or_structured_evidence,.md
docs/project_catalog/proofs/unconfirmed_pages/part-0138.md,bf332404dcdc842b1b80c5dcf99476ce52a00e32,95692,document_or_structured_evidence,.md
docs/project_catalog/proofs/unconfirmed_pages/part-0139.md,5c4417fe341eab41c247f83ca92194b4555987b8,99666,document_or_structured_evidence,.md
docs/project_catalog/proofs/unconfirmed_pages/part-0140.md,d9187dfd2093ec47db052169680580f22990c64e,92354,document_or_structured_evidence,.md
docs/project_catalog/proofs/unconfirmed_pages/part-0141.md,7f877d6648565852808d7d6bf0d20f240685e7c6,89573,document_or_structured_evidence,.md
docs/project_catalog/proofs/unconfirmed_pages/part-0142.md,f49b253afd50b13855fb9bfdb9777737d1c2d440,71669,document_or_structured_evidence,.md
docs/project_catalog/proofs/unconfirmed_pages/part-0143.md,c70a5c3606359acfa301553a962b782764f7aba3,81687,document_or_structured_evidence,.md
docs/project_catalog/proofs/unconfirmed_pages/part-0144.md,981e1a31d09873a65b2214634acb287e0ee2f7ce,86215,document_or_structured_evidence,.md
docs/project_catalog/proofs/unconfirmed_pages/part-0145.md,92deba17833b89168ca929af000d2c7955d18049,94268,document_or_structured_evidence,.md
docs/project_catalog/proofs/unconfirmed_pages/part-0146.md,dfaf7575b853fac14e1fafee5789689ecadd7410,93441,document_or_structured_evidence,.md
docs/project_catalog/proofs/unconfirmed_pages/part-0147.md,3ebda9096f9ed4330f55f2e2361cd4e447552910,93211,document_or_structured_evidence,.md
docs/project_catalog/proofs/unconfirmed_pages/part-0148.md,e3b20726f9cdb719a23d07125e0f9b261a2b9b2b,89690,document_or_structured_evidence,.md
docs/project_catalog/proofs/unconfirmed_pages/part-0149.md,fd6baa39992c262a16ac4cca57a5884e53ceb328,85452,document_or_structured_evidence,.md
docs/project_catalog/proofs/unconfirmed_pages/part-0150.md,4519d655ebe530f54a1c6c99383f6a41ad3f733b,91766,document_or_structured_evidence,.md
docs/project_catalog/proofs/unconfirmed_pages/part-0151.md,b3c36a3fdc2d8bddccb246acc3a295d5185102e7,92920,document_or_structured_evidence,.md
docs/project_catalog/proofs/unconfirmed_pages/part-0152.md,3ba3354e57212a229d7a4c6a9b30710351842bae,90855,document_or_structured_evidence,.md
docs/project_catalog/proofs/unconfirmed_pages/part-0153.md,77354a09f0332c8c354a07b0b52d3ffe37176d2d,94494,document_or_structured_evidence,.md
docs/project_catalog/proofs/unconfirmed_pages/part-0154.md,8905fe0bc1e26db140463d4f7cbb0d0987d12337,100378,document_or_structured_evidence,.md
docs/project_catalog/proofs/unconfirmed_pages/part-0155.md,744f38bc1c0255756975ad33f9811914599ec3b6,96157,document_or_structured_evidence,.md
docs/project_catalog/proofs/unconfirmed_pages/part-0156.md,48229dfc7bafeb1c4a8717cd398f54d9c9fcdac9,97133,document_or_structured_evidence,.md
docs/project_catalog/proofs/unconfirmed_pages/part-0157.md,386a7738c94dd161f595f1c3e50a4a77211b07c2,116713,document_or_structured_evidence,.md
docs/project_catalog/proofs/unconfirmed_pages/part-0158.md,3b629d6b75a869439a2ba7e9522bbf16386a0c88,104107,document_or_structured_evidence,.md
docs/project_catalog/proofs/unconfirmed_pages/part-0159.md,e9034cae530f1bc311d6aad9b7476ad6c12ee917,67702,document_or_structured_evidence,.md
docs/project_catalog/proofs/unconfirmed_pages/part-0160.md,74d51bb4a6da3b7755950d529b8f44ef2f13a493,60036,document_or_structured_evidence,.md
docs/project_catalog/proofs/validation.json,03b41ee10d51cb8a99ef833df26c4120e058e52f,1678,document_or_structured_evidence,.json
docs/project_catalog/queries.sql,c8003840db2deeb36a5606bc1a1dd085c6e8a267,3746,document_or_structured_evidence,.sql
docs/project_catalog/representative_queries.json,29bc6083ed52723ae2b0031012dbabcbf92f79a4,25529,document_or_structured_evidence,.json
docs/project_catalog/review/catalog_tests.txt,18c5be3798ed46a59ba66bf4c133d94222670849,99,document_or_structured_evidence,.txt
docs/project_catalog/review/curation_initial_failure.txt,1c4297723a6ec6b6626346fb3ecc600bb5c8355f,2332,document_or_structured_evidence,.txt
docs/project_catalog/review/harness_close_nonpass.json,2de5938858c38da775558934abd4cd006120b178,3811,document_or_structured_evidence,.json
docs/project_catalog/review/harness_pointer_clear.json,82e06eb8507490f7be7aa8b3e624fdf0d8d2e18b,141,document_or_structured_evidence,.json
docs/project_catalog/review/repair_resolution.json,b23a334d2d5c2bcc933d80fc58eb0ee9cfbef19e,3252,document_or_structured_evidence,.json
docs/project_catalog/review/static-review.json,006d8fda7ed6e37398811d5b3238d36ae1af80cf,13326,document_or_structured_evidence,.json
docs/project_catalog/review/status_normalization.json,0ba6ed7d3563e1697ad814c27e623cffbd313d47,1521,document_or_structured_evidence,.json
docs/project_catalog/sources.json,47cafb1f8f8405862861c7dc3b045316a121a432,49276,document_or_structured_evidence,.json
docs/project_catalog/summary.json,ad85e95d2aa3f318e79dd2b25351a89fe3fa5aec,3259,document_or_structured_evidence,.json
docs/recombination_design.md,a082172460fe870623e230517f07f863ea536c09,23896,document_or_structured_evidence,.md
docs/reionization_design.md,c0b6af2ae4cfe519a07cedb4360c0a5703a9b6b5,24940,document_or_structured_evidence,.md
docs/research/README.md,3585db406a61bc060b45e63eccbd8ba249ec45c5,494,document_or_structured_evidence,.md
docs/research/mes_r1_r5_integration_20260927/CLAIM_GATES_AND_NEXT_STEPS_KO.md,29dec3fd0a18c5f217b1c0751c24b67549d334c7,4696,document_or_structured_evidence,.md
docs/research/mes_r1_r5_integration_20260927/CLAIM_LEDGER.json,9a616245120cc9205a44da8113f28fe14f5413ef,87501,document_or_structured_evidence,.json
docs/research/mes_r1_r5_integration_20260927/CONVENTION_AND_SYMBOL_MAP_KO.md,8256ef59d76d6fcc2e69b2f23f5bf660b1715c1e,5839,document_or_structured_evidence,.md
docs/research/mes_r1_r5_integration_20260927/IMPORT_RECEIPT.json,edb00850af692a8132db96cf4a96df082de6a4a3,28960,document_or_structured_evidence,.json
docs/research/mes_r1_r5_integration_20260927/R1_R5_SYNTHESIS_KO.md,f36bd23b666421f0443cc06186a81f282cb40f6e,11957,document_or_structured_evidence,.md
docs/research/mes_r1_r5_integration_20260927/RETURN_HANDOFF_KO.md,dd9c5f14ce496a1bd8ded9d959fb5641265a472c,5631,document_or_structured_evidence,.md
docs/research/mes_r1_r5_integration_20260927/SUPERSESSION_AND_CONFLICT_LOG_KO.md,d236aaca81764c36e876ebafaba6172753843917,5913,document_or_structured_evidence,.md
docs/research/mes_r1_r5_integration_20260927/THEORY_CODE_MAPPING_KO.md,0042cd1474d662f096e95605591d31fe0a032009,10088,document_or_structured_evidence,.md
docs/research_program/BLOCKERS.md,d6964dc837a030b8878a9a6ceecd6552bf5f0f06,17531,document_or_structured_evidence,.md
docs/research_program/BLOCKER_RESOLUTION_PLAN.md,b029ed772b44d7e6eadab07be53a31551c133763,16715,document_or_structured_evidence,.md
docs/research_program/CODE_AND_RESULTS_AUDIT_REPORT.md,81b1a592c6532ceec7d8f55df1ddeac6b81ee13c,16728,document_or_structured_evidence,.md
docs/research_program/HTT_VECTOR_TENSOR_MES_TWO_PILLAR_UPGRADE_PLAN_20260730.md,75befd95c47e2f2af559b7d32bf68eb03c156c8c,90468,document_or_structured_evidence,.md
docs/research_program/K1_E2E_DOWNLOAD_GUIDE.md,3d926e2a6ddd804b90234d1dd66b315a42cc602c,16370,document_or_structured_evidence,.md
docs/research_program/K1_E2E_REPRODUCIBILITY_RETENTION.md,e2d147e98e771f77d749bfb06eda4290f24448ec,6654,document_or_structured_evidence,.md
docs/research_program/LONG_HORIZON_RESCUE_PR_ROADMAP_20260714.md,67c7c4b34a39512b1649bd2e5f26b058ac67f379,154496,document_or_structured_evidence,.md
docs/research_program/LONG_HORIZON_RESCUE_PR_ROADMAP_20260714_AMENDMENT_01_20260717.md,7260447ee2ab2779edc65c24008b4cab7330f6f0,4612,document_or_structured_evidence,.md
docs/research_program/OPEN_ITEMS_LEDGER.md,666e8298cfad91f55795c6fcfd7b91784b90b3ad,8192,document_or_structured_evidence,.md
docs/research_program/THEOREM_REGISTRY.yaml,013905cbf682a17f442d9e5f029c1912de5491e7,40075,document_or_structured_evidence,.yaml
docs/research_program/THEOREM_SIGNATURES_V2.yaml,1cd023a8a0382960b31aafe4a9941863f1e7f836,39454,document_or_structured_evidence,.yaml
docs/research_program/advocate_rescue_divergence_20260714/00_process_contract.md,4cf04c29e6a98be6d274683cb5c984d5d21d3448,3985,document_or_structured_evidence,.md
docs/research_program/advocate_rescue_divergence_20260714/01_initial_crag_packet.json,c9455838d6d4bbd2113e16abb433c41c6c3297f5,94500,document_or_structured_evidence,.json
docs/research_program/advocate_rescue_divergence_20260714/02_legacy_git_archaeology.json,97b35d7b8c359bc1acb00c62f4b4a7439cbd3138,80572,document_or_structured_evidence,.json
docs/research_program/advocate_rescue_divergence_20260714/02_legacy_git_archaeology.md,593917145ef997a7ddac8016a856f062e9041da9,4592,document_or_structured_evidence,.md
docs/research_program/advocate_rescue_divergence_20260714/03_brainstorm_divergence_ledger.json,e47bba9936cf946e1166007b23d7bcf49a5635ce,217208,document_or_structured_evidence,.json
docs/research_program/advocate_rescue_divergence_20260714/04_debate_transcripts.json,1d0a2bec3d1d2ca2de3c117346faad7cf874b0cc,249342,document_or_structured_evidence,.json
docs/research_program/advocate_rescue_divergence_20260714/05_debate_synthesis.md,3f74753c9e007e9a5f9ef226870b8b9f1df8fdfd,4840,document_or_structured_evidence,.md
docs/research_program/advocate_rescue_divergence_20260714/06_final_crag.json,0b8a275056641770c2fb40afe4af09344cc685ce,39994,document_or_structured_evidence,.json
docs/research_program/advocate_rescue_divergence_20260714/07_ranked_candidate_ledger.json,6ae1dcf204ba5937ace79f49dee6f13a763ac822,26248,document_or_structured_evidence,.json
docs/research_program/advocate_rescue_divergence_20260714/07_ranked_candidate_ledger.md,df0982096e2d17de94fa2445de63cca86f9de90e,6935,document_or_structured_evidence,.md
docs/research_program/advocate_rescue_divergence_20260714/07b_completeness_critique.md,677e4917a1e192b9bd250596125db65f28f7d970,8308,document_or_structured_evidence,.md
docs/research_program/advocate_rescue_divergence_20260714/08_steelman_response_matrix.json,f9219c1bea984bf9dd21b53e5618ec5425840795,124784,document_or_structured_evidence,.json
docs/research_program/advocate_rescue_divergence_20260714/08_steelman_response_matrix.md,be217ed5fe7f9fa10d6809bfde68fac962d4669f,28548,document_or_structured_evidence,.md
docs/research_program/advocate_rescue_divergence_20260714/09_final_advocate_report.md,08c02c9347f47348d2c19ee1d5bd435aca2bbce3,8596,document_or_structured_evidence,.md
docs/research_program/advocate_rescue_divergence_20260714/README.md,d8070047701bd4c616ddc8458352b6d024b49091,3496,document_or_structured_evidence,.md
docs/research_program/advocate_rescue_divergence_20260714/WEB_LOCK.json,2d1661d52cc212859327737e544ffccc78c6ce2a,259,document_or_structured_evidence,.json
docs/research_program/advocate_rescue_divergence_20260714/frozen_non_overlap_set.json,e610ebda0d117ee8f78e88361afc163430a66463,10156,document_or_structured_evidence,.json
docs/research_program/egs2/BLOCKER_DISCHARGES.md,d1f85373d2845879ab55b690b99efb6d1717211e,2487,document_or_structured_evidence,.md
docs/research_program/egs2/CLAIM_LEDGER.yaml,eb28b56e818af053440ab494b89dd4e7d98e4218,2040,document_or_structured_evidence,.yaml
docs/research_program/egs2/NEXT_DAG.yaml,e74340673ebd8fa2d89a7ca264e542cbe17bb389,1715,document_or_structured_evidence,.yaml
docs/research_program/egs2/PRIOR_ART.md,ed4c543c175fc825ba57f8d0e49e6d0008f2a98a,4105,document_or_structured_evidence,.md
docs/research_program/egs2/README.md,e3a1c57982d25103df9135a7b2aa3c3696afa83c,2265,document_or_structured_evidence,.md
docs/research_program/egs2/THEOREM_MAP.md,c4dc24a5ab8bc0de68d69e135ede96f276ef482e,2891,document_or_structured_evidence,.md
docs/research_program/egs2/tickets/K5_release_matched_mocks.yaml,b2153381d6354e08a5c08456d6af36346ead7084,1101,document_or_structured_evidence,.yaml
docs/research_program/egs2/tickets/semi_native_shear_to_quadrupole.yaml,85367966d1622acaa9cec23801833e3bd197e93c,2045,document_or_structured_evidence,.yaml
docs/research_program/egs3/BLOCKER_SOLUTIONS.md,af5eb410266c9b334b7a688e16902407a439ec6e,1255,document_or_structured_evidence,.md
docs/research_program/egs3/CLAIM_LEDGER.yaml,a27afdf22cbfb45e655ce5f56692c55a0e29f380,33993,document_or_structured_evidence,.yaml
docs/research_program/egs3/DIVERGENCE.md,a1ae99d61d459fb967cfe0b37f31230ca7a2142a,1718,document_or_structured_evidence,.md
docs/research_program/egs3/FRAMEWORK_CRITIQUE_AND_REDESIGN.md,84b8f4d40e9a90944f0a60946147ca86dd030073,4147,document_or_structured_evidence,.md
docs/research_program/egs3/README.md,66449bd3d8870b74ed79b3d1d475e7145e9228ad,2526,document_or_structured_evidence,.md
docs/research_program/egs3/THEOREM_CANDIDATES.md,820af7e366e98b3d27e91318fac399e5b9e50a61,3161,document_or_structured_evidence,.md
docs/research_program/egs3/external_anisotropic_curvature_prior_survey.md,29fede8a99243a8153dd03abaff3b717e7be5cba,4005,document_or_structured_evidence,.md
docs/research_program/egs3/specs/v7/00_symbolic_lanes.md,ad9ccafad95d12157c710701c31bd88bf9196893,3552,document_or_structured_evidence,.md
docs/research_program/egs3/specs/v7/07_t3lin_realization.md,6a33bb91087af19b7b6e6951273dbb031f4393f8,4739,document_or_structured_evidence,.md
docs/research_program/egs3/tickets/act_dr6_kappa_isotropy.yaml,3ce976158c2b26b739b7460db50b256613ed7860,2480,document_or_structured_evidence,.yaml
docs/research_program/egs3/tickets/cf4_wfcr.yaml,a6c3352e220eead6e7c11728e0802b432c93377f,752,document_or_structured_evidence,.yaml
docs/research_program/egs3/tickets/desi_number_count_dipole.yaml,227957f79003253a1ab5589ac2398bd3487d4d6f,2588,document_or_structured_evidence,.yaml
docs/research_program/egs3/tickets/gf_interval_latent_quotient_bug.yaml,f242070ec42115505fa8854b07ea4cb2530774c3,4289,document_or_structured_evidence,.yaml
docs/research_program/egs3/tickets/k1_ffp10_npipe.yaml,c7f093ee9b6193cf2dd65823b4180d6e2366087c,1015,document_or_structured_evidence,.yaml
docs/research_program/egs3/tickets/k5_omega_k_higher_order_ceiling.yaml,ddb044d87667e14c6dd663da9223fca5e46fc8cc,6710,document_or_structured_evidence,.yaml
docs/research_program/egs3/tickets/mes_full_rederivation.yaml,8a79e7d05a64c68b5aa73d135760fabab438d653,7698,document_or_structured_evidence,.yaml
docs/research_program/egs3/tickets/psd_cone_redesign.yaml,1487688f5f80308658881f95658093cdff3d5a39,2339,document_or_structured_evidence,.yaml
docs/research_program/egs3/tickets/t3_king_ellis.yaml,554eedb08b5cc069abaa67a90e502b84a3f7e35c,10617,document_or_structured_evidence,.yaml
docs/research_program/egs3/tickets/teff_representative_nonclaims.yaml,c3724801bea30887e66ecb8734aa8ccc406e4e75,3719,document_or_structured_evidence,.yaml
docs/research_program/long_horizon_rescue/cf4_p0_legacy_package_hashes.json,7b367ef78c11c803b5effbca8614d62989a29024,6225,document_or_structured_evidence,.json
docs/research_program/long_horizon_rescue/cf4_p0_quarantine_policy.yaml,047ff367437afaf2c3d58232449bd25654254819,30399,document_or_structured_evidence,.yaml
docs/research_program/long_horizon_rescue/pr119_intake_reconciliation.json,ccbec803c20e0057fbd319fcbb39fa2946e6feb5,3936,document_or_structured_evidence,.json
docs/research_program/long_horizon_rescue/pr119_proposal_crosswalk.yaml,57ed318d0f29e09c651c4ab323cc12c308956707,4940,document_or_structured_evidence,.yaml
docs/research_program/long_horizon_rescue/pr119_spec.yaml,dbdb0ae968c49d3caaf7061d3ea299db3532bc3d,15319,document_or_structured_evidence,.yaml
docs/research_program/long_horizon_rescue/pr120_spec.yaml,73ad821fe1ce3946bd92cc66097909062889625a,4240,document_or_structured_evidence,.yaml
docs/research_program/long_horizon_rescue/pr121_spec.yaml,8aa012bd9f524a393e0993557945b30d3c761996,8107,document_or_structured_evidence,.yaml
docs/research_program/long_horizon_rescue/pr122_active_mes_consumers.yaml,dc769487525814ea6e3861022903592f86fd9be5,6298,document_or_structured_evidence,.yaml
docs/research_program/long_horizon_rescue/pr122_authority_snapshot.yaml,3e293d2ba8e464ad83ec0e4b1bf3d3cdf21864b3,2871,document_or_structured_evidence,.yaml
docs/research_program/long_horizon_rescue/pr122_spec.yaml,13320e8558b74b1d9c87c296c7854b5470453bd5,34807,document_or_structured_evidence,.yaml
docs/research_program/long_horizon_rescue/pr123_spec.yaml,903804725e3b8d0a7811abd4c7ae841d185b3c47,38678,document_or_structured_evidence,.yaml
docs/research_program/long_horizon_rescue/pr124_spec.yaml,92ca18f6c79215bfc73c617d03e190347babb6c5,21088,document_or_structured_evidence,.yaml
docs/research_program/long_horizon_rescue/pr125_spec.yaml,579075fbc4e68a66d143019e7f0164cd86c6e3c4,7403,document_or_structured_evidence,.yaml
docs/research_program/long_horizon_rescue/pr126_spec.yaml,0c46697dbc34810965ba642c0d062c2ed009752b,6492,document_or_structured_evidence,.yaml
docs/research_program/long_horizon_rescue/pr127_spec.yaml,fe422b0758afc152e3b40eb64f04ab32a00caba0,6999,document_or_structured_evidence,.yaml
docs/research_program/long_horizon_rescue/pr128_spec.yaml,94a6a5d1c8a2292a33aac9e712e8062b08091d16,8227,document_or_structured_evidence,.yaml
docs/research_program/long_horizon_rescue/pr129_spec.yaml,d45e07b411f672c293d49c217a7acc93f12c4383,8444,document_or_structured_evidence,.yaml
docs/research_program/long_horizon_rescue/pr130_spec.yaml,242c985602b633350d654dc153b4657c67c675c6,8799,document_or_structured_evidence,.yaml
docs/research_program/long_horizon_rescue/pr131_spec.yaml,957a745aef7442838f73771cd33b8a14af632b0b,10473,document_or_structured_evidence,.yaml
docs/research_program/long_horizon_rescue/pr132_spec.yaml,ac20702a4753cb5a806df315590913b76b99aff8,8794,document_or_structured_evidence,.yaml
docs/research_program/long_horizon_rescue/pr133_spec.yaml,3b82dda9e876d46066325e078ebd353c10e6e102,11474,document_or_structured_evidence,.yaml
docs/research_program/long_horizon_rescue/pr134_spec.yaml,56d512d5a8bd9cad168f7c9e20b71712380983d7,10275,document_or_structured_evidence,.yaml
docs/research_program/long_horizon_rescue/pr135_spec.yaml,372c16028be014863b65ed0dd21cca5e1f2a7c86,7484,document_or_structured_evidence,.yaml
docs/research_program/long_horizon_rescue/pr136_spec.yaml,5860b3fd30094177bc996207a248b40606cd79da,8364,document_or_structured_evidence,.yaml
docs/research_program/long_horizon_rescue/pr137_spec.yaml,67db0b103a65f61ea8ab089108dfb130432a8a33,8377,document_or_structured_evidence,.yaml
docs/research_program/long_horizon_rescue/pr138_spec.yaml,2d237b5b3b0893485741f293e2abdd7b1747a99a,7977,document_or_structured_evidence,.yaml
docs/research_program/long_horizon_rescue/pr139_spec.yaml,a01c6c6330616be839dc80bdd4f305307574c271,8823,document_or_structured_evidence,.yaml
docs/research_program/long_horizon_rescue/pr140_spec.yaml,a9394bc1fbc2ad540dd017640f24c0111e886c83,8528,document_or_structured_evidence,.yaml
docs/research_program/long_horizon_rescue/pr141_spec.yaml,47e660b7ff33990947661359b31ee506323cbeae,9470,document_or_structured_evidence,.yaml
docs/research_program/long_horizon_rescue/pr142_spec.yaml,8c281ab163a7cfbf8d3e7035408cbd79551dd710,7510,document_or_structured_evidence,.yaml
docs/research_program/long_horizon_rescue/pr143_spec.yaml,95e1eb807182873b7ca97f560ca04f171ccca96f,7436,document_or_structured_evidence,.yaml
docs/research_program/long_horizon_rescue/pr144_spec.yaml,d02a2607e143c4f174cfc3a9286312bfff2d2318,7219,document_or_structured_evidence,.yaml
docs/research_program/long_horizon_rescue/pr145_spec.yaml,52c7e54e5fcd72c5499d3ef54cc158755a699755,8304,document_or_structured_evidence,.yaml
docs/research_program/long_horizon_rescue/pr146_spec.yaml,eb98ff2a0e9590a2c4823f971f68365354b06b14,9807,document_or_structured_evidence,.yaml
docs/research_program/long_horizon_rescue/pr147_spec.yaml,9be8185779d45a223deac57bf4f02d1392c34f9e,8966,document_or_structured_evidence,.yaml
docs/research_program/long_horizon_rescue/pr148_spec.yaml,8e1b894a73885e83673ad7748ccded02aef1e7ae,7133,document_or_structured_evidence,.yaml
docs/research_program/long_horizon_rescue/pr149_spec.yaml,7209c2628979916c6b02d86511862eba4f8c16e7,6797,document_or_structured_evidence,.yaml
docs/research_program/long_horizon_rescue/pr150_spec.yaml,805f96a9a1d8efac2bfe8b832a494af652155dd0,6980,document_or_structured_evidence,.yaml
docs/research_program/long_horizon_rescue/pr151_spec.yaml,63c3b7433683a1c918d292d607a9492e689baad3,5193,document_or_structured_evidence,.yaml
docs/research_program/long_horizon_rescue/pr152_spec.yaml,5a199ddaf09d4fed815e226430cce925e908d25f,9344,document_or_structured_evidence,.yaml
docs/research_program/long_horizon_rescue/pr153_spec.yaml,72c768e1e915681670ec53f425c7161203fa7ba0,9000,document_or_structured_evidence,.yaml
docs/research_program/long_horizon_rescue/pr154_spec.yaml,9a90baa6622d439c3551b7255af9fb0f8ce07d29,12007,document_or_structured_evidence,.yaml
docs/research_program/long_horizon_rescue/pr167_spec.yaml,bc15b9cfcfce43d46e007335cd24eb8360860416,11534,document_or_structured_evidence,.yaml
docs/research_program/long_horizon_rescue/pr168_active_b_accel_consumers.yaml,a44e302a72fa7ab9029e48b4ce6930acbb4e2e9a,6289,document_or_structured_evidence,.yaml
docs/research_program/long_horizon_rescue/pr168_spec.yaml,27a63f3cde56060c824b48466f57341fb824df81,9177,document_or_structured_evidence,.yaml
docs/research_program/long_horizon_rescue/pr169_primary_source_provenance.yaml,65a413d0107bbe48f1cde41d72e178787a2c4352,3149,document_or_structured_evidence,.yaml
docs/research_program/long_horizon_rescue/pr169_spec.yaml,504d35721797efae93f937780599730fa4f16ab0,9657,document_or_structured_evidence,.yaml
docs/research_program/long_horizon_rescue/pr170_primary_source_provenance.yaml,3226cdb21d28316967bd18f01436ec3f81bc8510,6875,document_or_structured_evidence,.yaml
docs/research_program/long_horizon_rescue/pr170_spec.yaml,b6158a9d199ae29f959344c121ea8121e8407e99,7369,document_or_structured_evidence,.yaml
docs/research_program/long_horizon_rescue/pr170_spec_erratum.yaml,f02f1d8cd1dea4d4b894b872b2f82d69baeab2e9,1293,document_or_structured_evidence,.yaml
docs/research_program/long_horizon_rescue/pr171_primary_source_provenance.yaml,a4f451f8d715a0a3c015ef8c89507959352e4919,3775,document_or_structured_evidence,.yaml
docs/research_program/long_horizon_rescue/pr171_spec.yaml,eca7b66e15b3245ed7046c30d52b904dbd19ba40,8093,document_or_structured_evidence,.yaml
docs/research_program/long_horizon_rescue/pr171_spec_erratum.yaml,dd14d3b8e8e85c51d96c4e4979c7bcf30dbca780,1984,document_or_structured_evidence,.yaml
docs/research_program/long_horizon_rescue/pr172_spec.yaml,0cbb5a7688e4added93d70238ca860dba83ceaf5,10489,document_or_structured_evidence,.yaml
docs/research_program/long_horizon_rescue/pr173_spec.yaml,5aeb538fd4e6669d4909d77105de5d7f665c803d,9957,document_or_structured_evidence,.yaml
docs/research_program/long_horizon_rescue/pr174_spec.yaml,9afc35c4e1f77556727bef2955ff71d161f5771c,7727,document_or_structured_evidence,.yaml
docs/research_program/long_horizon_rescue/pr175_spec.yaml,ebdcd1a94f8c91c479ee979c8ca153983144e55e,6465,document_or_structured_evidence,.yaml
docs/research_program/long_horizon_rescue/pr175_spec_erratum.yaml,9a57722734d96a9af7769a4c13906ccc6e21945b,4690,document_or_structured_evidence,.yaml
docs/research_program/long_horizon_rescue/pr176_spec.yaml,68ceb3d8f6fa60cd6921f619786009e737c450ca,12073,document_or_structured_evidence,.yaml
docs/research_program/long_horizon_rescue/pr176_spec_erratum.yaml,f4dd113fd29018652777ee764778aeb221983255,2322,document_or_structured_evidence,.yaml
docs/research_program/long_horizon_rescue/pr177_spec.yaml,dd0e4f8eb6ca19290dde26ff9d6b7794df3d46f1,11980,document_or_structured_evidence,.yaml
docs/research_program/long_horizon_rescue/pr179_spec.yaml,daf936d9a1949d29fde24086fb1061e2182343ac,13461,document_or_structured_evidence,.yaml
docs/research_program/long_horizon_rescue/pr180_spec.yaml,6c55c88daa112991d66608f9275ca1d47c70dd7e,5519,document_or_structured_evidence,.yaml
docs/research_program/long_horizon_rescue/pr182_spec.yaml,754c48c00d2050b5f4807f010033c269cafacf41,6513,document_or_structured_evidence,.yaml
docs/research_program/long_horizon_rescue/pr182_spec_erratum.yaml,7010f9e9a58090452d3fcedf7348bf116072616a,5036,document_or_structured_evidence,.yaml
docs/research_program/long_horizon_rescue/pr184_spec.yaml,e8db8115c4caf3c00a6f2f2a558bc8e8967441c3,3850,document_or_structured_evidence,.yaml
docs/research_program/long_horizon_rescue/pr204_spec.yaml,15390af971891ff86102d375d9ffe05f140e5c85,3650,document_or_structured_evidence,.yaml
docs/research_program/mes_r7/README.md,b983af6f91dc6016345e85cc0fbda326eded1926,9672,document_or_structured_evidence,.md
docs/research_program/pr04/CLAIM_AND_STOP_GATES.md,d743e2ce644bdc9d5348562dc82d74355b43344a,1091,document_or_structured_evidence,.md
docs/research_program/pr04/COMPLETION_STATUS.md,e1c9e78013a84e57a4da203ffc8e67aacfa6e978,1266,document_or_structured_evidence,.md
docs/research_program/pr04/DATA_ACQUISITION_STATUS.md,7ffc85b9b40046fa1fd65c2cb855df4fc81f878c,3097,document_or_structured_evidence,.md
docs/research_program/pr04/LOCAL_REPO_EXECUTION_SCHEDULE.md,781d65c4d982f8ff45d70e8e903ae25283137c4e,2080,document_or_structured_evidence,.md
docs/research_program/pr04/LOCAL_REPO_RUNBOOK.md,b3eddfd44f36c46b4ca5738b922696b28b5a04bf,3175,document_or_structured_evidence,.md
docs/research_program/pr04/LR06_TICKET_LEDGER.md,515ffda7877c5a084e814f3f2b98c0e149482a43,4154,document_or_structured_evidence,.md
docs/research_program/pr04/PAPER_EXIT_CRITERIA.md,382c4536496d105c47fb2c4b9f177ea1549f3fa7,1679,document_or_structured_evidence,.md
docs/research_program/pr04/PAPER_THEOREM_MAP.md,7ca5382bf412b9ed7b6a68f56c6480842c0d6b13,6499,document_or_structured_evidence,.md
docs/research_program/pr04/RAW_DATA_DELEGATION.md,9d47401b7f5fd536b55c11f81e9d206f6c1789c0,806,document_or_structured_evidence,.md
docs/research_program/pr04/REHEARSAL_REPORT.md,d711ca9ec25150f47554a8e178cf1342d67f6965,1309,document_or_structured_evidence,.md
docs/research_program/pr04/RUST_HANDOFF_BOUNDARY.md,326c4daea8c568f48014b492ee32008f4580b3ec,876,document_or_structured_evidence,.md
docs/research_program/pr04/RUST_NEW_PROJECT_DESIGN.md,0831313e9a8d238f87543a23449226676afe4e13,3304,document_or_structured_evidence,.md
docs/research_program/pr04/WEB_TOOLING_NOTES.md,1ca83b76c3aa4533e38eb3587a6d396735525af0,696,document_or_structured_evidence,.md
docs/research_program/pr04/htt_pr04_research_audit_package_manifest.json,84f51e97adc0eb1eed9e125f902c1cc75b94d345,116566,document_or_structured_evidence,.json
docs/research_program/pr04/htt_pr04_research_audit_prompt.md,a026bbcf09f0b43fed6fc85b26b903f0dd2912a8,2890,document_or_structured_evidence,.md
docs/research_program/pr07/AGENT_SKILL_MAP.md,fd61759cd74f0004d1a1fa4d1a1e27030ceb49cc,3387,document_or_structured_evidence,.md
docs/research_program/pr07/BLOCKER_RESOLUTION_MATRIX.md,e6303e976f404a6b40e4e510f8bc3f4f663910b6,2674,document_or_structured_evidence,.md
docs/research_program/pr07/CLAIM_GATES.md,748de37f0d90798069ae3963c292221724036de3,1753,document_or_structured_evidence,.md
docs/research_program/pr07/DEPENDENCY_SCHEDULE.md,2ed385dabffe6d5c9b61b9a599f6164ec6cb8853,1280,document_or_structured_evidence,.md
docs/research_program/pr07/PAPER_FREEZE_PR07_007_008.md,ffae4144819e047ad4f1272bb95d58ce4ed0a979,1747,document_or_structured_evidence,.md
docs/research_program/pr07/PR08-005_2MRS_CROSS_RECONSTRUCTION_CONTRACT.md,8a0f7e3ac276dc6ffc461524e94e01cc2bf00801,1709,document_or_structured_evidence,.md
docs/research_program/pr07/PR_LIST.md,e80b71b53b4974347f3f56d7b9fbc01e4d8c0c2b,5131,document_or_structured_evidence,.md
docs/research_program/pr07/README.md,30c304c3a4c1763d9f9a001c84ec145d4de18dbb,1595,document_or_structured_evidence,.md
docs/research_program/pr07/WEB_CRAG_LEDGER.md,ef5b2b6719b590e45ba5bd445f46c565b66e53ae,2370,document_or_structured_evidence,.md
docs/research_program/pr07/pr_registry.yaml,42d6476d1a390eadfbab5f29748a506e1c69acee,2963,document_or_structured_evidence,.yaml
docs/research_program/pr07/tickets/PR08-001.yaml,f456b5c3d30eda446e5ff80b2c8b7f3506ecf40e,797,document_or_structured_evidence,.yaml
docs/research_program/pr07/tickets/PR08-003.yaml,f5b5367c6f6cb678817e0bf4556aec81f3a93eb8,680,document_or_structured_evidence,.yaml
docs/research_program/pr07/tickets/PR08-004.yaml,a6414b313342b127a005ab447c4c8bf7c14552ca,744,document_or_structured_evidence,.yaml
docs/research_program/pr07/tickets/PR08-006.yaml,fe4c1c1e8556683e974fb47f6d7e152ca1873f6f,977,document_or_structured_evidence,.yaml
docs/research_program/pr07/tickets/PR10-solver.yaml,76a691aff90a7a5721b846246d3acde81434ef3a,861,document_or_structured_evidence,.yaml
docs/research_program/pr07/web_sources.json,e0143584735d51706e33caa60073ade1844bd8d0,1970,document_or_structured_evidence,.json
docs/research_program/publishable_analysis_pack_2026-06-26/AGENT_ORCHESTRATION.md,e68246ac2514d197ab01a2479538a57f2046f20c,1885,document_or_structured_evidence,.md
docs/research_program/publishable_analysis_pack_2026-06-26/BLOCKER_EXECUTION_GUIDE.md,d21ae1f040c80ce67f25f76c255371c5103e93ca,2801,document_or_structured_evidence,.md
docs/research_program/publishable_analysis_pack_2026-06-26/CLAIM_LEDGER.yaml,f399b2ecdc9b6af4bc440a6e608a759bef5c3008,1736,document_or_structured_evidence,.yaml
docs/research_program/publishable_analysis_pack_2026-06-26/MANIFEST.json,c55d76059b0a83b39df3d51064b24113db0849c6,2987,document_or_structured_evidence,.json
docs/research_program/publishable_analysis_pack_2026-06-26/README.md,bc39298b04c7e7999808e831e719a665698ab78e,3759,document_or_structured_evidence,.md
docs/research_program/publishable_analysis_pack_2026-06-26/RESEARCH_DIRECTION.md,bbb376f9edb1fedc0a1c18b9244fa80998692d40,4364,document_or_structured_evidence,.md
docs/research_program/publishable_analysis_pack_2026-06-26/SUBAGENT_SYNTHESIS.md,0ac09a281ad6797f85abd68a4c4078abeed86a19,6366,document_or_structured_evidence,.md
docs/research_program/publishable_analysis_pack_2026-06-26/THEOREM_CANDIDATES.md,d08f398e74652e2d39f65633dbf04251d07143db,5952,document_or_structured_evidence,.md
docs/research_program/publishable_analysis_pack_2026-06-26/WEB_CRAG_LEDGER.md,4a3be32ecf3e7c8860c8feffd82d62ed7752d40f,2120,document_or_structured_evidence,.md
docs/research_program/publishable_analysis_pack_2026-06-26/examples/cf4_realization_manifest.example.json,f80eecf0513533532c98aad59dda6b0da8b65ead,799,document_or_structured_evidence,.json
docs/research_program/publishable_analysis_pack_2026-06-26/examples/cf4_release_mock_manifest.example.json,eaff919813a33d84771573384f47a4e95baf011b,820,document_or_structured_evidence,.json
docs/research_program/publishable_analysis_pack_2026-06-26/examples/k1_e2e_manifest.example.json,bcac0b25186d1e3691dac960e73660a321cbf9bd,860,document_or_structured_evidence,.json
docs/research_program/publishable_analysis_pack_2026-06-26/outputs/candidate_experiments.json,198bce923e296aa8abaddc45674f734daba8376e,2108,document_or_structured_evidence,.json
docs/research_program/referee_seeded_20260907/00_MASTER_PLAN_KO.md,861eaa1c7090faaa2c39dd4c42ebbb9c2f231ab9,17002,document_or_structured_evidence,.md
docs/research_program/referee_seeded_20260907/01_DERIVATIONS_AND_REVIEW.md,5b569717b85be2aa4849da0f711ea916a5217337,20049,document_or_structured_evidence,.md
docs/research_program/referee_seeded_20260907/02_REUSE_AND_EXECUTION_CONTRACT.md,627ab2f58b6dde9cfcea7e751e683e6f9bdf5431,21793,document_or_structured_evidence,.md
docs/research_program/referee_seeded_20260907/03_PROGRAM_DAG.yaml,1dfe55d6228841c14c547cdaf8364758c8bcddea,10300,document_or_structured_evidence,.yaml
docs/research_program/revival/pr209_spec.yaml,bd0680e5b7d3b633708ec0e7966e1b029392c484,1538,document_or_structured_evidence,.yaml
docs/research_program/revival/pr210_spec.yaml,f586aea851e42924ed273ec4d4db809f35b98beb,1206,document_or_structured_evidence,.yaml
docs/research_program/revival/pr211_spec.yaml,21735d5e7d35dde34794dd213dfdfee84cf69497,1227,document_or_structured_evidence,.yaml
docs/research_program/revival/pr212_spec.yaml,9c232f8dc28e08d576f0e971f99060f71405fd99,1103,document_or_structured_evidence,.yaml
docs/research_program/revival/pr213_spec.yaml,3e47cd2c96212f22492c6415f7cb8f75320b5ef8,994,document_or_structured_evidence,.yaml
docs/research_program/revival/pr214_spec.yaml,7b48371de70bf0c0dcc74edc02acd60027e00d2a,1128,document_or_structured_evidence,.yaml
docs/research_program/revival/pr215_spec.yaml,bef7c39320911c3c335c9b882284010b290697e2,959,document_or_structured_evidence,.yaml
docs/research_program/revival/pr216_spec.yaml,c0dc893ab2b7800632c6084eab408ef3c6ae0944,938,document_or_structured_evidence,.yaml
docs/research_program/revival/pr217_spec.yaml,d4073c538b077dfede5964da73820a806d72c412,1188,document_or_structured_evidence,.yaml
docs/research_program/revival/pr218_spec.yaml,9f1b62ec7b6a92368f071fcd6dbc0afdeee1dd89,917,document_or_structured_evidence,.yaml
docs/research_program/revival/pr219_spec.yaml,b1958f7ad1c186a06016d014606e9e2f3edea2d4,1002,document_or_structured_evidence,.yaml
docs/research_program/revival/pr220_spec.yaml,1ced334e39cd024d464b27ab3026ec570957c941,977,document_or_structured_evidence,.yaml
docs/research_program/revival/pr221_spec.yaml,a6e35503e4a4692c8e87c201174ea90250bc4e93,890,document_or_structured_evidence,.yaml
docs/research_program/revival/pr222_spec.yaml,1bbf8f23fd4effaae60dfc34868bbd33793a613d,964,document_or_structured_evidence,.yaml
docs/research_program/revival/pr223_spec.yaml,37976b4480747b479bb2816b3f239bec46a97436,1093,document_or_structured_evidence,.yaml
docs/research_program/revival/pr224_spec.yaml,d64edbedba5a1c31ba91591221fd9f0b31ba9ba1,1014,document_or_structured_evidence,.yaml
docs/research_program/revival/pr225_spec.yaml,543283306fa652b293701944e6c7117dd2cc18c0,1003,document_or_structured_evidence,.yaml
docs/research_program/revival/pr226_spec.yaml,aff46f8eb31bf91316f7c30cfc5a4e9d77f751b8,1055,document_or_structured_evidence,.yaml
docs/research_program/revival/pr227_spec.yaml,5dbe4dfd8dd5299eaeba60012aed4d89529866a0,845,document_or_structured_evidence,.yaml
docs/research_program/revival/pr228_spec.yaml,0850e68d7ddc8dd4129e5623e2cac40014b64ae3,911,document_or_structured_evidence,.yaml
docs/research_program/strengthening/pr185_spec.yaml,8f1fb802dfd57bea53ebbd53e550015ef9f63b14,4234,document_or_structured_evidence,.yaml
docs/research_program/strengthening/pr186_spec.yaml,010370d78fd3d81cf33a886ec14d96e4cf82714f,2509,document_or_structured_evidence,.yaml
docs/research_program/strengthening/pr186_spec_erratum.yaml,72a5a6848c2c742c487f4045a2ad5f06dd6af4a4,1217,document_or_structured_evidence,.yaml
docs/research_program/strengthening/pr187_spec.yaml,c2d34e2c501a2f434e8faa7049278b3646c1f4ee,3098,document_or_structured_evidence,.yaml
docs/research_program/strengthening/pr188_spec.yaml,f72190c1f6f255ed6abe7be86761e0f75bea7fe7,2948,document_or_structured_evidence,.yaml
docs/research_program/strengthening/pr189_spec.yaml,02ae68a8c5000e343fe1fd6f650043d51240853f,2250,document_or_structured_evidence,.yaml
docs/research_program/strengthening/pr197_spec.yaml,526b87d1039ec6dff02a2cccd91d5ab29f88f692,2692,document_or_structured_evidence,.yaml
docs/research_program/strengthening/pr200_spec.yaml,94e470c352322458b43336b819cedbca2799832b,1992,document_or_structured_evidence,.yaml
docs/research_program/tensor_joint_r7/DESIGN.md,a1286345ad91777b445e335d5cc0d2ddc7068d85,17904,document_or_structured_evidence,.md
docs/research_program/tensor_joint_r7/EVIDENCE_REPAIR_20260909.md,53e839aaf5a5c175122cf0f9dbc2977139f384ce,6673,document_or_structured_evidence,.md
docs/research_program/tensor_joint_r7/FAILURE_LOG.md,d56dca84309c9ec30be52655c36818312c7494da,448,document_or_structured_evidence,.md
docs/research_program/tensor_joint_r7/LOCAL_CODEX_PLAN.md,13c93ca6bce74a69dd1c3198160a47fe7662bedb,20156,document_or_structured_evidence,.md
docs/research_program/tensor_joint_r7/OWNED_ASSETS.md,318a171f6932412e7d540f60ec74a5aaf250525a,15219,document_or_structured_evidence,.md
docs/research_program/tensor_joint_r7/PLANS.md,52e89fe92a50ec3f755d1645462880f9313b39d4,930,document_or_structured_evidence,.md
docs/research_program/tensor_joint_r7/R3_MODEL_REFERENCE.md,0c669649a4d0c7c59d669612f29ee1efa3223f87,19649,document_or_structured_evidence,.md
docs/research_program/tensor_joint_r7/README.md,e56b4a8f37c2110a1d35695dbea9964623beede8,5306,document_or_structured_evidence,.md
docs/research_program/tensor_joint_r7/REUSE_MAP.md,cda1918440f56c4f6b0ce36116c6cdbcd21ad12e,11459,document_or_structured_evidence,.md
docs/research_program/tensor_joint_r7/REVIEW_RESPONSE.md,d994f1d99e263b5d63c62441d0740fe317a41616,8871,document_or_structured_evidence,.md
docs/research_program/tensor_joint_r7/RUN_STATE.md,6a32e2a831898f080fe032bfc3fb0051ea514c80,915,document_or_structured_evidence,.md
docs/research_program/tensor_joint_r7/SCIENTIFIC_CONTRACT.md,3871610fbda5905e42f40e587f081c234d31c49d,7824,document_or_structured_evidence,.md
docs/research_program/tensor_joint_r7/THEORY.md,166e38093a4eed7a4bd4f59848c8eecbc96b6e3c,22921,document_or_structured_evidence,.md
docs/research_program/tensor_joint_r7/VALIDATION_MATRIX.md,df53a18744c4c3cc01e8b580a330deccad6677e4,10545,document_or_structured_evidence,.md
docs/research_program/tensor_joint_r7/campaign_dag.json,f4a99407e60ca03347f0c2a5029a0394ffbfcf29,29868,document_or_structured_evidence,.json
docs/research_program/tensor_joint_r7/state/CLOSEOUT.md,315672f6eddbc6ba7277a10cb7f8daae45710dda,5277,document_or_structured_evidence,.md
docs/research_program/tensor_joint_r7/state/DECISION_LOG.md,b77c3ea11da053ad8004c24ea72979b1ea91b8a8,3294,document_or_structured_evidence,.md
docs/research_program/tensor_joint_r7/state/EVIDENCE_LEDGER.md,b256f1f7311e2aad449cdfcc81bb16ac8b7148ea,5718,document_or_structured_evidence,.md
docs/research_program/tensor_joint_r7/state/HYPOTHESIS_GRAPH.md,44ef7fe3cd0c403ff4a88aaff6b375bee17c642e,2664,document_or_structured_evidence,.md
docs/research_program/tensor_joint_r7/state/NEGATIVE_RESULTS.md,816416af53b14438690487fd74f808cbeaafb83d,2077,document_or_structured_evidence,.md
docs/research_program/tensor_joint_r7/state/RESEARCH_STATE.md,67d05663395fd00f7dfdaa9fd43fdee7c6e95f1f,1874,document_or_structured_evidence,.md
docs/research_program/tensor_joint_r7/state/REVIEW_RECORD.md,f86f35ec1781121ea5b8ad147cef5e1e4d093a93,3032,document_or_structured_evidence,.md
docs/research_program/tensor_joint_r7/state/WORKSTATION_EXECUTION.json,52d5a5f9017d1c8db7bbfb7be43cf35f27754b84,8319,document_or_structured_evidence,.json
docs/research_program/tensor_joint_r8/ASSET_REUSE.md,287778d0b379504d55922fb085ddc66ddbd26446,8960,document_or_structured_evidence,.md
docs/research_program/tensor_joint_r8/CODE_TASK.md,8e1de03b3d0ff65a14dcc40d900cee7dd0834c1b,1288,document_or_structured_evidence,.md
docs/research_program/tensor_joint_r8/DESIGN.md,333e889727915d2293745edb262e964925ff21ad,12339,document_or_structured_evidence,.md
docs/research_program/tensor_joint_r8/HARNESS_UPDATE.md,299e177b4540a58e17570b306a7371e71fba57b9,4060,document_or_structured_evidence,.md
docs/research_program/tensor_joint_r8/IMPLEMENTATION_STATUS.md,c80d465dff9ae4a4c147c4e88d0601c48c08d768,6323,document_or_structured_evidence,.md
docs/research_program/tensor_joint_r8/LOCAL_CODEX_PLAN.md,2f9c7c1458eb312d68434b3e0a0e383a8b3df17c,16619,document_or_structured_evidence,.md
docs/research_program/tensor_joint_r8/README.md,c3d4653065b801b2dee6a6d28dd75c16d2e2a873,3608,document_or_structured_evidence,.md
docs/research_program/tensor_joint_r8/REVIEW_RECORD.md,8b6e8d7b51564928d50d599e58f815fc6d3ad31b,3611,document_or_structured_evidence,.md
docs/research_program/tensor_joint_r8/REVIEW_RESPONSE.md,eb63180e336716045bbc54e5294eb2cad2d4e990,3204,document_or_structured_evidence,.md
docs/research_program/tensor_joint_r8/SCIENTIFIC_CONTRACT.md,785bf7a6081019a74892e3e701013b5ade4debaa,6638,document_or_structured_evidence,.md
docs/research_program/tensor_joint_r8/THEORY.md,f90aeba66749b64cc4501915e5f8ac8d12d8766d,21346,document_or_structured_evidence,.md
docs/research_program/tensor_joint_r8/VALIDATION_MATRIX.md,f7f59b30da0e245c97b372535670923d2a0e217b,12644,document_or_structured_evidence,.md
docs/research_program/tensor_joint_r8/campaign_dag.json,11b2b6e15ea11ee2041814bfe280d9dc2264e0b3,46238,document_or_structured_evidence,.json
docs/research_program/tensor_joint_r8/reviews/assignment_design.json,924a644dbbb4c6c7972ff014b1080bb65960f410,1427,document_or_structured_evidence,.json
docs/research_program/tensor_joint_r8/reviews/assignment_math.json,827ba5c2c75217c949e93fe63002f9c9d82e1299,713,document_or_structured_evidence,.json
docs/research_program/tensor_joint_r8/reviews/design_confirmation.json,c9a0de6f1f725878408ef78acc52f4f26610f643,5607,document_or_structured_evidence,.json
docs/research_program/tensor_joint_r8/reviews/design_initial.json,cf419c94239e530c5495cb6e0e837da120a84116,9446,document_or_structured_evidence,.json
docs/research_program/tensor_joint_r8/reviews/math_confirmation.json,33d66d16a646a422bd86863a6a1d52acd2dbe3a7,4645,document_or_structured_evidence,.json
docs/research_program/tensor_joint_r8/reviews/math_initial.json,5c26830d778c11a09db8e54a5ab55959bb0019d9,13461,document_or_structured_evidence,.json
docs/research_program/tensor_joint_r8/reviews/structural_validation.json,8113c72d25ed0ce6a9384310837979a89e5e835e,392,document_or_structured_evidence,.json
docs/research_program/tensor_joint_r8/state/CLOSEOUT.md,7ab523ff00c45339eb2fec5493b6f0bd722952de,2454,document_or_structured_evidence,.md
docs/research_program/tensor_joint_r8/state/DECISION_LOG.md,c015d1351d589d746ba7ae022d9068475705cda6,2067,document_or_structured_evidence,.md
docs/research_program/tensor_joint_r8/state/EVIDENCE_LEDGER.md,68614ed0fab8b793e0ae9514d65c3f232f912778,5709,document_or_structured_evidence,.md
docs/research_program/tensor_joint_r8/state/HYPOTHESIS_GRAPH.md,d16ab3e4d64c5747f776f2e092922a6dae0a8567,1909,document_or_structured_evidence,.md
docs/research_program/tensor_joint_r8/state/NEGATIVE_RESULTS.md,3fdd1fac7d2506ae34970410b411df9a7b2c152d,1957,document_or_structured_evidence,.md
docs/research_program/tensor_joint_r8/state/RESEARCH_STATE.md,73ec44b0df43795f6a6b50aa8f4337358676b3e7,1461,document_or_structured_evidence,.md
docs/research_program/tensor_joint_r9/CMB_RESEARCH.md,254e9f3e2236e2e1963fe722d32b47426b323a6b,6883,document_or_structured_evidence,.md
docs/research_program/tensor_joint_r9/DESIGN.md,f907bcdc1ae130e47c05edc0239d6f154dc2fd05,12984,document_or_structured_evidence,.md
docs/research_program/tensor_joint_r9/HANDOFF_PROMPT.md,ac2a1c18ebfaa9981ad059ed608b80654b4a8318,28561,document_or_structured_evidence,.md
docs/research_program/tensor_joint_r9/README.md,83dd211130ffb82a9c40378a38ac57dc0adeeb30,4957,document_or_structured_evidence,.md
docs/research_program/tensor_joint_r9/RESEARCH_STATE.json,21456445a81362aa0d88a81e529e3e39c459d326,21427,document_or_structured_evidence,.json
docs/research_program/tensor_joint_r9/REVIEW.md,42634db5c16c7043ead6376fa6090c9bcce0af04,4964,document_or_structured_evidence,.md
docs/research_program/tensor_joint_r9/REVISION_SPEC.md,d2c3941bfe637fef0b8643110731b7ac43a1e20a,4317,document_or_structured_evidence,.md
docs/research_program/tensor_joint_r9/SCIENTIFIC_CONTRACT.md,aab735158910ba271cadea3d7efd9a2f0c3c6d55,5983,document_or_structured_evidence,.md
docs/research_program/tensor_joint_r9/SOURCE_MAP.json,d4d65bbee4141796ab1c37c1bd639fc63a25c581,12970,document_or_structured_evidence,.json
docs/research_program/tensor_joint_r9/THEORY.md,53f39fa80ec6fb65cb0be6bfa1fc4b3fe35c71e6,9095,document_or_structured_evidence,.md
docs/research_program/tensor_joint_r9/campaign_dag.json,71b8e9bcc947bce6f0820d78b7730e61e075e37d,33667,document_or_structured_evidence,.json
docs/research_program/tensor_joint_r9/evidence/cmb_research_checks.json,29b53784fd0f7ea3b0c73c7252a1d756ebf4acdf,3815,document_or_structured_evidence,.json
docs/research_program/tensor_joint_r9/evidence/dag_checks.json,ab4867bf7ef92cfa3fd6f4bc930775b7fb833ff9,1840,document_or_structured_evidence,.json
docs/research_program/tensor_joint_r9/evidence/external_context.json,ff991e2e52467b0b576b7afa52c581c02dd55af8,48844,document_or_structured_evidence,.json
docs/research_program/tensor_joint_r9/evidence/figure_manifest.json,bf598012237aa5c4aad968dd89888a0ad827ea12,535,document_or_structured_evidence,.json
docs/research_program/tensor_joint_r9/evidence/final_verification.json,71d8fed3640ef8d3c5b59e047ea424f1e48e7e83,2634,document_or_structured_evidence,.json
docs/research_program/tensor_joint_r9/evidence/research_checks.json,7dbcc6e522a65a17950ba05df2cf10df9574e270,8754,document_or_structured_evidence,.json
docs/research_program/tensor_joint_r9/evidence/wolfram_depth.json,2ecc74d47bc6a192f79070cc8e586f6b71da19c7,282,document_or_structured_evidence,.json
docs/research_program/tensor_joint_r9/evidence/wolfram_linear.json,8f3aebeaf8519f39e856af4a86008d49e9be2876,418,document_or_structured_evidence,.json
docs/research_program/tensor_joint_r9/reviews/cmb_derivation.json,868bc9a597a8065f07b237985c4bbab12a7a3502,46061,document_or_structured_evidence,.json
docs/research_program/tensor_joint_r9/reviews/decision.json,329f9717ef9c2ce7ecf32e5011549e31d32dab2d,24403,document_or_structured_evidence,.json
docs/research_program/tensor_joint_r9/reviews/products_derivation.json,79c179f296d17e8bb731eb5f0ca695e2622f15ac,49667,document_or_structured_evidence,.json
docs/research_program/tensor_joint_r9/reviews/response_derivation.json,c03300d7f3ac0e3d0d148ee06f975147bb2cdf61,39825,document_or_structured_evidence,.json
docs/research_program/tensor_joint_r9/revision2/MODEL_TO_DATA.md,c6b5b56d32b47c15568c1d4751b8c202b5f8e850,15257,document_or_structured_evidence,.md
docs/research_program/tensor_joint_r9/revision2/REVIEW.md,c2606110d78541ceb0518894104639114b372a46,8347,document_or_structured_evidence,.md
docs/research_program/tensor_joint_r9/revision2/THEORY_EXTENSION.md,72e5414fd71788f74d8b961ef706089371833c3c,12876,document_or_structured_evidence,.md
docs/research_program/tensor_joint_r9/revision2/ambient_fibre/PR_DELTA.md,12b8f287086ecda13b6032bbd7ab5e53b28a35bc,4272,document_or_structured_evidence,.md
docs/research_program/tensor_joint_r9/revision2/ambient_fibre/README.md,1c2f03c71616824f6e62850caa6680f34a010430,2850,document_or_structured_evidence,.md
docs/research_program/tensor_joint_r9/revision2/ambient_fibre/comparison.json,a6ca9a4988d2fc987896b8ca600f5d2dc8ac2f69,927,document_or_structured_evidence,.json
docs/research_program/tensor_joint_r9/revision2/ambient_fibre/execution.json,79ab2f5fcc00c6d4542903b9c77b5a7b7070e9e7,822,document_or_structured_evidence,.json
docs/research_program/tensor_joint_r9/revision2/ambient_fibre/hook_trust_approval.json,41ca11a16019feccdf500bbc351445a26c9f53d6,2769,document_or_structured_evidence,.json
docs/research_program/tensor_joint_r9/revision2/ambient_fibre/lowell.json,459c38135f84dca02fb30dded34f95c17560ea5c,15800,document_or_structured_evidence,.json
docs/research_program/tensor_joint_r9/revision2/ambient_fibre/progress.json,ca9fd614cb6b72a9f113e8e8da876e1c9dc5ded1,6102,document_or_structured_evidence,.json
docs/research_program/tensor_joint_r9/revision2/ambient_fibre/review_validation.json,09f4faff3e73ad532a4361b40396a4d3ef8b52c4,396,document_or_structured_evidence,.json
docs/research_program/tensor_joint_r9/revision2/ambient_fibre/system.json,f8410bd78bac4bbaa6cf3a5de3b737a5205c5c8d,15799,document_or_structured_evidence,.json
docs/research_program/tensor_joint_r9/revision2/ambient_fibre/validation.json,3134effe1c8783d9d57e655275f4d9db18e4bb9a,241,document_or_structured_evidence,.json
docs/research_program/tensor_joint_r9/revision2/depth_formal/ADJUDICATION.json,1a5c7be8994f9d1163b2b159f58384c289e81825,2487,document_or_structured_evidence,.json
docs/research_program/tensor_joint_r9/revision2/depth_formal/ADJUDICATION.md,6d8c48d7681bbebb34fc35919a2033cf0f9d11a5,6614,document_or_structured_evidence,.md
docs/research_program/tensor_joint_r9/revision2/depth_formal/CAS_D1.json,b2ed5809908c2d64e2eaaf385d1e09cc9330948c,7715,document_or_structured_evidence,.json
docs/research_program/tensor_joint_r9/revision2/depth_formal/CAS_D2.json,a214e459cc96544de544c0d4bb2d7d5bb14ea393,7814,document_or_structured_evidence,.json
docs/research_program/tensor_joint_r9/revision2/depth_formal/CAS_D3.json,9c9f9b5c3b08db799fc31b6d7e1cd37365ee7cbd,7965,document_or_structured_evidence,.json
docs/research_program/tensor_joint_r9/revision2/depth_formal/CAS_D4.json,02013168f2ef14b1975f08d7dcdb66d2e43d7eb9,8116,document_or_structured_evidence,.json
docs/research_program/tensor_joint_r9/revision2/depth_formal/OBLIGATIONS.md,69eaf8943d6cf979e5315627d34b14c090d03044,4133,document_or_structured_evidence,.md
docs/research_program/tensor_joint_r9/revision2/depth_formal/PR_DELTA.md,439f78dbb3e0dd4e2bd6af5e15ec3a6bc51dd5c4,4197,document_or_structured_evidence,.md
docs/research_program/tensor_joint_r9/revision2/depth_formal/READING_GUIDE.md,48a35dbf171d51ea552d8bda5b300e40b83a2379,2315,document_or_structured_evidence,.md
docs/research_program/tensor_joint_r9/revision2/depth_formal/adjudication_D1.json,59299283ce4406c47e6b8593cd104473a3155990,9718,document_or_structured_evidence,.json
docs/research_program/tensor_joint_r9/revision2/depth_formal/adjudication_D2.json,a06aeaa823a95e44f3fcf655db7636b93f6c251d,9863,document_or_structured_evidence,.json
docs/research_program/tensor_joint_r9/revision2/depth_formal/adjudication_D3.json,09cbf736588e6c919f6392fd815631c047724818,10286,document_or_structured_evidence,.json
docs/research_program/tensor_joint_r9/revision2/depth_formal/adjudication_D4.json,fd64da6a0fecdcdeb7d0449dee619f90b7865d44,9934,document_or_structured_evidence,.json
docs/research_program/tensor_joint_r9/revision2/depth_formal/binding_diagnosis/PR_DELTA.md,48919da6cc8f9c162317b7aff7738216ebd9889c,996,document_or_structured_evidence,.md
docs/research_program/tensor_joint_r9/revision2/depth_formal/binding_diagnosis/REPORT.md,0a00313e831d0b7cb1a4478f93d899cd5036ff9a,7975,document_or_structured_evidence,.md
docs/research_program/tensor_joint_r9/revision2/depth_formal/binding_diagnosis/STATUS.json,acc7110bffcea359c8d902aa5c7c92966ce5e898,3380,document_or_structured_evidence,.json
docs/research_program/tensor_joint_r9/revision2/depth_formal/binding_diagnosis/delivery_validation.json,8103cf9f1992dcfa37f1a99a770afe0bb562ecc5,3629,document_or_structured_evidence,.json
docs/research_program/tensor_joint_r9/revision2/depth_formal/binding_diagnosis/delivery_validation_initial.json,2b39845599dfa74e051781e64573db879ed5448b,3189,document_or_structured_evidence,.json
docs/research_program/tensor_joint_r9/revision2/depth_formal/binding_diagnosis/evidence.json,18ca1b03f2216c32959321a1d3ab355dbde09e57,22561,document_or_structured_evidence,.json
docs/research_program/tensor_joint_r9/revision2/depth_formal/binding_diagnosis/mlflow_session_analysis.json,8e1879546d0f3bf97afc33386ed63a434c5c6723,1970,document_or_structured_evidence,.json
docs/research_program/tensor_joint_r9/revision2/depth_formal/binding_diagnosis/official_continuation_probe.json,0a01a87b39dba8233aae626810242cb590906271,538,document_or_structured_evidence,.json
docs/research_program/tensor_joint_r9/revision2/depth_formal/block_bridge/PR_DELTA.md,facad59f9e3c5cf2dd3ab0f33cb79685fa805019,2144,document_or_structured_evidence,.md
docs/research_program/tensor_joint_r9/revision2/depth_formal/block_bridge/README.md,44c8a2cfaf6fdb77e066ed58dc919eb777e1b09e,6402,document_or_structured_evidence,.md
docs/research_program/tensor_joint_r9/revision2/depth_formal/block_bridge/REVIEW.md,3f8b4fbc62b85588f87d6785fc0f2ada24caa6be,2479,document_or_structured_evidence,.md
docs/research_program/tensor_joint_r9/revision2/depth_formal/block_bridge/STATUS.json,7900b3832d036a10c7e37e63f8e0d02136384c6e,4147,document_or_structured_evidence,.json
docs/research_program/tensor_joint_r9/revision2/depth_formal/block_bridge/attempt01/execution.json,f3329681364d4acdcd204ab47bb1d2e90c0ff0cc,8474,document_or_structured_evidence,.json
docs/research_program/tensor_joint_r9/revision2/depth_formal/block_bridge/attempt02/execution.json,02334c2a9ad66a05b88cc3919828bd54b38b35a8,1783,document_or_structured_evidence,.json
docs/research_program/tensor_joint_r9/revision2/depth_formal/block_bridge/attempt03/execution.json,33fbb8c81d00367a0f0f566a6c1af24157f5b029,5057,document_or_structured_evidence,.json
docs/research_program/tensor_joint_r9/revision2/depth_formal/block_bridge/attempt04/execution.json,c628645e8dec6b430201a62cf384e9e01a8cd2ec,2411,document_or_structured_evidence,.json
docs/research_program/tensor_joint_r9/revision2/depth_formal/block_bridge/attempt05/execution.json,1ff1e8673557f4769b8e70067fe2d940648edf26,1647,document_or_structured_evidence,.json
docs/research_program/tensor_joint_r9/revision2/depth_formal/block_bridge/attempt06/execution.json,8046e08971209c4a8bff995eba051fa65bcd9df9,1910,document_or_structured_evidence,.json
docs/research_program/tensor_joint_r9/revision2/depth_formal/block_bridge/delivery_validation.json,71cdd276e301547dc31491e2fa5e2c8724137f48,3311,document_or_structured_evidence,.json
docs/research_program/tensor_joint_r9/revision2/depth_formal/client_maintenance/INSTALLATION.json,637bf5f7e941c2ffdee94afce798d374b79d78cf,15876,document_or_structured_evidence,.json
docs/research_program/tensor_joint_r9/revision2/depth_formal/client_maintenance/PR_DELTA.md,dfe2ff8183b9cd81d87d167fd996304ad7a6c5c4,533,document_or_structured_evidence,.md
docs/research_program/tensor_joint_r9/revision2/depth_formal/client_maintenance/README.md,495dae2e520f6cce4e2dbe03fea97835474b50fe,2509,document_or_structured_evidence,.md
docs/research_program/tensor_joint_r9/revision2/depth_formal/client_maintenance/STATUS.json,087d6c56beaf2a3133bc62f1f1d3962a149e0d23,1284,document_or_structured_evidence,.json
docs/research_program/tensor_joint_r9/revision2/depth_formal/client_maintenance/delivery_validation.json,6f1bcbab5d2fa04d128ba66e0d1d4830f6c534cb,497,document_or_structured_evidence,.json
docs/research_program/tensor_joint_r9/revision2/depth_formal/delivery_validation.json,3ea1c33521bf3408edff1bacbeb7c7ee51f19286,2030,document_or_structured_evidence,.json
docs/research_program/tensor_joint_r9/revision2/depth_formal/gaussian_support/README.md,df95efb06432c63100aec25b3659e1dae5b54ed3,7656,document_or_structured_evidence,.md
docs/research_program/tensor_joint_r9/revision2/depth_formal/gaussian_support/STATUS.json,c20e08476b650434058983b3313a13ec1d87a48c,2772,document_or_structured_evidence,.json
docs/research_program/tensor_joint_r9/revision2/depth_formal/gaussian_support/attempt01/execution.json,3731272d6d6b4682d6249e018a9149d57b5476e4,5727,document_or_structured_evidence,.json
docs/research_program/tensor_joint_r9/revision2/depth_formal/gaussian_support/attempt02/execution.json,0fa3f785b6f8ecf11425d257e922b4594973a49f,6177,document_or_structured_evidence,.json
docs/research_program/tensor_joint_r9/revision2/depth_formal/gaussian_support/attempt03/execution.json,2739c6fdca4d5dc752dc61fb8f658bff84a66894,1610,document_or_structured_evidence,.json
docs/research_program/tensor_joint_r9/revision2/depth_formal/gaussian_support/attempt04/execution.json,df0c8ce47113e548ff1d9eaedf27fb70a43a183e,1374,document_or_structured_evidence,.json
docs/research_program/tensor_joint_r9/revision2/depth_formal/gaussian_support/attempt05/execution.json,9ac69f2002a06e71cc0b475ff5ce406d24c0d3a0,2086,document_or_structured_evidence,.json
docs/research_program/tensor_joint_r9/revision2/depth_formal/gaussian_support/attempt06/execution.json,e10c5d1f43afc11d2e4c71b2d4cf07604571dc90,2652,document_or_structured_evidence,.json
docs/research_program/tensor_joint_r9/revision2/depth_formal/gaussian_support/attempt07/execution.json,d1edea6555eca0e009f56475997b49bac9e66556,1857,document_or_structured_evidence,.json
docs/research_program/tensor_joint_r9/revision2/depth_formal/gaussian_support/attempt08/execution.json,d0c7cccaa63b5ffd1f449967ee572502a0fabedc,3357,document_or_structured_evidence,.json
docs/research_program/tensor_joint_r9/revision2/depth_formal/gaussian_support/attempt09/execution.json,b285bda06f1e16097984a09873fef007580e605c,3192,document_or_structured_evidence,.json
docs/research_program/tensor_joint_r9/revision2/depth_formal/gaussian_support/attempt10/execution.json,4a088698cc1b8b836bd763b85fad7e147e10c16a,2054,document_or_structured_evidence,.json
docs/research_program/tensor_joint_r9/revision2/depth_formal/gaussian_support/codex_only_continuation.json,98f17e13cb39fd4723ba91a76f550dea4d5407ea,3429,document_or_structured_evidence,.json
docs/research_program/tensor_joint_r9/revision2/depth_formal/gaussian_support/fallback.json,d6a1c10fc00bb4e6519c1763da6058c9f766b516,446,document_or_structured_evidence,.json
docs/research_program/tensor_joint_r9/revision2/depth_formal/gaussian_support/final/execution.json,f69efe9c7d9e9760d36d9e2bd66a66c487a0a77e,2708,document_or_structured_evidence,.json
docs/research_program/tensor_joint_r9/revision2/depth_formal/gaussian_support/validation.json,1aa27e37128124845ec673fab52f1e61e7d06862,748,document_or_structured_evidence,.json
docs/research_program/tensor_joint_r9/revision2/depth_formal/host_execution.json,0398c27b2609dfdf33a455210698a2f363974e20,2409,document_or_structured_evidence,.json
docs/research_program/tensor_joint_r9/revision2/depth_formal/host_execution/D1/lean/execution.json,83d7725a4ab92ab41e3d44c809ad03799ea93085,808,document_or_structured_evidence,.json
docs/research_program/tensor_joint_r9/revision2/depth_formal/host_execution/D1/lean/stderr.txt,e69de29bb2d1d6434b8b29ae775ad8c2e48c5391,0,document_or_structured_evidence,.txt
docs/research_program/tensor_joint_r9/revision2/depth_formal/host_execution/D1/lean/stdout.txt,d944532e6dc7328b87d767350201cd0acb251539,328,document_or_structured_evidence,.txt
docs/research_program/tensor_joint_r9/revision2/depth_formal/host_execution/D1/sage_singular/execution.json,03583da9fe670a9435a72ad8a1ad03af173d9353,754,document_or_structured_evidence,.json
docs/research_program/tensor_joint_r9/revision2/depth_formal/host_execution/D1/sage_singular/stderr.txt,e69de29bb2d1d6434b8b29ae775ad8c2e48c5391,0,document_or_structured_evidence,.txt
docs/research_program/tensor_joint_r9/revision2/depth_formal/host_execution/D1/sage_singular/stdout.txt,51592f61bf3bc7817ca488d13afbaa3a65eb7665,426,document_or_structured_evidence,.txt
docs/research_program/tensor_joint_r9/revision2/depth_formal/host_execution/D1/sympy/execution.json,635182c5a2bad8fa216eec67bee6a16198cd9b2f,676,document_or_structured_evidence,.json
docs/research_program/tensor_joint_r9/revision2/depth_formal/host_execution/D1/sympy/stderr.txt,e69de29bb2d1d6434b8b29ae775ad8c2e48c5391,0,document_or_structured_evidence,.txt
docs/research_program/tensor_joint_r9/revision2/depth_formal/host_execution/D1/sympy/stdout.txt,330460b3a9478a5166898c72f293202d15ac6018,176,document_or_structured_evidence,.txt
docs/research_program/tensor_joint_r9/revision2/depth_formal/host_execution/D1/wolfram_xact/execution.json,bb1706e6170324e74559690ae11f5584934ba670,638,document_or_structured_evidence,.json
docs/research_program/tensor_joint_r9/revision2/depth_formal/host_execution/D1/wolfram_xact/stderr.txt,e69de29bb2d1d6434b8b29ae775ad8c2e48c5391,0,document_or_structured_evidence,.txt
docs/research_program/tensor_joint_r9/revision2/depth_formal/host_execution/D1/wolfram_xact/stdout.txt,fd43945c970b034afdad7400ce2c91cc0c4ab7cf,611,document_or_structured_evidence,.txt
docs/research_program/tensor_joint_r9/revision2/depth_formal/host_execution/D2/lean/execution.json,fd2e897fbcf040a646cf933921eb911eee707b2e,809,document_or_structured_evidence,.json
docs/research_program/tensor_joint_r9/revision2/depth_formal/host_execution/D2/lean/stderr.txt,e69de29bb2d1d6434b8b29ae775ad8c2e48c5391,0,document_or_structured_evidence,.txt
docs/research_program/tensor_joint_r9/revision2/depth_formal/host_execution/D2/lean/stdout.txt,e1b6980004954353f962f38552f6fcb02b899c13,341,document_or_structured_evidence,.txt
docs/research_program/tensor_joint_r9/revision2/depth_formal/host_execution/D2/sage_singular/execution.json,5d8b28d0a520e450b17a37cbedd76068182f0eb5,753,document_or_structured_evidence,.json
docs/research_program/tensor_joint_r9/revision2/depth_formal/host_execution/D2/sage_singular/stderr.txt,e69de29bb2d1d6434b8b29ae775ad8c2e48c5391,0,document_or_structured_evidence,.txt
docs/research_program/tensor_joint_r9/revision2/depth_formal/host_execution/D2/sage_singular/stdout.txt,ec20c494072b18341caceb915dc1722cec3a0f87,453,document_or_structured_evidence,.txt
docs/research_program/tensor_joint_r9/revision2/depth_formal/host_execution/D2/sympy/execution.json,c279abd550ee9aa51925661b5b1310cdd1eed0dd,676,document_or_structured_evidence,.json
docs/research_program/tensor_joint_r9/revision2/depth_formal/host_execution/D2/sympy/stderr.txt,e69de29bb2d1d6434b8b29ae775ad8c2e48c5391,0,document_or_structured_evidence,.txt
docs/research_program/tensor_joint_r9/revision2/depth_formal/host_execution/D2/sympy/stdout.txt,2e5a7511dded187095b19bd21a2e9bebd7ab26c4,185,document_or_structured_evidence,.txt
docs/research_program/tensor_joint_r9/revision2/depth_formal/host_execution/D2/wolfram_xact/execution.json,150659ee170cd607bddfc1b337f1aef7d9802e75,638,document_or_structured_evidence,.json
docs/research_program/tensor_joint_r9/revision2/depth_formal/host_execution/D2/wolfram_xact/stderr.txt,e69de29bb2d1d6434b8b29ae775ad8c2e48c5391,0,document_or_structured_evidence,.txt
docs/research_program/tensor_joint_r9/revision2/depth_formal/host_execution/D2/wolfram_xact/stdout.txt,ea8725825f4111b04717e0feae503955f3b3fe02,622,document_or_structured_evidence,.txt
docs/research_program/tensor_joint_r9/revision2/depth_formal/host_execution/D3/lean/execution.json,766a661c0f4a98238faf54d14f3d7266aa094661,808,document_or_structured_evidence,.json
docs/research_program/tensor_joint_r9/revision2/depth_formal/host_execution/D3/lean/stderr.txt,e69de29bb2d1d6434b8b29ae775ad8c2e48c5391,0,document_or_structured_evidence,.txt
docs/research_program/tensor_joint_r9/revision2/depth_formal/host_execution/D3/lean/stdout.txt,be9cf1b04bd537be472d811632f1ddac905b2978,469,document_or_structured_evidence,.txt
docs/research_program/tensor_joint_r9/revision2/depth_formal/host_execution/D3/sage_singular/execution.json,08f6c0746e511ce6eb880ea215b82f9d44e4b216,754,document_or_structured_evidence,.json
docs/research_program/tensor_joint_r9/revision2/depth_formal/host_execution/D3/sage_singular/stderr.txt,e69de29bb2d1d6434b8b29ae775ad8c2e48c5391,0,document_or_structured_evidence,.txt
docs/research_program/tensor_joint_r9/revision2/depth_formal/host_execution/D3/sage_singular/stdout.txt,6d734d4e0b9eecc93be9bd17b4f545db72148762,488,document_or_structured_evidence,.txt
docs/research_program/tensor_joint_r9/revision2/depth_formal/host_execution/D3/sympy/execution.json,4840d2ec15a54250d7c5fc3fd770a9a4e41d7596,676,document_or_structured_evidence,.json
docs/research_program/tensor_joint_r9/revision2/depth_formal/host_execution/D3/sympy/stderr.txt,e69de29bb2d1d6434b8b29ae775ad8c2e48c5391,0,document_or_structured_evidence,.txt
docs/research_program/tensor_joint_r9/revision2/depth_formal/host_execution/D3/sympy/stdout.txt,459263456ea966cd193c160e359f605c08e975f0,196,document_or_structured_evidence,.txt
docs/research_program/tensor_joint_r9/revision2/depth_formal/host_execution/D3/wolfram_xact/execution.json,f47f47621995bc609c39c97ed8e638ca3c85f3af,637,document_or_structured_evidence,.json
docs/research_program/tensor_joint_r9/revision2/depth_formal/host_execution/D3/wolfram_xact/stderr.txt,e69de29bb2d1d6434b8b29ae775ad8c2e48c5391,0,document_or_structured_evidence,.txt
docs/research_program/tensor_joint_r9/revision2/depth_formal/host_execution/D3/wolfram_xact/stdout.txt,4ff54fcc06b529298cb54c2ae7d1da41968abc5a,637,document_or_structured_evidence,.txt
docs/research_program/tensor_joint_r9/revision2/depth_formal/host_execution/D4/lean/execution.json,067505b5736f15ea53ddc075d6ed664f82c8ee4f,809,document_or_structured_evidence,.json
docs/research_program/tensor_joint_r9/revision2/depth_formal/host_execution/D4/lean/stderr.txt,e69de29bb2d1d6434b8b29ae775ad8c2e48c5391,0,document_or_structured_evidence,.txt
docs/research_program/tensor_joint_r9/revision2/depth_formal/host_execution/D4/lean/stdout.txt,d3661963bec3aa07717cf5bf560031ddbd4b1d23,348,document_or_structured_evidence,.txt
docs/research_program/tensor_joint_r9/revision2/depth_formal/host_execution/D4/sage_singular/execution.json,1f8f97e86cd158d6bd6f524aabfd069a3b123fcf,754,document_or_structured_evidence,.json
docs/research_program/tensor_joint_r9/revision2/depth_formal/host_execution/D4/sage_singular/stderr.txt,e69de29bb2d1d6434b8b29ae775ad8c2e48c5391,0,document_or_structured_evidence,.txt
docs/research_program/tensor_joint_r9/revision2/depth_formal/host_execution/D4/sage_singular/stdout.txt,d3d8946306c64eb8fda8b67f015e1f8115f50184,449,document_or_structured_evidence,.txt
docs/research_program/tensor_joint_r9/revision2/depth_formal/host_execution/D4/sympy/execution.json,ac8f4124b777f9e7b1273d3e65c07a3a641e62f3,675,document_or_structured_evidence,.json
docs/research_program/tensor_joint_r9/revision2/depth_formal/host_execution/D4/sympy/stderr.txt,e69de29bb2d1d6434b8b29ae775ad8c2e48c5391,0,document_or_structured_evidence,.txt
docs/research_program/tensor_joint_r9/revision2/depth_formal/host_execution/D4/sympy/stdout.txt,8aca3d251805108248b92972cde5dc0d5af98b95,195,document_or_structured_evidence,.txt
docs/research_program/tensor_joint_r9/revision2/depth_formal/host_execution/D4/wolfram_xact/execution.json,87b854da70bcee235c1768c594a44ec63297a4c1,638,document_or_structured_evidence,.json
docs/research_program/tensor_joint_r9/revision2/depth_formal/host_execution/D4/wolfram_xact/stderr.txt,e69de29bb2d1d6434b8b29ae775ad8c2e48c5391,0,document_or_structured_evidence,.txt
docs/research_program/tensor_joint_r9/revision2/depth_formal/host_execution/D4/wolfram_xact/stdout.txt,925f15042dd7a0ff91d1272b84d1d52a9f561fdc,627,document_or_structured_evidence,.txt
docs/research_program/tensor_joint_r9/revision2/depth_formal/input_snapshot.json,ca3dc000a7a33bc66fa7b649c28980620cd598ed,2341,document_or_structured_evidence,.json
docs/research_program/tensor_joint_r9/revision2/depth_formal/law_support/README.md,25f4e566ee24e7c1c6a8bee1bac4ff11cf9238b0,1056,document_or_structured_evidence,.md
docs/research_program/tensor_joint_r9/revision2/depth_formal/law_support/REVIEW.md,0cf5390594aab1fad17aa0ca547dd1796c636b5e,1136,document_or_structured_evidence,.md
docs/research_program/tensor_joint_r9/revision2/depth_formal/law_support/STATUS.json,0d80e79d6a651200a0cb2e2cb699ff2005ee8018,2451,document_or_structured_evidence,.json
docs/research_program/tensor_joint_r9/revision2/depth_formal/law_support/attempt01/execution.json,5483f600e4c45690d0ed7173fbfb789d392e8b16,7129,document_or_structured_evidence,.json
docs/research_program/tensor_joint_r9/revision2/depth_formal/mathlib/COMPONENT_STATUS.json,2b218a8729630fb21d31d2793e1edfd2c7c8ed7f,2524,document_or_structured_evidence,.json
docs/research_program/tensor_joint_r9/revision2/depth_formal/mathlib/PR_DELTA.md,97de5a88ae4527dcd4fb0eee4d636b8cecb11b93,3188,document_or_structured_evidence,.md
docs/research_program/tensor_joint_r9/revision2/depth_formal/mathlib/README.md,c8be6c81f80bf23ee3d7f2398c6581e84a06f8fc,6840,document_or_structured_evidence,.md
docs/research_program/tensor_joint_r9/revision2/depth_formal/mathlib/covariance_attempt1.json,695672ac7353c86bb204082e124f8368ccf08ede,1485,document_or_structured_evidence,.json
docs/research_program/tensor_joint_r9/revision2/depth_formal/mathlib/covariance_blocks/execution.json,111928eb1adb2f16d69afa58372eb021f6421701,3870,document_or_structured_evidence,.json
docs/research_program/tensor_joint_r9/revision2/depth_formal/mathlib/covariance_blocks/trace.json,9be647dd220ca829e5adc39667d825e4616a23b3,15371,document_or_structured_evidence,.json
docs/research_program/tensor_joint_r9/revision2/depth_formal/mathlib/covariance_blocks/tracing.json,04cfe24cdf13cf36e791a2f9ef44c10e8010b1d9,213,document_or_structured_evidence,.json
docs/research_program/tensor_joint_r9/revision2/depth_formal/mathlib/covariance_checked/execution.json,853513ec2cd1675fd89d7c3c26049d4d1c4e192f,2267,document_or_structured_evidence,.json
docs/research_program/tensor_joint_r9/revision2/depth_formal/mathlib/covariance_checked/trace.json,75b7f8a2dccfe76257e65716a08b5bed5e176be7,12123,document_or_structured_evidence,.json
docs/research_program/tensor_joint_r9/revision2/depth_formal/mathlib/covariance_checked/tracing.json,bf3709fc819d06411b8609e44dfd4c7e9865eb1a,213,document_or_structured_evidence,.json
docs/research_program/tensor_joint_r9/revision2/depth_formal/mathlib/covariance_generic/execution.json,532a89a03642ebf09c0ae868fba9e461b4cba13d,2579,document_or_structured_evidence,.json
docs/research_program/tensor_joint_r9/revision2/depth_formal/mathlib/covariance_generic/trace.json,1b31f0ade5da57a4369d793b7ee1a9bd89ff8d42,12755,document_or_structured_evidence,.json
docs/research_program/tensor_joint_r9/revision2/depth_formal/mathlib/covariance_generic/tracing.json,da4d02b37df35e90c111fc09e35bc2dd001647b9,213,document_or_structured_evidence,.json
docs/research_program/tensor_joint_r9/revision2/depth_formal/mathlib/delivery_validation.json,ea8d85b859ad57ea48b56d0a261794a48b5e4945,5747,document_or_structured_evidence,.json
docs/research_program/tensor_joint_r9/revision2/depth_formal/mathlib/library_identity.json,466fcb0e8fde6a92a078ebe87a862c589a9f9028,691,document_or_structured_evidence,.json
docs/research_program/tensor_joint_r9/revision2/depth_formal/mathlib/mathlib_probe.json,a0e6c69b2f1662f7cf04309adaab9ec60027a40b,1355,document_or_structured_evidence,.json
docs/research_program/tensor_joint_r9/revision2/depth_formal/mathlib/recursion_attempt1.json,1045e972989f6d3b2e68e8da526a8bf5a6facbf2,716,document_or_structured_evidence,.json
docs/research_program/tensor_joint_r9/revision2/depth_formal/mathlib/recursion_checked/execution.json,80959dfec44076daec3f98ff4e235cac1363c196,1533,document_or_structured_evidence,.json
docs/research_program/tensor_joint_r9/revision2/depth_formal/mathlib/recursion_checked/trace.json,9d4b90515758145d5c573a5838c8be19765c5999,10629,document_or_structured_evidence,.json
docs/research_program/tensor_joint_r9/revision2/depth_formal/mathlib/recursion_checked/tracing.json,fa52a36b9b98dee11c75db685ffaf84d62dc2999,213,document_or_structured_evidence,.json
docs/research_program/tensor_joint_r9/revision2/depth_formal/mathlib/recursion_equiv/execution.json,a921b351836db48b3f5e6f331d271e4f2af102a7,2062,document_or_structured_evidence,.json
docs/research_program/tensor_joint_r9/revision2/depth_formal/mathlib/recursion_equiv/trace.json,57f1aaf544f86a11516ce653204a46002723c1dc,11705,document_or_structured_evidence,.json
docs/research_program/tensor_joint_r9/revision2/depth_formal/mathlib/recursion_equiv/tracing.json,c172b11af9ecf4696fd36aa615b685eb4ecef66b,213,document_or_structured_evidence,.json
docs/research_program/tensor_joint_r9/revision2/depth_formal/mathlib/recursion_final/execution.json,fead7b56596aeeb7d8a110bcd5dce99049226c22,1582,document_or_structured_evidence,.json
docs/research_program/tensor_joint_r9/revision2/depth_formal/mathlib/recursion_final/trace.json,2c4d57a64de603b6694b221e274365bf2469a974,10735,document_or_structured_evidence,.json
docs/research_program/tensor_joint_r9/revision2/depth_formal/mathlib/recursion_final/tracing.json,7d679d9722b7ed47889e8c4a41483b53c958ec48,213,document_or_structured_evidence,.json
docs/research_program/tensor_joint_r9/revision2/depth_formal/mathlib/routing_status.json,364fc42321ceb622465c292e818034f71ccc0dde,1331,document_or_structured_evidence,.json
docs/research_program/tensor_joint_r9/revision2/depth_formal/mathlib/tracing_summary.json,7ba0aa8230b56ef29840162b1cddd90f4796c527,1538,document_or_structured_evidence,.json
docs/research_program/tensor_joint_r9/revision2/depth_formal/registered_launches.json,146390575cf12c5241752fe4e97bcb447169e414,1835,document_or_structured_evidence,.json
docs/research_program/tensor_joint_r9/revision2/depth_formal/result_validation.json,635ee6bf16da8f5474a6c09ac00a07870ef117af,3250,document_or_structured_evidence,.json
docs/research_program/tensor_joint_r9/revision2/depth_formal/run_D1.json,972964aefb70d76284c2b29f3776469c1cc9b477,1030,document_or_structured_evidence,.json
docs/research_program/tensor_joint_r9/revision2/depth_formal/run_D2.json,35e6a5cf92b4cd796205cf311c309de54b310a0f,1030,document_or_structured_evidence,.json
docs/research_program/tensor_joint_r9/revision2/depth_formal/run_D3.json,ff30a0eb78f63aa2081500dce04e0f7095d679f1,1030,document_or_structured_evidence,.json
docs/research_program/tensor_joint_r9/revision2/depth_formal/run_D4.json,e5fb35181f2e40c829670516eb27fc26246bcbb4,1030,document_or_structured_evidence,.json
docs/research_program/tensor_joint_r9/revision2/evidence/dag_checks.json,5435bc20dd963d23d778e34fc99427814cdc68e4,2423,document_or_structured_evidence,.json
docs/research_program/tensor_joint_r9/revision2/evidence/decision.json,caa561c24201efd68bcadc2659bfa642b225becf,6379,document_or_structured_evidence,.json
docs/research_program/tensor_joint_r9/revision2/evidence/execution_receipt.json,ccfd423c2894ae916731cebf1d45c831f7fe87e3,1949,document_or_structured_evidence,.json
docs/research_program/tensor_joint_r9/revision2/evidence/external_context.json,6e833e6bc6c91c0de3f945e3b054ba0d00f5b21b,2968,document_or_structured_evidence,.json
docs/research_program/tensor_joint_r9/revision2/evidence/figure_manifest.json,e0dc89522d7327daef821c0e73f1f6de7c683dcd,1002,document_or_structured_evidence,.json
docs/research_program/tensor_joint_r9/revision2/evidence/import_verification.json,d369266e26e37b5289404656c84bd99df1a9cfdd,2845,document_or_structured_evidence,.json
docs/research_program/tensor_joint_r9/revision2/evidence/post_review_validation.json,fa4c4c333981e1f82db12e27410ff46a08103ca6,667,document_or_structured_evidence,.json
docs/research_program/tensor_joint_r9/revision2/evidence/research_checks.json,b34a956bfe709a614ab57c5a58287cd82ff0d60c,4543,document_or_structured_evidence,.json
docs/research_program/tensor_joint_r9/revision2/evidence/review_validation.json,6e6c3f127a6b65b4e2e7034e9dc6bbf9fd7eba74,1777,document_or_structured_evidence,.json
docs/research_program/tensor_joint_r9/revision2/evidence/staged_validation.json,e994905b92b820e81c94cc21b379dc5a3c268908,793,document_or_structured_evidence,.json
docs/research_program/tensor_joint_r9/revision2/evidence/wolfram_depth.txt,e7a4d5288fc52577012e3d3fddb83ec9da7b8beb,499,document_or_structured_evidence,.txt
docs/research_program/tensor_joint_r9/revision2/harness_activation/ACTIVATION.json,1203e609c4279c54b870e556c3bd172a56143567,6657,document_or_structured_evidence,.json
docs/research_program/tensor_joint_r9/revision2/harness_activation/CODING_CONTRACT.md,b5f075a8e447801f5af9d78592ab054c05f1d4a4,8326,document_or_structured_evidence,.md
docs/research_program/tensor_joint_r9/revision2/harness_activation/REVIEW.md,9d02efd199f65c6976ad1cb1ffc56c370909068b,3271,document_or_structured_evidence,.md
docs/research_program/tensor_joint_r9/revision2/harness_activation/STATE.md,306f83d46a6892c1002e7c3c1fc245630a6118dc,9946,document_or_structured_evidence,.md
docs/research_program/tensor_joint_r9/revision2/harness_activation/coding_evidence/delivery_validation.json,c82e814d00948354478ce6ec7ad5a910b31ea424,1061,document_or_structured_evidence,.json
docs/research_program/tensor_joint_r9/revision2/harness_activation/coding_evidence/execution.json,38c7597364d13fcce9c564bcb27dd4071e22ee08,1146,document_or_structured_evidence,.json
docs/research_program/tensor_joint_r9/revision2/harness_activation/coding_evidence/member_hashes.json,aae65c64298102e9bc699949bd30b8fdb181d05f,7843,document_or_structured_evidence,.json
docs/research_program/tensor_joint_r9/revision2/harness_activation/evidence/delivery_validation.json,e07d956b5c3764363c08c5a9dbdb4b3ed8a87b4d,5618,document_or_structured_evidence,.json
docs/research_program/tensor_joint_r9/revision2/harness_activation/evidence/execution.json,c8d78ced70f8c1acc220098da06c11c8abe670c8,1300,document_or_structured_evidence,.json
docs/research_program/tensor_joint_r9/revision2/harness_activation/evidence/member_hashes.json,ec2d57e596bad7d0c4fb2bb4dca76545163c780f,9884,document_or_structured_evidence,.json
docs/research_program/tensor_joint_r9/revision2/implementation/CONTRACT.md,103a8eb67e84878996461bd7bd1456dad30b31cb,5545,document_or_structured_evidence,.md
docs/research_program/tensor_joint_r9/revision2/implementation/REVIEW.md,a411f6fb04fd4383d60be92594cfd4b6be5acef4,2997,document_or_structured_evidence,.md
docs/research_program/tensor_joint_r9/revision2/implementation/aggregate.json,919c92f41c910618357bcae97ebd15243e2a5886,217,document_or_structured_evidence,.json
docs/research_program/tensor_joint_r9/revision2/implementation/archive_verification.json,3bc192f25a71c8de7150549200f1fb311382dacc,327,document_or_structured_evidence,.json
docs/research_program/tensor_joint_r9/revision2/implementation/baseline/dag_checks.json,5435bc20dd963d23d778e34fc99427814cdc68e4,2423,document_or_structured_evidence,.json
docs/research_program/tensor_joint_r9/revision2/implementation/baseline/execution_receipt.json,d5a97c4c1bc14dc0858ebe6ab99e366d4dd817e5,1849,document_or_structured_evidence,.json
docs/research_program/tensor_joint_r9/revision2/implementation/baseline/research_checks.json,07f76a8d5b16ddf329803143f6fb87b951f2c634,4538,document_or_structured_evidence,.json
docs/research_program/tensor_joint_r9/revision2/implementation/baseline_execution.json,6537433e80db59b8805d588c4ab70414dc0339d3,232,document_or_structured_evidence,.json
docs/research_program/tensor_joint_r9/revision2/implementation/canonical_initial_failure.json,00bca7edbb00b284392286fa3884b3c1632a49de,303,document_or_structured_evidence,.json
docs/research_program/tensor_joint_r9/revision2/implementation/canonical_validation.json,e80f19b217430a7775f33b6af187eedcc23a17cf,584,document_or_structured_evidence,.json
docs/research_program/tensor_joint_r9/revision2/implementation/current_graph.json,0b1fb94d66baa87d361304d225e3b256534e06f9,311,document_or_structured_evidence,.json
docs/research_program/tensor_joint_r9/revision2/implementation/current_result_validation.json,8c344b5778b83aee89d762c458c55319e36175bb,89,document_or_structured_evidence,.json
docs/research_program/tensor_joint_r9/revision2/implementation/delivery_validation.json,32b414a4020769e01bbb5931ecc90993c7374c5d,976,document_or_structured_evidence,.json
docs/research_program/tensor_joint_r9/revision2/implementation/desi_product.json,fa1fd4ba58f29c9ba6475023f461f7d08226f8e6,6704,document_or_structured_evidence,.json
docs/research_program/tensor_joint_r9/revision2/implementation/desi_product_final.json,334e613c74af56ac434c62f378b2d30a9a591867,6704,document_or_structured_evidence,.json
docs/research_program/tensor_joint_r9/revision2/implementation/final_execution.json,d23f8dc9a10828e67265101a199107a0e8d4936e,1330,document_or_structured_evidence,.json
docs/research_program/tensor_joint_r9/revision2/implementation/initial_execution.json,a53a538d3c6528b827ec46b1b2d0a293b4d40e20,1416,document_or_structured_evidence,.json
docs/research_program/tensor_joint_r9/revision2/implementation/preservation.json,c69d4cc41b1fe9a4f6f3087b5e75f4a2c3db1ddc,270,document_or_structured_evidence,.json
docs/research_program/tensor_joint_r9/revision2/implementation/reference_comparison.json,7de19e6afc0e26623cb743529776005172912c21,1121,document_or_structured_evidence,.json
docs/research_program/tensor_joint_r9/revision2/implementation/repair_reproduction.json,b221f35a07d855fb2fa7efb77a3c260823a665bf,301,document_or_structured_evidence,.json
docs/research_program/tensor_joint_r9/revision2/implementation/validation.json,b4dcc8a1acadcd1b9d199f893df5853d14a3f221,557,document_or_structured_evidence,.json
docs/research_program/tensor_joint_r9/revision2/moving_q/PR_DELTA.md,f9d6a4d5348a2eaf774d42b42b5e33db0d69d0db,3699,document_or_structured_evidence,.md
docs/research_program/tensor_joint_r9/revision2/moving_q/RESEARCH_NOTE.md,70634de2c4732d0cf78cf8ecf987b53bf0a0f915,9180,document_or_structured_evidence,.md
docs/research_program/tensor_joint_r9/revision2/moving_q/REVIEW.md,59498a6482388cf3ffb2056f5f52fe6c0bab84cc,3175,document_or_structured_evidence,.md
docs/research_program/tensor_joint_r9/revision2/moving_q/delivery_validation.json,e8ee72413e969cbe0687ebe70bf0af10bb511509,3193,document_or_structured_evidence,.json
docs/research_program/tensor_joint_r9/revision2/moving_q/depth_push.json,46d70b75eceda28613ddff9285af2a2edf406bbb,830,document_or_structured_evidence,.json
docs/research_program/tensor_joint_r9/revision2/moving_q/execution.json,a21f4924360978ddd512e5e2baae5449880c6021,765,document_or_structured_evidence,.json
docs/research_program/tensor_joint_r9/revision2/moving_q/harness_close_attempt.json,0a4742c07f8b0e4413ed3d55d9c2f8f1056e609a,4849,document_or_structured_evidence,.json
docs/research_program/tensor_joint_r9/revision2/moving_q/harness_pointer_close.json,a6cc4002f69ad7778a198bf6798452a09ce30cc5,559,document_or_structured_evidence,.json
docs/research_program/tensor_joint_r9/revision2/moving_q/progress.txt,d11463e0f1e3ac01a3ffe7eed9e618536b2d2e4f,846,document_or_structured_evidence,.txt
docs/research_program/tensor_joint_r9/revision2/moving_q/review_validation.json,064cad10e8ba5f6d27b9f720ee2078b300abe286,331,document_or_structured_evidence,.json
docs/research_program/tensor_joint_r9/revision2/moving_q/synthetic.json,fe533f79ad2ca1ef91214f87c1edc6787a611847,303545,document_or_structured_evidence,.json
docs/research_program/tensor_joint_r9/revision2/moving_q/synthetic_attempt1.partial.json,9356f69c492a8014142de54b8cc19dfd84c1b948,1032,document_or_structured_evidence,.json
docs/research_program/tensor_joint_r9/revision2/multidepth/PR_DELTA.md,47183b02e091191077b61b21f33d9c1394a18305,5305,document_or_structured_evidence,.md
docs/research_program/tensor_joint_r9/revision2/multidepth/README.md,deb64f4e4f9066783608d851fc510ae94047230e,7746,document_or_structured_evidence,.md
docs/research_program/tensor_joint_r9/revision2/multidepth/analysis.json,ece97ff6cb9c5346d725d484b9a0abb7c33b1e09,2276,document_or_structured_evidence,.json
docs/research_program/tensor_joint_r9/revision2/multidepth/archive_verification.json,639a66455c29e02a77885a0e59460d2798013d08,169,document_or_structured_evidence,.json
docs/research_program/tensor_joint_r9/revision2/multidepth/delivery_validation.json,2951db5a7441af43a9f6991639f615b6a467a93e,2004,document_or_structured_evidence,.json
docs/research_program/tensor_joint_r9/revision2/multidepth/final/embedding.json,273136f6ee4245f53fb9e9b8621ba0582027ff20,19210,document_or_structured_evidence,.json
docs/research_program/tensor_joint_r9/revision2/multidepth/final/intake.json,43229333e36828c026f6a5ca7b0eb15287143fc8,3264,document_or_structured_evidence,.json
docs/research_program/tensor_joint_r9/revision2/multidepth/final/mock_members.json,09b259920d15589227e1be396ac63517a0bd2f6f,607415,document_or_structured_evidence,.json
docs/research_program/tensor_joint_r9/revision2/multidepth/final/observed.json,6d6d9b286e2449cf9307573623b3eefdfac184bf,141166,document_or_structured_evidence,.json
docs/research_program/tensor_joint_r9/revision2/multidepth/final/provenance.json,0946ceaec904a53fd48878eaa8ba019ee9a71a81,3548,document_or_structured_evidence,.json
docs/research_program/tensor_joint_r9/revision2/multidepth/final/result.json,c9069ec4742dd1a1d3c68919d4774c29551a67da,5173,document_or_structured_evidence,.json
docs/research_program/tensor_joint_r9/revision2/multidepth/final_execution.json,a42960ad6e2de40be1add018c81f852db79ffcb1,787,document_or_structured_evidence,.json
docs/research_program/tensor_joint_r9/revision2/multidepth/global_policy_refresh.json,9a09f0f2e3f1a1b9e79b91047f207ada41efc7cc,921,document_or_structured_evidence,.json
docs/research_program/tensor_joint_r9/revision2/multidepth/harness_identity.json,649bd3e74f60af97cf9594213351a7162aadea3e,895,document_or_structured_evidence,.json
docs/research_program/tensor_joint_r9/revision2/multidepth/observed_initial/observed.json,94e43d6b8ad62936ca2a0494b7fe82c361210e7a,110630,document_or_structured_evidence,.json
docs/research_program/tensor_joint_r9/revision2/multidepth/observed_initial/provenance.json,cfa1c1daa8212b86ea9ecd1df0e9e432b737591c,2875,document_or_structured_evidence,.json
docs/research_program/tensor_joint_r9/revision2/multidepth/observed_initial/result.json,a5ce44bf56be9ea94c1bac637b36fb460e62a3b4,850,document_or_structured_evidence,.json
docs/research_program/tensor_joint_r9/revision2/multidepth/reader_initial_failure.json,50c070671441d742ca471b13c45ad6b0e26c89c1,1061,document_or_structured_evidence,.json
docs/research_program/tensor_joint_r9/revision2/multidepth/reader_repair_smoke.json,d6d1106e244bc89eceaf350f4cd75255e9117ef5,224,document_or_structured_evidence,.json
docs/research_program/tensor_joint_r9/revision2/multidepth/review_validation.json,3743f8e4800ee7f027eb4d16e196df833e25e0d7,788,document_or_structured_evidence,.json
docs/research_program/tensor_joint_r9/revision2/multidepth/validation_initial.json,565f46052b732f764b521344afb455e887aa96e9,778,document_or_structured_evidence,.json
docs/research_program/tensor_joint_r9/revision2/multidepth/validation_repair.json,ccc5ba1a4bb3c84e691fa7c4bc68e392a0ded49c,889,document_or_structured_evidence,.json
docs/research_program/tensor_joint_r9/revision2/selected_law/PR_DELTA.md,c6df0a0b9015f36f94b0864336e13fa925242a48,3692,document_or_structured_evidence,.md
docs/research_program/tensor_joint_r9/revision2/selected_law/README.md,7c5ff35259908d299423fc89c528d745517a75a4,7484,document_or_structured_evidence,.md
docs/research_program/tensor_joint_r9/revision2/selected_law/acquired_inputs.json,51389d66c3c38ec7e75c10bec153e0e23e3037d8,1678,document_or_structured_evidence,.json
docs/research_program/tensor_joint_r9/revision2/selected_law/delivery_precheck.json,3fd5f5f5a98dc9d8d63e55457a0cd1406b084f3b,629,document_or_structured_evidence,.json
docs/research_program/tensor_joint_r9/revision2/selected_law/execution.json,0769f58446ff1e33ecfa8589b5ec5e49b9921a04,518,document_or_structured_evidence,.json
docs/research_program/tensor_joint_r9/revision2/selected_law/final/result.json,3c197b6cc16f93f78fc9cb66fbefa335e36de33f,4813,document_or_structured_evidence,.json
docs/research_program/tensor_joint_r9/revision2/selected_law/harness_closeout.json,16d2a4173325de21ba88a21129c8d8df80cd0ee1,411,document_or_structured_evidence,.json
docs/research_program/tensor_joint_r9/revision2/selected_law/input_inventory.json,144aee4a5ca832a77c831771c0732e8c31aefb08,6046,document_or_structured_evidence,.json
docs/research_program/tensor_joint_r9/revision2/selected_law/randoms_acquisition.json,0b5180f032ab866505f9f3dd1a22a9b69f76bce9,330,document_or_structured_evidence,.json
docs/research_program/tensor_joint_r9/revision2/selected_law/randoms_initial_failure.json,95cc03ae0761dfb2fec13390b40cfd8f3f619ba7,183,document_or_structured_evidence,.json
docs/research_program/tensor_joint_r9/revision2/selected_law/review_validation.json,f23e6e8e66227b34ad7c27adbdb3593032bdf295,728,document_or_structured_evidence,.json
docs/research_program/tensor_joint_r9/revision2/selected_law/tempel_sdss_join.json,4249ad991a44f3b995d8d853030a900bd899546a,800,document_or_structured_evidence,.json
docs/research_program/tensor_joint_r9/revision2/selected_law/validation.json,8463050410aa83b1c63d8836bcd6f8e963a896e6,328,document_or_structured_evidence,.json
docs/research_reports/HTT_REPORT_A_REFERENCES.bib,ba37321119725e52f1a2b0ac827050ee895e5466,6839,document_or_structured_evidence,.bib
docs/research_reports/HTT_REPORT_A_THEORY_METHODS_DRAFT_20260903.md,dbb6a732462bce243527410e7e52eedde617294a,29544,document_or_structured_evidence,.md
docs/research_reports/HTT_REPORT_A_THEORY_METHODS_DRAFT_R2_20260903.md,c38e5502673eb5fd5f7fabb5f87c2a22a489bd71,31609,document_or_structured_evidence,.md
docs/research_reports/HTT_REPORT_A_THEORY_METHODS_DRAFT_R3_20260904.md,16f8fdd4db4dac384c5c64a8d3f86e0dbbf62e34,31270,document_or_structured_evidence,.md
docs/research_reports/HTT_REPO_WIDE_THEORY_SURFACE_AUDIT_20260903.md,f965b385e890529f3793ef8e9cd7b4afe2d9bde9,15582,document_or_structured_evidence,.md
docs/research_reports/HTT_TENSORIZED_MES_RESPONSE_SYNTHESIS_20260903.md,ebed4d698cfd160d31ce8b9f2661b862895fef60,32575,document_or_structured_evidence,.md
docs/research_reports/K2_REPORT_A_CLAIM_ARCHITECTURE.md,da4edec5db72863e4b1234a4e0b3027f66413897,8569,document_or_structured_evidence,.md
docs/research_reports/appendices/HTT_REPORT_A_AUTHORITY_AND_EXECUTION_PROVENANCE.md,b2b7d0cb78f995badb118ec92659b41db9d13783,7563,document_or_structured_evidence,.md
docs/research_reports/appendices/HTT_REPORT_A_COVARIANT_AND_DOMAIN_CONVENTIONS.md,c7a7616c33572499c3c581c26c7c65fa52ba3b6d,3245,document_or_structured_evidence,.md
docs/research_reports/audits/REPORT_A_R2C_LOCAL_INDEPENDENT_AUDIT_20260903.json,84094d1b9e6aba87c635c607fa8a6c7d496bc09d,1930,document_or_structured_evidence,.json
docs/research_reports/audits/REPORT_A_R2C_LOCAL_INDEPENDENT_AUDIT_20260903.md,761563a09247f553c50bb2625545c5a9d2736d12,2351,document_or_structured_evidence,.md
docs/research_reports/audits/REPORT_A_R2D_MES_PRIMARY_SOURCE_AUDIT_20260903.json,4b2d5c6c518ea352563e5f72d775995fad221ba3,1507,document_or_structured_evidence,.json
docs/research_reports/audits/REPORT_A_R2D_MES_PRIMARY_SOURCE_AUDIT_20260903.md,fc125d6f1d3988c1a5f455995386f74ec1f80cb1,5503,document_or_structured_evidence,.md
docs/research_reports/audits/REPORT_A_R2E_FROZEN_SOURCE_BLIND_REVIEW_20260903.json,7fa4cc0d9aa09492ec4436113cd9b070aff6ba49,1248,document_or_structured_evidence,.json
docs/research_reports/audits/REPORT_A_R2E_FROZEN_SOURCE_BLIND_REVIEW_20260903.md,a08cecaaa5e7ddd4acbbef6e20f3fce352e43673,5771,document_or_structured_evidence,.md
docs/research_reports/audits/REPORT_A_R2_INDEPENDENT_AUDIT_ROUND1_20260903.md,0ce1168a63e95bc0e677c041c166060604b5e701,9241,document_or_structured_evidence,.md
docs/research_reports/audits/REPORT_A_R3A_FRESH_SOURCE_REFEREE_20260904.md,b4b3547496d2cf83d5c630b8d8d80feba26f53e6,8964,document_or_structured_evidence,.md
docs/research_reports/audits/REPORT_A_R3_BLIND_REFEREE_REVIEW_20260903.md,12c91663983a12cb09bf261551ce72909e53ce08,2676,document_or_structured_evidence,.md
docs/research_reports/drafts/HTT_REPORT_A_FULL_KINEMATICAL_MES_DRAFT_K3_20260905.md,99a3f75c67ece3cfb00179bfd61787f47cb7e7ac,56402,document_or_structured_evidence,.md
docs/research_reports/drafts/K3_TYPED_KINEMATICAL_MES_CORE_DRAFT_20260905.md,abf6c80d40bc2cfba27888d34f3dff16f94f012d,16307,document_or_structured_evidence,.md
docs/research_reports/final_candidate_20260907/HTT_REPORT_A_EVIDENCE_INTEGRATED_R3.md,e8566be7c8095c38befdbbdbe7851f9502510753,73395,document_or_structured_evidence,.md
docs/research_reports/final_candidate_20260907/HTT_REPORT_A_REFERENCES.bib,331c557c0f6a7de84fdd97123d8bdb8fae0e0a53,8494,document_or_structured_evidence,.bib
docs/research_reports/notes/QO_CONTRACTION_FIBRE_GEOMETRY_20260907.md,0201ac7c08a33a2b041ccfedbb9dc582aa198abd,14584,document_or_structured_evidence,.md
docs/research_reports/notes/QO_FIBRE_HAUSDORFF_STABILITY_20260907.md,b666d1b6756f83a8fa6bee35584a61c98f895773,10412,document_or_structured_evidence,.md
docs/research_reports/pedagogical_20260907/01_FOUNDATIONS_AND_THE_SKY.md,48bb5ffbe6b41762b7dc99040027c5c3bb82e0a6,21002,document_or_structured_evidence,.md
docs/research_reports/pedagogical_20260907/02_ORBITS_PHYSICAL_STATE_AND_MES.md,18f0041165d09037ad480aefe45d2367274224cf,25674,document_or_structured_evidence,.md
docs/research_reports/pedagogical_20260907/03_INFERENCE_RANDOMISATION_AND_OBSERVER_RESPONSE.md,e4e62da190637fbca97b11fbdf5031bdbdc0cd65,19386,document_or_structured_evidence,.md
docs/research_reports/pedagogical_20260907/04_MASKS_NUISANCE_AND_NUMERICAL_ERROR.md,125f5a0f13d8987a9e03b944ad2134913704f5ac,25775,document_or_structured_evidence,.md
docs/research_reports/pedagogical_20260907/05_APPENDICES_CERTIFICATES_AND_FIBRES.md,ec1d943743b8a9636dd9fe13235b2ca81eab5b98,20766,document_or_structured_evidence,.md
docs/research_reports/pedagogical_20260907/06_RADIATION_MODEL_AND_MES_DERIVATION.md,c3cedf69468dae65f4823a0cb8e42d4740a12103,13610,document_or_structured_evidence,.md
docs/research_reports/pedagogical_20260907/README.md,16a8e3c732f51c211a5f0196899818e93c8ff049,7141,document_or_structured_evidence,.md
docs/research_reports/report_a/K2_BIBLIOGRAPHY_SUPPLEMENT_CANDIDATE.bib,930457120f5def21321008f4f77cc2b9c0f5694a,1524,document_or_structured_evidence,.bib
docs/research_reports/report_a/R4B0_PUBLICATION_ASSEMBLY_SPEC.yaml,ef3068fad98a4e0cdf3ed89dab2b91cbff30b689,4475,document_or_structured_evidence,.yaml
docs/research_reports/report_a/README.md,71943fb48f7e4d312b913b68ca79ea92026d0470,2193,document_or_structured_evidence,.md
docs/research_reports/report_a/REPORT_A_ORGANIC_INTEGRATION_MATRIX.yaml,4dc91bbeb5943495ac9fa2069809027ef7be6ca7,8869,document_or_structured_evidence,.yaml
docs/research_reports/report_a/REPORT_A_ORGANIC_INTEGRATION_MATRIX_V2_CANDIDATE.yaml,28e823ce7705f0c14a4cae5edf39dc32b69d2617,9605,document_or_structured_evidence,.yaml
docs/research_reports/report_a/header.tex,21102ea9ae0a117fc921189884916226c13d5aae,340,document_or_structured_evidence,.tex
docs/research_reports/report_a/metadata.yaml,5ab67fb4bef8f5f7255ab3b78506952aa0dcde3e,587,document_or_structured_evidence,.yaml
docs/research_reports/report_a/pandoc.yaml,f669c1ebdf402a2af9a6f96748a65396f635c4a3,489,document_or_structured_evidence,.yaml
docs/research_reports/reviews/K4_BOUNDED_MANUSCRIPT_REPLACEMENTS_20260905.md,18c18ca1f8ec55b86152678dd48910e9599da65d,9182,document_or_structured_evidence,.md
docs/research_reports/reviews/K4_FULL_DRAFT_SOURCE_REVIEW_20260905.md,9b2eb70abf15ffde8a4aff62b73fc753c874bbe6,15911,document_or_structured_evidence,.md
docs/research_reports/theory_packs/K0_TYPED_KINEMATICAL_MES_AUTHORITY_NOTE.md,d4a5bb4cc8bb1dd874ca10fc2864776334eaa7b7,6719,document_or_structured_evidence,.md
docs/research_reports/theory_packs/K1R_TYPED_KINEMATICAL_MES_THEOREM_PACK.md,d93ab24adbb089e9d568512ebf10591dc6880414,14962,document_or_structured_evidence,.md
docs/research_reports/theory_packs/K1_TYPED_KINEMATICAL_MES_THEOREM_PACK.md,6a0dbb60277e9e0b08046f2f6b319d0538146ca1,12538,document_or_structured_evidence,.md
docs/research_reports/theory_packs/T1_STORED_REAL_STF_THEOREM_PACK.md,6c2480c3d1adc9e76344994dcf1fc2d5c11365f4,4942,document_or_structured_evidence,.md
docs/research_reports/theory_packs/T2_QO_ORBIT_RECONSTRUCTION_THEOREM_PACK.md,8e66a7bb698932a060cc60057e3541b782167d83,11834,document_or_structured_evidence,.md
docs/research_reports/theory_packs/T3_CONDITIONAL_MES_GEOMETRY_THEOREM_PACK.md,80149f9d293fac2e4229968e7e3a2abb8e905437,8145,document_or_structured_evidence,.md
docs/research_reports/theory_packs/T4_FINITE_NULL_ROW_EQUIVARIANCE_THEOREM_PACK.md,7ddaf9c73d3f9727b6521b95157d143861db978a,9250,document_or_structured_evidence,.md
docs/research_reports/theory_packs/T5_WU010_LOCAL_OBSERVER_RESPONSE_THEOREM_PACK.md,108879669f96ddef53fb4df2c75fa0d0f407bb81,8632,document_or_structured_evidence,.md
docs/research_reports/theory_packs/T6_WU011_PROCESSED_RESPONSE_QUOTIENT_THEOREM_PACK.md,e1527855888f25961eaaba52b867f97cd725dd54,12132,document_or_structured_evidence,.md
docs/research_reports/theory_packs/T7_CONTINUUM_WIDE_MASK_EVIDENCE_PACK.md,d770d7ad1052c3910b7efdca0a83be99807ad403,8468,document_or_structured_evidence,.md
docs/research_reports/theory_packs/T8_MATRIX_NUMERICAL_ERROR_ENVELOPE_THEOREM_PACK.md,57a001918308c32ac80362cba8897ac412728b0d,10660,document_or_structured_evidence,.md
docs/research_reports/theory_synthesis_20260913/COVERAGE_INDEX.csv,f96eb7754da5e68d49c662435520938c4f9dd26c,1190175,document_or_structured_evidence,.csv
docs/research_reports/theory_synthesis_20260913/COVERAGE_INDEX.json,4584db1dba2dfb5fb9b23be4d89e587e468f4bed,1398079,document_or_structured_evidence,.json
docs/research_reports/theory_synthesis_20260913/COVERAGE_INDEX.md,c072468d7d745dd5605d9b6fabb6b2db2c07b6df,70268,document_or_structured_evidence,.md
docs/research_reports/theory_synthesis_20260913/PROPOSAL_INDEX.csv,92589e8cac0a9cacebd0bafeaaae4fe8607bd0cc,805704,document_or_structured_evidence,.csv
docs/research_reports/theory_synthesis_20260913/PROPOSAL_INDEX.json,3174121d8e5241763a5ff93f41dd346728958cf6,917360,document_or_structured_evidence,.json
docs/research_reports/theory_synthesis_20260913/PROPOSAL_INDEX.md,26db61bdc422fa2a02165d41515cdd9d170c77e4,86488,document_or_structured_evidence,.md
docs/research_reports/theory_synthesis_20260913/README.md,1f95e3086553aeafc3c2693eeb6be77c75880d56,3231,document_or_structured_evidence,.md
docs/research_reports/theory_synthesis_20260913/REPORT.md,ff11860d37dc185e3fdd2408ba06ce597f5c8ca2,85533,document_or_structured_evidence,.md
docs/research_reports/theory_synthesis_20260913/REVIEW.md,97d29ab2602574fbba7902bc1d5eee91c5402992,5582,document_or_structured_evidence,.md
docs/research_reports/theory_synthesis_20260913/SOURCES.md,84bdff068c0f29ed8e9959b713e81745ccd1ba27,14240,document_or_structured_evidence,.md
docs/research_reports/theory_synthesis_20260913/claim_traceability.csv,84ccebfc053d9636807b65c2da60b5c522569bb6,5679,document_or_structured_evidence,.csv
docs/research_reports/theory_synthesis_20260913/inventory_summary.json,15326df6796663f09860db516f469b8234f5b838,346,document_or_structured_evidence,.json
docs/research_reports/theory_synthesis_20260913/references.bib,7e5cc4374a4c8c8ee315f57c43eb871f7a92648b,2502,document_or_structured_evidence,.bib
docs/research_reports/theory_synthesis_20260913/remote_verification.json,2cfa4bc423ddba1201edbe86a6656cc7faa890de,20793,document_or_structured_evidence,.json
docs/research_reports/theory_synthesis_20260913/report.tex,017810f045c2d19cab8889daf5c653b14dc9785e,114558,document_or_structured_evidence,.tex
docs/research_reports/theory_synthesis_20260913/review_findings.json,cd43d891bca03a464009684c804c2df08a499262,7289,document_or_structured_evidence,.json
docs/research_reports/theory_synthesis_20260913/sources.csv,5eed09b6d7f4989d747db7e557370bedf7fbbf0a,24110,document_or_structured_evidence,.csv
docs/research_reports/theory_synthesis_20260913/validation.json,50aa28e8625449869f78362dc63e2d87ac2e65c6,1169,document_or_structured_evidence,.json
docs/research_reports/theory_synthesis_20260913/writing_toolkit_review.json,2af7074698687bc7f5b662214f8ce0724b2f21cc,35682,document_or_structured_evidence,.json
docs/research_reports/verifiers/r4a1nf/CAS_CONTRACT_R4A1NF_DOMAIN.json,225f5ed3ebe161b16371513b35b47a8a52f92b80,9720,document_or_structured_evidence,.json
docs/research_reports/verifiers/r4a1nf/CAS_RUN_SPEC_R4A1NF_DOMAIN.json,cbb341cd224be947b7951cd5446a7ba511df8255,433,document_or_structured_evidence,.json
docs/stat_audit.txt,d63e9524f4a6d27d90d5e985fc3f9d1f68ecd00b,14814,document_or_structured_evidence,.txt
docs/status_matrix.md,25770baf4436919169d2afd7c18808d3a1e7ec8d,599,document_or_structured_evidence,.md
docs/superpowers/plans/2026-06-18-external-audit-research-revision.md,c1bd009a2c3f69918b0e77dd01a77d8f32b89971,67041,document_or_structured_evidence,.md
docs/superpowers/plans/2026-06-18-revision-program-upgrade.md,86d779d0297fd55a4511b300eb86696b54994cb6,57708,document_or_structured_evidence,.md
docs/superpowers/plans/2026-06-19-formalism-audit-originality-program.md,b6f80f74e3487daff82d9ca0c21b00aacca9e0d0,20865,document_or_structured_evidence,.md
docs/superpowers/plans/2026-06-20-audit-ver2-research-hardening.md,9ca25910bce641855b6ee1818926d0f38582dfea,43523,document_or_structured_evidence,.md
docs/superpowers/plans/2026-06-20-external-audit-research-program-integration.md,7e12042766182bbf93519a13f921be276ef203a2,50965,document_or_structured_evidence,.md
docs/superpowers/plans/2026-09-03-htt-theory-report-first-program.md,a6e9d45f2eb9672461de1e72fcf456d694c18203,12811,document_or_structured_evidence,.md
docs/ver2_upgrade/BASS_HTT_MIO_TSC_observable_atlas_SDD_WBS_PR_plan.md,09b830b2b8f1aff13ebad7bd2a869a506506dfbe,60774,document_or_structured_evidence,.md
docs/ver2_upgrade/BASS_PY_HTT_TSC_MIO_RESEARCH_PLAN_critical_upgraded.md,6b16878f150eff31243072d5d331426f2e6416e1,192721,document_or_structured_evidence,.md
docs/ver2_upgrade/HTT_B_EXECUTION_PROMPT.md,ae27f72b25f9652f6c66d47140e8bdc7799b0227,3340,document_or_structured_evidence,.md
docs/ver2_upgrade/NEXT_SESSION_PROMPT_VER2.md,3b5ec47bca6ee473c2508539a8222969025a8004,33846,document_or_structured_evidence,.md
docs/ver2_upgrade/TSC_active_service_SDD_WBS_PR_plan.md,1c3ff80f87d558b92bf051e50660582b6c75fb23,17393,document_or_structured_evidence,.md
docs/ver2_upgrade/TSC_active_service_SDD_WBS_PR_plan_v3_RE2_refined.md,4a1de2e3a8f9824ae9734ab74d63a880459c7ae8,2502,document_or_structured_evidence,.md
docs/ver2_upgrade/VER2_CARRY_FORWARD_LEDGER.md,41064749ec9a154305a93f9167695a3d836c7135,29884,document_or_structured_evidence,.md
docs/ver2_upgrade/VER2_EXECUTION_LEDGER.md,e2f9934d811d9ff2f970888090be40570eeea672,26529,document_or_structured_evidence,.md
docs/ver2_upgrade/VER2_HOSTILE_AUDIT_RUNBOOKS.md,2e03659043c67d6933d8bb211e933da0434c9817,2740,document_or_structured_evidence,.md
docs/ver2_upgrade/VER2_PHASE_PLACEHOLDER_INDEX.md,1dacf220b202211ff6be3ca6db280fb9e635f729,2521,document_or_structured_evidence,.md
docs/ver2_upgrade/VER2_PHASE_PROMPTS_01_SKELETON_PREIMPLANT.md,3379e5c9dfa2246ccf92109ca1810be4a17f65a0,14773,document_or_structured_evidence,.md
docs/ver2_upgrade/VER2_PHASE_PROMPTS_02_IMPLEMENTATION_FIGURES_MANUSCRIPT.md,dc65314fc10a0cf2aaee7f488957a5cbe2e9d611,15754,document_or_structured_evidence,.md
docs/ver2_upgrade/VER2_PHASE_PROMPTS_03_BASS_COMPLETION.md,cf21a145e3dc21a6cac599f11e4d3a7e1167c7a5,8663,document_or_structured_evidence,.md
docs/ver2_upgrade/VER2_PHASE_PROMPTS_04_HTT_PARALLEL.md,70b642901f8213eb46161360f746b0b37c495196,5105,document_or_structured_evidence,.md
docs/ver2_upgrade/VER2_PHASE_PROMPTS_05_PRELIMINARY_RESULTS.md,1df70891c7f28824bf70cfafc9d05d8cac0a3632,11451,document_or_structured_evidence,.md
docs/ver2_upgrade/VER2_SSoT_PARALLEL_EXECUTION_PLAN.md,4c6b910c5cae7608fe627078ba82f8bfa9d6fcc3,18210,document_or_structured_evidence,.md
docs/ver2_upgrade/VER2_THEOREM_TO_TEST_MAP.md,5fecdb1ccfaf5822337a8d3dbbc02e22e2b92cdb,2695,document_or_structured_evidence,.md
docs/ver2_upgrade/VER2_VALIDATION_CAMPAIGNS.md,05a1f49bbea6613bad1357d688a350133b1c7fe7,6539,document_or_structured_evidence,.md
docs/ver2_upgrade/audits/AUDIT_BF-01B-HCORE_2026-04-21.md,8c4057e7aaf536ac9e9cf66c9a380614678fe194,10841,document_or_structured_evidence,.md
docs/ver2_upgrade/audits/AUDIT_BF-02B-SEED_2026-04-21.md,3bc352f604c87690c7f92c310ff4e2e9225f5755,11860,document_or_structured_evidence,.md
docs/ver2_upgrade/audits/AUDIT_BF-03B-ANG_2026-04-21.md,2359e924595a9c81f3680c93c501fafa1e4bfeeb,4662,document_or_structured_evidence,.md
docs/ver2_upgrade/audits/AUDIT_BF-04B-COV_2026-04-21.md,f0f0f7ec84d1f2b536a858d56cb1e197c7b576e2,5221,document_or_structured_evidence,.md
docs/ver2_upgrade/audits/AUDIT_BF-05B-VAL_2026-04-21.md,e1c68edda42dddff7b742e0e8d8a529bd8ac9440,4904,document_or_structured_evidence,.md
docs/ver2_upgrade/audits/AUDIT_BF-06B-LIKE_2026-04-21.md,ca35d578f2a971ea30978261f7924fbac3c5bf78,5355,document_or_structured_evidence,.md
docs/ver2_upgrade/audits/AUDIT_CF-PR10A_2026-04-21.md,d74083bb7590f580da25667d6265a237c26e536f,3623,document_or_structured_evidence,.md
docs/ver2_upgrade/audits/AUDIT_CF-PR10B_BROADENING_2026-04-21.md,9f377a91484501ca655b510a245a5bc796738fbf,3868,document_or_structured_evidence,.md
docs/ver2_upgrade/audits/AUDIT_CF-PR10C_RUNTIME_WINDOW_2026-04-21.md,b5d1f15e69e94ccddd1f6509cd9d72971a1d0b91,1307,document_or_structured_evidence,.md
docs/ver2_upgrade/audits/AUDIT_CF-PR10D_EXTENDED_LOWZ_PROBE_2026-04-22.md,fbcf6491d75b3a2ccc7a4304bdd44991c6246a57,4363,document_or_structured_evidence,.md
docs/ver2_upgrade/audits/AUDIT_CF-PR15A_2026-04-21.md,6c03a9f9d37f8271743e0abc5ba2a1fdee19e800,3106,document_or_structured_evidence,.md
docs/ver2_upgrade/audits/AUDIT_CF-PR16A_2026-04-21.md,98c05a0a3a9963655f4162092f360afffae7c5d4,4124,document_or_structured_evidence,.md
docs/ver2_upgrade/audits/AUDIT_IM-01S1_2026-04-21.md,54ce8be1573b4fbafe18d9efe657f64dfe969974,10778,document_or_structured_evidence,.md
docs/ver2_upgrade/audits/AUDIT_IM-02S2_2026-04-21.md,15e0135cf14dc82894e4f2dbb39a9af854cbfc57,13542,document_or_structured_evidence,.md
docs/ver2_upgrade/audits/AUDIT_IM-03S3A_2026-04-21.md,a72dd279f146a8dfa58dcafa4a63ad774aec4ffb,10234,document_or_structured_evidence,.md
docs/ver2_upgrade/audits/AUDIT_IM-03S3B_2026-04-21.md,5886337240aadb9a5d833d9e45de912a06616950,8393,document_or_structured_evidence,.md
docs/ver2_upgrade/audits/AUDIT_IM-04O_2026-04-21.md,d5e3ad247b7bf377c73a256931d876748559ace5,7829,document_or_structured_evidence,.md
docs/ver2_upgrade/audits/AUDIT_IM-05T_2026-04-21.md,1b0678abad26bb7ebfe2d32c2af0a7f12921702c,7925,document_or_structured_evidence,.md
docs/ver2_upgrade/audits/AUDIT_IM-06H_2026-04-21.md,fef8d10bd26d18af9c4d94ad3b86d8c8e5c6863c,8038,document_or_structured_evidence,.md
docs/ver2_upgrade/audits/AUDIT_IM-07M_2026-04-21.md,8b5f36f3698a58e42325a50769239bf2f14c3b6a,8770,document_or_structured_evidence,.md
docs/ver2_upgrade/audits/AUDIT_IM-08V_2026-04-21.md,16cbc3e5708439862e2d557de4291ada4709e12d,6845,document_or_structured_evidence,.md
docs/ver2_upgrade/audits/AUDIT_IM-09D-FIG_2026-04-21.md,ad82ee8666e5426fe4c9a3d127466eee2f2cfd7b,6317,document_or_structured_evidence,.md
docs/ver2_upgrade/audits/AUDIT_IM-09D_2026-04-21.md,ab33d0a215619a98beba714af1ea7b062c15e78c,6942,document_or_structured_evidence,.md
docs/ver2_upgrade/audits/AUDIT_IM-10D-MAN_2026-04-21.md,9ebbb42925dafc1ff42e1cf68938d7a3ab31d6a0,7656,document_or_structured_evidence,.md
docs/ver2_upgrade/audits/AUDIT_PRELIMINARY_RESULTS_AXIOMS_2026-04-22.md,e139e513f3659a2040737792009b4e7076771775,3469,document_or_structured_evidence,.md
docs/ver2_upgrade/audits/AUDIT_PRELIMINARY_RESULTS_MODE_2026-04-22.md,9c79fdc93146ed793fce2d60b19e875d3305d55d,2794,document_or_structured_evidence,.md
docs/ver2_upgrade/audits/AUDIT_PRM-01_BASS_INTEROP_2026-04-22.md,d25efc1a4df5eefd2fb2d4212b327bd666b77ad9,3579,document_or_structured_evidence,.md
docs/ver2_upgrade/audits/AUDIT_PRM-02_BASS_FAMILY_SWEEP_2026-04-22.md,1e4964f4c85a0ec00b7c60438cb678aed080d262,3943,document_or_structured_evidence,.md
docs/ver2_upgrade/audits/AUDIT_PRM-03_PRELIM_RESULT_PACKS_2026-04-22.md,8a627180d5be585933df1a38da7a8d46acbae254,4875,document_or_structured_evidence,.md
docs/ver2_upgrade/audits/AUDIT_PRM-04_HTT_MIO_HANDOFF_2026-04-22.md,841eededd5101584b9a5995cab0a16ed0bdaa540,5138,document_or_structured_evidence,.md
docs/ver2_upgrade/audits/AUDIT_PRM-05_TARGETED_PHYSICS_2026-04-22.md,ee1949effc09b80cee65f9e3c1565ef60b6e7c61,4418,document_or_structured_evidence,.md
docs/ver2_upgrade/audits/AUDIT_PRM-05_TILTED_FAMILY_EXTENSION_2026-04-22.md,0e4214630e47e5a5ee1efe52f25afe2eed8e3f25,5309,document_or_structured_evidence,.md
docs/ver2_upgrade/audits/AUDIT_SK-00_2026-04-20.md,a1ed8ea253646b4e911cd57fd163b2bfed9286b6,4208,document_or_structured_evidence,.md
docs/ver2_upgrade/audits/AUDIT_SK-01C_2026-04-21.md,2c03f4d6667ea6bf309d10bf5a51e719609e4da3,8120,document_or_structured_evidence,.md
docs/ver2_upgrade/audits/AUDIT_SK-01S1_2026-04-21.md,e41fe3357163e7acf1131bc1af9e3607464f91f0,10173,document_or_structured_evidence,.md
docs/ver2_upgrade/audits/AUDIT_SK-02S2_2026-04-21.md,df66131dbfdc34794aa50bbeb8814ae5947d0361,10799,document_or_structured_evidence,.md
docs/ver2_upgrade/audits/AUDIT_SK-03S3_2026-04-21.md,b95a992d8a778d1c082a03a4e37c8e6ff5ed6206,10188,document_or_structured_evidence,.md
docs/ver2_upgrade/audits/AUDIT_SK-04O_2026-04-21.md,8561ec116f0a6ecf1d80a4818be2def571f4e7b4,11157,document_or_structured_evidence,.md
docs/ver2_upgrade/audits/AUDIT_SK-05T_2026-04-21.md,58f223a7c43d5f3f614de5d0a7adb5ecc87dc84d,8527,document_or_structured_evidence,.md
docs/ver2_upgrade/audits/AUDIT_SK-06H_2026-04-21.md,230c70f5a940903a90f3b3859d4b88d24b23d30a,9660,document_or_structured_evidence,.md
docs/ver2_upgrade/audits/AUDIT_SK-07M_2026-04-21.md,8e8c956e9c704aaf7362686a8439659259a1e73a,8028,document_or_structured_evidence,.md
docs/ver2_upgrade/audits/AUDIT_SK-08V_2026-04-21.md,f10859e56fc76d24aebe36dca150c9605821922b,8559,document_or_structured_evidence,.md
docs/ver2_upgrade/audits/AUDIT_SK-09D_2026-04-21.md,c4739b61c9377de5e966abcdcae3f63add680a67,7276,document_or_structured_evidence,.md
docs/ver2_upgrade/generated/CLAIM_LEDGER.md,f94464b3f16eac9933c03d029edb671df2d6c4a9,410,document_or_structured_evidence,.md
docs/ver2_upgrade/generated/FIGURE_GALLERY_TOPIC_MAP.json,fc6b116169986e6d2655b84f55bc0811eee9a9e0,2862,document_or_structured_evidence,.json
docs/ver2_upgrade/generated/FIGURE_GALLERY_TOPIC_MAP.md,72cd8dc9756be99ed8f142a5c969ab05654f9488,1447,document_or_structured_evidence,.md
docs/ver2_upgrade/generated/RESULT_PACK_INDEX.md,ba0c2a26949612834b579b94c9f5a93ef3292ad7,933,document_or_structured_evidence,.md
docs/ver2_upgrade/generated/STATUS_SNAPSHOT.md,e4a31bd09a5b3fbbfd00c03f94cd09ca41e3f3ef,412,document_or_structured_evidence,.md
docs/ver2_upgrade/generated/artifacts/bass_ver2_export_atlas_entry_lite.json,66174e2129d73ef03fe29a6ae3627fb9f37ad6e8,15468,document_or_structured_evidence,.json
docs/ver2_upgrade/generated/artifacts/bass_ver2_export_full_cov_mes_report.json,5d282e9b3925d1054566f41c24264788f40f32f4,6006,document_or_structured_evidence,.json
docs/ver2_upgrade/generated/artifacts/bass_ver2_export_observable_vector.json,a364c48f0497aeb59803feb98f3df2955fb16883,8509,document_or_structured_evidence,.json
docs/ver2_upgrade/generated/artifacts/bass_ver2_export_representative_family_sweep.json,c4e0fb6c2ab79aea6ad06ef2126d76fcea34c3a0,8454,document_or_structured_evidence,.json
docs/ver2_upgrade/generated/artifacts/common_ver2_export_departure_report.json,0914b16a84945ac5b03df5deddb30c5c7bb35dce,5939,document_or_structured_evidence,.json
docs/ver2_upgrade/generated/artifacts/common_ver2_validation_registry_summary.json,3eb1a70140d6a9f53d96a2d8079655c55b5ddb3b,68656,document_or_structured_evidence,.json
docs/ver2_upgrade/generated/artifacts/htt_ver2_export_discrimination_matrix.json,23a7069b827d6ac97b660cc4313273e3aea8329b,5253,document_or_structured_evidence,.json
docs/ver2_upgrade/generated/artifacts/mio_predictive_residuals_certificate.json,4daa88644c65195918ea67383a695c7ec4b907b2,7538,document_or_structured_evidence,.json
docs/ver2_upgrade/generated/artifacts/tsc_ver2_export_active_service_bundle.json,8b404f5a67965bccbe03f9c26e86b466e512bf57,23028,document_or_structured_evidence,.json
docs/ver2_upgrade/generated/artifacts/tsc_ver2_export_overlay.json,fc20f1f637e3810dc1f82b4989cdb321debb49a4,16119,document_or_structured_evidence,.json
docs/ver2_upgrade/generated/artifacts/tsc_ver2_export_policy_ledger.json,21a6314f3e9e15cc7a81c2f6428e91ee10808a0c,5141,document_or_structured_evidence,.json
docs/ver2_upgrade/generated/claim_ledger.json,34b5a4b9f1068ee4c4a47d3942883c0a21248f3f,8225,document_or_structured_evidence,.json
docs/ver2_upgrade/generated/result_pack_A_scalar_to_morphology.json,e2fbac2a4f22f334ff44f0e499fb0c2eb81dac21,3290,document_or_structured_evidence,.json
docs/ver2_upgrade/generated/result_pack_A_scalar_to_morphology.md,41e15861a3fd88f9d2add90ecd33ba5662461884,1908,document_or_structured_evidence,.md
docs/ver2_upgrade/generated/result_pack_A_scalar_to_morphology.tex,09d3b383fa45bf67a1a042a7d344dda4d6ef085e,1167,document_or_structured_evidence,.tex
docs/ver2_upgrade/generated/result_pack_B_local_global.json,15d3c06f097df5f562e7f68d2073cb26155d7a8f,1612,document_or_structured_evidence,.json
docs/ver2_upgrade/generated/result_pack_B_local_global.md,53f4b7a426536fe1d5b11e1d068a353ef6534889,1169,document_or_structured_evidence,.md
docs/ver2_upgrade/generated/result_pack_B_local_global.tex,62b0f9e8f3638a7b5b0c8be8dbfa7ade475adee0,670,document_or_structured_evidence,.tex
docs/ver2_upgrade/generated/result_pack_C_departure_cards.json,edc2f0492125794daff15a57217ca5670c71c3f3,2393,document_or_structured_evidence,.json
docs/ver2_upgrade/generated/result_pack_C_departure_cards.md,d128fb7b5b5cbb2ff616803908d4e04b97d28b74,1512,document_or_structured_evidence,.md
docs/ver2_upgrade/generated/result_pack_C_departure_cards.tex,ef4836c202ec0403b14ab5d0cb4d670b2812caa4,957,document_or_structured_evidence,.tex
docs/ver2_upgrade/generated/result_pack_D_mio_certificates.json,086fe32008deee337c42be9c151a5c1772e4cc17,4201,document_or_structured_evidence,.json
docs/ver2_upgrade/generated/result_pack_D_mio_certificates.md,080a7cf1c1a566ecdf8a420782496a90f3f86f14,2471,document_or_structured_evidence,.md
docs/ver2_upgrade/generated/result_pack_D_mio_certificates.tex,a45e9cff4c410569ce484f985bb7c6a61b8c3f9d,1550,document_or_structured_evidence,.tex
docs/ver2_upgrade/generated/result_pack_E_equivalence_classes.json,ba99bdf7323cbfcc6ff026fec11fedbe1428201d,2583,document_or_structured_evidence,.json
docs/ver2_upgrade/generated/result_pack_E_equivalence_classes.md,2649899a9a70bbefc45dc336ec9aee4fbda2a5b3,1679,document_or_structured_evidence,.md
docs/ver2_upgrade/generated/result_pack_E_equivalence_classes.tex,2310a453013d233c936345eed2c60b9ca9aed3d9,1011,document_or_structured_evidence,.tex
docs/ver2_upgrade/generated/status_snapshot.json,231b620471f39e13a1634500a1ab7c9d93f4f036,6893,document_or_structured_evidence,.json
docs/ver2_upgrade/lowell_bianchi_solver_SDD_PR_WBS_pstf_tetrad.md,1de9feb4b7d9fef76ce341c148767e590da55a54,86043,document_or_structured_evidence,.md
docs/ver2_upgrade/lowell_bianchi_solver_core_selfcontained.md,3189fa46b1b7a7e3f59bb20794f5bf667cbad9e2,57146,document_or_structured_evidence,.md
docs/ver2_upgrade/lowell_cmb_observables_statistics.md,5103a2269381b8223026fff1d7b57b2a5d3e2cfe,7216,document_or_structured_evidence,.md
docs/ver2_upgrade/mes_full_covariance_extension_self_contained.md,9618bd1f3b5c5dea484a5fe22efb11f84b1e915f,35836,document_or_structured_evidence,.md
docs/ver2_upgrade/teff_characteristics/00_README_index_and_source_boundaries.md,766d4142f5762350c8cabed1c83536e4c9e01888,7183,document_or_structured_evidence,.md
docs/ver2_upgrade/teff_characteristics/01_constitution_scope_and_claim_language.md,ce3f6b2c83330bbdd0adfb8370abebf80e85f23a,6291,document_or_structured_evidence,.md
docs/ver2_upgrade/teff_characteristics/02_papers_I_to_V_upgrade_ledger.md,1e26c7b52ac22afc6b94d71ece869d36e669fc4a,9086,document_or_structured_evidence,.md
docs/ver2_upgrade/teff_characteristics/03_reduction_geometry_and_theorem_compendium.md,c9f1121ea915b94bb0b4d4ee637f1873c64d378f,7552,document_or_structured_evidence,.md
docs/ver2_upgrade/teff_characteristics/04_characteristics_architecture_closure_free_backbone.md,9924242adb7e9e52bb332f0dc4719227a212af3a,6524,document_or_structured_evidence,.md
docs/ver2_upgrade/teff_characteristics/05_trace_intensity_semantics_and_polarisation_bridge.md,888b9afa0c8075f094de2b94004938934a9f7648,5808,document_or_structured_evidence,.md
docs/ver2_upgrade/teff_characteristics/06_proof_obligations_and_claim_status.md,142d2416d57b64da5c52e290d101538191efb482,6324,document_or_structured_evidence,.md
docs/ver2_upgrade/teff_characteristics/07_validation_protocol_and_test_matrix.md,5b0a7a7e6d5f2cbf9e0a9d5a983999d3cc679408,6357,document_or_structured_evidence,.md
docs/ver2_upgrade/teff_characteristics/08_red_team_reviewer_defense.md,2784ff52b0e8c32fa0bb0ab42f023de67d20f564,6206,document_or_structured_evidence,.md
docs/ver2_upgrade/teff_characteristics/09_patch_map_for_existing_md_and_manuscripts.md,978f4d04a3bc3b28cae84a47b0817c0dae5ac6e3,7136,document_or_structured_evidence,.md
docs/ver2_upgrade/teff_characteristics/TSC_active_service_SDD_WBS_PR_plan.md,4174f56e959f4a8c810cfbf43e9c3f391bc3192a,59063,document_or_structured_evidence,.md
docs/ver2_upgrade/teff_characteristics/TSC_active_service_SDD_WBS_PR_plan_v3_RE2_refined.md,df795e87561ac0530e26614b82bc8929512d7d4e,58934,document_or_structured_evidence,.md
docs/ver2_upgrade/x_Q_Pi_F_G_model_independent_framework_upgrade.md,dff2d57555b169f77bb40a1676bb0ce02701c72b,37204,document_or_structured_evidence,.md
docs/ver3/00A_CURRENT_REPO_BINDING_NOTE.md,0634296a41ff92ccf7be93775791118c299bf673,2226,document_or_structured_evidence,.md
docs/ver3/00_AUTHORITY_TREE.md,3ed1ee6bdb1e6ed6ca3b74c4f3a46d8f8526d37e,3695,document_or_structured_evidence,.md
docs/ver3/01A_GEOMETRY_AND_WEYL_AUTHORITY_NOTE.md,6675919b67ca0131e5f1ba4e9736ee82007af8dc,4781,document_or_structured_evidence,.md
docs/ver3/01_SSOT_FORMALISM_AND_PHYSICS.md,19d256be9486adcf277fb000560d4bb863f7cda3,13645,document_or_structured_evidence,.md
docs/ver3/02A_HIERARCHY_LAYOUT_AND_TIERA_TRANSPORT_NOTE.md,a744de1c8577e4ef2193b375f15839ecc13a8bdf,4949,document_or_structured_evidence,.md
docs/ver3/02_NUMERICAL_ARCHITECTURE_AND_ALGORITHMS.md,8bdc995239d0dc2d8907f7a966a0702580dd56b1,7064,document_or_structured_evidence,.md
docs/ver3/03A_INTRINSIC_FAMILY_TEMPLATE_CARDS.md,6fc816199317e9fe330a1dcfbedc9874de30f13a,7600,document_or_structured_evidence,.md
docs/ver3/03_FAMILY_BACKENDS_AND_IC_PROVENANCE.md,5a5c0a54c622b14aa7468737c67c3b9ee51864a0,5721,document_or_structured_evidence,.md
docs/ver3/04_IMPLEMENTATION_SKELETON_AND_PORTABILITY.md,b9f978050ded6783d54ef007b000b2e9dae432cb,4682,document_or_structured_evidence,.md
docs/ver3/05_VALIDATION_GATES_AND_CODEX_GUARDRAILS.md,49ad1e85dc3b2acf683cfbef33580b7a3ae5c9d8,4330,document_or_structured_evidence,.md
docs/ver3/06A_OUTPUT_SCHEMA_AND_METADATA_NOTE.md,96095e3208fd828923126184a450b46b276a5c82,2371,document_or_structured_evidence,.md
docs/ver3/06_OBSERVABLES_AND_STATISTICS_APPENDIX.md,7a97bd058cf5cced0df73e33c4b4fca09da6115c,3358,document_or_structured_evidence,.md
docs/ver3/07A_PR_DELIVERABLE_MAP.md,f40429ebb00ae055b526eab0f60e8e72613da35d,4004,document_or_structured_evidence,.md
docs/ver3/07_SDD_WBS_AND_PR_LIST.md,f29b3cb193f7f4dc3a25737851cd544e45fb889d,3270,document_or_structured_evidence,.md
docs/ver3/08_FUTURE_WORK_ANNEX.md,da6f07141187ff1ce55ad01cb5fffa6fe7f5dc33,1698,document_or_structured_evidence,.md
docs/ver3/09_INTERNAL_REAUDIT_H1.md,0ccf1a61cbb7d8223b5acff9a8fc4bd57059d9e1,2259,document_or_structured_evidence,.md
docs/ver3/99_REFERENCES.md,74cd7e8175c2e69425fbcee603d7c49a8f5e21ba,1804,document_or_structured_evidence,.md
docs/ver3/AUDIT_PR00_PR02_2026-04-22.md,d6f2c48fc9f6f50d6bc6fc93cbaf4161582c118b,2364,document_or_structured_evidence,.md
docs/ver3/AUDIT_PR03_2026-04-22.md,5d97087442ab86bfec7d3b4458e9fcf1444f7b9a,1828,document_or_structured_evidence,.md
docs/ver3/AUDIT_PR04_2026-04-22.md,202d653dfaf57d7e970e76cc6b86e009cd42c7bc,1681,document_or_structured_evidence,.md
docs/ver3/AUDIT_PR05_2026-04-22.md,20dc4bbdc21052807d2186f1772d687a54c4628d,1855,document_or_structured_evidence,.md
docs/ver3/AUDIT_PR06_2026-04-22.md,af2ba580fe4e399bfb2c754a5645f84718d437c0,1629,document_or_structured_evidence,.md
docs/ver3/AUDIT_PR07_2026-04-22.md,1b9b630a03474674c637bedd768f8fe90606651a,1647,document_or_structured_evidence,.md
docs/ver3/AUDIT_PR08_2026-04-22.md,a935d3d6542beae6aea7aebda12f86f280d624bd,1817,document_or_structured_evidence,.md
docs/ver3/AUDIT_PR09_2026-04-22.md,1b097b2a6916483cb01d95eab7c48dc9a0f8a15a,1313,document_or_structured_evidence,.md
docs/ver3/AUDIT_PR10_2026-04-22.md,97a8fb33443f55d9fa9d720d34e12c66488f537a,1431,document_or_structured_evidence,.md
docs/ver3/AUDIT_PR11_2026-04-22.md,13d61dec107490aa78ec9edc9b55b02e20efb960,1269,document_or_structured_evidence,.md
docs/ver3/PR01_INVARIANT_BASIS_CONTRACTION_MATRIX.json,0c836770f593c38002cbbe50ba08bdb2dc8fff53,945,document_or_structured_evidence,.json
docs/ver3/PR02_FAMILY_METADATA_DUMP.json,78ec3eb526f3002371bc396faec0363a1004a0d4,1376,document_or_structured_evidence,.json
docs/ver3/PR03_GEOMETRY_SCALING_REGRESSION.json,eb1d4c3a79869daad3acd25e5383b87fc3f2cfe9,992,document_or_structured_evidence,.json
docs/ver3/PR04_ORTHOGONAL_VS_TILTED_SOURCE_PACK_TABLE.json,4330599849356f3d2ef41b38d8547b69d54e4b29,988,document_or_structured_evidence,.json
docs/ver3/PR05_BACKGROUND_RESIDUAL_SUMMARY.json,53b2c88a155085a95d90178b90a573b04608ebc0,2360,document_or_structured_evidence,.json
docs/ver3/PR06_EXACT_THOMSON_REGRESSION.json,d0ad46234e5ea9a460b8575dffa5d00a6cef28b4,981,document_or_structured_evidence,.json
docs/ver3/PR07_MONOTONIC_VISIBILITY_SUMMARY.json,98f4fd682f16ce059a1927b63d50c20ad5fd9991,898,document_or_structured_evidence,.json
docs/ver3/PR08_BACKEND_CARD_INSTANTIATION_REPORT.json,54aedb05cd687aed1e2911c4b672416eae838856,21301,document_or_structured_evidence,.json
docs/ver3/PR09_SPARSE_LAYOUT_MANIFEST.json,e7bccd283179b466a7b8614a61bb35374717ef07,2799,document_or_structured_evidence,.json
docs/ver3/PR10_ARCHIVE_SCHEMA_VALIDATION_BUNDLE.json,64fca7b0371ad4416e5110729587663b4d025312,630,document_or_structured_evidence,.json
docs/ver3/PR11_GATE_REPORT_SCHEMA.json,afec40eee7e2e2a91239749f7c2593f31670dd66,1346,document_or_structured_evidence,.json
docs/ver3/RE2_STATUS_AND_BINDING_NOTE_2026-04-22.md,abfe577ca0b818236d24cb5b553cde81046d6714,7293,document_or_structured_evidence,.md
docs/ver3/README_INDEX.md,6850cbe12943f109708fbdf0893dabfdd084812d,5117,document_or_structured_evidence,.md
external_audit_research_report_20260707_v5/MANIFEST.json,35c76481d05ea8410f2378b2cb1ccfc34bdb3dc0,5357,document_or_structured_evidence,.json
external_audit_research_report_20260707_v5/SOURCE_INDEX.md,0df8b0118fac08730607f36cae50b4236f9cd076,5198,document_or_structured_evidence,.md
external_audit_research_report_20260707_v5/external_audit_content_ledger_ko.md,3a1824c685d000920f4104bec36a729647bbe5b8,5981,document_or_structured_evidence,.md
external_audit_research_report_20260707_v5/external_audit_evidence_matrix.json,758007bbebe01c91a6b88bcfa98c321c4bfbd78a,20304,document_or_structured_evidence,.json
external_audit_research_report_20260707_v5/external_audit_research_report_v5.tex,9f3b4f8bede33e4a5462a19420e2b2ce4a1519bb,52157,document_or_structured_evidence,.tex
external_audit_research_report_20260707_v5/external_audit_response_matrix_ko.md,312b3d6f77664c98afeba47ac9b1f39d5d1f64fc,1819,document_or_structured_evidence,.md
external_audit_research_report_20260707_v5/method_validation_summary.json,2cccf77707c1320e553d330a3ae3fcbee91f0f02,584,document_or_structured_evidence,.json
external_audit_research_report_20260721_v10/MANIFEST.json,6cc49a8984f48c2c163252ebdeaf6bd4b9a8fa28,8073,document_or_structured_evidence,.json
external_audit_research_report_20260721_v10/README.md,866492e0600d38e30894e36e11a4c0b5006d8cee,674,document_or_structured_evidence,.md
external_audit_research_report_20260721_v10/external_audit_research_report_v10.tex,493e85c351473dfc26a927fd6f2e6b4eed1352e9,118292,document_or_structured_evidence,.tex
external_audit_research_report_20260722_v11/MANIFEST.json,0fae1bc358432a7a95d531099415683260db90c8,1908,document_or_structured_evidence,.json
external_audit_research_report_20260722_v11/README.md,01089cfa81504de79473d3ca8603d33649edd9dc,1076,document_or_structured_evidence,.md
external_audit_research_report_20260722_v11/external_audit_research_report_v11.tex,841f08af9db77a5de0e4dace7a2c6566ee0767db,21211,document_or_structured_evidence,.tex
external_fusion_round3/HOSTILE_ADVOCATE_MATRIX.json,c203f8c99827cd5703aa0446d015e943716a7705,16214,document_or_structured_evidence,.json
external_fusion_round3/MANIFEST.json,8064836c186891ec9d83d44c5d5cd6224165ff73,23443,document_or_structured_evidence,.json
external_fusion_round3/OVERLAY_INSTALL_RECEIPT.json,488080828ddc62a21b7b24293d9cbf7c7b08e1fe,18157,document_or_structured_evidence,.json
external_fusion_round3/PR_GATE_MATRIX.json,dd800f9d6c0ab919890a4bbd7c4b6d58c45f7f7d,134036,document_or_structured_evidence,.json
external_fusion_round3/README.md,c30ebfcff209512b84f7725cf5082b0424653c13,3406,document_or_structured_evidence,.md
external_fusion_round3/configs/data_recipes.json,e80f81ff10a8657dd7451683d91e9d9eab1e4ea9,3439,document_or_structured_evidence,.json
external_fusion_round3/configs/external_ecosystem_ledger.json,486330123cb89fb767198c5616614cbce7c5e664,7211,document_or_structured_evidence,.json
external_fusion_round3/configs/lowell_pole_program.json,a9f60ea2ff7cc4a51b6dc24e45a9425f314a5b95,1766,document_or_structured_evidence,.json
external_fusion_round3/docs/01_HOSTILE_REFEREE_STEELMAN_EXTERNAL_FUSION.md,6bb3958e1f02045095fcb649055bbb0c1f27095c,7552,document_or_structured_evidence,.md
external_fusion_round3/docs/02_ADVOCATE_STEELMAN_UPGRADE_EXTERNAL_FUSION.md,375d7322c8d4efe996c56c043301e6ed95bea512,8893,document_or_structured_evidence,.md
external_fusion_round3/docs/03_EXTERNAL_FUSION_PR_ROADMAP_20260722.md,c554eec60b45d843441842cba8e39f1d6d3fb0cc,119158,document_or_structured_evidence,.md
external_fusion_round3/docs/04_PUBLICATION_READINESS_MASTER_CHECKLIST_EXTERNAL_FUSION.md,b9aa856be9bd990d96d7f3195adec77d486a0a1a,4085,document_or_structured_evidence,.md
external_fusion_round3/docs/05_REDSHIFT_DEPTH_LOWELL_POLE_PROGRAM.md,9da98a1159eeb34448d629070a7064b71f7b86dc,5826,document_or_structured_evidence,.md
external_fusion_round3/docs/06_TRACK_BOUNDARY_AND_NATIVE_SOLVER_HANDOFF.md,dac1baba30df46a13c4a0df5bd2400bfd1b907ec,898,document_or_structured_evidence,.md
external_fusion_round3/docs/07_WEB_LITERATURE_AND_SOFTWARE_CONTEXT.md,2e065fdadca01a21d16c80fefa92e7eee73be5da,1621,document_or_structured_evidence,.md
external_fusion_round3/docs/08_THEOREM_PROOF_BACKLOG_EXTERNAL_FUSION.md,f381530ed1bd3abc4037a7617a25797167f5da77,5704,document_or_structured_evidence,.md
external_fusion_round3/docs/09_EXECUTABLE_ASSET_CATALOG.md,07a21e04bc4079b9a1680aadd2ccef4dcdfd91a6,2362,document_or_structured_evidence,.md
external_fusion_round3/docs/10_PACKAGE_VALIDATION.md,9c558c3e26c817a95a6be5ef676c29b131051af4,2143,document_or_structured_evidence,.md
external_fusion_round3/outputs/overlay_demos.json,ebc1fc2547be3ce496e036c0d60859332616bbb5,182,document_or_structured_evidence,.json
external_fusion_round3/outputs/overlay_pytest.txt,dca618c9f296ef23556a1dab98dfe57f531a5a08,80,document_or_structured_evidence,.txt
external_fusion_round3/outputs/plugin_probe.json,fe701fd4cfd88a5d5a9bf9bff3303471ed460f78,7007,document_or_structured_evidence,.json
external_fusion_round3/outputs/reference_results.json,fe7dba0f8399b41b3713b22d436c099ba487561e,23935,document_or_structured_evidence,.json
external_fusion_round3/outputs/track_ii_expected_block.exitcode.txt,00750edc07d6415dcc07ae0351e9397b0222b7ba,2,document_or_structured_evidence,.txt
external_fusion_round3/outputs/track_ii_expected_block.json,881b79a4f50c1752e6a7d7a298d8c09ec02417e1,85,document_or_structured_evidence,.json
external_fusion_round3/pr_cards/pr-247.json,181acb80265ed8ab92a3d3d94082773193736526,3253,document_or_structured_evidence,.json
external_fusion_round3/pr_cards/pr-248.json,79a65a7614c037b1036f9102c41dcff9aa95f661,3040,document_or_structured_evidence,.json
external_fusion_round3/pr_cards/pr-249.json,d22d6f986d8a1d3d8302927941d5e0eac7b57d49,3048,document_or_structured_evidence,.json
external_fusion_round3/pr_cards/pr-250.json,e74b20962f252b5123d676f8ddf0ea345b3ce1a9,3181,document_or_structured_evidence,.json
external_fusion_round3/pr_cards/pr-251.json,04bf4f730e12f53ab1527d317b52cfe3e42799af,3056,document_or_structured_evidence,.json
external_fusion_round3/pr_cards/pr-252.json,f1217fbbd618247f0a1d5cf8caa308a2d6a4efe2,3040,document_or_structured_evidence,.json
external_fusion_round3/pr_cards/pr-253.json,6d672b9748d2e5725dbbefd5b3896917469e7016,3224,document_or_structured_evidence,.json
external_fusion_round3/pr_cards/pr-254.json,8876df281bec0dd734bd41edb5ff0308c8f4f79f,3011,document_or_structured_evidence,.json
external_fusion_round3/pr_cards/pr-255.json,884837234e4e3f2c78d7e81697f4c8fd6c0882e7,3112,document_or_structured_evidence,.json
external_fusion_round3/pr_cards/pr-256.json,1e7208a76ea52e947dd86f153edfd9648ba024fc,3030,document_or_structured_evidence,.json
external_fusion_round3/pr_cards/pr-257.json,971fa02881b9cc2ec7585f6178403110f7f7d349,3247,document_or_structured_evidence,.json
external_fusion_round3/pr_cards/pr-258.json,6a08cf1b0e99a29a0dcac804c986cb0be22f99db,3248,document_or_structured_evidence,.json
external_fusion_round3/pr_cards/pr-259.json,b7596a445a2953b39331510bfdeb1fcb6d6da35a,3001,document_or_structured_evidence,.json
external_fusion_round3/pr_cards/pr-260.json,bfa0fff3f383ce7f789175df20e396cd06147b9a,3051,document_or_structured_evidence,.json
external_fusion_round3/pr_cards/pr-261.json,d364b06976cd7d9a0992a8f3f76c9ddd08ddcaae,2981,document_or_structured_evidence,.json
external_fusion_round3/pr_cards/pr-262.json,483206bc250692f668736e4e4c2203b2733d6f9e,3123,document_or_structured_evidence,.json
external_fusion_round3/pr_cards/pr-263.json,1943412c531b477c55c5cd538fd372f7b3b94ed1,3168,document_or_structured_evidence,.json
external_fusion_round3/pr_cards/pr-264.json,99c3e6de4c3aba36f7c3c4ca621825d715d71dc3,3188,document_or_structured_evidence,.json
external_fusion_round3/pr_cards/pr-265.json,bde40a6bad54ec0d69b121530ba881faacf5dcb4,3013,document_or_structured_evidence,.json
external_fusion_round3/pr_cards/pr-266.json,7dc0c12d54b83e3b1154ed89332d1f8691fca9f9,3101,document_or_structured_evidence,.json
external_fusion_round3/pr_cards/pr-267.json,6d9b553b6a354f3c5798fb2d698b139d20c18e8f,3066,document_or_structured_evidence,.json
external_fusion_round3/pr_cards/pr-268.json,75dd667010d3da0fdbcf9d9aff2a8949ba9c32bc,3008,document_or_structured_evidence,.json
external_fusion_round3/pr_cards/pr-269.json,57d2bbf463da5933ea3ea19cccb1f98e5cec5eb6,3099,document_or_structured_evidence,.json
external_fusion_round3/pr_cards/pr-270.json,67e25d7205460dd8034dc6877738fa35984ac965,3011,document_or_structured_evidence,.json
external_fusion_round3/pr_cards/pr-271.json,22946e3d8d7d77b063a027733aa1cfafae5fdd80,3022,document_or_structured_evidence,.json
external_fusion_round3/pr_cards/pr-272.json,7d06349e9cfe1ff9fed194e0840be49631fb628e,3037,document_or_structured_evidence,.json
external_fusion_round3/pr_cards/pr-273.json,82bd911ac039afde5e3db4886281e501c1898fe2,3335,document_or_structured_evidence,.json
external_fusion_round3/pr_cards/pr-274.json,bca94087163f805c456b56678c9c8bbc09bf439e,3020,document_or_structured_evidence,.json
external_fusion_round3/pr_cards/pr-275.json,563388a416227106be587a7ca192b71a6543f7a3,3073,document_or_structured_evidence,.json
external_fusion_round3/pr_cards/pr-276.json,59c3a59911c84489d557b34234998b9e0095f096,3091,document_or_structured_evidence,.json
external_fusion_round3/pr_cards/pr-277.json,2512e70e399a9b710689c5fa27493e419b204f9c,3124,document_or_structured_evidence,.json
external_fusion_round3/pr_cards/pr-278.json,6124e7a5456e3dfdaff350478e071e1683233e92,3087,document_or_structured_evidence,.json
external_fusion_round3/pr_cards/pr-279.json,944a363e8cd019d61211dbf6c99880d6e216b4d1,2951,document_or_structured_evidence,.json
external_fusion_round3/pr_cards/pr-280.json,ab422dd90219a16be1c313b6be97ea314a24b5f6,3107,document_or_structured_evidence,.json
external_fusion_round3/pr_cards/pr-281.json,132d60b89918f75ecdbee247fa3f1f8c74016844,3165,document_or_structured_evidence,.json
external_fusion_round3/pr_cards/pr-282.json,c64b832a6a1b45f141b9b25e0685a099aad28255,3217,document_or_structured_evidence,.json
external_fusion_round3/pyproject.toml,04ca84a98d59de2207a066f644ffd2c47ee56713,478,document_or_structured_evidence,.toml
external_fusion_round3/requirements-core.txt,5fad0a51e1eedb1ce3192d10ff323d7966d478cf,33,document_or_structured_evidence,.txt
external_fusion_round3/requirements-optional.txt,9ad4f4d6e9b70df377a2a7ab7894697dfc1d94ed,237,document_or_structured_evidence,.txt
external_fusion_round3/schemas/plugin_receipt.schema.json,c16cf036b7d7b577a979e1a36e0124411f1eb492,1111,document_or_structured_evidence,.json
external_fusion_round3/schemas/pole_bundle.schema.json,aee0ec26354193e971b3a064e8e440700c3cbc92,1129,document_or_structured_evidence,.json
external_fusion_round3/schemas/solver_delivery_receipt.schema.json,0456e11a3a949c9edc2fccba25c3fcbd0450cfed,1054,document_or_structured_evidence,.json
figures/conditioned_legacy/parallel-track__fig_01_mes_three_bounds.manifest.json,03bf7b1d01e33c4c167dc934ddd2bb2d9800a0e8,2647,document_or_structured_evidence,.json
figures/conditioned_legacy/parallel-track__fig_05_filling_fraction_scenarios.manifest.json,26f2ed871646774275457d41bf398f64d3eb62cc,2697,document_or_structured_evidence,.json
figures/conditioned_legacy/parallel-track__fig_06_directional_probes_mollweide.manifest.json,6475232f485257f9071f0bff1a39b4569979557b,2745,document_or_structured_evidence,.json
figures/conditioned_legacy/parallel-track__fig_07_planck_pr3_tt.manifest.json,c30a0c795e8252c00624055c379124ae4ef63732,2635,document_or_structured_evidence,.json
figures/conditioned_legacy/parallel-track__fig_08_planck_pr3_tt_te_ee.manifest.json,cd0d5b494e258ee4a2119bd3c9fd8a91bcc7cc00,2665,document_or_structured_evidence,.json
figures/conditioned_legacy/parallel-track__fig_09_planck_lowell_envelope.manifest.json,f422daace541a394b2bb52c28f84c99d409698a4,2680,document_or_structured_evidence,.json
figures/conditioned_legacy/parallel-track__fig_11_dipole_direction_comparison.manifest.json,03b8972495ca87445275db0ae59205f2876112b1,2740,document_or_structured_evidence,.json
figures/conditioned_legacy/parallel-track__fig_12_planck_act_dr4_combined.manifest.json,5e9c387b6d56ec36ef62db406114863cce36953b,2685,document_or_structured_evidence,.json
figures/conditioned_legacy/quarantined-legacy-root-sources__fig_3D_constraint_volume.manifest.json,b4ba8421d59ff37a1880e201f2df63986ccb6a4c,2737,document_or_structured_evidence,.json
figures/conditioned_legacy/quarantined-legacy-root-sources__fig_4D_projection_atlas.manifest.json,970526931921db7fc200f521c85c8b70ae50c8a5,2732,document_or_structured_evidence,.json
figures/conditioned_legacy/quarantined-legacy-root-sources__fig_BV_exclusion_restyled.manifest.json,050ce6b3c372c3de61fac65c5df429dfc084558d,2742,document_or_structured_evidence,.json
figures/conditioned_legacy/quarantined-legacy-root-sources__fig_DCP_defect_mapping.manifest.json,36bc3cdae40ccf5304bac3bf0f01f519a5dfaa60,2727,document_or_structured_evidence,.json
figures/conditioned_legacy/quarantined-legacy-root-sources__fig_MES_three_bounds.manifest.json,1c187e10d15734dfc825ff92ffb3574be64d9e30,2717,document_or_structured_evidence,.json
figures/conditioned_legacy/quarantined-legacy-root-sources__fig_NL_heatmap.manifest.json,a746986e4021d677d7b7f1821c7bace2e0b9ad84,2687,document_or_structured_evidence,.json
figures/conditioned_legacy/quarantined-legacy-root-sources__fig_activation_map.manifest.json,b818b137702303c635b77d7907b488d1a147dd81,2707,document_or_structured_evidence,.json
figures/conditioned_legacy/quarantined-legacy-root-sources__fig_anomaly_atlas_skymap.manifest.json,9a2fbed6a8df57ec41829b7094fbb00ff279cd20,2739,document_or_structured_evidence,.json
figures/conditioned_legacy/quarantined-legacy-root-sources__fig_anomaly_direction_sky.manifest.json,45f8e4506b46dd1caf553260e24619df47dd9855,2744,document_or_structured_evidence,.json
figures/conditioned_legacy/quarantined-legacy-root-sources__fig_anomaly_overlap_matrix.manifest.json,47f98ef4b1d19c546ef20a8253221cfbc4a6a7fa,2747,document_or_structured_evidence,.json
figures/conditioned_legacy/quarantined-legacy-root-sources__fig_beta_posteriors_R03.manifest.json,47242ef10010e417313ab3204582b80ff44e3369,2763,document_or_structured_evidence,.json
figures/conditioned_legacy/quarantined-legacy-root-sources__fig_catwise_sensitivity.manifest.json,6a6676ea8d77827cc1708ff1de314b4ffd263382,2732,document_or_structured_evidence,.json
figures/conditioned_legacy/quarantined-legacy-root-sources__fig_cf4pp_sensitivity.manifest.json,71c8167b44bd2e362490ed1e5c789ad6f42fea6f,2722,document_or_structured_evidence,.json
figures/conditioned_legacy/quarantined-legacy-root-sources__fig_channel_ablation_heatmap.manifest.json,fadba28645d4ac139cd1b75281caf8bb92694e19,2757,document_or_structured_evidence,.json
figures/conditioned_legacy/quarantined-legacy-root-sources__fig_channel_coherence_heatmap.manifest.json,df5804b8237666c3e4b4148b53840fbfbd10033a,2762,document_or_structured_evidence,.json
figures/conditioned_legacy/quarantined-legacy-root-sources__fig_colin_beta.manifest.json,468d9bd16efad48fc01d9be7f88e26ccaa568f3b,2687,document_or_structured_evidence,.json
figures/conditioned_legacy/quarantined-legacy-root-sources__fig_contrastive_summary.manifest.json,704a1d2d2c29ee5c808881d54dedec560af3d8a2,2732,document_or_structured_evidence,.json
figures/conditioned_legacy/quarantined-legacy-root-sources__fig_coverage_sbc.manifest.json,4dd0d4ebf429e54a14158435bfaeb61fbb26b217,2735,document_or_structured_evidence,.json
figures/conditioned_legacy/quarantined-legacy-root-sources__fig_d2_sigma2_scaling.manifest.json,2fa0fcfda16c02064cc5762da94411e54cf71819,2722,document_or_structured_evidence,.json
figures/conditioned_legacy/quarantined-legacy-root-sources__fig_data_decomposition.manifest.json,5e533d608768d3ef302027e36edd90983d69e5b0,2727,document_or_structured_evidence,.json
figures/conditioned_legacy/quarantined-legacy-root-sources__fig_defect_identity_schematic.manifest.json,53a2083d096265ab443dfc87b84c7b11a678f5bb,2762,document_or_structured_evidence,.json
figures/conditioned_legacy/quarantined-legacy-root-sources__fig_departure_summary.manifest.json,466a29f07e5e69ee38003268d6de304f9d4a8125,2722,document_or_structured_evidence,.json
figures/conditioned_legacy/quarantined-legacy-root-sources__fig_dipole_sky_overlay_all_surveys.manifest.json,d204823481a20cbe37ba6ab38535537c0e58da02,2789,document_or_structured_evidence,.json
figures/conditioned_legacy/quarantined-legacy-root-sources__fig_direction_alignment_matrix.manifest.json,f5d7b5bae78074b668210e1a78aa61006d3757f4,2769,document_or_structured_evidence,.json
figures/conditioned_legacy/quarantined-legacy-root-sources__fig_direction_posterior.manifest.json,9b05325a5513d9d0e59001a7c1aa1a076f9a7f87,2801,document_or_structured_evidence,.json
figures/conditioned_legacy/quarantined-legacy-root-sources__fig_ell_mixing_comparison.manifest.json,c73181ce590702ce673c0d13f81f1f6594584426,2742,document_or_structured_evidence,.json
figures/conditioned_legacy/quarantined-legacy-root-sources__fig_equiv_class_evidence.manifest.json,0d375920835fccb8a9951ea60e605efaf119d6c1,2768,document_or_structured_evidence,.json
figures/conditioned_legacy/quarantined-legacy-root-sources__fig_evidence_decomposition.manifest.json,df2c281074cb46fbd7e20433e9ad45b8e7030fea,2778,document_or_structured_evidence,.json
figures/conditioned_legacy/quarantined-legacy-root-sources__fig_evidence_grand_bar.manifest.json,d82b20be7e07b7623febc97391094c4c80de8e09,2758,document_or_structured_evidence,.json
figures/conditioned_legacy/quarantined-legacy-root-sources__fig_experiment_timeline.manifest.json,1a01a36bf09ef538320df08514d107c216bac00e,2732,document_or_structured_evidence,.json
figures/conditioned_legacy/quarantined-legacy-root-sources__fig_external_integration.manifest.json,8f3555b937b0d4054545bf5bb78b4c56d1379820,2737,document_or_structured_evidence,.json
figures/conditioned_legacy/quarantined-legacy-root-sources__fig_f2_transfer_function.manifest.json,e72a1e93a4cbf32159b2c558af51ed8acc72f3de,2740,document_or_structured_evidence,.json
figures/conditioned_legacy/quarantined-legacy-root-sources__fig_filling_fraction_posterior.manifest.json,c3e8ef90dfaaf9ff7fcd4415207a5da5c6cbb412,2798,document_or_structured_evidence,.json
figures/conditioned_legacy/quarantined-legacy-root-sources__fig_filling_z_evolution.manifest.json,cbd610e9cd364be6b5e8df44164a1c52a807969c,2732,document_or_structured_evidence,.json
figures/conditioned_legacy/quarantined-legacy-root-sources__fig_fisher_ellipses_future_surveys.manifest.json,2ab94aa371fa589c1985da76104e39811fa360a8,2787,document_or_structured_evidence,.json
figures/conditioned_legacy/quarantined-legacy-root-sources__fig_frame_problem.manifest.json,c601e1d11dfadfccf3970bf49d9b4001cdb782f5,2702,document_or_structured_evidence,.json
figures/conditioned_legacy/quarantined-legacy-root-sources__fig_growing_mode.manifest.json,52c20731ac05f1c5a7add42d02e4b8c08488e234,2697,document_or_structured_evidence,.json
figures/conditioned_legacy/quarantined-legacy-root-sources__fig_hemispherical_power_asymmetry_bianchi.manifest.json,4ef289980c5cd4b2a9f0a9e0696d88d08b9bcc0d,2860,document_or_structured_evidence,.json
figures/conditioned_legacy/quarantined-legacy-root-sources__fig_htt_mio_cross_check_table.manifest.json,26d180910988e0eb7fc56e95d1e55f008505ee81,2762,document_or_structured_evidence,.json
figures/conditioned_legacy/quarantined-legacy-root-sources__fig_injection_recovery.manifest.json,db4186d64812b81aaa56e87386114bb9423ad149,2727,document_or_structured_evidence,.json
figures/conditioned_legacy/quarantined-legacy-root-sources__fig_isotropy_pvalue_per_combination.manifest.json,e1369354b3111fcd98b2b4e2ec688da20ddd3db8,2792,document_or_structured_evidence,.json
figures/conditioned_legacy/quarantined-legacy-root-sources__fig_jeffreys_categorization.manifest.json,aa15b6adb44a299a479aa02d7e7502de344ec849,2752,document_or_structured_evidence,.json
figures/conditioned_legacy/quarantined-legacy-root-sources__fig_leave_one_out.manifest.json,88ee93e92369fa0233af457ff268dcb6d6822e4f,2702,document_or_structured_evidence,.json
figures/conditioned_legacy/quarantined-legacy-root-sources__fig_nonlinear_corrections.manifest.json,cb217cf3752cf95e132b03113bda748413e11635,2742,document_or_structured_evidence,.json
figures/conditioned_legacy/quarantined-legacy-root-sources__fig_null_competition_production.manifest.json,bf735aa49a679cd1e1bef0c70377654a8dd753a1,2772,document_or_structured_evidence,.json
figures/conditioned_legacy/quarantined-legacy-root-sources__fig_orientation_diagnostics.manifest.json,dc8591758016c6ab4ec9af1f579e2df5d6bce836,2790,document_or_structured_evidence,.json
figures/conditioned_legacy/quarantined-legacy-root-sources__fig_pairwise_bf_matrix.manifest.json,a43b8f5e5d5e1e75b3791d5fc686198546b96398,2758,document_or_structured_evidence,.json
figures/conditioned_legacy/quarantined-legacy-root-sources__fig_pairwise_separations_matrix.manifest.json,5472081746afe4304ade6df989c25ba71c75f2e7,2810,document_or_structured_evidence,.json
figures/conditioned_legacy/quarantined-legacy-root-sources__fig_parity_asymmetry_per_model.manifest.json,780f3b5e65fe62cd30f1b8ba33f0fa72d3b3cd1c,2767,document_or_structured_evidence,.json
figures/conditioned_legacy/quarantined-legacy-root-sources__fig_peculiar_jeans.manifest.json,d0d6fec8922eda098f008e2e45c48d6537e71612,2707,document_or_structured_evidence,.json
figures/conditioned_legacy/quarantined-legacy-root-sources__fig_prior_sensitivity.manifest.json,e8e69037b354217d4928fb370a6e9a8a30da9b5f,2722,document_or_structured_evidence,.json
figures/conditioned_legacy/quarantined-legacy-root-sources__fig_q0_pushforward.manifest.json,88308bde9c2ab810887ba2799ee985d068dd8eee,2707,document_or_structured_evidence,.json
figures/conditioned_legacy/quarantined-legacy-root-sources__fig_q_decomposition.manifest.json,98159999a6cab437d131e00a697c1b2979627160,2712,document_or_structured_evidence,.json
figures/conditioned_legacy/quarantined-legacy-root-sources__fig_reduced_los_physics_payoff.manifest.json,a8a756553f99d27feec93779db8a84ad8aebcdca,2767,document_or_structured_evidence,.json
figures/conditioned_legacy/quarantined-legacy-root-sources__fig_resultant_vector_5probes.manifest.json,3073fb97c99359932be47b0aea742d28791ed65f,2757,document_or_structured_evidence,.json
figures/conditioned_legacy/quarantined-legacy-root-sources__fig_rho_sweep.manifest.json,a2930f8ca7028bed9db535f4461d193d5368f1b9,2682,document_or_structured_evidence,.json
figures/conditioned_legacy/quarantined-legacy-root-sources__fig_route_b_mm_curve.manifest.json,311ded6a48ccb2e0351639d87b6a7ff4a6e8b5c4,2720,document_or_structured_evidence,.json
figures/conditioned_legacy/quarantined-legacy-root-sources__fig_s1m_shadow.manifest.json,648661fed48f07077147e5575775d7c528064552,2687,document_or_structured_evidence,.json
figures/conditioned_legacy/quarantined-legacy-root-sources__fig_scale_hierarchy.manifest.json,726275c16e1a130b9e785c2ef46ee0125caae766,2712,document_or_structured_evidence,.json
figures/conditioned_legacy/quarantined-legacy-root-sources__fig_scenarios_comprehensive.manifest.json,fd8345b6b921f86ac80578388f6213991bc2cd74,2752,document_or_structured_evidence,.json
figures/conditioned_legacy/quarantined-legacy-root-sources__fig_sigma_accel_contour.manifest.json,8e198f076d2db574d19e3cd627f7c75c1b74e897,2732,document_or_structured_evidence,.json
figures/conditioned_legacy/quarantined-legacy-root-sources__fig_sigma_omega_contour.manifest.json,bf1df0f6e88ed4cebaae9ff8e191e3c0727aeece,2732,document_or_structured_evidence,.json
figures/conditioned_legacy/quarantined-legacy-root-sources__fig_source_decomposition.manifest.json,474e5dd4d61f2c951de6aa3fc2b48e87d8642621,2737,document_or_structured_evidence,.json
figures/conditioned_legacy/quarantined-legacy-root-sources__fig_source_discrimination.manifest.json,9304ee343f53590ee4a8dc6d911762184eb299c8,2742,document_or_structured_evidence,.json
figures/conditioned_legacy/quarantined-legacy-root-sources__fig_teff_moment_map.manifest.json,5294eda22fbdaa4ed7e586bf7dcf1d51eb38fb2e,2712,document_or_structured_evidence,.json
figures/conditioned_legacy/quarantined-legacy-root-sources__fig_tension_resolution_timeline.manifest.json,641cd400ab6a8b7bd3ac0ca3abe8a50d0dc0b8ee,2772,document_or_structured_evidence,.json
figures/conditioned_legacy/quarantined-legacy-root-sources__fig_tilted_H0_depth.manifest.json,b8b22b2f75638f512cafd0bb818a75f2ba0bd3fb,2712,document_or_structured_evidence,.json
figures/conditioned_legacy/quarantined-legacy-root-sources__fig_triangle_BI_R03.manifest.json,4efe05fc48d67ccceb02d9e93b99d028d92d0061,2743,document_or_structured_evidence,.json
figures/conditioned_legacy/quarantined-legacy-root-sources__fig_triangle_BVIIh_grow_R03.manifest.json,b6dcb3b1cdd6392f5e9b053ff24d512c4df68ae8,2783,document_or_structured_evidence,.json
figures/conditioned_legacy/quarantined-legacy-root-sources__fig_type_by_type_summary.manifest.json,380e7b024860528b6a0f006868bf5d059fb19cd5,2737,document_or_structured_evidence,.json
figures/conditioned_legacy/quarantined-legacy-root-sources__fig_v_pushforward.manifest.json,7810ddaafd5d00cd4dcf6e85d3db941c5c008936,2702,document_or_structured_evidence,.json
figures/conditioned_legacy/quarantined-legacy-root-sources__fig_vorticity_hierarchy.manifest.json,f69995d18c46e0ecf4a27e20be955aea0c316a38,2732,document_or_structured_evidence,.json
figures/conditioned_legacy/quarantined-meta-v6-no-download__fig_v6_component_source_matrix.manifest.json,2f6f0fb272f000a4ae8c4dcd725c3be3e14f6b4b,3147,document_or_structured_evidence,.json
figures/conditioned_legacy/quarantined-meta-v6-no-download__fig_v6_denominator_sensitivity.manifest.json,9f54150827212583875fb314308c886833ff0f7f,2767,document_or_structured_evidence,.json
figures/conditioned_legacy/quarantined-meta-v6-no-download__fig_v6_depth_gap_and_readiness.manifest.json,03843a350e4c7e68c9551be6a0d1f2036e22ad03,3147,document_or_structured_evidence,.json
figures/conditioned_legacy/quarantined-meta-v6-no-download__fig_v6_optical_ansatz_readiness.manifest.json,b93699d82189706bde5802fa6330018d371936ca,2772,document_or_structured_evidence,.json
figures/conditioned_legacy/quarantined-meta-v6-no-download__fig_v6_response_class_ledger.manifest.json,d7904ead4971a239fcc3d6b5daf76ececf2cec91,3135,document_or_structured_evidence,.json
figures/conditioned_legacy/root__fig_3D_constraint_volume.manifest.json,5b0012522ec735664297922706dcae2bc169c25e,2062,document_or_structured_evidence,.json
figures/conditioned_legacy/root__fig_4D_projection_atlas.manifest.json,137b00baa752547e9bea93c85556ba630d144df4,2058,document_or_structured_evidence,.json
figures/conditioned_legacy/root__fig_BV_exclusion_restyled.manifest.json,32f94fde725c452dfc72c9540693272b41fcf6bb,2066,document_or_structured_evidence,.json
figures/conditioned_legacy/root__fig_DCP_defect_mapping.manifest.json,b3c7eef8617cb475e8c094941b6e6dac590708a7,2054,document_or_structured_evidence,.json
figures/conditioned_legacy/root__fig_MES_three_bounds.manifest.json,524fe02638130ba73f4d2d8ad5caadef4b1eae76,2046,document_or_structured_evidence,.json
figures/conditioned_legacy/root__fig_NL_heatmap.manifest.json,5aa3f88c43d96884d0bfa35550cb00823710f5a8,2022,document_or_structured_evidence,.json
figures/conditioned_legacy/root__fig_activation_map.manifest.json,a101db1b70db67c93fb96e6279790e8ff000520b,2038,document_or_structured_evidence,.json
figures/conditioned_legacy/root__fig_anomaly_atlas_skymap.manifest.json,e9433674fef2b47f8bac338657517869ddcab622,2064,document_or_structured_evidence,.json
figures/conditioned_legacy/root__fig_anomaly_direction_sky.manifest.json,3e7ac7ba27a4555eeb9a0880d7b9a43a27b7acdd,2068,document_or_structured_evidence,.json
figures/conditioned_legacy/root__fig_anomaly_overlap_matrix.manifest.json,48015a7e2b185074ec65a096dc87e463c1cceab5,2070,document_or_structured_evidence,.json
figures/conditioned_legacy/root__fig_beta_posteriors_R03.manifest.json,62043017829dca2836c013dd8bda3a322730832a,2089,document_or_structured_evidence,.json
figures/conditioned_legacy/root__fig_catwise_sensitivity.manifest.json,fff479ba5eb2476d6a86921476463ee50e68c58d,2058,document_or_structured_evidence,.json
figures/conditioned_legacy/root__fig_cf4pp_sensitivity.manifest.json,214b8db6fd2e6f88b371fe78b2a5d65744f40520,2050,document_or_structured_evidence,.json
figures/conditioned_legacy/root__fig_channel_ablation_heatmap.manifest.json,a9ac35ee7bdacb2815c2a18a4aaaa24060e25e73,2078,document_or_structured_evidence,.json
figures/conditioned_legacy/root__fig_channel_coherence_heatmap.manifest.json,a0b4c7ae507d45ed7d07d20f4e317c09fbd9b9ed,2082,document_or_structured_evidence,.json
figures/conditioned_legacy/root__fig_colin_beta.manifest.json,ff3eb46b52bbefe603fbe1b387d94622d7e2caa4,2022,document_or_structured_evidence,.json
figures/conditioned_legacy/root__fig_contrastive_summary.manifest.json,245cb35f3ceb4dbf71efe66ce001bcdb7876fd6b,2058,document_or_structured_evidence,.json
figures/conditioned_legacy/root__fig_coverage_sbc.manifest.json,ed536eebd408a4752be1aadc6a2b53bf15d7fa54,2068,document_or_structured_evidence,.json
figures/conditioned_legacy/root__fig_d2_sigma2_scaling.manifest.json,8b73df5426f80b47324eeb6d6405d44c49abe3d5,2050,document_or_structured_evidence,.json
figures/conditioned_legacy/root__fig_data_decomposition.manifest.json,4ee2846a2c43f6137bcac9a949866b20e901533a,2054,document_or_structured_evidence,.json
figures/conditioned_legacy/root__fig_defect_identity_schematic.manifest.json,f1174240a809a0ecfb071ea899bb448c38b1d835,2082,document_or_structured_evidence,.json
figures/conditioned_legacy/root__fig_departure_summary.manifest.json,502cdd19484bccd6ea60f070e72bfeca85f68e4b,2050,document_or_structured_evidence,.json
figures/conditioned_legacy/root__fig_dipole_sky_overlay_all_surveys.manifest.json,396c8af656c240d36e7642c5b8861035a91b6c9b,2104,document_or_structured_evidence,.json
figures/conditioned_legacy/root__fig_direction_alignment_matrix.manifest.json,4462dc71ad2b150b09ca94163d6aab1e6eaa48e3,2088,document_or_structured_evidence,.json
figures/conditioned_legacy/root__fig_direction_posterior.manifest.json,daee1861119735711a5dc2e7b55565a9b9005a46,2127,document_or_structured_evidence,.json
figures/conditioned_legacy/root__fig_ell_mixing_comparison.manifest.json,a956e978e7d226b5f672da3b02a0c158b035fc52,2066,document_or_structured_evidence,.json
figures/conditioned_legacy/root__fig_equiv_class_evidence.manifest.json,8932cd6015cd4a581f3ec22ba3dbac38de9ada88,2093,document_or_structured_evidence,.json
figures/conditioned_legacy/root__fig_evidence_decomposition.manifest.json,9cde49cd94e35653eee93828e4f537ae92dbaecd,2101,document_or_structured_evidence,.json
figures/conditioned_legacy/root__fig_evidence_grand_bar.manifest.json,fcafd912c6062ff4c0bf7ea8c4b85ffcae931c15,2085,document_or_structured_evidence,.json
figures/conditioned_legacy/root__fig_experiment_timeline.manifest.json,3b2292323547564599934bba3d2fa0a209271b0e,2058,document_or_structured_evidence,.json
figures/conditioned_legacy/root__fig_external_integration.manifest.json,fa3ecf6a0c516ad5b941e332f81b807a1397ab01,2062,document_or_structured_evidence,.json
figures/conditioned_legacy/root__fig_f2_transfer_function.manifest.json,84c43d99d169a8c71ccb127111d7372a6d5693dc,2065,document_or_structured_evidence,.json
figures/conditioned_legacy/root__fig_filling_fraction_posterior.manifest.json,a04bc56c7382615dd5410e4483cb77ed921efe13,2117,document_or_structured_evidence,.json
figures/conditioned_legacy/root__fig_filling_z_evolution.manifest.json,b13c01882988391deb72ba43593cb8e2323804a2,2058,document_or_structured_evidence,.json
figures/conditioned_legacy/root__fig_fisher_ellipses_future_surveys.manifest.json,86022d17fbd0f9205f4e22d2c7af02546890dbf1,2102,document_or_structured_evidence,.json
figures/conditioned_legacy/root__fig_frame_problem.manifest.json,23c832304079f948c25c4dd08372a826a45ded9d,2034,document_or_structured_evidence,.json
figures/conditioned_legacy/root__fig_growing_mode.manifest.json,0a2b8cf4c0caf6f1d62e35e917688faf7c315387,2030,document_or_structured_evidence,.json
figures/conditioned_legacy/root__fig_hemispherical_power_asymmetry_bianchi.manifest.json,e56c9ec5e7249842d4058cbc558d4a070fdc798d,2168,document_or_structured_evidence,.json
figures/conditioned_legacy/root__fig_htt_mio_cross_check_table.manifest.json,ca061ec1e7f86f2987cd04d5dabfc3d7d717295e,2082,document_or_structured_evidence,.json
figures/conditioned_legacy/root__fig_injection_recovery.manifest.json,49af93d0f52482e42efe4cf93dd8e1214e36b620,2054,document_or_structured_evidence,.json
figures/conditioned_legacy/root__fig_isotropy_pvalue_per_combination.manifest.json,a6b0a6cc67104f6813d0dd30bef93163b9b37234,2106,document_or_structured_evidence,.json
figures/conditioned_legacy/root__fig_jeffreys_categorization.manifest.json,38315f3f07d37eca0e7603c4bf810ed1995f8689,2074,document_or_structured_evidence,.json
figures/conditioned_legacy/root__fig_leave_one_out.manifest.json,cfb1d053a29ff04111550fedeab669f6a6a0a531,2034,document_or_structured_evidence,.json
figures/conditioned_legacy/root__fig_nonlinear_corrections.manifest.json,ff71e638ad7c5ed1eb2937c069c3ddda9c50fabc,2066,document_or_structured_evidence,.json
figures/conditioned_legacy/root__fig_null_competition_production.manifest.json,876730a21a28054038b9b413587e82b7bb6a4c3f,2090,document_or_structured_evidence,.json
figures/conditioned_legacy/root__fig_orientation_diagnostics.manifest.json,57982c0a4856a3c1fcae47f1dfc3464231736c5f,2112,document_or_structured_evidence,.json
figures/conditioned_legacy/root__fig_pairwise_bf_matrix.manifest.json,ca8ca5381ad968154afc002aa1e9f774756de411,2085,document_or_structured_evidence,.json
figures/conditioned_legacy/root__fig_pairwise_separations_matrix.manifest.json,3f7880999a4a0dff9a7a5f57d0105d7874908bd9,2128,document_or_structured_evidence,.json
figures/conditioned_legacy/root__fig_parity_asymmetry_per_model.manifest.json,470d1698b1e0fdfa33ca5e6871bedeaa305a27fe,2086,document_or_structured_evidence,.json
figures/conditioned_legacy/root__fig_peculiar_jeans.manifest.json,fd55183bf6cb03896418e081f2ddc3529d80ff41,2038,document_or_structured_evidence,.json
figures/conditioned_legacy/root__fig_prior_sensitivity.manifest.json,c397571f316be4fc1bbb8e49f018e945ac446a0e,2050,document_or_structured_evidence,.json
figures/conditioned_legacy/root__fig_q0_pushforward.manifest.json,990f45b690ef11af72eeb578ac45693039932d8e,2038,document_or_structured_evidence,.json
figures/conditioned_legacy/root__fig_q_decomposition.manifest.json,668522c24f0d0faad7feff03bfbba13074654953,2042,document_or_structured_evidence,.json
figures/conditioned_legacy/root__fig_reduced_los_physics_payoff.manifest.json,83273f27fd74df84170d911989765376e134ad69,2086,document_or_structured_evidence,.json
figures/conditioned_legacy/root__fig_resultant_vector_5probes.manifest.json,90de945e79788b48b0105ddc6b69a5f0848bd06a,2078,document_or_structured_evidence,.json
figures/conditioned_legacy/root__fig_rho_sweep.manifest.json,a8380f72452c70c150c1d9c69726ee242814c739,2018,document_or_structured_evidence,.json
figures/conditioned_legacy/root__fig_route_b_mm_curve.manifest.json,aab9343a3f5568b776f65c25c43fbb38ad242a46,2049,document_or_structured_evidence,.json
figures/conditioned_legacy/root__fig_s1m_shadow.manifest.json,d082ede4957f031c4cb4413b6c93d1b925820719,2022,document_or_structured_evidence,.json
figures/conditioned_legacy/root__fig_scale_hierarchy.manifest.json,7559acd5a37574a6d0e3b674b2f424ecff0e39b4,2042,document_or_structured_evidence,.json
figures/conditioned_legacy/root__fig_scenarios_comprehensive.manifest.json,8084d8fe4a40f4192c680ce5a28a76f4216b5786,2074,document_or_structured_evidence,.json
figures/conditioned_legacy/root__fig_sigma_accel_contour.manifest.json,4fddc859495aca9020a1d81edd805b739bcdf1d0,2058,document_or_structured_evidence,.json
figures/conditioned_legacy/root__fig_sigma_omega_contour.manifest.json,378c31649ea8e72c6b0614e2187aea1796a5f5f2,2058,document_or_structured_evidence,.json
figures/conditioned_legacy/root__fig_source_decomposition.manifest.json,6ab7c478f5bbaeb0e0041aad73dda5dcd9c96c3e,2062,document_or_structured_evidence,.json
figures/conditioned_legacy/root__fig_source_discrimination.manifest.json,821416c30380d90093c9116e5a8ffa3759638237,2066,document_or_structured_evidence,.json
figures/conditioned_legacy/root__fig_teff_moment_map.manifest.json,bfe2cd9f9b8944c743e2f48f878dddc5850a82f0,2042,document_or_structured_evidence,.json
figures/conditioned_legacy/root__fig_tension_resolution_timeline.manifest.json,7477aa50d5d7e3475ff30f1b8d64c7742ba98d5f,2090,document_or_structured_evidence,.json
figures/conditioned_legacy/root__fig_tilted_H0_depth.manifest.json,306e32d936a07d2062865ebe442226ea94837abc,2042,document_or_structured_evidence,.json
figures/conditioned_legacy/root__fig_triangle_BI_R03.manifest.json,7ecc5c3ee2bfcd0f2a79ac26acfaef6c1bc351c3,2073,document_or_structured_evidence,.json
figures/conditioned_legacy/root__fig_triangle_BVIIh_grow_R03.manifest.json,c2226d5add93a9799fe104fc26a675bd3fb1155f,2105,document_or_structured_evidence,.json
figures/conditioned_legacy/root__fig_type_by_type_summary.manifest.json,08e501524ab23909f01870cb1f9b2df4b270a4c2,2062,document_or_structured_evidence,.json
figures/conditioned_legacy/root__fig_v_pushforward.manifest.json,cb9845fda2db3d193e8ba9eefb2295783d05fe64,2034,document_or_structured_evidence,.json
figures/conditioned_legacy/root__fig_vorticity_hierarchy.manifest.json,a92d83bf1d3baeaab8ef609e6bd615d2299e3417,2058,document_or_structured_evidence,.json
figures/conditioned_legacy/validation__flrw_lowell_cell_camb_bass_lmax30.manifest.json,177881a0ed6dd32cca05a5ef9911d78954e0a293,2704,document_or_structured_evidence,.json
figures/conditioned_legacy/validation__flrw_lowell_cell_camb_bass_lmax8.manifest.json,efb3517891770f1fee4e96db88d6139a4eecc2f3,2699,document_or_structured_evidence,.json
figures/conditioned_legacy/validation__flrw_lowell_dell_camb_bass_lmax30.manifest.json,ebb1be086f6d17744074b386a93ab95b24ffafa6,2704,document_or_structured_evidence,.json
figures/conditioned_legacy/validation__flrw_lowell_dell_camb_bass_lmax8.manifest.json,e2ec62bcafbe0beb726d81890daef4fb89365a59,2699,document_or_structured_evidence,.json
figures/current/fig_current_dag_progress.binding.json,28929db702eec8bc576c0bfac930c01be2e3d0bc,448,document_or_structured_evidence,.json
figures/current/fig_current_dag_progress.manifest.json,aa542a10a6d0005848cc067bc2df4ba0d0067ec7,1966,document_or_structured_evidence,.json
figures/current/fig_current_local_global_gates.manifest.json,17f7308dc48c270283b72ef6619d6e2b07c10f0c,1983,document_or_structured_evidence,.json
figures/current/fig_current_local_global_rank_fpr.manifest.json,9bea43fdf45286b6b5f18fcdbb55eb7de80d3256,2708,document_or_structured_evidence,.json
figures/current/fig_current_mio_certificate_status.manifest.json,1cd768645d6f77c3d0a4c51d344173cc267985fc,1985,document_or_structured_evidence,.json
figures/current/fig_current_mio_depth_residual_vectors.manifest.json,a9fa5f809ee21a7b04c5acb3bd6a7fe26f9f2576,3158,document_or_structured_evidence,.json
figures/current/fig_current_public_claim_freeze.manifest.json,94452944ecd4d92f300ba5782eff118148ec01ad,1981,document_or_structured_evidence,.json
figures/current/fig_current_qfpi_gf_semantic_split.manifest.json,bfe47ddb61d10dd2a507cfb0a61c1ae01ad0f477,3997,document_or_structured_evidence,.json
figures/current/fig_current_scalar_morphology_boundary.manifest.json,25da04696f7764475fcda8e38b02e9f6b5122f13,1983,document_or_structured_evidence,.json
figures/current/fig_current_transfer_provenance.manifest.json,f778f61962131acc603ec8a14eea4cd8f3eefe9c,1998,document_or_structured_evidence,.json
figures/current/fig_current_transfer_sensitivity_tornado.manifest.json,bdeb2e13f6b27546a8e52f96e3e93c338f51d831,2634,document_or_structured_evidence,.json
figures/current/fig_egs2_nt2a1_fisher_floor.manifest.json,bbf1fc770c422366ae4e9399384bfc33380e82e9,3902,document_or_structured_evidence,.json
figures/current/fig_egs2_nt2a1_fisher_floor.source.json,8f147853ee958ce65f045faee876594617c4c395,1364,document_or_structured_evidence,.json
figures/current/fig_egs2_nt2b1_bracket.manifest.json,4afc9160cc4f1134b5619437b98e2fbd559cde52,3933,document_or_structured_evidence,.json
figures/current/fig_egs2_nt2b1_bracket.source.json,00c4e67e4ed0215b8cae4ebda7229fde053edf32,1420,document_or_structured_evidence,.json
figures/current/fig_egs3_a1_graded_rank.manifest.json,972cad215d529d8803003ca07cb735f9cabed1d4,2954,document_or_structured_evidence,.json
figures/current/fig_egs3_a1_graded_rank.source.json,1faa1d6b461278220f36f8313f5ee193ede61572,514,document_or_structured_evidence,.json
figures/current/fig_egs3_a3_evalue_calibration.manifest.json,7c9ce643eef6019e1968eaeb2fc96ed6b40827d4,2669,document_or_structured_evidence,.json
figures/current/fig_egs3_a3_evalue_calibration.source.json,37a9237ee20b3b2362068ca8bada9a3b81881492,272,document_or_structured_evidence,.json
figures/current/fig_egs3_b1_floor_profile.manifest.json,30adb341647ee42a239f1f59b88deef491a875a7,4490,document_or_structured_evidence,.json
figures/current/fig_egs3_b1_floor_profile.source.json,3949b1373c56ccaace25c0cb7091106020eafd57,1918,document_or_structured_evidence,.json
figures/current/fig_egs3_b2_volterra.manifest.json,4c55d241d301a4ae7a69821c6cbce3d74b12288d,6314,document_or_structured_evidence,.json
figures/current/fig_egs3_b2_volterra.source.json,efda1400846490ea4183916479c94ea9e6aec2af,3613,document_or_structured_evidence,.json
figures/current/fig_egs3_b3_vorticity.manifest.json,993d2cb328aca4a306acd8e9fe2e5b0a6e93134b,17612,document_or_structured_evidence,.json
figures/current/fig_egs3_b3_vorticity.source.json,abfa211770437d36297a73b2a3940c3a037ff478,13614,document_or_structured_evidence,.json
figures/current/fig_egs3_c_deprojection.manifest.json,c48e10c7f319650c40897ad50e747c1aa29b9961,3643,document_or_structured_evidence,.json
figures/current/fig_egs3_c_deprojection.source.json,2ef1ff964a82ad0bb32aef7c5feb0dd95a46e0f6,1111,document_or_structured_evidence,.json
figures/current/fig_egs3_d_biposh.manifest.json,f8215d0b585941ae6ec3ff3940b81c366ba60091,6428,document_or_structured_evidence,.json
figures/current/fig_egs3_d_biposh.source.json,ecd841cd34c6224396233edd64918cb620dbcada,2991,document_or_structured_evidence,.json
figures/current/fig_egs3_d_joint_forecast.manifest.json,0055b089655ebf9335f666359b591e1fbcfaf8ac,5581,document_or_structured_evidence,.json
figures/current/fig_egs3_d_joint_forecast.source.json,bd7a194d0854c5a6cd105381830d6c071d4c1509,2140,document_or_structured_evidence,.json
figures/current/fig_egs3_e_im_coverage.manifest.json,87b61852ec3ff9888030c926689d24be78dba7b0,2891,document_or_structured_evidence,.json
figures/current/fig_egs3_e_im_coverage.source.json,1d06572df36991a475ecb211d2ddc0c36239d630,456,document_or_structured_evidence,.json
figures/current/fig_egs3_e_refutability_power.manifest.json,0656de61999b1f3b94120004238686a4ae0b690d,2845,document_or_structured_evidence,.json
figures/current/fig_egs3_e_refutability_power.source.json,6be73f692e6ae72c8a2286833fc86093547c9180,417,document_or_structured_evidence,.json
figures/current/fig_egs3_f_shear_memory_bias.manifest.json,c5c8c02806dcbca47cb6327b87cb453bfd946383,3452,document_or_structured_evidence,.json
figures/current/fig_egs3_f_shear_memory_bias.source.json,a4aed9f86646ae56eb7f4e0951f5bcca174c6d5d,971,document_or_structured_evidence,.json
figures/current/fig_egs3_psd_cone.manifest.json,f50ecd5aaef79bef194036d80dfeb1545644ce1b,2898,document_or_structured_evidence,.json
figures/current/fig_egs3_psd_cone.source.json,7711683d81131c9438436ce968e6ae7f63283c6b,516,document_or_structured_evidence,.json
figures/current/fig_egs3_u1_beta_channel.manifest.json,b64ecc55ee72a297dca91300f9bdf3c5e9b0057c,16234,document_or_structured_evidence,.json
figures/current/fig_egs3_u1_beta_channel.source.json,efcf0fd3ab26769d1fcf0df7ff0f750cdef8c5ed,11800,document_or_structured_evidence,.json
figures/current/fig_egs3_u2_fingerprint_ceilings.manifest.json,2a6d4b29c744f394b25db3c454944656790a4870,15146,document_or_structured_evidence,.json
figures/current/fig_egs3_u2_fingerprint_ceilings.source.json,e14faa4d63c413806ed4b14b093b00f1b6f60c82,10922,document_or_structured_evidence,.json
figures/current/fig_egs3_u4_teff_im_coverage.manifest.json,2b571a3bddeca532ea8b010e372ff2d843b06d2b,3100,document_or_structured_evidence,.json
figures/current/fig_egs3_u4_teff_im_coverage.source.json,949ddfa6a05e51d5c13ff44c8e6ea3064bed3d31,641,document_or_structured_evidence,.json
figures/current/fig_egs3_u4v9_teff_im_coverage.manifest.json,74ba619e3c8c916391d2cb600e04c88465a23613,6688,document_or_structured_evidence,.json
figures/current/fig_egs3_u4v9_teff_im_coverage.source.json,0ad920f8329ea730c10f835bacbbc64a5739a4aa,4011,document_or_structured_evidence,.json
figures/current/fig_pr04_a1_rank_ladder.manifest.json,d38fd55dffb83e7ab48bfcfd889046da264e025c,1912,document_or_structured_evidence,.json
figures/current/fig_pr04_a1_rank_ladder.source.json,f98198c2554226aae1ab438f7fd29b08b9d0518a,186,document_or_structured_evidence,.json
figures/current/fig_pr04_a2_wigner.manifest.json,9eaa9473694b5c7660812ba3dceedfb2625d2589,4022,document_or_structured_evidence,.json
figures/current/fig_pr04_a2_wigner.source.json,b049d45b73cd31e80812e866ebff9a66986bbb7d,2123,document_or_structured_evidence,.json
figures/current/fig_pr04_b1_nonsufficiency.manifest.json,1b2a6e6221c74b2cce1f9da95084794111bc4a96,1964,document_or_structured_evidence,.json
figures/current/fig_pr04_b1_nonsufficiency.source.json,b06284cadb1d8774d8da82083760b6e02fa6680b,219,document_or_structured_evidence,.json
figures/current/fig_pr04_b2_dust_shear.manifest.json,e028677c339e107ca92d3cf07ab536420e2091ce,15075,document_or_structured_evidence,.json
figures/current/fig_pr04_b2_dust_shear.source.json,79b96d262f8c643738f2ffc273bd23b23bf5569f,12050,document_or_structured_evidence,.json
figures/current/fig_revision_per_channel_occupancy.manifest.json,d50a63feaad6968b0452b362a64fe81fb90750e7,4043,document_or_structured_evidence,.json
figures/current/fig_revision_prior_support_surface.manifest.json,f798ebd385da8929fe47c463fdf05149db1b1c25,3181,document_or_structured_evidence,.json
figures/current/fig_revision_rule_of_three_fpr.manifest.json,4684adb77bdc02ede2c1e97e7640fbbbe34cbb39,2919,document_or_structured_evidence,.json
figures/current/fig_revision_sigma_beta_band.manifest.json,41303de974753a4bb8edb76a101a52104d9e55ec,2913,document_or_structured_evidence,.json
figures/current/fig_revision_tomographic_forecast.manifest.json,637e0054273e5b577ef039c9d52da40b79462f81,3859,document_or_structured_evidence,.json
figures/current/fig_theorem_angular_kl_bound.manifest.json,87ac8cddc08516e0b6c5228dfac0f8df79cb9e14,4517,document_or_structured_evidence,.json
figures/current/fig_theorem_angular_kl_bound.source.json,ab90967017dacb62b68c895308966fab2e0a472e,13964,document_or_structured_evidence,.json
figures/current/fig_theorem_boosted_radiation_orbit.manifest.json,b7f2949f897bf1d91e83d753c9ee3d41d4a64c7e,4865,document_or_structured_evidence,.json
figures/current/fig_theorem_boosted_radiation_orbit.source.json,55fe2f512f37d4b7b400cb2fbd6b3c342f4af276,13465,document_or_structured_evidence,.json
figures/current/fig_theorem_dynamic_budget_barrier.manifest.json,41bc0be6cb858459cda0ebed5bb692346dccf455,4593,document_or_structured_evidence,.json
figures/current/fig_theorem_dynamic_budget_barrier.source.json,093a8f98db0b5630974e0b93051cae7f7d5b6074,14788,document_or_structured_evidence,.json
figures/current/fig_theorem_nt_a1_quadrupole_filling.manifest.json,a8a0b6a5c3087f3c480bef50c8749363379fb337,3942,document_or_structured_evidence,.json
figures/current/fig_theorem_nt_a1_quadrupole_filling.source.json,26d57e47971af974de0036ac00e29a0557d05b7b,1146,document_or_structured_evidence,.json
figures/current/fig_theorem_nt_a3_cosmic_variance_floor.manifest.json,c3f834ea4a463b2eb0ec4bf34ee0d1f9986acb01,3898,document_or_structured_evidence,.json
figures/current/fig_theorem_nt_a3_cosmic_variance_floor.source.json,0a7d1de1e83da23747251931ef71d2af4b56a3ff,1059,document_or_structured_evidence,.json
figures/current/fig_theorem_nt_b3_gf_transport.manifest.json,1e157539ad2fe6d3517e96cfd38003ab448a6daa,4952,document_or_structured_evidence,.json
figures/current/fig_theorem_nt_b3_gf_transport.source.json,73b10c5f4ef0c8fcb9f1d9e1aca2fc9d9b4bd723,2056,document_or_structured_evidence,.json
figures/current/fig_theorem_slope_degeneracy.manifest.json,a53c20e5aa8760c64e66a12a3b03ff5fce7a7f0b,4484,document_or_structured_evidence,.json
figures/current/fig_theorem_slope_degeneracy.source.json,f0d1434861c5a67c4b87b8e26bb2b287f97842a6,10285,document_or_structured_evidence,.json
figures/current/fig_theorem_visibility_cancellation.manifest.json,3d3b0cefc6ee22380fa20e7d98edb1a0d4b9b641,4864,document_or_structured_evidence,.json
figures/current/fig_theorem_visibility_cancellation.source.json,da796ec4fdf980853f70e7870a981e5860ef739c,10135,document_or_structured_evidence,.json
figures/data_analysis_current/fig_data_act_dr6_lensing_noise_systematics.manifest.json,4de492f35a67284b4c7946f409bae24b96ad4155,6447,document_or_structured_evidence,.json
figures/data_analysis_current/fig_data_cf4_affine_gradient_spectrum.manifest.json,15695347f5c6d1b29484c9a28f158ae327ad7de3,3590,document_or_structured_evidence,.json
figures/data_analysis_current/fig_data_cf4_catalog_sky_velocity.manifest.json,88c2d363a6226eaf6b09255e1a3217d935dbf11d,3130,document_or_structured_evidence,.json
figures/data_analysis_current/fig_data_cf4_depth_apex_phase_portrait.manifest.json,515e4c344964a89594dd076e7254cd801f021e04,4064,document_or_structured_evidence,.json
figures/data_analysis_current/fig_data_cf4_depth_velocity_profile.manifest.json,cb73b93329738cd4bea8a8c218e70f3d494446f3,2583,document_or_structured_evidence,.json
figures/data_analysis_current/fig_data_cf4_radial_delta_stability.manifest.json,661bb59f2f3d981c95947a2bef08eb4148941d14,2848,document_or_structured_evidence,.json
figures/data_analysis_current/fig_data_cf4_radial_velocity_sign_transition.manifest.json,173ea832f37e18c916788c1e1fe154d035ea129b,2871,document_or_structured_evidence,.json
figures/data_analysis_current/fig_data_cf4_shell_apex_separation_matrix.manifest.json,a225be42edfac2bc6551172186b998be740cf19e,3620,document_or_structured_evidence,.json
figures/data_analysis_current/fig_data_compact_cmb_high_ell_products.manifest.json,cd4ab61d83317f4bccd4b4ed946eb16f604b5492,4273,document_or_structured_evidence,.json
figures/data_analysis_current/fig_data_compact_lensing_bandpower_covariance.manifest.json,45558005163922cf1637585ca33920dbd3dd209e,3142,document_or_structured_evidence,.json
figures/data_analysis_current/fig_data_desi_bgs_cf4_targets.manifest.json,0179163aa5294b3476a6609fd4c08b99eadf3064,3181,document_or_structured_evidence,.json
figures/data_analysis_current/fig_data_desi_ngc_sgc_asymmetry_surface.manifest.json,1fdd9f73fa0189b31006cb01793c7e428f191430,4644,document_or_structured_evidence,.json
figures/data_analysis_current/fig_data_desi_redshift_jackknife_ridge.manifest.json,ae7fc747d26a95af787295d4409048dc4605273b,4751,document_or_structured_evidence,.json
figures/data_analysis_current/fig_data_desi_tracer_handoff_continuity.manifest.json,ef80c5df2c89e70f13fe6188feed8fabbd7d9644,4647,document_or_structured_evidence,.json
figures/data_analysis_current/fig_data_k1_lowell_tensor_conditioning.manifest.json,e65380d7a05b859ccd3c909b5b0d5b94de72c738,3089,document_or_structured_evidence,.json
figures/data_analysis_current/fig_data_k1_maxscan_waterfall.manifest.json,226c77317a8f2ee9941837ee6082adae656d458f,3182,document_or_structured_evidence,.json
figures/data_analysis_current/fig_data_k1_scalar_biposh_map_stability.manifest.json,7c6fa09270e11c02def66c173e0c9dba8dec30e6,3304,document_or_structured_evidence,.json
figures/data_analysis_current/fig_data_k6_cf4_wf_curl_shear_diagnostic.manifest.json,7f2e8a5b07bf10cadbdbdc7ce78f2bfd469a529a,3022,document_or_structured_evidence,.json
figures/data_analysis_current/fig_data_observed_sector_proxy_coordinates.manifest.json,3c78118f1e32288a5380e4c81efa0104f03749eb,3973,document_or_structured_evidence,.json
figures/data_analysis_current/fig_data_observed_sector_proxy_coordinates.source.json,ab7c3f1823d93b7a9353f8467a1a34603219fa8f,3971,document_or_structured_evidence,.json
figures/data_analysis_current/fig_data_planck_smica_masked_temperature.manifest.json,939355544b3222500e6978b99295c665e3333ec3,3340,document_or_structured_evidence,.json
figures/data_analysis_current/fig_data_planck_tt_binned_residual.manifest.json,5dde0e8fe18351a70234503f03fad95c6b1c8b99,2638,document_or_structured_evidence,.json
figures/data_analysis_current/v10/fig_v10_act_kappa.caption.txt,2b336cc2fe112e3600dcaef01c241197447f91bc,433,document_or_structured_evidence,.txt
figures/data_analysis_current/v10/fig_v10_boost_biposh_features.caption.txt,c09f39d5ace59cb128b2ee43bacc6fa73521e785,605,document_or_structured_evidence,.txt
figures/data_analysis_current/v10/fig_v10_cf4_depth.caption.txt,d63f670ab614a8a60bd3793b061643f77441cf6f,540,document_or_structured_evidence,.txt
figures/data_analysis_current/v10/fig_v10_comparator_region.caption.txt,e49c4b74dfc76c3afeb9b656f778182f52b32499,695,document_or_structured_evidence,.txt
figures/data_analysis_current/v10/fig_v10_desi_dipole.caption.txt,744deca35343e62d4284b121c18b9f8162c558a8,499,document_or_structured_evidence,.txt
figures/data_analysis_current/v10/fig_v10_k1_evenl_rank.caption.txt,354069779bebec89c5ad7101a024de48308533ed,513,document_or_structured_evidence,.txt
figures/data_analysis_current/v10/fig_v10_k1_rank_hist.caption.txt,4ee919f95343d9358567ab65dcd5424aacc68c0b,350,document_or_structured_evidence,.txt
figures/data_analysis_current/v10/fig_v10_omk_slaving.caption.txt,c772f4942b539ac4d38f9795c486138ffec8a93f,492,document_or_structured_evidence,.txt
figures/data_analysis_current/v10/fig_v10_pr179_conditional.caption.txt,b9dee196d19ea8c0dfcf469361df083e34d0c54d,614,document_or_structured_evidence,.txt
figures/data_analysis_current/v10/fig_v10_ricci_gaps.caption.txt,7d21346e51b80e3de55a2808c13a4490c94b094c,439,document_or_structured_evidence,.txt
figures/obsdata_current/fig_obs_act_kappa.manifest.json,4ab006e9f7a381203dec59b65516e1879516663f,2307,document_or_structured_evidence,.json
figures/obsdata_current/fig_obs_act_kappa.source.json,16022777b3a43d02438f749fb41b01fc45c5808c,397,document_or_structured_evidence,.json
figures/obsdata_current/fig_obs_cf4_fsigma8_ml.manifest.json,7ddd314e1302bb3547840549ac91ba59b621b772,3928,document_or_structured_evidence,.json
figures/obsdata_current/fig_obs_cf4_fsigma8_ml.source.json,b30ec2aa706c40eed1bc7c9ed196f6340edc5acc,3924,document_or_structured_evidence,.json
figures/obsdata_current/fig_obs_cf4_mock_significance.manifest.json,bc37a5fcb299bb93ba047d9e392d89024267ae69,3942,document_or_structured_evidence,.json
figures/obsdata_current/fig_obs_cf4_mock_significance.source.json,e5995787a44e394ea4cdedbfcbc3b097dcf3661c,3938,document_or_structured_evidence,.json
figures/obsdata_current/fig_obs_cf4_mv_bulkflow.manifest.json,061a511b71078bc642fea24a818e0bf0699c439c,3930,document_or_structured_evidence,.json
figures/obsdata_current/fig_obs_cf4_mv_bulkflow.source.json,688e7e7816eacbd10eb8727f8024033fbfea45ec,3926,document_or_structured_evidence,.json
figures/obsdata_current/fig_obs_cf4_reconstruction_spread.manifest.json,f5fcf77cd6a77cbff5c9577db651951c276eabcc,3950,document_or_structured_evidence,.json
figures/obsdata_current/fig_obs_cf4_reconstruction_spread.source.json,6cab3f1bc39c3ccc3f415267846b1f8856edfebb,3946,document_or_structured_evidence,.json
figures/obsdata_current/fig_obs_cf4_velocity_correlation.manifest.json,7d0c215b73b77efb1622ceead36fdc1dfbdde3ea,3948,document_or_structured_evidence,.json
figures/obsdata_current/fig_obs_cf4_velocity_correlation.source.json,94e0a83a8a62f9fe9d7c02dd599f402fb7134984,3944,document_or_structured_evidence,.json
figures/obsdata_current/fig_obs_cf4pp_vorticity.manifest.json,393ca16ce39c5a88a4c8ab51790a5f89ad12df52,2114,document_or_structured_evidence,.json
figures/obsdata_current/fig_obs_cf4pp_vorticity.source.json,97a2f5aec3747c8f95c81d42c16b62591a66f948,222,document_or_structured_evidence,.json
figures/observed_current/fig_observed_cf4_affine_flow.manifest.json,324a3632a42210f54fd828403f68a5e817c9e88b,2761,document_or_structured_evidence,.json
figures/observed_current/fig_observed_cf4_bulkflow_apex_depth.manifest.json,2f5a6aab4cc38dd299e344b15152f30195172b0c,3013,document_or_structured_evidence,.json
figures/observed_current/fig_observed_cf4_depth_response.manifest.json,dd80ae9170039253cd9e580435301035b8265ea5,3090,document_or_structured_evidence,.json
figures/observed_current/fig_observed_cf4_velocity_density.manifest.json,ffa3e9913e88a0f4a0af1c09d23dd40c6609b5c7,3090,document_or_structured_evidence,.json
figures/observed_current/fig_observed_desi_footprint_depth.manifest.json,d139e6e6d291beffa6daaf7350f16dd61213cabe,4577,document_or_structured_evidence,.json
figures/observed_current/fig_observed_desi_selection_weights.manifest.json,29c64c586de693b8a4958c986746ab0818ef8948,4566,document_or_structured_evidence,.json
figures/observed_current/fig_observed_high_ell_experiment_summary.manifest.json,97891c8d930efea63240839020680e9052b9ae30,3406,document_or_structured_evidence,.json
figures/observed_current/fig_observed_inventory_matrix.manifest.json,7c35b5ab7d3f3a437903c4e53862fcd6314d21c3,2690,document_or_structured_evidence,.json
figures/observed_current/fig_observed_longrun_jackknife_bootstrap.manifest.json,1f7c9388fd7b1475645cc312be4f51d62b2bf8ea,3503,document_or_structured_evidence,.json
figures/observed_current/fig_observed_lowell_morphology_axis.manifest.json,401ba86a84b7b75f7d67e48c891562432d6ca893,2366,document_or_structured_evidence,.json
figures/observed_current/fig_observed_lowell_null_significance.manifest.json,c80f421325b5c7f3fc4c71618b615f41903be012,2397,document_or_structured_evidence,.json
figures/observed_current/fig_observed_planck_lensing_bandpowers.manifest.json,1ebbdce1f9e0f4f7084b13e29906d94f037172c2,3127,document_or_structured_evidence,.json
figures/observed_current/fig_observed_planck_lowell_residual.manifest.json,a1abba7b3e2a6b4545446013f531fff72c1bd60c,3533,document_or_structured_evidence,.json
figures/observed_current/fig_observed_planck_map_mask.manifest.json,e35a036ac7da87fa9c0a8e5cd0a8d7a5316b9119,3601,document_or_structured_evidence,.json
figures/observed_current/fig_observed_planck_pr3_spectra.manifest.json,33a9b1777a25bddf320d43c2d8f57e224dbbb9cf,3662,document_or_structured_evidence,.json
figures/paper/VER2_MANIFEST_INDEX.md,a5a65afb9634e35d0e24db2e4e420eb4e31a7524,1897,document_or_structured_evidence,.md
figures/paper/ver2_generated/INDEX.md,96e09d23b4c0b7345718c5e23f6718258758647b,849,document_or_structured_evidence,.md
figures/paper/ver2_generated/fig_ver2a_scalar_to_morphology_summary.caption.txt,bcbf4634c2c811139c5af3da0fc4c3ac1bcdf246,278,document_or_structured_evidence,.txt
figures/paper/ver2_generated/fig_ver2a_scalar_to_morphology_summary.manifest.json,e093b466bdaad3b18972d990a0e69cc3700833d2,2625,document_or_structured_evidence,.json
figures/paper/ver2_generated/fig_ver2b_local_global_discrimination_matrix.caption.txt,fa617bef9539b03fd9acb8290c938583a6797a12,298,document_or_structured_evidence,.txt
figures/paper/ver2_generated/fig_ver2b_local_global_discrimination_matrix.manifest.json,bf4bf73cdb39af58b2ba98a5c731cfed10a86b81,2248,document_or_structured_evidence,.json
figures/paper/ver2_generated/fig_ver2c_departure_card_summary.caption.txt,cc03a21925a01e8659aca69ef7bfd7f2e10e0526,240,document_or_structured_evidence,.txt
figures/paper/ver2_generated/fig_ver2c_departure_card_summary.manifest.json,6d35da3b1b11642ffb42d5a9e91594939e15d073,2488,document_or_structured_evidence,.json
figures/paper/ver2_generated/fig_ver2d_mio_predictive_residuals.caption.txt,1b2cf4cb830497a8977f1ded99025557c2729fc4,204,document_or_structured_evidence,.txt
figures/paper/ver2_generated/fig_ver2d_mio_predictive_residuals.manifest.json,d749f62641204a0af42c12d846ad55e74bcc4ae7,2897,document_or_structured_evidence,.json
figures/paper/ver2_generated/fig_ver2e_validation_campaign_matrix.caption.txt,1f8164d53a67b63c319949067514eea2a7ce059c,230,document_or_structured_evidence,.txt
figures/paper/ver2_generated/fig_ver2e_validation_campaign_matrix.manifest.json,cfce739013a2188be5db5661e46606bb61869d53,2515,document_or_structured_evidence,.json
figures/parallel_track/README.md,2f537f43eb3915180851fe0a43494201201b6ae9,1661,document_or_structured_evidence,.md
figures/physics_gallery/16_inference_corner/README.md,e3ebba9455ac37444ec8d7fed4893308442f87c8,287,document_or_structured_evidence,.md
figures/quarantined_legacy/root_sources/fig_3D_constraint_volume.manifest.json,7e338dc7bd3bed038d0d78c2019359d92e418e75,1927,document_or_structured_evidence,.json
figures/quarantined_legacy/root_sources/fig_4D_projection_atlas.manifest.json,766df08575080d5198c7a28e2c108ea94411d68d,1923,document_or_structured_evidence,.json
figures/quarantined_legacy/root_sources/fig_BV_exclusion_restyled.manifest.json,c14a539f33157cc85024acee44281953d255abaf,1931,document_or_structured_evidence,.json
figures/quarantined_legacy/root_sources/fig_DCP_defect_mapping.manifest.json,e690d972aa0d4e0994885d7732a75d5b43c9ee73,1919,document_or_structured_evidence,.json
figures/quarantined_legacy/root_sources/fig_MES_three_bounds.manifest.json,649fc0b94c14db1dfc08590f148ef2694c84e8e6,1911,document_or_structured_evidence,.json
figures/quarantined_legacy/root_sources/fig_NL_heatmap.manifest.json,ca78e373699e81d9631789ccf10e1a86714a08fb,1887,document_or_structured_evidence,.json
figures/quarantined_legacy/root_sources/fig_activation_map.manifest.json,29647a7f77613fd4e2ca33d810deeeb345e0863f,1903,document_or_structured_evidence,.json
figures/quarantined_legacy/root_sources/fig_anomaly_atlas_skymap.manifest.json,0d6a8fea2f6b3c7c5ba070c1d2fee7db230b2ce7,1927,document_or_structured_evidence,.json
figures/quarantined_legacy/root_sources/fig_anomaly_direction_sky.manifest.json,48f380ec6ce52d39e1382bc3166eefac09094c2a,1931,document_or_structured_evidence,.json
figures/quarantined_legacy/root_sources/fig_anomaly_overlap_matrix.manifest.json,5b7157fbc7ecef0868b58a24ca4eccd52bd3c76d,1935,document_or_structured_evidence,.json
figures/quarantined_legacy/root_sources/fig_beta_posteriors_R03.manifest.json,c81e5faed6663f5f63f7902bad530c19e06d9717,1923,document_or_structured_evidence,.json
figures/quarantined_legacy/root_sources/fig_catwise_sensitivity.manifest.json,10dc3c744804075b635951f9d5ec0ac938175a9e,1923,document_or_structured_evidence,.json
figures/quarantined_legacy/root_sources/fig_cf4pp_sensitivity.manifest.json,6a5c66d75b05cf03146daa743ec449cce91770d1,1915,document_or_structured_evidence,.json
figures/quarantined_legacy/root_sources/fig_channel_ablation_heatmap.manifest.json,b8db30cc295a303e8186763e45eeb918b52143c1,1943,document_or_structured_evidence,.json
figures/quarantined_legacy/root_sources/fig_channel_coherence_heatmap.manifest.json,f09719fde41688cfe251a3739035ff1168e0531e,1947,document_or_structured_evidence,.json
figures/quarantined_legacy/root_sources/fig_colin_beta.manifest.json,193a00041a5fb427f0a7b8fd151db6c63afb9174,1887,document_or_structured_evidence,.json
figures/quarantined_legacy/root_sources/fig_contrastive_summary.manifest.json,61bd8499d9556b394b6cb634f5fda8685f15b8b3,1923,document_or_structured_evidence,.json
figures/quarantined_legacy/root_sources/fig_coverage_sbc.manifest.json,f19b6f79362b7df31f39b6eb8ff68ee2f4591dd4,1895,document_or_structured_evidence,.json
figures/quarantined_legacy/root_sources/fig_d2_sigma2_scaling.manifest.json,3064bbe361def41a9df15723f02f07386939d233,1915,document_or_structured_evidence,.json
figures/quarantined_legacy/root_sources/fig_data_decomposition.manifest.json,9b13d414cd60b1094da54f8c3f156f88addd1591,1919,document_or_structured_evidence,.json
figures/quarantined_legacy/root_sources/fig_defect_identity_schematic.manifest.json,6bc4db1cf463551bebe11aadaf843b2e3eb02121,1947,document_or_structured_evidence,.json
figures/quarantined_legacy/root_sources/fig_departure_summary.manifest.json,5b8d4b3319ab0b40ab12ddaf32125664889ef464,1915,document_or_structured_evidence,.json
figures/quarantined_legacy/root_sources/fig_dipole_sky_overlay_all_surveys.manifest.json,0e976e68f763ac623c2c399a376ab77c54e4f816,1967,document_or_structured_evidence,.json
figures/quarantined_legacy/root_sources/fig_direction_alignment_matrix.manifest.json,9da6db65e2e3c370d60e7112a97ea93f53e15864,1951,document_or_structured_evidence,.json
figures/quarantined_legacy/root_sources/fig_direction_posterior.manifest.json,22349e931f3772c7af7eccf474e3452ceaa9a704,1923,document_or_structured_evidence,.json
figures/quarantined_legacy/root_sources/fig_ell_mixing_comparison.manifest.json,ecd241e0bcabe1f30f5e4eeeceab33f1d75fb8a3,1931,document_or_structured_evidence,.json
figures/quarantined_legacy/root_sources/fig_equiv_class_evidence.manifest.json,0ee415e6a6df4bf72990cd97eb362a672df92496,1927,document_or_structured_evidence,.json
figures/quarantined_legacy/root_sources/fig_evidence_decomposition.manifest.json,3e397c26c19bba1b09cf70eecc280394a18cc19d,1935,document_or_structured_evidence,.json
figures/quarantined_legacy/root_sources/fig_evidence_grand_bar.manifest.json,77253433517613ff8d6bc8a15d7fa047b3360b08,1919,document_or_structured_evidence,.json
figures/quarantined_legacy/root_sources/fig_experiment_timeline.manifest.json,75fe6556a6dfaa6167b4e1f5c4f1df20dc191e5e,1923,document_or_structured_evidence,.json
figures/quarantined_legacy/root_sources/fig_external_integration.manifest.json,a67d2f97be7530664a30e9edd913cb742260386e,1927,document_or_structured_evidence,.json
figures/quarantined_legacy/root_sources/fig_f2_transfer_function.manifest.json,ebad96253d700cdc783f183cb144f3d0eb7c8376,1927,document_or_structured_evidence,.json
figures/quarantined_legacy/root_sources/fig_filling_fraction_posterior.manifest.json,c25a0bc500af49ff5a706f751f47ab8e66fa309f,1951,document_or_structured_evidence,.json
figures/quarantined_legacy/root_sources/fig_filling_z_evolution.manifest.json,7536163a76f375a81866d9f4386da0c004cc4675,1923,document_or_structured_evidence,.json
figures/quarantined_legacy/root_sources/fig_fisher_ellipses_future_surveys.manifest.json,afb68f3b54a7e704e85baebee5f12d5b6d5b9179,1967,document_or_structured_evidence,.json
figures/quarantined_legacy/root_sources/fig_frame_problem.manifest.json,629bd912be1ea08154e242c6dc6ceef62b89242f,1899,document_or_structured_evidence,.json
figures/quarantined_legacy/root_sources/fig_growing_mode.manifest.json,5361365052ef5db2ef1297384c466dea24e6c170,1895,document_or_structured_evidence,.json
figures/quarantined_legacy/root_sources/fig_hemispherical_power_asymmetry_bianchi.manifest.json,e75cb3eb90b990d76c74486a595481fab16300cd,1995,document_or_structured_evidence,.json
figures/quarantined_legacy/root_sources/fig_htt_mio_cross_check_table.manifest.json,0367634388a508c2a4b1d31b063835ae80c04a07,1947,document_or_structured_evidence,.json
figures/quarantined_legacy/root_sources/fig_injection_recovery.manifest.json,46b3bd51ff1681db9400c0ee9f35bb4b66dc6df1,1919,document_or_structured_evidence,.json
figures/quarantined_legacy/root_sources/fig_isotropy_pvalue_per_combination.manifest.json,15167081ee3d7344e25ab1190a6051f902023931,1971,document_or_structured_evidence,.json
figures/quarantined_legacy/root_sources/fig_jeffreys_categorization.manifest.json,ca90800f1ca17b3ae92d467f6723e69e5690d1b1,1939,document_or_structured_evidence,.json
figures/quarantined_legacy/root_sources/fig_leave_one_out.manifest.json,6d6cb5b1c5472c7a0ca9a026bb132c2e7ca7aceb,1899,document_or_structured_evidence,.json
figures/quarantined_legacy/root_sources/fig_nonlinear_corrections.manifest.json,cfe51ba2bd78bbba7ccf2414b9119b80f3f85fd7,1931,document_or_structured_evidence,.json
figures/quarantined_legacy/root_sources/fig_null_competition_production.manifest.json,a67e81ec128a5f33c33e2cee19a28191c1d71019,1955,document_or_structured_evidence,.json
figures/quarantined_legacy/root_sources/fig_orientation_diagnostics.manifest.json,e62786b1bdead3264d23f9f49706ee9c913a4e3f,1939,document_or_structured_evidence,.json
figures/quarantined_legacy/root_sources/fig_pairwise_bf_matrix.manifest.json,65b4b96a2b9ffd69d284f7e4b05be67e37943a3a,1919,document_or_structured_evidence,.json
figures/quarantined_legacy/root_sources/fig_pairwise_separations_matrix.manifest.json,4639c58645da521aac907b2e96e143bfef0d9169,1955,document_or_structured_evidence,.json
figures/quarantined_legacy/root_sources/fig_parity_asymmetry_per_model.manifest.json,a6b3e0a5ae3a9ab3a07a4d94843f9a10f7964bdc,1951,document_or_structured_evidence,.json
figures/quarantined_legacy/root_sources/fig_peculiar_jeans.manifest.json,342028db00526b7d7873c1c131c8ae42160cf74a,1903,document_or_structured_evidence,.json
figures/quarantined_legacy/root_sources/fig_prior_sensitivity.manifest.json,e06f6a70f5ed8e7c7acbb15ce23042d4a73bb61d,1915,document_or_structured_evidence,.json
figures/quarantined_legacy/root_sources/fig_q0_pushforward.manifest.json,5f72039161325992cec96557d36db79fc47b8170,1903,document_or_structured_evidence,.json
figures/quarantined_legacy/root_sources/fig_q_decomposition.manifest.json,3d0975c6fab0f2370d23d1a01aed49dce2ba0b2e,1907,document_or_structured_evidence,.json
figures/quarantined_legacy/root_sources/fig_reduced_los_physics_payoff.manifest.json,acde40c71bc7a751cdfac916b1e63f405e21d973,1951,document_or_structured_evidence,.json
figures/quarantined_legacy/root_sources/fig_resultant_vector_5probes.manifest.json,d222c46f4eb2c1031b0ffa97b7d56a28c2950768,1943,document_or_structured_evidence,.json
figures/quarantined_legacy/root_sources/fig_rho_sweep.manifest.json,9447c0d7b7103510a7511c981a8d6f8e5d9375cb,1883,document_or_structured_evidence,.json
figures/quarantined_legacy/root_sources/fig_route_b_mm_curve.manifest.json,f9cf5e084b695b767fea30eb94d0bca7dab2ea06,1911,document_or_structured_evidence,.json
figures/quarantined_legacy/root_sources/fig_s1m_shadow.manifest.json,4ff3965be612213db6e6c718e038fd8060f25a3d,1887,document_or_structured_evidence,.json
figures/quarantined_legacy/root_sources/fig_scale_hierarchy.manifest.json,f7120576afb129c01a4b7261c5093b7cfd9321f7,1907,document_or_structured_evidence,.json
figures/quarantined_legacy/root_sources/fig_scenarios_comprehensive.manifest.json,59c95d789414ca87226f10b29377e91a2b6ca806,1939,document_or_structured_evidence,.json
figures/quarantined_legacy/root_sources/fig_sigma_accel_contour.manifest.json,0c075ec3285fe646c1e6ba69310b7c4dea8d4837,1923,document_or_structured_evidence,.json
figures/quarantined_legacy/root_sources/fig_sigma_omega_contour.manifest.json,0e6ac0e647c7d8cbb44c8808354ff7db3412bad6,1923,document_or_structured_evidence,.json
figures/quarantined_legacy/root_sources/fig_source_decomposition.manifest.json,d8fbd1b37841a6272d4837d9d5c3df6e59b0f81c,1927,document_or_structured_evidence,.json
figures/quarantined_legacy/root_sources/fig_source_discrimination.manifest.json,d3dfe8b900e720c03aa5d2a0e0c19cf76d62a38a,1931,document_or_structured_evidence,.json
figures/quarantined_legacy/root_sources/fig_teff_moment_map.manifest.json,1a117b2b63fd7c0be4763c0b1a736c7528563738,1907,document_or_structured_evidence,.json
figures/quarantined_legacy/root_sources/fig_tension_resolution_timeline.manifest.json,e0e6ce681cf32e16c53f3a6aed1cbc59970bd3f9,1955,document_or_structured_evidence,.json
figures/quarantined_legacy/root_sources/fig_tilted_H0_depth.manifest.json,e41f5170e10e052f2550e71a04a13d42873325df,1907,document_or_structured_evidence,.json
figures/quarantined_legacy/root_sources/fig_triangle_BI_R03.manifest.json,8a8557129b767dbcd99ce9cb6ea396c92bc668ac,1907,document_or_structured_evidence,.json
figures/quarantined_legacy/root_sources/fig_triangle_BVIIh_grow_R03.manifest.json,9ab2d668de90ba84bd12b0a36379d0b0c8d17e7e,1939,document_or_structured_evidence,.json
figures/quarantined_legacy/root_sources/fig_type_by_type_summary.manifest.json,c9c3f11d77e4dd5b23de2efbf819ec23c1a330f9,1927,document_or_structured_evidence,.json
figures/quarantined_legacy/root_sources/fig_v_pushforward.manifest.json,194d2546b8eae61e9b1e616dc3805b6e280611e7,1899,document_or_structured_evidence,.json
figures/quarantined_legacy/root_sources/fig_vorticity_hierarchy.manifest.json,cd1318808c08cef7921e38762fa841dd8f5fb653,1923,document_or_structured_evidence,.json
figures/quarantined_meta/v6_no_download/fig_v6_component_source_matrix.manifest.json,dc012e6642eb8e54859f7ae183a680d408788cb8,2560,document_or_structured_evidence,.json
figures/quarantined_meta/v6_no_download/fig_v6_denominator_sensitivity.manifest.json,30f45215b1bf3f40fcb16dc3387afdc05dee36a9,2546,document_or_structured_evidence,.json
figures/quarantined_meta/v6_no_download/fig_v6_depth_gap_and_readiness.manifest.json,49b00f6241cbee28535ba2e17abb0d26b01e47cf,2593,document_or_structured_evidence,.json
figures/quarantined_meta/v6_no_download/fig_v6_optical_ansatz_readiness.manifest.json,fbf4a79b38a7184aed10252184fd9a3c268f2f2b,2552,document_or_structured_evidence,.json
figures/quarantined_meta/v6_no_download/fig_v6_response_class_ledger.manifest.json,8b9a1f4ad9222b3a9ac8ad6b350fec34f5bc0169,2485,document_or_structured_evidence,.json
figures/validation/flrw_lowell_pstf_linear_probe_l8_n65_vs_camb.json,b5c860407750d629f5f3704d7551f3bfd4b39d71,2447,document_or_structured_evidence,.json
fix.md,6f21cd04f1e428f039ce1536129aafe2f55242b4,10514,document_or_structured_evidence,.md
formal/lake-manifest.json,4d1af498a4667d5c06a21575a96323836f7134ae,138,document_or_structured_evidence,.json
formal/lakefile.toml,faa881a12f01a8d3418e07840d15526f917181b2,339,document_or_structured_evidence,.toml
formal_mathlib/lake-manifest.json,817423fba042a5073e6789686f654bd19e848612,3131,document_or_structured_evidence,.json
formal_mathlib/lakefile.toml,7c3c5333ab14e4cfb5bfe7f6501747efd99a9bb6,359,document_or_structured_evidence,.toml
formal_pr124/lake-manifest.json,b8d7d37bd4abd92ee141b876ec9628b3e0b653f1,140,document_or_structured_evidence,.json
formal_pr124/lakefile.toml,0d72959dd8585ee51ed16c709e5be18b0c5f7b09,352,document_or_structured_evidence,.toml
formal_pr168/lake-manifest.json,686690e04335d7a0b0680550caef53192e49cd3d,3153,document_or_structured_evidence,.json
formal_pr168/lakefile.toml,f6d838225addca9e8d60624c48aa9b8e82c2aaf6,361,document_or_structured_evidence,.toml
formal_pr169/lake-manifest.json,307fddbaad8c9b401150f439b87585e0d26f8191,3154,document_or_structured_evidence,.json
formal_pr169/lakefile.toml,21f9364fffb94ccdb2fc3756d42a325582dd961f,367,document_or_structured_evidence,.toml
formal_pr170/lake-manifest.json,2326d7c2c75f577577fcce8b1313372f1b7a94c4,2938,document_or_structured_evidence,.json
formal_pr170/lakefile.toml,50998d1db8de86cb2ee43fadba23458476894ba5,366,document_or_structured_evidence,.toml
formal_pr171/lake-manifest.json,793f0b8a1ebc6e3740413bae163462744bcfa0b2,2910,document_or_structured_evidence,.json
formal_pr171/lakefile.toml,5a1a9bd19b42f98cd4f1b7ccfa1466d9a366ad70,361,document_or_structured_evidence,.toml
formal_pr175/lake-manifest.json,9ea666be7f9d3156b8bb6c2ee0ee5c9aabb5b4a1,146,document_or_structured_evidence,.json
formal_pr175/lakefile.toml,05cd4f059a62ee8b00d6b2d140ca6b73e046cbbe,288,document_or_structured_evidence,.toml
formal_pr182/lake-manifest.json,c1673fe001b58a5e4e8629cfd7bb3e259e4d5873,143,document_or_structured_evidence,.json
formal_pr182/lakefile.toml,9eed41f392747bdd68d6ff6fd0903624acdfd2dd,287,document_or_structured_evidence,.toml
formal_pr186/lake-manifest.json,551d8fa368bd8f05c6b03f1cb607f743620e3bed,139,document_or_structured_evidence,.json
formal_pr186/lakefile.toml,98ded84bf15d237b0b24165567264c8d105f6bd1,501,document_or_structured_evidence,.toml
formal_pr187/lake-manifest.json,637704d9e8e23c4d5785b0b060843aded251c876,142,document_or_structured_evidence,.json
formal_pr187/lakefile.toml,a60a0faf704153736229c5357fc6ce41882aad55,439,document_or_structured_evidence,.toml
formal_pr189/lake-manifest.json,5404ba73604c30528b46ed4a5a3c8d76563b37da,142,document_or_structured_evidence,.json
formal_pr189/lakefile.toml,234d2201343162c1e883f15ecb01e592927d6728,221,document_or_structured_evidence,.toml
formal_pr222/lake-manifest.json,5404ba73604c30528b46ed4a5a3c8d76563b37da,142,document_or_structured_evidence,.json
formal_pr222/lakefile.toml,bb76d450079eeb148e9970ae6309f45365135a6e,237,document_or_structured_evidence,.toml
formal_pr223/lake-manifest.json,5404ba73604c30528b46ed4a5a3c8d76563b37da,142,document_or_structured_evidence,.json
formal_pr223/lakefile.toml,3e91f9fd965363703f7610ee7c8e1a4071d0b7e1,260,document_or_structured_evidence,.toml
gate_disposition_and_redo_campaign.yaml,ed9a075ac09b09ea13c7aa68dfc8e54495bf6430,16843,document_or_structured_evidence,.yaml
harness/physmath-coding-gpt56/.agents/skills/independent-diff-review/SKILL.md,8b3e62f276fb241f82207d2e088a18f5f813936e,658,document_or_structured_evidence,.md
harness/physmath-coding-gpt56/.agents/skills/numerical-validation/SKILL.md,6c19b13b9252cd2cd4c7f9c7587cb5f4933ae98f,609,document_or_structured_evidence,.md
harness/physmath-coding-gpt56/.agents/skills/reproducibility-closeout/SKILL.md,35073977f3f891f36ce97552c9ba1bb7fe5f9c65,631,document_or_structured_evidence,.md
harness/physmath-coding-gpt56/.agents/skills/research-code-task/SKILL.md,6fd5f4d2b83a0e14d631cb64849081598544a874,881,document_or_structured_evidence,.md
harness/physmath-coding-gpt56/.agents/skills/scientific-validation/SKILL.md,858063bb73c9e358e22559f797cb27244d67be11,619,document_or_structured_evidence,.md
harness/physmath-coding-gpt56/AGENTS.md,55ab762e1f2a9b467099177af0ce3f4f33ce6407,3980,document_or_structured_evidence,.md
harness/physmath-coding-gpt56/CHANGELOG.md,5973e253a6ded33f77a0b607671ff828b2103912,432,document_or_structured_evidence,.md
harness/physmath-coding-gpt56/DECISION_LOG.md,e9bf6c377ce063a1b0a79432f739b208665f1235,18,document_or_structured_evidence,.md
harness/physmath-coding-gpt56/FAILURE_LOG.md,7bfb89efc5e76737a9897777e4c7da955d9988ec,17,document_or_structured_evidence,.md
harness/physmath-coding-gpt56/PLANS.md,4ff848526d7f827ddb1ef9d2c3a466c6f956c2ba,249,document_or_structured_evidence,.md
harness/physmath-coding-gpt56/README.md,786ab562cc406340e0c05ae622fcb143182c7dc4,1664,document_or_structured_evidence,.md
harness/physmath-coding-gpt56/RUN_STATE.md,95128d9d03d71b4ab92e22692a10295efadd0bd4,190,document_or_structured_evidence,.md
harness/physmath-coding-gpt56/SCIENTIFIC_CONTRACT.md,ca7a091fb90256c55fab3263453e1260d9b2553d,4781,document_or_structured_evidence,.md
harness/physmath-coding-gpt56/START_HERE.md,d77170b069de8cee0941dbd411124ae549562563,848,document_or_structured_evidence,.md
harness/physmath-coding-gpt56/VALIDATION_MATRIX.md,fcc8ef1bcd88c7724b6ee0a2ebdfb0a4b4016ba5,2612,document_or_structured_evidence,.md
harness/physmath-coding-gpt56/docs/CODEX_SETUP.md,be0aea90825c1bf5d5d8ffc474091d8c90e4c950,430,document_or_structured_evidence,.md
harness/physmath-coding-gpt56/docs/CUSTOMIZATION.md,69567572d5c99f207c9cf6b69cd1a974c440b3ad,396,document_or_structured_evidence,.md
harness/physmath-coding-gpt56/docs/EVAL_HARNESS.md,60043378657c9de1e598a7ad51c82c997e033f07,643,document_or_structured_evidence,.md
harness/physmath-coding-gpt56/docs/MODEL_ROUTING.md,da495b01e6e30eac2d6aacf238ecba5c7168c03c,498,document_or_structured_evidence,.md
harness/physmath-coding-gpt56/docs/PARALLELIZATION_AND_WORKTREES.md,1c74d5a864b1bd754e6c3550699e8010fd15e3bb,487,document_or_structured_evidence,.md
harness/physmath-coding-gpt56/docs/RESEARCH_BASIS.md,460674e3e38a94abb8c9b37ef4e700511f347f63,1015,document_or_structured_evidence,.md
harness/physmath-coding-gpt56/docs/SKILL_PROMOTION.md,1630a9f93ebd0975a3f84ff213a4be69b3fc5541,447,document_or_structured_evidence,.md
harness/physmath-coding-gpt56/docs/WORKFLOW.md,840e855231ffd7ae72b5eaee14c374bb827836fa,549,document_or_structured_evidence,.md
harness/physmath-coding-gpt56/manifest.json,7972764377d9a1a0ac93b4be306906bef57c8aae,286,document_or_structured_evidence,.json
harness/physmath-coding-gpt56/prompts/00_ultralight.md,03ebdba7f3c2b613da0505527ca15add0a208369,1064,document_or_structured_evidence,.md
harness/physmath-coding-gpt56/prompts/01_deep_once.md,ba36c1e6eee663b92b67de0b0c9c046c66878f81,1423,document_or_structured_evidence,.md
harness/physmath-coding-gpt56/prompts/handoff/codex_to_work.md,73550b4ba6fab950344aa107ae7c43398cb2917b,365,document_or_structured_evidence,.md
harness/physmath-coding-gpt56/prompts/handoff/work_to_codex.md,9030a9218e46befce513063fe3a07bc365913525,479,document_or_structured_evidence,.md
harness/physmath-coding-gpt56/prompts/phases/00_task_contract.md,ff4fe50cb61e330c2be26e76daa9d6f8bb47701a,257,document_or_structured_evidence,.md
harness/physmath-coding-gpt56/prompts/phases/01_reproduction_acceptance.md,73a01dd6aea019fd52b22710ddb51b765ca313b5,382,document_or_structured_evidence,.md
harness/physmath-coding-gpt56/prompts/phases/02_repository_localization.md,6e1f0fe210aff67544366e7ca83641b5f04182df,334,document_or_structured_evidence,.md
harness/physmath-coding-gpt56/prompts/phases/03_bounded_solution_design.md,f7285499ce8f2b39890254291ddf43b0552c21bb,370,document_or_structured_evidence,.md
harness/physmath-coding-gpt56/prompts/phases/04_execution_plan.md,213b01088694a3dff930c0ba551f4573914c60e6,330,document_or_structured_evidence,.md
harness/physmath-coding-gpt56/prompts/phases/05_implementation.md,d6841e7f6fb8739c04b1b155c60ae07ca774d199,329,document_or_structured_evidence,.md
harness/physmath-coding-gpt56/prompts/phases/06_software_validation.md,59896309c8c668f94fae1c4aa3c0d3c37781d9dc,310,document_or_structured_evidence,.md
harness/physmath-coding-gpt56/prompts/phases/07_scientific_validation.md,19c25ab1e08119b4652360706a999ab29ff44565,388,document_or_structured_evidence,.md
harness/physmath-coding-gpt56/prompts/phases/08_numerical_reproducibility.md,e63aec066b4b58e7a7cb9bc0a1852e7d7ed31a85,365,document_or_structured_evidence,.md
harness/physmath-coding-gpt56/prompts/phases/09_independent_diff_review.md,f3bef3805905ded211af2c8f14c076189eab4c9d,393,document_or_structured_evidence,.md
harness/physmath-coding-gpt56/prompts/phases/10_promote_revert_closeout.md,0d904218b71b0586d824046c90f6cbbd1595643b,392,document_or_structured_evidence,.md
harness/physmath-coding-gpt56/prompts/review/pr_review.md,c2d4edc1af7a1bbcb1d5d5e23a54cc54ac95ec87,425,document_or_structured_evidence,.md
harness/physmath-coding-gpt6-astra/.agents/skills/independent-diff-review/SKILL.md,8b3e62f276fb241f82207d2e088a18f5f813936e,658,document_or_structured_evidence,.md
harness/physmath-coding-gpt6-astra/.agents/skills/numerical-validation/SKILL.md,6c19b13b9252cd2cd4c7f9c7587cb5f4933ae98f,609,document_or_structured_evidence,.md
harness/physmath-coding-gpt6-astra/.agents/skills/reproducibility-closeout/SKILL.md,35073977f3f891f36ce97552c9ba1bb7fe5f9c65,631,document_or_structured_evidence,.md
harness/physmath-coding-gpt6-astra/.agents/skills/research-code-task/SKILL.md,6fd5f4d2b83a0e14d631cb64849081598544a874,881,document_or_structured_evidence,.md
harness/physmath-coding-gpt6-astra/.agents/skills/scientific-validation/SKILL.md,858063bb73c9e358e22559f797cb27244d67be11,619,document_or_structured_evidence,.md
harness/physmath-coding-gpt6-astra/AGENTS.md,b76d245667ba55e04e372f0af42b4d4faa6401a4,8163,document_or_structured_evidence,.md
harness/physmath-coding-gpt6-astra/CHANGELOG.md,2a5a9d64aaaf42f4678b41fa008442a06c63e6e8,1567,document_or_structured_evidence,.md
harness/physmath-coding-gpt6-astra/DECISION_LOG.md,396759b0c34c185a404c041688f3e643b07f76b3,522,document_or_structured_evidence,.md
harness/physmath-coding-gpt6-astra/FAILURE_LOG.md,f99c37ab3978b45f973dfea2c24670f765a44e3b,779,document_or_structured_evidence,.md
harness/physmath-coding-gpt6-astra/MODEL_ROUTER.json,72de78d3f1fcb54534bfcff5e373b96f2cb30409,2394,document_or_structured_evidence,.json
harness/physmath-coding-gpt6-astra/PLANS.md,8cc9653483983b1dcb3f1feb3f9bb8e386afcc8e,672,document_or_structured_evidence,.md
harness/physmath-coding-gpt6-astra/README.md,e5aabd94f7f78d7e5360b48144c29a77e9a5461a,2393,document_or_structured_evidence,.md
harness/physmath-coding-gpt6-astra/RELEASE_VALIDATION.json,f81c53e883b01a2cf68dfbb097127b85e9c8b85e,1241,document_or_structured_evidence,.json
harness/physmath-coding-gpt6-astra/RUN_STATE.md,f87eb922c96552ed15d9a7ec8bbcbf8338ac3b65,580,document_or_structured_evidence,.md
harness/physmath-coding-gpt6-astra/SCIENTIFIC_CONTRACT.md,6f8089284d09a4179529b64213ac33d92f17f188,3394,document_or_structured_evidence,.md
harness/physmath-coding-gpt6-astra/SOURCE_PROVENANCE.json,0eacf3ca3389172cd3a7ad3fe443daf63b330be3,428,document_or_structured_evidence,.json
harness/physmath-coding-gpt6-astra/START_HERE.md,09a09d8af96118bec21aae5451b7c11f9572df6c,1431,document_or_structured_evidence,.md
harness/physmath-coding-gpt6-astra/VALIDATION_MATRIX.md,50cac99eadcdedc3d8b7d4c9371367134b2e2dc5,1999,document_or_structured_evidence,.md
harness/physmath-coding-gpt6-astra/docs/CODEX_SETUP.md,adc9491f59a98e1e9273ce001a4e22bdf4af69e0,1020,document_or_structured_evidence,.md
harness/physmath-coding-gpt6-astra/docs/CUSTOMIZATION.md,2555454603e122bca2b2241f01a83846fde48ec6,756,document_or_structured_evidence,.md
harness/physmath-coding-gpt6-astra/docs/EVAL_HARNESS.md,c65311170df365ace14085469c4b515cd84f0f78,1572,document_or_structured_evidence,.md
harness/physmath-coding-gpt6-astra/docs/MIGRATION_EVIDENCE.md,fbb1cde64433c754c3c573fc702a59dc7639d2cb,4782,document_or_structured_evidence,.md
harness/physmath-coding-gpt6-astra/docs/MODEL_REGRESSION.md,2c768c9755c05f64485ba4be3f44409c1a6e2f07,3823,document_or_structured_evidence,.md
harness/physmath-coding-gpt6-astra/docs/MODEL_ROUTING.md,062ee4cf331a90afabf09161004c1826de416943,5386,document_or_structured_evidence,.md
harness/physmath-coding-gpt6-astra/docs/PARALLELIZATION_AND_WORKTREES.md,e7070eee42b0c19f140c89aa4c67fb206eadbae4,1063,document_or_structured_evidence,.md
harness/physmath-coding-gpt6-astra/docs/RESEARCH_BASIS.md,87d82068c8cd9b76a56794583edf8935aa60447f,1551,document_or_structured_evidence,.md
harness/physmath-coding-gpt6-astra/docs/SKILL_PROMOTION.md,1630a9f93ebd0975a3f84ff213a4be69b3fc5541,447,document_or_structured_evidence,.md
harness/physmath-coding-gpt6-astra/docs/WORKFLOW.md,3635c3e2d36f23fb48c76d3baf992bf2783426bc,1479,document_or_structured_evidence,.md
harness/physmath-coding-gpt6-astra/manifest.json,5d19fb5078f294ed8e54d8586c9cce04276a6e96,624,document_or_structured_evidence,.json
harness/physmath-coding-gpt6-astra/prompts/00_ultralight.md,74cecae7f839524f6165f332b597fad8183cc3fe,1606,document_or_structured_evidence,.md
harness/physmath-coding-gpt6-astra/prompts/01_deep_once.md,1b1fa39b21074c09898f51c1ab332ffabe3444f9,2090,document_or_structured_evidence,.md
harness/physmath-coding-gpt6-astra/prompts/handoff/codex_to_work.md,c98d2e23573d4b505c207911bc0049ce73b9eb6e,856,document_or_structured_evidence,.md
harness/physmath-coding-gpt6-astra/prompts/handoff/work_to_codex.md,062fb0cbc7b979b47b6109a2bd5f134aed8de1ff,840,document_or_structured_evidence,.md
harness/physmath-coding-gpt6-astra/prompts/phases/00_task_contract.md,32cdcaebf1c38b697366ff20737ae4a4a2da81c0,527,document_or_structured_evidence,.md
harness/physmath-coding-gpt6-astra/prompts/phases/01_reproduction_acceptance.md,c6c549df2214e8c0467ed47c257903edf8e6729e,576,document_or_structured_evidence,.md
harness/physmath-coding-gpt6-astra/prompts/phases/02_repository_localization.md,abad4f09583e98927e569734769f65d02c4012d7,505,document_or_structured_evidence,.md
harness/physmath-coding-gpt6-astra/prompts/phases/03_bounded_solution_design.md,62fb7813cc346e7aba7c38c71580e9e0d641677b,658,document_or_structured_evidence,.md
harness/physmath-coding-gpt6-astra/prompts/phases/04_execution_plan.md,4d1d28107e9178e7350582594a7a5b8fce310541,501,document_or_structured_evidence,.md
harness/physmath-coding-gpt6-astra/prompts/phases/05_implementation.md,ac90344d7886deea9faea741144af191845e4b93,599,document_or_structured_evidence,.md
harness/physmath-coding-gpt6-astra/prompts/phases/06_software_validation.md,2e33eed7b9964ce82c9f2008656c40e7deb1a282,619,document_or_structured_evidence,.md
harness/physmath-coding-gpt6-astra/prompts/phases/07_scientific_validation.md,d87aed5c2346cdbd7f41d1120f3c1f531cc2a0bf,652,document_or_structured_evidence,.md
harness/physmath-coding-gpt6-astra/prompts/phases/08_numerical_reproducibility.md,9819272468b709a8a8dbf8b7315e607be8278e2e,836,document_or_structured_evidence,.md
harness/physmath-coding-gpt6-astra/prompts/phases/09_independent_diff_review.md,200dee0bd31a0ccb87cdfa40562bbd4d5168d6ee,841,document_or_structured_evidence,.md
harness/physmath-coding-gpt6-astra/prompts/phases/10_promote_revert_closeout.md,ba573d058540cb58a6d6147f164a60ef2c182926,835,document_or_structured_evidence,.md
harness/physmath-coding-gpt6-astra/prompts/review/pr_review.md,1b9d89f2219c620e0169c15435c72317b8e17a5f,892,document_or_structured_evidence,.md
harness/physmath-coding-gpt6-astra/validation/coding_package_verification.json,8fb60b62ada3245ff1727f36161cfcfedafe2e44,18432,document_or_structured_evidence,.json
harness/physmath-coding-gpt6-astra/validation/independent_review.json,c0282641e9547c98ecda0e8776ab9bed9ecca2cc,727,document_or_structured_evidence,.json
harness/physmath-coding-gpt6-astra/validation/root_package_checks.json,a63e58a57e324e8243545dee11dde3745facc61d,1211,document_or_structured_evidence,.json
harness/physmath-coding-gpt6-astra/validation/router_forward.json,ae78295099d83e5476f6bffb569a23f16c10b748,601,document_or_structured_evidence,.json
harness/physmath-coding-gpt6-astra/validation/router_test_execution.json,e0a269f914fbaf741a43852fb05bc7e23e2e657c,2862,document_or_structured_evidence,.json
harness/physmath-research-gpt56/.agents/skills/adversarial-review/SKILL.md,21bdcfe0ddd6ca8ba5ed4567be4111c42bbf02d5,682,document_or_structured_evidence,.md
harness/physmath-research-gpt56/.agents/skills/claim-source-audit/SKILL.md,31c6b480ce42083d77d4eb0d153d7b3ca8114af7,557,document_or_structured_evidence,.md
harness/physmath-research-gpt56/.agents/skills/evidence-acquisition/SKILL.md,27bfbac8fffdf63770e5f558377c9d2e88ed9c25,593,document_or_structured_evidence,.md
harness/physmath-research-gpt56/.agents/skills/hypothesis-space/SKILL.md,3593309b6f06ad831546e8a59c9852e2ba036279,552,document_or_structured_evidence,.md
harness/physmath-research-gpt56/.agents/skills/physics-math-validation/SKILL.md,374d05e0f0b6480a0b7b6bf564c557884d59b13b,559,document_or_structured_evidence,.md
harness/physmath-research-gpt56/.agents/skills/research-closeout/SKILL.md,69f81154a78a5af0156ead516bc74401ac6759bd,530,document_or_structured_evidence,.md
harness/physmath-research-gpt56/.agents/skills/research-contract/SKILL.md,1322bca1a555438bdd20020f29a59822ce9f66e8,601,document_or_structured_evidence,.md
harness/physmath-research-gpt56/.agents/skills/verification-design/SKILL.md,a0b95202c0b96ab0e3176dd2565a9f5d9182d05b,490,document_or_structured_evidence,.md
harness/physmath-research-gpt56/CHANGELOG.md,174ea2d28756133dc5c2a521bfbd918bdc7ef11c,534,document_or_structured_evidence,.md
harness/physmath-research-gpt56/PROJECT_INSTRUCTIONS.md,fa77dc71892c6940f0f45f5d46108661f0b86e4b,2878,document_or_structured_evidence,.md
harness/physmath-research-gpt56/README.md,fb5dab6dceb1ae0f80e09c8c2c2d8835725f69a5,1861,document_or_structured_evidence,.md
harness/physmath-research-gpt56/START_HERE.md,78dda6ba066a9325395376a27b9fe18f7fcb4ea2,1164,document_or_structured_evidence,.md
harness/physmath-research-gpt56/docs/CUSTOMIZATION.md,6580c0a48fa7f800f75ca334cf1748ae74c8eeaa,439,document_or_structured_evidence,.md
harness/physmath-research-gpt56/docs/MIGRATION_NOTES.md,0ebce51f3d8309411738d3536c6a492c3b43cbb1,385,document_or_structured_evidence,.md
harness/physmath-research-gpt56/docs/RESEARCH_BASIS.md,d5cf614c7bd3724fa4958b47c588c0eb174222bd,1105,document_or_structured_evidence,.md
harness/physmath-research-gpt56/docs/WORKFLOW.md,93654199de7485821ff2c4e272ba1263b0fdfd16,548,document_or_structured_evidence,.md
harness/physmath-research-gpt56/docs/WORK_AND_PROJECT_SETUP.md,89b6da3aab989177819a64bd4e0203886edd1d26,590,document_or_structured_evidence,.md
harness/physmath-research-gpt56/examples/EXAMPLE_EVIDENCE_LEDGER.md,f7abfb20dffb0044b522c6717ddb6274001ceb89,502,document_or_structured_evidence,.md
harness/physmath-research-gpt56/examples/EXAMPLE_RUN.md,eee09770904f88e71a6b6eda03fd65d26b1c328a,579,document_or_structured_evidence,.md
harness/physmath-research-gpt56/manifest.json,a0bf4b6240ef653416f85d60acbb870cef4bbe02,314,document_or_structured_evidence,.json
harness/physmath-research-gpt56/policies/APPROVAL_BOUNDARIES.md,a0cbb5415a25a762695d215488483b6884fbf54c,395,document_or_structured_evidence,.md
harness/physmath-research-gpt56/policies/EVIDENCE_AND_CITATION.md,ef73e88a98180cf4c6d42c3a5dfac240f9d1aebf,662,document_or_structured_evidence,.md
harness/physmath-research-gpt56/policies/PHASE_GATES.md,c0711e623f5471935cc26330a213bb45793d182b,541,document_or_structured_evidence,.md
harness/physmath-research-gpt56/policies/STOP_RULES.md,cf3722632569ba6446ff0902a0cadb8feef3efb3,492,document_or_structured_evidence,.md
harness/physmath-research-gpt56/prompts/00_integrated_work_run.md,4af0be5cdb3e5efe6b43ff9636a84bccb2843813,1767,document_or_structured_evidence,.md
harness/physmath-research-gpt56/prompts/phases/01_research_contract.md,4c1fe951210e3d9688207c0336d24261809375f7,752,document_or_structured_evidence,.md
harness/physmath-research-gpt56/prompts/phases/02_evidence_acquisition_deep_research.md,d4de3f1fa5dab3139acfa6c8f889830b00df5745,879,document_or_structured_evidence,.md
harness/physmath-research-gpt56/prompts/phases/03_claim_source_audit.md,a26c0c9c10ede2076efbe04f33ed08d389af765f,655,document_or_structured_evidence,.md
harness/physmath-research-gpt56/prompts/phases/04_hypothesis_space.md,c00e58ee9f8d2db4805c481c0f997ba5a5341f39,859,document_or_structured_evidence,.md
harness/physmath-research-gpt56/prompts/phases/05_independent_adversarial_review.md,3f5bea73e7d61860bd7056921f9b989963073ca8,792,document_or_structured_evidence,.md
harness/physmath-research-gpt56/prompts/phases/06_physics_math_validation.md,56325a2b87fff0accdf68b0ef20437f59f223743,696,document_or_structured_evidence,.md
harness/physmath-research-gpt56/prompts/phases/07_verification_design.md,42346453438dab1a58d5c8bb624e5358a0cb6069,472,document_or_structured_evidence,.md
harness/physmath-research-gpt56/prompts/phases/08_external_decision_gate.md,6732b1d94f6d295ee3ba7e2069505bb7cc5b9893,733,document_or_structured_evidence,.md
harness/physmath-research-gpt56/prompts/phases/09_survivor_formalization.md,9fb195b5e7fe4dc1bd9d8c6985aca61745092c75,632,document_or_structured_evidence,.md
harness/physmath-research-gpt56/prompts/phases/10_closeout_compaction.md,e7c9ea40525e52f8cc5c1a71fcc500905dc9f23e,673,document_or_structured_evidence,.md
harness/physmath-research-gpt56/prompts/quick/deep_once.md,fa57a894a7aa945d2cc19da86e19c304e7db8e73,1256,document_or_structured_evidence,.md
harness/physmath-research-gpt56/prompts/quick/ultralight.md,64e8687c158b76e7b32b33ee1566d1d2af390872,1222,document_or_structured_evidence,.md
harness/physmath-research-gpt56/prompts/routing/CHAT_WORK_DEEP_RESEARCH.md,8887adab046e0fc406e714f2b03ff77a24a9d699,503,document_or_structured_evidence,.md
harness/physmath-research-gpt56/prompts/routing/MODEL_AND_EFFORT.md,8d78bc1905fa8beb97e87aaef24ce8762a334b25,570,document_or_structured_evidence,.md
harness/physmath-research-gpt56/prompts/routing/PARALLELIZATION.md,932c70fc088ba7e66c323d7859302465b6543995,492,document_or_structured_evidence,.md
harness/physmath-research-gpt56/state/CLOSEOUT.md,18d4af94c06ee5842209dfb7709306d0d326f1ed,325,document_or_structured_evidence,.md
harness/physmath-research-gpt56/state/DECISION_LOG.md,0eed9fe35c05594b642bb1acedf14f5342683823,187,document_or_structured_evidence,.md
harness/physmath-research-gpt56/state/EVIDENCE_LEDGER.md,fe7be451ec805f1c35541024f848dde69ecb17a5,271,document_or_structured_evidence,.md
harness/physmath-research-gpt56/state/HYPOTHESIS_GRAPH.md,2ae9aca9f22d1e5bd3e2f2ef867e32ed2a9ceaf7,217,document_or_structured_evidence,.md
harness/physmath-research-gpt56/state/NEGATIVE_RESULTS.md,accf7e06154eed7cbc8e52f18d33f12d77b4d3b8,124,document_or_structured_evidence,.md
harness/physmath-research-gpt56/state/README.md,c400767b18b467f8c4e851e1dd84c92824768d89,298,document_or_structured_evidence,.md
harness/physmath-research-gpt56/state/RESEARCH_STATE.md,298f51843fe06e1b199341138c708aa6b6984f98,2237,document_or_structured_evidence,.md
harness/physmath-research-gpt56/templates/state/CLOSEOUT.md,a7447ae1eac2276c544510a590ce1afe1b0e419c,293,document_or_structured_evidence,.md
harness/physmath-research-gpt56/templates/state/DECISION_LOG.md,6ecb9556beb1afdaa44a215bc3e3fc6f9e3fcfcd,185,document_or_structured_evidence,.md
harness/physmath-research-gpt56/templates/state/EVIDENCE_LEDGER.md,fe7be451ec805f1c35541024f848dde69ecb17a5,271,document_or_structured_evidence,.md
harness/physmath-research-gpt56/templates/state/HYPOTHESIS_GRAPH.md,2ae9aca9f22d1e5bd3e2f2ef867e32ed2a9ceaf7,217,document_or_structured_evidence,.md
harness/physmath-research-gpt56/templates/state/NEGATIVE_RESULTS.md,accf7e06154eed7cbc8e52f18d33f12d77b4d3b8,124,document_or_structured_evidence,.md
harness/physmath-research-gpt56/templates/state/RESEARCH_STATE.md,494d6070b57ca2572fa9447472e4d41e65f6fa42,382,document_or_structured_evidence,.md
harness/physmath-research-gpt6-astra/.agents/skills/adversarial-review/SKILL.md,21bdcfe0ddd6ca8ba5ed4567be4111c42bbf02d5,682,document_or_structured_evidence,.md
harness/physmath-research-gpt6-astra/.agents/skills/claim-source-audit/SKILL.md,31c6b480ce42083d77d4eb0d153d7b3ca8114af7,557,document_or_structured_evidence,.md
harness/physmath-research-gpt6-astra/.agents/skills/evidence-acquisition/SKILL.md,27bfbac8fffdf63770e5f558377c9d2e88ed9c25,593,document_or_structured_evidence,.md
harness/physmath-research-gpt6-astra/.agents/skills/hypothesis-space/SKILL.md,3593309b6f06ad831546e8a59c9852e2ba036279,552,document_or_structured_evidence,.md
harness/physmath-research-gpt6-astra/.agents/skills/physics-math-validation/SKILL.md,374d05e0f0b6480a0b7b6bf564c557884d59b13b,559,document_or_structured_evidence,.md
harness/physmath-research-gpt6-astra/.agents/skills/research-closeout/SKILL.md,69f81154a78a5af0156ead516bc74401ac6759bd,530,document_or_structured_evidence,.md
harness/physmath-research-gpt6-astra/.agents/skills/research-contract/SKILL.md,1322bca1a555438bdd20020f29a59822ce9f66e8,601,document_or_structured_evidence,.md
harness/physmath-research-gpt6-astra/.agents/skills/verification-design/SKILL.md,a0b95202c0b96ab0e3176dd2565a9f5d9182d05b,490,document_or_structured_evidence,.md
harness/physmath-research-gpt6-astra/CHANGELOG.md,9dc674e1f8a4f55e87de6e82f95bab50f85a2e0f,1033,document_or_structured_evidence,.md
harness/physmath-research-gpt6-astra/MODEL_ROUTER.json,72de78d3f1fcb54534bfcff5e373b96f2cb30409,2394,document_or_structured_evidence,.json
harness/physmath-research-gpt6-astra/PROJECT_INSTRUCTIONS.md,44d1db50c58801a16b76f16cfd41331e287810ee,5686,document_or_structured_evidence,.md
harness/physmath-research-gpt6-astra/README.md,75b4d86f33201d5c767c5a8b0de4e9bb24496ac5,2220,document_or_structured_evidence,.md
harness/physmath-research-gpt6-astra/RELEASE_VALIDATION.json,cffd1f905d3e4a1df5ede7918d9cd1021abf221d,1240,document_or_structured_evidence,.json
harness/physmath-research-gpt6-astra/SOURCE_PROVENANCE.json,af930b40b7aef1e41739d9743cb3e0a73788b26f,430,document_or_structured_evidence,.json
harness/physmath-research-gpt6-astra/START_HERE.md,46aa35faaffd6c1cc396c6c817a38bb7c631f993,1064,document_or_structured_evidence,.md
harness/physmath-research-gpt6-astra/docs/CUSTOMIZATION.md,dac4a219a90e8f59ce6ae9c422b4134cec8697d3,866,document_or_structured_evidence,.md
harness/physmath-research-gpt6-astra/docs/MIGRATION_EVIDENCE.md,fbb1cde64433c754c3c573fc702a59dc7639d2cb,4782,document_or_structured_evidence,.md
harness/physmath-research-gpt6-astra/docs/MIGRATION_NOTES.md,67a12636bd0ee3ee396c10d4c3bd65a333543f25,1671,document_or_structured_evidence,.md
harness/physmath-research-gpt6-astra/docs/MODEL_REGRESSION.md,2c768c9755c05f64485ba4be3f44409c1a6e2f07,3823,document_or_structured_evidence,.md
harness/physmath-research-gpt6-astra/docs/MODEL_ROUTING.md,062ee4cf331a90afabf09161004c1826de416943,5386,document_or_structured_evidence,.md
harness/physmath-research-gpt6-astra/docs/RESEARCH_BASIS.md,f0e4e7b873a7875cb28cf94c55dabf4eaf6512b2,1937,document_or_structured_evidence,.md
harness/physmath-research-gpt6-astra/docs/WORKFLOW.md,27c7d33ef86e7f1118ddb9004d54e4de84335b87,1461,document_or_structured_evidence,.md
harness/physmath-research-gpt6-astra/docs/WORK_AND_PROJECT_SETUP.md,b809df26224eceef302399caa5bc11b12708d0db,844,document_or_structured_evidence,.md
harness/physmath-research-gpt6-astra/examples/EXAMPLE_EVIDENCE_LEDGER.md,8c2776216ea86cf1489140d340e3eee64d37675c,660,document_or_structured_evidence,.md
harness/physmath-research-gpt6-astra/examples/EXAMPLE_RUN.md,bb7c8c732e9b5996bd22c2c6c4ea164a6d2ceee0,1287,document_or_structured_evidence,.md
harness/physmath-research-gpt6-astra/manifest.json,fad4902d4274fa6c7f859ac6bd619e2e11426cbf,616,document_or_structured_evidence,.json
harness/physmath-research-gpt6-astra/policies/APPROVAL_BOUNDARIES.md,bc9608d944563f7441273b58705c6d3d880f054e,1299,document_or_structured_evidence,.md
harness/physmath-research-gpt6-astra/policies/EVIDENCE_AND_CITATION.md,7dbe885ad238192560910d759795eb1c0ba56012,1838,document_or_structured_evidence,.md
harness/physmath-research-gpt6-astra/policies/PHASE_GATES.md,5c2ab9bacb9c72d8892ed5ea1268b9d70dd8a7cb,1981,document_or_structured_evidence,.md
harness/physmath-research-gpt6-astra/policies/STOP_RULES.md,9614df0308c5fdec1921ba9a382988e1ecf45641,1774,document_or_structured_evidence,.md
harness/physmath-research-gpt6-astra/prompts/00_integrated_work_run.md,bc66c5beb7d4c0da97b7cd36f5f854e39d2a8156,2822,document_or_structured_evidence,.md
harness/physmath-research-gpt6-astra/prompts/phases/01_research_contract.md,1dc93a17662f3b474f030d0ed2fdbd53575de33b,794,document_or_structured_evidence,.md
harness/physmath-research-gpt6-astra/prompts/phases/02_evidence_acquisition_deep_research.md,17a85c3986610754e4027df09db8bae611eea946,806,document_or_structured_evidence,.md
harness/physmath-research-gpt6-astra/prompts/phases/03_claim_source_audit.md,88198f226e8540dd576827da1647faa4b6a9f8c3,753,document_or_structured_evidence,.md
harness/physmath-research-gpt6-astra/prompts/phases/04_hypothesis_space.md,80d0b7d0976d6f2473a1d74ae0f12d6a1b591633,865,document_or_structured_evidence,.md
harness/physmath-research-gpt6-astra/prompts/phases/05_independent_adversarial_review.md,105bded747c0e390dd2139683d516a59553c251d,898,document_or_structured_evidence,.md
harness/physmath-research-gpt6-astra/prompts/phases/06_physics_math_validation.md,39beadeaaef063b3077638cf7d5d741ed968058f,1107,document_or_structured_evidence,.md
harness/physmath-research-gpt6-astra/prompts/phases/07_verification_design.md,fc9955cf44288db09d3274871f9b756a1306f280,1206,document_or_structured_evidence,.md
harness/physmath-research-gpt6-astra/prompts/phases/08_external_decision_gate.md,c7804d58518ee71acc2090ae7bf82f6c169bffea,1923,document_or_structured_evidence,.md
harness/physmath-research-gpt6-astra/prompts/phases/09_survivor_formalization.md,c6935b8344f5f87146f5cc6288122f82a6739f7a,817,document_or_structured_evidence,.md
harness/physmath-research-gpt6-astra/prompts/phases/10_closeout_compaction.md,d40ab40a8f3b225a72ffe73ba93f335c4adb2f13,1138,document_or_structured_evidence,.md
harness/physmath-research-gpt6-astra/prompts/quick/deep_once.md,38c822d29af265bacb5fe9740f63b6a9283933cf,1519,document_or_structured_evidence,.md
harness/physmath-research-gpt6-astra/prompts/quick/ultralight.md,0553725f94d209b05d1ba97c9e6918b57d612d56,1131,document_or_structured_evidence,.md
harness/physmath-research-gpt6-astra/prompts/routing/CHAT_WORK_DEEP_RESEARCH.md,a506305e2a2da6f88a11689d218b4997431a8bd0,1144,document_or_structured_evidence,.md
harness/physmath-research-gpt6-astra/prompts/routing/MODEL_AND_EFFORT.md,1e3804f28581dd2a199e4ef2e614dd72c500a082,1042,document_or_structured_evidence,.md
harness/physmath-research-gpt6-astra/prompts/routing/PARALLELIZATION.md,82298cfc754193d351b4a37e6621a9d95abb7457,1279,document_or_structured_evidence,.md
harness/physmath-research-gpt6-astra/state/CLOSEOUT.md,c135147fce9ae68ab566963e7f98db45c592f015,784,document_or_structured_evidence,.md
harness/physmath-research-gpt6-astra/state/DECISION_LOG.md,284d40e80d1fb9359159cdc77ee8dab9c5445cec,495,document_or_structured_evidence,.md
harness/physmath-research-gpt6-astra/state/EVIDENCE_LEDGER.md,c8fcddb56b87e5ae09a78779745a77a7304993ad,1107,document_or_structured_evidence,.md
harness/physmath-research-gpt6-astra/state/HYPOTHESIS_GRAPH.md,af5cacf9546eef2efb47b4007f4b83aef5cbff37,428,document_or_structured_evidence,.md
harness/physmath-research-gpt6-astra/state/NEGATIVE_RESULTS.md,0f9ad53a4e3ef811af752a8f08eec75c14aaa522,502,document_or_structured_evidence,.md
harness/physmath-research-gpt6-astra/state/README.md,df7583d664055560e3d57b7a72ff1eb4f47de328,593,document_or_structured_evidence,.md
harness/physmath-research-gpt6-astra/state/RESEARCH_STATE.md,d0726c3f258c8c80d4fe8cbd1471327007543351,1201,document_or_structured_evidence,.md
harness/physmath-research-gpt6-astra/templates/state/CLOSEOUT.md,98bccd6d9487d42bc691317aad1bd33d360bc88e,773,document_or_structured_evidence,.md
harness/physmath-research-gpt6-astra/templates/state/DECISION_LOG.md,a27ca1d658d3aec68049d51754aeaab298b32f70,493,document_or_structured_evidence,.md
harness/physmath-research-gpt6-astra/templates/state/EVIDENCE_LEDGER.md,c8fcddb56b87e5ae09a78779745a77a7304993ad,1107,document_or_structured_evidence,.md
harness/physmath-research-gpt6-astra/templates/state/HYPOTHESIS_GRAPH.md,af5cacf9546eef2efb47b4007f4b83aef5cbff37,428,document_or_structured_evidence,.md
harness/physmath-research-gpt6-astra/templates/state/NEGATIVE_RESULTS.md,0f9ad53a4e3ef811af752a8f08eec75c14aaa522,502,document_or_structured_evidence,.md
harness/physmath-research-gpt6-astra/templates/state/RESEARCH_STATE.md,b395c6c223f774f1114c17294017e04841133600,1190,document_or_structured_evidence,.md
harness/physmath-research-gpt6-astra/validation/independent_review.json,c0282641e9547c98ecda0e8776ab9bed9ecca2cc,727,document_or_structured_evidence,.json
harness/physmath-research-gpt6-astra/validation/research_init_validation.json,b38c4dc473f50048f46f3ae574e83cf4c54137a7,657,document_or_structured_evidence,.json
harness/physmath-research-gpt6-astra/validation/research_package_validation.json,151877a3e8bcafa96d157f743305adfbe35fa941,7949,document_or_structured_evidence,.json
harness/physmath-research-gpt6-astra/validation/root_package_checks.json,a63e58a57e324e8243545dee11dde3745facc61d,1211,document_or_structured_evidence,.json
harness/physmath-research-gpt6-astra/validation/router_forward.json,ae78295099d83e5476f6bffb569a23f16c10b748,601,document_or_structured_evidence,.json
harness/physmath-research-gpt6-astra/validation/router_test_execution.json,e0a269f914fbaf741a43852fb05bc7e23e2e657c,2862,document_or_structured_evidence,.json
harness_templates/docs/harness/BLOCKERS.md,0de0d1deba1521ba0024e22da75968047b4b4dca,81,document_or_structured_evidence,.md
harness_templates/docs/harness/CLAIM_LEDGER.md,778ba9c4650297e75c3502b6b898dc3bae2d6d41,100,document_or_structured_evidence,.md
harness_templates/docs/harness/DECISION_LOG.md,30303e9cf82ace6197c9a24ee42d7f6729453765,74,document_or_structured_evidence,.md
harness_templates/docs/harness/DEPRECATED_IDEAS.md,cd455a7678cbdceef9be7c0c69af82853a711a42,97,document_or_structured_evidence,.md
harness_templates/docs/harness/NEXT_SESSION_PROMPT.md,9ff21675dc170cac816e86bfe6e78cc4196c1219,111,document_or_structured_evidence,.md
harness_templates/docs/harness/PROJECT_STATE.md,f114e875d26a5483f46f303dbe9bedb44bc2bcbe,97,document_or_structured_evidence,.md
harness_templates/docs/harness/PR_PROGRESS.md,c26630122ddff3ae36c2da7d82f9d6410415f610,73,document_or_structured_evidence,.md
harness_templates/docs/harness/VALIDATION_LEDGER.md,ad3e0ff9c8a666b419266fd9691ece4fe8d00751,88,document_or_structured_evidence,.md
harness_templates/vendor/physmath-gpt56/3.1.0/coding/.agents/skills/independent-diff-review/SKILL.md,8b3e62f276fb241f82207d2e088a18f5f813936e,658,document_or_structured_evidence,.md
harness_templates/vendor/physmath-gpt56/3.1.0/coding/.agents/skills/numerical-validation/SKILL.md,6c19b13b9252cd2cd4c7f9c7587cb5f4933ae98f,609,document_or_structured_evidence,.md
harness_templates/vendor/physmath-gpt56/3.1.0/coding/.agents/skills/reproducibility-closeout/SKILL.md,35073977f3f891f36ce97552c9ba1bb7fe5f9c65,631,document_or_structured_evidence,.md
harness_templates/vendor/physmath-gpt56/3.1.0/coding/.agents/skills/research-code-task/SKILL.md,6fd5f4d2b83a0e14d631cb64849081598544a874,881,document_or_structured_evidence,.md
harness_templates/vendor/physmath-gpt56/3.1.0/coding/.agents/skills/scientific-validation/SKILL.md,858063bb73c9e358e22559f797cb27244d67be11,619,document_or_structured_evidence,.md
harness_templates/vendor/physmath-gpt56/3.1.0/coding/AGENTS.md,55ab762e1f2a9b467099177af0ce3f4f33ce6407,3980,document_or_structured_evidence,.md
harness_templates/vendor/physmath-gpt56/3.1.0/coding/CHANGELOG.md,5973e253a6ded33f77a0b607671ff828b2103912,432,document_or_structured_evidence,.md
harness_templates/vendor/physmath-gpt56/3.1.0/coding/DECISION_LOG.md,e639206a32c90f321058230ce26c2a2e0d4cbe65,150,document_or_structured_evidence,.md
harness_templates/vendor/physmath-gpt56/3.1.0/coding/FAILURE_LOG.md,78ee34db9b761dfe1e105f1696d4d33c41223986,137,document_or_structured_evidence,.md
harness_templates/vendor/physmath-gpt56/3.1.0/coding/PLANS.md,4ff848526d7f827ddb1ef9d2c3a466c6f956c2ba,249,document_or_structured_evidence,.md
harness_templates/vendor/physmath-gpt56/3.1.0/coding/README.md,786ab562cc406340e0c05ae622fcb143182c7dc4,1664,document_or_structured_evidence,.md
harness_templates/vendor/physmath-gpt56/3.1.0/coding/RUN_STATE.md,fa44b4d9a6a03dbd2d110a854d40e4dd6c5a1de9,179,document_or_structured_evidence,.md
harness_templates/vendor/physmath-gpt56/3.1.0/coding/SCIENTIFIC_CONTRACT.md,6560ba6915017a3e1c71979896474f2b403a1d49,1357,document_or_structured_evidence,.md
harness_templates/vendor/physmath-gpt56/3.1.0/coding/START_HERE.md,d77170b069de8cee0941dbd411124ae549562563,848,document_or_structured_evidence,.md
harness_templates/vendor/physmath-gpt56/3.1.0/coding/VALIDATION_MATRIX.md,a2e368451c36740c30feaab982f9d7ca8ef69be3,914,document_or_structured_evidence,.md
harness_templates/vendor/physmath-gpt56/3.1.0/coding/docs/CODEX_SETUP.md,be0aea90825c1bf5d5d8ffc474091d8c90e4c950,430,document_or_structured_evidence,.md
harness_templates/vendor/physmath-gpt56/3.1.0/coding/docs/CUSTOMIZATION.md,69567572d5c99f207c9cf6b69cd1a974c440b3ad,396,document_or_structured_evidence,.md
harness_templates/vendor/physmath-gpt56/3.1.0/coding/docs/EVAL_HARNESS.md,60043378657c9de1e598a7ad51c82c997e033f07,643,document_or_structured_evidence,.md
harness_templates/vendor/physmath-gpt56/3.1.0/coding/docs/MODEL_ROUTING.md,da495b01e6e30eac2d6aacf238ecba5c7168c03c,498,document_or_structured_evidence,.md
harness_templates/vendor/physmath-gpt56/3.1.0/coding/docs/PARALLELIZATION_AND_WORKTREES.md,1c74d5a864b1bd754e6c3550699e8010fd15e3bb,487,document_or_structured_evidence,.md
harness_templates/vendor/physmath-gpt56/3.1.0/coding/docs/RESEARCH_BASIS.md,460674e3e38a94abb8c9b37ef4e700511f347f63,1015,document_or_structured_evidence,.md
harness_templates/vendor/physmath-gpt56/3.1.0/coding/docs/SKILL_PROMOTION.md,1630a9f93ebd0975a3f84ff213a4be69b3fc5541,447,document_or_structured_evidence,.md
harness_templates/vendor/physmath-gpt56/3.1.0/coding/docs/WORKFLOW.md,840e855231ffd7ae72b5eaee14c374bb827836fa,549,document_or_structured_evidence,.md
harness_templates/vendor/physmath-gpt56/3.1.0/coding/manifest.json,7972764377d9a1a0ac93b4be306906bef57c8aae,286,document_or_structured_evidence,.json
harness_templates/vendor/physmath-gpt56/3.1.0/coding/prompts/00_ultralight.md,03ebdba7f3c2b613da0505527ca15add0a208369,1064,document_or_structured_evidence,.md
harness_templates/vendor/physmath-gpt56/3.1.0/coding/prompts/01_deep_once.md,ba36c1e6eee663b92b67de0b0c9c046c66878f81,1423,document_or_structured_evidence,.md
harness_templates/vendor/physmath-gpt56/3.1.0/coding/prompts/handoff/codex_to_work.md,73550b4ba6fab950344aa107ae7c43398cb2917b,365,document_or_structured_evidence,.md
harness_templates/vendor/physmath-gpt56/3.1.0/coding/prompts/handoff/work_to_codex.md,9030a9218e46befce513063fe3a07bc365913525,479,document_or_structured_evidence,.md
harness_templates/vendor/physmath-gpt56/3.1.0/coding/prompts/phases/00_task_contract.md,ff4fe50cb61e330c2be26e76daa9d6f8bb47701a,257,document_or_structured_evidence,.md
harness_templates/vendor/physmath-gpt56/3.1.0/coding/prompts/phases/01_reproduction_acceptance.md,73a01dd6aea019fd52b22710ddb51b765ca313b5,382,document_or_structured_evidence,.md
harness_templates/vendor/physmath-gpt56/3.1.0/coding/prompts/phases/02_repository_localization.md,6e1f0fe210aff67544366e7ca83641b5f04182df,334,document_or_structured_evidence,.md
harness_templates/vendor/physmath-gpt56/3.1.0/coding/prompts/phases/03_bounded_solution_design.md,f7285499ce8f2b39890254291ddf43b0552c21bb,370,document_or_structured_evidence,.md
harness_templates/vendor/physmath-gpt56/3.1.0/coding/prompts/phases/04_execution_plan.md,213b01088694a3dff930c0ba551f4573914c60e6,330,document_or_structured_evidence,.md
harness_templates/vendor/physmath-gpt56/3.1.0/coding/prompts/phases/05_implementation.md,d6841e7f6fb8739c04b1b155c60ae07ca774d199,329,document_or_structured_evidence,.md
harness_templates/vendor/physmath-gpt56/3.1.0/coding/prompts/phases/06_software_validation.md,59896309c8c668f94fae1c4aa3c0d3c37781d9dc,310,document_or_structured_evidence,.md
harness_templates/vendor/physmath-gpt56/3.1.0/coding/prompts/phases/07_scientific_validation.md,19c25ab1e08119b4652360706a999ab29ff44565,388,document_or_structured_evidence,.md
harness_templates/vendor/physmath-gpt56/3.1.0/coding/prompts/phases/08_numerical_reproducibility.md,e63aec066b4b58e7a7cb9bc0a1852e7d7ed31a85,365,document_or_structured_evidence,.md
harness_templates/vendor/physmath-gpt56/3.1.0/coding/prompts/phases/09_independent_diff_review.md,f3bef3805905ded211af2c8f14c076189eab4c9d,393,document_or_structured_evidence,.md
harness_templates/vendor/physmath-gpt56/3.1.0/coding/prompts/phases/10_promote_revert_closeout.md,0d904218b71b0586d824046c90f6cbbd1595643b,392,document_or_structured_evidence,.md
harness_templates/vendor/physmath-gpt56/3.1.0/coding/prompts/review/pr_review.md,c2d4edc1af7a1bbcb1d5d5e23a54cc54ac95ec87,425,document_or_structured_evidence,.md
harness_templates/vendor/physmath-gpt56/3.1.0/research/.agents/skills/adversarial-review/SKILL.md,21bdcfe0ddd6ca8ba5ed4567be4111c42bbf02d5,682,document_or_structured_evidence,.md
harness_templates/vendor/physmath-gpt56/3.1.0/research/.agents/skills/claim-source-audit/SKILL.md,31c6b480ce42083d77d4eb0d153d7b3ca8114af7,557,document_or_structured_evidence,.md
harness_templates/vendor/physmath-gpt56/3.1.0/research/.agents/skills/evidence-acquisition/SKILL.md,27bfbac8fffdf63770e5f558377c9d2e88ed9c25,593,document_or_structured_evidence,.md
harness_templates/vendor/physmath-gpt56/3.1.0/research/.agents/skills/hypothesis-space/SKILL.md,3593309b6f06ad831546e8a59c9852e2ba036279,552,document_or_structured_evidence,.md
harness_templates/vendor/physmath-gpt56/3.1.0/research/.agents/skills/physics-math-validation/SKILL.md,374d05e0f0b6480a0b7b6bf564c557884d59b13b,559,document_or_structured_evidence,.md
harness_templates/vendor/physmath-gpt56/3.1.0/research/.agents/skills/research-closeout/SKILL.md,69f81154a78a5af0156ead516bc74401ac6759bd,530,document_or_structured_evidence,.md
harness_templates/vendor/physmath-gpt56/3.1.0/research/.agents/skills/research-contract/SKILL.md,1322bca1a555438bdd20020f29a59822ce9f66e8,601,document_or_structured_evidence,.md
harness_templates/vendor/physmath-gpt56/3.1.0/research/.agents/skills/verification-design/SKILL.md,a0b95202c0b96ab0e3176dd2565a9f5d9182d05b,490,document_or_structured_evidence,.md
harness_templates/vendor/physmath-gpt56/3.1.0/research/CHANGELOG.md,174ea2d28756133dc5c2a521bfbd918bdc7ef11c,534,document_or_structured_evidence,.md
harness_templates/vendor/physmath-gpt56/3.1.0/research/PROJECT_INSTRUCTIONS.md,fa77dc71892c6940f0f45f5d46108661f0b86e4b,2878,document_or_structured_evidence,.md
harness_templates/vendor/physmath-gpt56/3.1.0/research/README.md,fb5dab6dceb1ae0f80e09c8c2c2d8835725f69a5,1861,document_or_structured_evidence,.md
harness_templates/vendor/physmath-gpt56/3.1.0/research/START_HERE.md,78dda6ba066a9325395376a27b9fe18f7fcb4ea2,1164,document_or_structured_evidence,.md
harness_templates/vendor/physmath-gpt56/3.1.0/research/docs/CUSTOMIZATION.md,6580c0a48fa7f800f75ca334cf1748ae74c8eeaa,439,document_or_structured_evidence,.md
harness_templates/vendor/physmath-gpt56/3.1.0/research/docs/MIGRATION_NOTES.md,0ebce51f3d8309411738d3536c6a492c3b43cbb1,385,document_or_structured_evidence,.md
harness_templates/vendor/physmath-gpt56/3.1.0/research/docs/RESEARCH_BASIS.md,d5cf614c7bd3724fa4958b47c588c0eb174222bd,1105,document_or_structured_evidence,.md
harness_templates/vendor/physmath-gpt56/3.1.0/research/docs/WORKFLOW.md,93654199de7485821ff2c4e272ba1263b0fdfd16,548,document_or_structured_evidence,.md
harness_templates/vendor/physmath-gpt56/3.1.0/research/docs/WORK_AND_PROJECT_SETUP.md,89b6da3aab989177819a64bd4e0203886edd1d26,590,document_or_structured_evidence,.md
harness_templates/vendor/physmath-gpt56/3.1.0/research/examples/EXAMPLE_EVIDENCE_LEDGER.md,f7abfb20dffb0044b522c6717ddb6274001ceb89,502,document_or_structured_evidence,.md
harness_templates/vendor/physmath-gpt56/3.1.0/research/examples/EXAMPLE_RUN.md,eee09770904f88e71a6b6eda03fd65d26b1c328a,579,document_or_structured_evidence,.md
harness_templates/vendor/physmath-gpt56/3.1.0/research/manifest.json,a0bf4b6240ef653416f85d60acbb870cef4bbe02,314,document_or_structured_evidence,.json
harness_templates/vendor/physmath-gpt56/3.1.0/research/policies/APPROVAL_BOUNDARIES.md,a0cbb5415a25a762695d215488483b6884fbf54c,395,document_or_structured_evidence,.md
harness_templates/vendor/physmath-gpt56/3.1.0/research/policies/EVIDENCE_AND_CITATION.md,ef73e88a98180cf4c6d42c3a5dfac240f9d1aebf,662,document_or_structured_evidence,.md
harness_templates/vendor/physmath-gpt56/3.1.0/research/policies/PHASE_GATES.md,c0711e623f5471935cc26330a213bb45793d182b,541,document_or_structured_evidence,.md
harness_templates/vendor/physmath-gpt56/3.1.0/research/policies/STOP_RULES.md,cf3722632569ba6446ff0902a0cadb8feef3efb3,492,document_or_structured_evidence,.md
harness_templates/vendor/physmath-gpt56/3.1.0/research/prompts/00_integrated_work_run.md,4af0be5cdb3e5efe6b43ff9636a84bccb2843813,1767,document_or_structured_evidence,.md
harness_templates/vendor/physmath-gpt56/3.1.0/research/prompts/phases/01_research_contract.md,4c1fe951210e3d9688207c0336d24261809375f7,752,document_or_structured_evidence,.md
harness_templates/vendor/physmath-gpt56/3.1.0/research/prompts/phases/02_evidence_acquisition_deep_research.md,d4de3f1fa5dab3139acfa6c8f889830b00df5745,879,document_or_structured_evidence,.md
harness_templates/vendor/physmath-gpt56/3.1.0/research/prompts/phases/03_claim_source_audit.md,a26c0c9c10ede2076efbe04f33ed08d389af765f,655,document_or_structured_evidence,.md
harness_templates/vendor/physmath-gpt56/3.1.0/research/prompts/phases/04_hypothesis_space.md,c00e58ee9f8d2db4805c481c0f997ba5a5341f39,859,document_or_structured_evidence,.md
harness_templates/vendor/physmath-gpt56/3.1.0/research/prompts/phases/05_independent_adversarial_review.md,3f5bea73e7d61860bd7056921f9b989963073ca8,792,document_or_structured_evidence,.md
harness_templates/vendor/physmath-gpt56/3.1.0/research/prompts/phases/06_physics_math_validation.md,56325a2b87fff0accdf68b0ef20437f59f223743,696,document_or_structured_evidence,.md
harness_templates/vendor/physmath-gpt56/3.1.0/research/prompts/phases/07_verification_design.md,42346453438dab1a58d5c8bb624e5358a0cb6069,472,document_or_structured_evidence,.md
harness_templates/vendor/physmath-gpt56/3.1.0/research/prompts/phases/08_external_decision_gate.md,6732b1d94f6d295ee3ba7e2069505bb7cc5b9893,733,document_or_structured_evidence,.md
harness_templates/vendor/physmath-gpt56/3.1.0/research/prompts/phases/09_survivor_formalization.md,9fb195b5e7fe4dc1bd9d8c6985aca61745092c75,632,document_or_structured_evidence,.md
harness_templates/vendor/physmath-gpt56/3.1.0/research/prompts/phases/10_closeout_compaction.md,e7c9ea40525e52f8cc5c1a71fcc500905dc9f23e,673,document_or_structured_evidence,.md
harness_templates/vendor/physmath-gpt56/3.1.0/research/prompts/quick/deep_once.md,fa57a894a7aa945d2cc19da86e19c304e7db8e73,1256,document_or_structured_evidence,.md
harness_templates/vendor/physmath-gpt56/3.1.0/research/prompts/quick/ultralight.md,64e8687c158b76e7b32b33ee1566d1d2af390872,1222,document_or_structured_evidence,.md
harness_templates/vendor/physmath-gpt56/3.1.0/research/prompts/routing/CHAT_WORK_DEEP_RESEARCH.md,8887adab046e0fc406e714f2b03ff77a24a9d699,503,document_or_structured_evidence,.md
harness_templates/vendor/physmath-gpt56/3.1.0/research/prompts/routing/MODEL_AND_EFFORT.md,8d78bc1905fa8beb97e87aaef24ce8762a334b25,570,document_or_structured_evidence,.md
harness_templates/vendor/physmath-gpt56/3.1.0/research/prompts/routing/PARALLELIZATION.md,932c70fc088ba7e66c323d7859302465b6543995,492,document_or_structured_evidence,.md
harness_templates/vendor/physmath-gpt56/3.1.0/research/state/CLOSEOUT.md,72002afc6f20296b6a5e5cea00df7ce33d1624f2,304,document_or_structured_evidence,.md
harness_templates/vendor/physmath-gpt56/3.1.0/research/state/DECISION_LOG.md,35009d5938b35a2421f2283094159e2cb9380d13,187,document_or_structured_evidence,.md
harness_templates/vendor/physmath-gpt56/3.1.0/research/state/EVIDENCE_LEDGER.md,fe7be451ec805f1c35541024f848dde69ecb17a5,271,document_or_structured_evidence,.md
harness_templates/vendor/physmath-gpt56/3.1.0/research/state/HYPOTHESIS_GRAPH.md,2ae9aca9f22d1e5bd3e2f2ef867e32ed2a9ceaf7,217,document_or_structured_evidence,.md
harness_templates/vendor/physmath-gpt56/3.1.0/research/state/NEGATIVE_RESULTS.md,accf7e06154eed7cbc8e52f18d33f12d77b4d3b8,124,document_or_structured_evidence,.md
harness_templates/vendor/physmath-gpt56/3.1.0/research/state/README.md,c400767b18b467f8c4e851e1dd84c92824768d89,298,document_or_structured_evidence,.md
harness_templates/vendor/physmath-gpt56/3.1.0/research/state/RESEARCH_STATE.md,96f0ec46571561a61ac6b5aaf620796abc81d40d,393,document_or_structured_evidence,.md
harness_templates/vendor/physmath-gpt56/3.1.0/research/templates/state/CLOSEOUT.md,a7447ae1eac2276c544510a590ce1afe1b0e419c,293,document_or_structured_evidence,.md
harness_templates/vendor/physmath-gpt56/3.1.0/research/templates/state/DECISION_LOG.md,6ecb9556beb1afdaa44a215bc3e3fc6f9e3fcfcd,185,document_or_structured_evidence,.md
harness_templates/vendor/physmath-gpt56/3.1.0/research/templates/state/EVIDENCE_LEDGER.md,fe7be451ec805f1c35541024f848dde69ecb17a5,271,document_or_structured_evidence,.md
harness_templates/vendor/physmath-gpt56/3.1.0/research/templates/state/HYPOTHESIS_GRAPH.md,2ae9aca9f22d1e5bd3e2f2ef867e32ed2a9ceaf7,217,document_or_structured_evidence,.md
harness_templates/vendor/physmath-gpt56/3.1.0/research/templates/state/NEGATIVE_RESULTS.md,accf7e06154eed7cbc8e52f18d33f12d77b4d3b8,124,document_or_structured_evidence,.md
harness_templates/vendor/physmath-gpt56/3.1.0/research/templates/state/RESEARCH_STATE.md,494d6070b57ca2572fa9447472e4d41e65f6fa42,382,document_or_structured_evidence,.md
htt/BASS_MIO_HTT_execution_plan.md,4e19e5c7e67acb5c31ea1156f8ceb431b157c530,16620,document_or_structured_evidence,.md
htt/CHANGELOG.md,38976fa446527654f8fc9154be5f20eeb286aefc,5462,document_or_structured_evidence,.md
htt/HANDOFF_PACKET.md,68ff2443c02d024c684e55137966fa1120f46b53,21239,document_or_structured_evidence,.md
htt/README.md,0dba60637e7b53b12cfbfd28fdf89fa502f545fe,5913,document_or_structured_evidence,.md
htt/bass/AGENTS.md,e963f303c7efe14dd3cc0e879217f5e30018ec83,3102,document_or_structured_evidence,.md
htt/bass/recombination/fixtures/recombination_ref_planck2018.csv,7cee4cdf7365cb351efeaf970e97be304f748016,520709,document_or_structured_evidence,.csv
htt/bass/recombination/fixtures/recombination_ref_planck2018_z1e10.csv,d6b7b3b4224925147ebcb22e085d668f2c14964b,529354,document_or_structured_evidence,.csv
htt/bass/validation/_d2_anchor_golden.json,71c29374f871e6995659cf6f41d3c023dd321a09,2160,document_or_structured_evidence,.json
htt/htt/AGENTS.md,b807cc1fd51433815ec9a18a62fb6d0c39dce0b2,3021,document_or_structured_evidence,.md
htt/htt/README.md,d4861c7be5b3e4927404f9ddb8625ea23a6e0e2d,274,document_or_structured_evidence,.md
htt/htt/htt/figures/README.md,be187fc447995bd5f043f8b7413d6d32ef867805,3491,document_or_structured_evidence,.md
htt/htt/pyproject.toml,927dbcbaf05601e81ee41021bb2aec3c16f9eb9a,330,document_or_structured_evidence,.toml
htt/htt/tests/fixtures/pipeline_outputs/FLRW_tilt_results.json,3545159d1a9f2eeecc26f1d32ecf154c75b6533e,705,document_or_structured_evidence,.json
htt/htt/tests/fixtures/pipeline_outputs/robustness_sweeps_integrated.json,3605bd6a06c8c695e3ddc23bf7243726345b3553,3140,document_or_structured_evidence,.json
htt/mio/AGENTS.md,0bf0c450bfd405c6b35e1634956f6b202d7da633,3033,document_or_structured_evidence,.md
htt/pyproject.toml,f94d7722557bedc8d4763e23b874babfafaccb4c,2371,document_or_structured_evidence,.toml
htt/src/common/AGENTS.md,ba5ca86c8a1c7aef7e32b10ccdfb96621cc8ac2a,3093,document_or_structured_evidence,.md
htt/tsc/AGENTS.md,96a3db9dc4bb1683c10fc776b4c4ccdc36936f7e,3549,document_or_structured_evidence,.md
htt/tsc_legacy/README.md,efca390a72112fd3a683f94819f7bf508d64efbd,752,document_or_structured_evidence,.md
htt/workspace/data/obs_defaults.json,2e12e673438d27b433f93754b4e2ddf27e8a6eb4,1399,document_or_structured_evidence,.json
htt/workspace/results/integrated_pipeline_results.json,4dd849b614906575c5821d4fe0adef338dc0af28,1247,document_or_structured_evidence,.json
htt/workspace/results/mio_directional_coherence.json,71c1144d8b69fe54b42e71d4757eabbf3c160615,2516,document_or_structured_evidence,.json
htt_base_research_evaluation_package_manifest.json,ea2c3f2e0b54439a523109c3d483336f3cacf888,223826,document_or_structured_evidence,.json
htt_base_research_evaluation_prompt.md,a7b2ec1c791b662d51022c2f3079a80e6342f03e,7113,document_or_structured_evidence,.md
incoming/mes_r1_r5_20260927_412bca18a18cded4/MES_R1_R5_HANDOFF_20260927/00_READ_FIRST_KO.md,fd794aeb265165e3db42b285d2149508506e7aea,2131,document_or_structured_evidence,.md
incoming/mes_r1_r5_20260927_412bca18a18cded4/MES_R1_R5_HANDOFF_20260927/CODEX_HANDOFF_PROMPT_KO.md,bd5985246a12faae1e5031eda45ae58f2cb15a97,9087,document_or_structured_evidence,.md
incoming/mes_r1_r5_20260927_412bca18a18cded4/MES_R1_R5_HANDOFF_20260927/INPUT_INVENTORY.json,5d8d02f519796dafc7752135d84be1d1c03fc286,2735,document_or_structured_evidence,.json
incoming/mes_r1_r5_20260927_412bca18a18cded4/MES_R1_R5_HANDOFF_20260927/INTEGRATION_NOTES_KO.md,1cdab07881c10ac56b71f3a199da4c66d90e8abf,1376,document_or_structured_evidence,.md
incoming/mes_r1_r5_20260927_412bca18a18cded4/MES_R1_R5_HANDOFF_20260927/PACKAGE_VALIDATION.json,edccb8028d309d45b094a4806abd2742c7858478,790,document_or_structured_evidence,.json
incoming/mes_r1_r5_20260927_412bca18a18cded4/MES_R1_R5_HANDOFF_20260927/materials/R1/MES_FRESH_OPTICAL_TENSOR_R1/DERIVATIONS.md,75e77d2ea3652657b6858469d2f1c18160402c05,15970,document_or_structured_evidence,.md
incoming/mes_r1_r5_20260927_412bca18a18cded4/MES_R1_R5_HANDOFF_20260927/materials/R1/MES_FRESH_OPTICAL_TENSOR_R1/MANIFEST_SHA256.json,e56b2e3ac4bc6cc6a25d5b9b5f0683c446af10e7,3579,document_or_structured_evidence,.json
incoming/mes_r1_r5_20260927_412bca18a18cded4/MES_R1_R5_HANDOFF_20260927/materials/R1/MES_FRESH_OPTICAL_TENSOR_R1/MES_FRESH_RESEARCH_R1_KO.md,8f9ba49266c4ad2349541d0e28245aaa51c01caa,23391,document_or_structured_evidence,.md
incoming/mes_r1_r5_20260927_412bca18a18cded4/MES_R1_R5_HANDOFF_20260927/materials/R1/MES_FRESH_OPTICAL_TENSOR_R1/NEXT_THEORY_PROMPT.md,7e51575c28f3435152bc270ee3669721c8b4daa3,2800,document_or_structured_evidence,.md
incoming/mes_r1_r5_20260927_412bca18a18cded4/MES_R1_R5_HANDOFF_20260927/materials/R1/MES_FRESH_OPTICAL_TENSOR_R1/README.md,55b9cd6b5346766ef233fa93828b8d42b559c447,2653,document_or_structured_evidence,.md
incoming/mes_r1_r5_20260927_412bca18a18cded4/MES_R1_R5_HANDOFF_20260927/materials/R1/MES_FRESH_OPTICAL_TENSOR_R1/RESEARCH_DAG.json,ea03a112e15687fb867fc33007c414c18aa80b39,2688,document_or_structured_evidence,.json
incoming/mes_r1_r5_20260927_412bca18a18cded4/MES_R1_R5_HANDOFF_20260927/materials/R1/MES_FRESH_OPTICAL_TENSOR_R1/SOURCE_IDENTITY.json,6a5d656471926069e43e5db86ba8c32b98a84299,3386,document_or_structured_evidence,.json
incoming/mes_r1_r5_20260927_412bca18a18cded4/MES_R1_R5_HANDOFF_20260927/materials/R1/MES_FRESH_OPTICAL_TENSOR_R1/TENSOR_RESIDUAL_THEOREM.md,8f8db28f46ce3608eb1e0be83d6b7d9bb276132c,5493,document_or_structured_evidence,.md
incoming/mes_r1_r5_20260927_412bca18a18cded4/MES_R1_R5_HANDOFF_20260927/materials/R1/MES_FRESH_OPTICAL_TENSOR_R1/agent_mes_sources.md,3e0cf18aa4ef604ea99812a608fc8c66e169ac6a,11396,document_or_structured_evidence,.md
incoming/mes_r1_r5_20260927_412bca18a18cded4/MES_R1_R5_HANDOFF_20260927/materials/R1/MES_FRESH_OPTICAL_TENSOR_R1/agent_optics.md,8ed3a5bdc987899d8b57ae40f5444ac8e8ebe885,21442,document_or_structured_evidence,.md
incoming/mes_r1_r5_20260927_412bca18a18cded4/MES_R1_R5_HANDOFF_20260927/materials/R1/MES_FRESH_OPTICAL_TENSOR_R1/agent_optics_operator_addendum.md,733da8230436709de92b9b545c8be9812e38fc37,10287,document_or_structured_evidence,.md
incoming/mes_r1_r5_20260927_412bca18a18cded4/MES_R1_R5_HANDOFF_20260927/materials/R1/MES_FRESH_OPTICAL_TENSOR_R1/decision.json,fcfe0ec4468e602b2741965ec4bd5f1bc5f7c135,14020,document_or_structured_evidence,.json
incoming/mes_r1_r5_20260927_412bca18a18cded4/MES_R1_R5_HANDOFF_20260927/materials/R1/MES_FRESH_OPTICAL_TENSOR_R1/decision_review.md,467202c953deecf2f225e2a4eeaab040f5897243,14578,document_or_structured_evidence,.md
incoming/mes_r1_r5_20260927_412bca18a18cded4/MES_R1_R5_HANDOFF_20260927/materials/R1/MES_FRESH_OPTICAL_TENSOR_R1/evidence/candidate_v1.md,0956c6f4e508eb48fd7b4bc5b895bd9dc59b255e,14458,document_or_structured_evidence,.md
incoming/mes_r1_r5_20260927_412bca18a18cded4/MES_R1_R5_HANDOFF_20260927/materials/R1/MES_FRESH_OPTICAL_TENSOR_R1/evidence/candidate_v1_identity.json,a59bd2bbc0dc2ad327c8e8ece0f4a3bd1a4826f4,188,document_or_structured_evidence,.json
incoming/mes_r1_r5_20260927_412bca18a18cded4/MES_R1_R5_HANDOFF_20260927/materials/R1/MES_FRESH_OPTICAL_TENSOR_R1/evidence/candidate_v2_identity.json,48ab4a83c8ea0864367035ddf19b53e27171a263,207,document_or_structured_evidence,.json
incoming/mes_r1_r5_20260927_412bca18a18cded4/MES_R1_R5_HANDOFF_20260927/materials/R1/MES_FRESH_OPTICAL_TENSOR_R1/evidence/decision_gate_initial.json,6b0a6787f2dd5e302f6c13fe1786e9ab0b2f78cb,7543,document_or_structured_evidence,.json
incoming/mes_r1_r5_20260927_412bca18a18cded4/MES_R1_R5_HANDOFF_20260927/materials/R1/MES_FRESH_OPTICAL_TENSOR_R1/evidence/decision_review_initial.md,7a3c63c28f7977d9c8349efe0426c8786302ec88,9606,document_or_structured_evidence,.md
incoming/mes_r1_r5_20260927_412bca18a18cded4/MES_R1_R5_HANDOFF_20260927/materials/R1/MES_FRESH_OPTICAL_TENSOR_R1/evidence/finite_checks.json,fac8dcc0becdb79dcf0a38c2c20db5b931dacd4d,1684,document_or_structured_evidence,.json
incoming/mes_r1_r5_20260927_412bca18a18cded4/MES_R1_R5_HANDOFF_20260927/materials/R1/MES_FRESH_OPTICAL_TENSOR_R1/evidence/formalism_excerpt.json,7f4ee5f748c0ab0ab50be2ea587e14955ce6dd6c,16450,document_or_structured_evidence,.json
incoming/mes_r1_r5_20260927_412bca18a18cded4/MES_R1_R5_HANDOFF_20260927/materials/R1/MES_FRESH_OPTICAL_TENSOR_R1/evidence/harness.json,6e257803c8ddf671dc6d773e50d50d95d377b2a2,360,document_or_structured_evidence,.json
incoming/mes_r1_r5_20260927_412bca18a18cded4/MES_R1_R5_HANDOFF_20260927/materials/R1/MES_FRESH_OPTICAL_TENSOR_R1/evidence/reviewer_checks.json,e659a0e732372f456a416ff6d3c28dab9ec49c9d,503,document_or_structured_evidence,.json
incoming/mes_r1_r5_20260927_412bca18a18cded4/MES_R1_R5_HANDOFF_20260927/materials/R1/MES_FRESH_OPTICAL_TENSOR_R1/evidence/reviewer_tensor_checks.json,cd9eb7a16d31ab6564e6ed19f89809c883964e10,2011,document_or_structured_evidence,.json
incoming/mes_r1_r5_20260927_412bca18a18cded4/MES_R1_R5_HANDOFF_20260927/materials/R1/MES_FRESH_OPTICAL_TENSOR_R1/evidence/scispace.json,b995a30d4d892de2c7cf5298291800135fc563de,43007,document_or_structured_evidence,.json
incoming/mes_r1_r5_20260927_412bca18a18cded4/MES_R1_R5_HANDOFF_20260927/materials/R1/MES_FRESH_OPTICAL_TENSOR_R1/evidence/tensor_residual_candidate_v1.md,59d337a173757049ffe55435915e68fbb31b8893,5085,document_or_structured_evidence,.md
incoming/mes_r1_r5_20260927_412bca18a18cded4/MES_R1_R5_HANDOFF_20260927/materials/R1/MES_FRESH_OPTICAL_TENSOR_R1/evidence/wl_checks_1.json,fcb0feb2fc6948c3a2f739edc986c78c98df576f,1375,document_or_structured_evidence,.json
incoming/mes_r1_r5_20260927_412bca18a18cded4/MES_R1_R5_HANDOFF_20260927/materials/R1/MES_FRESH_OPTICAL_TENSOR_R1/evidence/wl_checks_2.json,c2c4c2ea26582332acdd09780f28caa77f123219,891,document_or_structured_evidence,.json
incoming/mes_r1_r5_20260927_412bca18a18cded4/MES_R1_R5_HANDOFF_20260927/materials/R1/MES_FRESH_OPTICAL_TENSOR_R1/evidence/wl_checks_3.json,c7b491d01599872c3392f4dfbee4f31095d6fe9b,1504,document_or_structured_evidence,.json
incoming/mes_r1_r5_20260927_412bca18a18cded4/MES_R1_R5_HANDOFF_20260927/materials/R1/MES_FRESH_OPTICAL_TENSOR_R1/state/CLOSEOUT.md,e7e849a0a4e3eeec43c68d0f3600ed550b63cdfd,1308,document_or_structured_evidence,.md
incoming/mes_r1_r5_20260927_412bca18a18cded4/MES_R1_R5_HANDOFF_20260927/materials/R1/MES_FRESH_OPTICAL_TENSOR_R1/state/EVIDENCE_LEDGER.md,729fda54c3b97c1e8891f5b8fe76b4d13229bbf8,1541,document_or_structured_evidence,.md
incoming/mes_r1_r5_20260927_412bca18a18cded4/MES_R1_R5_HANDOFF_20260927/materials/R1/MES_FRESH_OPTICAL_TENSOR_R1/state/NEGATIVE_RESULTS.md,fc16c9190dcbf8a9f8939cb552d57f60f7c1f80f,1444,document_or_structured_evidence,.md
incoming/mes_r1_r5_20260927_412bca18a18cded4/MES_R1_R5_HANDOFF_20260927/materials/R1/MES_FRESH_OPTICAL_TENSOR_R1/state/RESEARCH_STATE.json,8936eda4743cc462b49c0421fe62f4853f55ee27,2087,document_or_structured_evidence,.json
incoming/mes_r1_r5_20260927_412bca18a18cded4/MES_R1_R5_HANDOFF_20260927/materials/R2/MES_GENERALIZED_TENSOR_R2/INDEPENDENT_DECISION.json,781a6b8f0a6e45d3602c3809e43b5601da83f575,7821,document_or_structured_evidence,.json
incoming/mes_r1_r5_20260927_412bca18a18cded4/MES_R1_R5_HANDOFF_20260927/materials/R2/MES_GENERALIZED_TENSOR_R2/INDEPENDENT_DECISION.md,b0af4686dc0cacf99d4ae0d5c1d342c51a729dd6,5309,document_or_structured_evidence,.md
incoming/mes_r1_r5_20260927_412bca18a18cded4/MES_R1_R5_HANDOFF_20260927/materials/R2/MES_GENERALIZED_TENSOR_R2/INDEPENDENT_DECISION_V1_HOLD.json,db1ed6f7703e03d43c9cf1017d83689576ae54c5,2864,document_or_structured_evidence,.json
incoming/mes_r1_r5_20260927_412bca18a18cded4/MES_R1_R5_HANDOFF_20260927/materials/R2/MES_GENERALIZED_TENSOR_R2/INDEPENDENT_DECISION_V1_HOLD.md,124a567cf30f064457ebe21f2b01a7e7b28d7e3f,1727,document_or_structured_evidence,.md
incoming/mes_r1_r5_20260927_412bca18a18cded4/MES_R1_R5_HANDOFF_20260927/materials/R2/MES_GENERALIZED_TENSOR_R2/MANIFEST_SHA256.json,fe00a821948303491781b2b623b238469c677bf7,7335,document_or_structured_evidence,.json
incoming/mes_r1_r5_20260927_412bca18a18cded4/MES_R1_R5_HANDOFF_20260927/materials/R2/MES_GENERALIZED_TENSOR_R2/MES_GENERALIZED_TENSOR_R2_KO.md,926abf67457d3eb5c7d64c9045ccb7b1f3649997,29396,document_or_structured_evidence,.md
incoming/mes_r1_r5_20260927_412bca18a18cded4/MES_R1_R5_HANDOFF_20260927/materials/R2/MES_GENERALIZED_TENSOR_R2/NEXT_RESEARCH_PROMPT_KO.md,e2d01489303b0f42dea222cc72dafc9c469dd586,3754,document_or_structured_evidence,.md
incoming/mes_r1_r5_20260927_412bca18a18cded4/MES_R1_R5_HANDOFF_20260927/materials/R2/MES_GENERALIZED_TENSOR_R2/README.md,05408f61d80679d38c98fcc03f60eab2a9049435,2832,document_or_structured_evidence,.md
incoming/mes_r1_r5_20260927_412bca18a18cded4/MES_R1_R5_HANDOFF_20260927/materials/R2/MES_GENERALIZED_TENSOR_R2/RESEARCH_DAG.json,d2750e4fd93e4616f15904a37ca8f84e7c823618,3161,document_or_structured_evidence,.json
incoming/mes_r1_r5_20260927_412bca18a18cded4/MES_R1_R5_HANDOFF_20260927/materials/R2/MES_GENERALIZED_TENSOR_R2/SOURCE_PROVENANCE.json,559fe44b9bdd6cd1bd33f86fde4b162fae88f999,1182,document_or_structured_evidence,.json
incoming/mes_r1_r5_20260927_412bca18a18cded4/MES_R1_R5_HANDOFF_20260927/materials/R2/MES_GENERALIZED_TENSOR_R2/agent_kinematics.md,eaa944ad1179deab3cf10439cfb15deeb6345e02,20079,document_or_structured_evidence,.md
incoming/mes_r1_r5_20260927_412bca18a18cded4/MES_R1_R5_HANDOFF_20260927/materials/R2/MES_GENERALIZED_TENSOR_R2/agent_kinematics_checks.json,c16efcb738c6b7055d1b12a3aa97cdd00b53a737,894,document_or_structured_evidence,.json
incoming/mes_r1_r5_20260927_412bca18a18cded4/MES_R1_R5_HANDOFF_20260927/materials/R2/MES_GENERALIZED_TENSOR_R2/agent_statistics.md,a52e61ec8fd073d5284eb812e8785abd007489b7,20171,document_or_structured_evidence,.md
incoming/mes_r1_r5_20260927_412bca18a18cded4/MES_R1_R5_HANDOFF_20260927/materials/R2/MES_GENERALIZED_TENSOR_R2/evidence/CANDIDATE_V1_IDENTITY.json,fd6bc02731c973f0cfcbc7c17884882ce6d825cf,1232,document_or_structured_evidence,.json
incoming/mes_r1_r5_20260927_412bca18a18cded4/MES_R1_R5_HANDOFF_20260927/materials/R2/MES_GENERALIZED_TENSOR_R2/evidence/CANDIDATE_V1_REPORT.md,710771f97629d28ef8580974700c16cb84a6a945,29148,document_or_structured_evidence,.md
incoming/mes_r1_r5_20260927_412bca18a18cded4/MES_R1_R5_HANDOFF_20260927/materials/R2/MES_GENERALIZED_TENSOR_R2/evidence/CANDIDATE_V1_STATISTICS.md,43b227537d41c58c3c2fba1a806d4099dc545bc9,20097,document_or_structured_evidence,.md
incoming/mes_r1_r5_20260927_412bca18a18cded4/MES_R1_R5_HANDOFF_20260927/materials/R2/MES_GENERALIZED_TENSOR_R2/evidence/CANDIDATE_V2_IDENTITY.json,bd5eaf91b4b7e35f889586595f3e729089bc618f,1232,document_or_structured_evidence,.json
incoming/mes_r1_r5_20260927_412bca18a18cded4/MES_R1_R5_HANDOFF_20260927/materials/R2/MES_GENERALIZED_TENSOR_R2/evidence/CANDIDATE_V3_IDENTITY.json,528911fd22764e7686699c1121bfbbf6b722f404,1232,document_or_structured_evidence,.json
incoming/mes_r1_r5_20260927_412bca18a18cded4/MES_R1_R5_HANDOFF_20260927/materials/R2/MES_GENERALIZED_TENSOR_R2/evidence/FRACTION_EXECUTION_RECEIPT.json,a1ca775d10a59abb68f0305a6086c96597ace7cd,919,document_or_structured_evidence,.json
incoming/mes_r1_r5_20260927_412bca18a18cded4/MES_R1_R5_HANDOFF_20260927/materials/R2/MES_GENERALIZED_TENSOR_R2/evidence/INDEPENDENT_TARGETED_CHECKS.json,473419b73efb17eb32a156ae4dbb1c16b088df05,2441,document_or_structured_evidence,.json
incoming/mes_r1_r5_20260927_412bca18a18cded4/MES_R1_R5_HANDOFF_20260927/materials/R2/MES_GENERALIZED_TENSOR_R2/evidence/JOINT_OPERATOR_CHECKS.json,40d27fa405966489d8b58b561720723878e99057,1773,document_or_structured_evidence,.json
incoming/mes_r1_r5_20260927_412bca18a18cded4/MES_R1_R5_HANDOFF_20260927/materials/R2/MES_GENERALIZED_TENSOR_R2/evidence/JOINT_RESPONSE_MATRICES.json,827d1e35afd3cf3adea546b5709a6f4a90da1b94,11564,document_or_structured_evidence,.json
incoming/mes_r1_r5_20260927_412bca18a18cded4/MES_R1_R5_HANDOFF_20260927/materials/R2/MES_GENERALIZED_TENSOR_R2/evidence/OWNER_TOOL_EVIDENCE.json,c3edf40e681caf846cdaa0e0c0a4d7642a40b5ba,89182,document_or_structured_evidence,.json
incoming/mes_r1_r5_20260927_412bca18a18cded4/MES_R1_R5_HANDOFF_20260927/materials/R2/MES_GENERALIZED_TENSOR_R2/evidence/PYTHON_PACKAGE_FAILURES.json,8efe906ca65c381176503efabd9e6fcdc6e5c25a,484,document_or_structured_evidence,.json
incoming/mes_r1_r5_20260927_412bca18a18cded4/MES_R1_R5_HANDOFF_20260927/materials/R2/MES_GENERALIZED_TENSOR_R2/sources_agent/EXACT_REDUCTION_CHECK.json,ccb7e5c1f29e80714365d535ffc801f34a4b6949,303,document_or_structured_evidence,.json
incoming/mes_r1_r5_20260927_412bca18a18cded4/MES_R1_R5_HANDOFF_20260927/materials/R2/MES_GENERALIZED_TENSOR_R2/sources_agent/MES_BOUND_SOURCE_REVIEW.md,64d7ec787c9f8a7798028c7e57cb37865347c328,7585,document_or_structured_evidence,.md
incoming/mes_r1_r5_20260927_412bca18a18cded4/MES_R1_R5_HANDOFF_20260927/materials/R2/MES_GENERALIZED_TENSOR_R2/sources_agent/REPOSITORY_SOURCE_INDEX.json,85c4bbbee2b5307f680477ec39bc1247c5eca266,5753,document_or_structured_evidence,.json
incoming/mes_r1_r5_20260927_412bca18a18cded4/MES_R1_R5_HANDOFF_20260927/materials/R2/MES_GENERALIZED_TENSOR_R2/sources_agent/repo/docs/audits/mes_primary_sources/PROVENANCE_M4.md,1cff5e6bef75a62e2d7272987ad98e56d0792d71,4609,document_or_structured_evidence,.md
incoming/mes_r1_r5_20260927_412bca18a18cded4/MES_R1_R5_HANDOFF_20260927/materials/R2/MES_GENERALIZED_TENSOR_R2/sources_agent/repo/docs/audits/mes_primary_sources/PROVENANCE_M4b.md,73bb6621f973f9afaf6bc8bd227ff201c4148b62,4818,document_or_structured_evidence,.md
incoming/mes_r1_r5_20260927_412bca18a18cded4/MES_R1_R5_HANDOFF_20260927/materials/R2/MES_GENERALIZED_TENSOR_R2/sources_agent/repo/docs/audits/mes_primary_sources/mesa_astro-ph_9501016_layout.txt,056244b7b8b3da899973de0f143f319cb29ddf94,75691,document_or_structured_evidence,.txt
incoming/mes_r1_r5_20260927_412bca18a18cded4/MES_R1_R5_HANDOFF_20260927/materials/R2/MES_GENERALIZED_TENSOR_R2/sources_agent/repo/docs/audits/mes_primary_sources/sag1997_astro-ph_9904346_ApJ476_435.tex,54ab12df064cfbf608e537eedf589752bbd90c7f,29690,document_or_structured_evidence,.tex
incoming/mes_r1_r5_20260927_412bca18a18cded4/MES_R1_R5_HANDOFF_20260927/materials/R2/MES_GENERALIZED_TENSOR_R2/state/ANOMALY_LEDGER.md,7f97a8cf571f79feacccc7e11315601d9f7dfa19,1414,document_or_structured_evidence,.md
incoming/mes_r1_r5_20260927_412bca18a18cded4/MES_R1_R5_HANDOFF_20260927/materials/R2/MES_GENERALIZED_TENSOR_R2/state/CLOSEOUT_AND_EVIDENCE.md,418077ae35847b4a3fa9ae8e92a391b55fc71a26,1614,document_or_structured_evidence,.md
incoming/mes_r1_r5_20260927_412bca18a18cded4/MES_R1_R5_HANDOFF_20260927/materials/R2/MES_GENERALIZED_TENSOR_R2/state/RESEARCH_CONTRACT.md,9ab3c6f1c72ded94497e7898cac11889b44141d4,1712,document_or_structured_evidence,.md
incoming/mes_r1_r5_20260927_412bca18a18cded4/MES_R1_R5_HANDOFF_20260927/materials/R2/MES_GENERALIZED_TENSOR_R2/state/RESEARCH_STATE.json,f13454d355bca43839678a3234e74cc486260cf0,1830,document_or_structured_evidence,.json
incoming/mes_r1_r5_20260927_412bca18a18cded4/MES_R1_R5_HANDOFF_20260927/materials/R2/MES_GENERALIZED_TENSOR_R2/statistics_checks.json,89e1fdf3dca03575dcaf1ab72eedd31a1f1fc4bf,1973,document_or_structured_evidence,.json
incoming/mes_r1_r5_20260927_412bca18a18cded4/MES_R1_R5_HANDOFF_20260927/materials/R3/MES_R3_OBSERVABLE_JET_AND_SOURCE_BOUNDS_20260927_KO.md,adddc00caeb48bb4cf5d020c5a4c515f7a52abf5,34774,document_or_structured_evidence,.md
incoming/mes_r1_r5_20260927_412bca18a18cded4/MES_R1_R5_HANDOFF_20260927/materials/R4/R4/00_READ_FIRST_KO.md,7979a2a7270720b0cb5c519baf9404a8f4c342c0,1243,document_or_structured_evidence,.md
incoming/mes_r1_r5_20260927_412bca18a18cded4/MES_R1_R5_HANDOFF_20260927/materials/R4/R4/INDEPENDENT_REVIEW.md,3b9e11785db078fd221748fc1615128753862350,12317,document_or_structured_evidence,.md
incoming/mes_r1_r5_20260927_412bca18a18cded4/MES_R1_R5_HANDOFF_20260927/materials/R4/R4/MES_R4_REPORT_KO.md,7f59db0fedd6cb5887d0e7bf38b3a0536f597853,25508,document_or_structured_evidence,.md
incoming/mes_r1_r5_20260927_412bca18a18cded4/MES_R1_R5_HANDOFF_20260927/materials/R4/R4/PREREGISTRATION.json,0113032a4c7890cdeaf860712add0a965210cc1e,2117,document_or_structured_evidence,.json
incoming/mes_r1_r5_20260927_412bca18a18cded4/MES_R1_R5_HANDOFF_20260927/materials/R4/R4/REPORT_CANDIDATE_V1_FROZEN.md,2620613476590e2c738567a9c197a00771788f7a,24132,document_or_structured_evidence,.md
incoming/mes_r1_r5_20260927_412bca18a18cded4/MES_R1_R5_HANDOFF_20260927/materials/R4/R4/RESEARCH_DAG_AND_NEXT_PROMPT_KO.md,a75a577b1aeb3839e46f26d540d9bf6a12a2590d,3669,document_or_structured_evidence,.md
incoming/mes_r1_r5_20260927_412bca18a18cded4/MES_R1_R5_HANDOFF_20260927/materials/R4/R4/REVISION_LOG.md,f2793c0d0cf2162556d2e8ba64e69f8760209a9e,1938,document_or_structured_evidence,.md
incoming/mes_r1_r5_20260927_412bca18a18cded4/MES_R1_R5_HANDOFF_20260927/materials/R4/R4/SOURCE_PROVENANCE.json,6744ee7791a43e1eb39f79896a899103979d4eb2,3440,document_or_structured_evidence,.json
incoming/mes_r1_r5_20260927_412bca18a18cded4/MES_R1_R5_HANDOFF_20260927/materials/R4/R4/closure_derivation.md,dd0b6d461e737ce1581eb9c9befa9debdae975af,21993,document_or_structured_evidence,.md
incoming/mes_r1_r5_20260927_412bca18a18cded4/MES_R1_R5_HANDOFF_20260927/materials/R4/R4/evidence/OBSERVATIONAL_SOURCE_CONTRACT_KO.md,904807db6d16902947e1e563486fe1f7dd92e69c,9027,document_or_structured_evidence,.md
incoming/mes_r1_r5_20260927_412bca18a18cded4/MES_R1_R5_HANDOFF_20260927/materials/R4/R4/inputs/R3_REPORT_KO.md,adddc00caeb48bb4cf5d020c5a4c515f7a52abf5,34774,document_or_structured_evidence,.md
incoming/mes_r1_r5_20260927_412bca18a18cded4/MES_R1_R5_HANDOFF_20260927/materials/R4/R4/sources/55p.md,5d0ea65fc0458fa0467daec57a8b6244933431a6,12072,document_or_structured_evidence,.md
incoming/mes_r1_r5_20260927_412bca18a18cded4/MES_R1_R5_HANDOFF_20260927/materials/R4/R4/sources/OBSERVATIONAL_SOURCE_LEDGER.md,b39368c720c5cac500f0339300433c7a4a2e464a,9340,document_or_structured_evidence,.md
incoming/mes_r1_r5_20260927_412bca18a18cded4/MES_R1_R5_HANDOFF_20260927/materials/R4/R4/sources/r7.md,90a49967507e05b840d13ea5d0feeb860521cdba,22922,document_or_structured_evidence,.md
incoming/mes_r1_r5_20260927_412bca18a18cded4/MES_R1_R5_HANDOFF_20260927/materials/R4/R4/sources/r9.md,e0670e5b0be5c91bd38c8a7ccbf645f2e461a2cb,9096,document_or_structured_evidence,.md
incoming/mes_r1_r5_20260927_412bca18a18cded4/MES_R1_R5_HANDOFF_20260927/materials/R4/R4/state/CLOSEOUT.md,1942fde2b232f60b5fb596f04b767dd2f7df38c5,784,document_or_structured_evidence,.md
incoming/mes_r1_r5_20260927_412bca18a18cded4/MES_R1_R5_HANDOFF_20260927/materials/R4/R4/state/EVIDENCE_LEDGER.md,14c8769ffdbc5261549b04fb481789d61035f4fa,1754,document_or_structured_evidence,.md
incoming/mes_r1_r5_20260927_412bca18a18cded4/MES_R1_R5_HANDOFF_20260927/materials/R4/R4/state/RESEARCH_STATE.json,2ddf6528dc721c7513ca0cc88a5fd63dcf67332e,2598,document_or_structured_evidence,.json
incoming/mes_r1_r5_20260927_412bca18a18cded4/MES_R1_R5_HANDOFF_20260927/materials/R4/R4/verification/CAS_ADAPTERS_SOURCE_raw.json,796adfbd13e764c86ece167b4f0040fea7fa75ab,431,document_or_structured_evidence,.json
incoming/mes_r1_r5_20260927_412bca18a18cded4/MES_R1_R5_HANDOFF_20260927/materials/R4/R4/verification/CAS_GEOMETRY_TILT_RAW_V1.json,6b85a81aafe8bf5b2149d85f6e64199c8bbd4cc4,11846,document_or_structured_evidence,.json
incoming/mes_r1_r5_20260927_412bca18a18cded4/MES_R1_R5_HANDOFF_20260927/materials/R4/R4/verification/CAS_GEOMETRY_TILT_RAW_V2.json,7cf290f2bf4350f6befe1543fcc63072d7a18011,3147,document_or_structured_evidence,.json
incoming/mes_r1_r5_20260927_412bca18a18cded4/MES_R1_R5_HANDOFF_20260927/materials/R4/R4/verification/CAS_GEOMETRY_TILT_RECEIPT.json,0aae583a414fc9d4e959d1d5b62d78be763e50d5,2753,document_or_structured_evidence,.json
incoming/mes_r1_r5_20260927_412bca18a18cded4/MES_R1_R5_HANDOFF_20260927/materials/R4/R4/verification/CAS_SHELL_AND_SCALE_raw.json,bf547cd413fac0c434e2b08f95d891231931c3a8,970,document_or_structured_evidence,.json
incoming/mes_r1_r5_20260927_412bca18a18cded4/MES_R1_R5_HANDOFF_20260927/materials/R5/R5/00_READ_FIRST_KO.md,ede04288ff60e5224d0b48f6094bffa0aa4c5085,2377,document_or_structured_evidence,.md
incoming/mes_r1_r5_20260927_412bca18a18cded4/MES_R1_R5_HANDOFF_20260927/materials/R5/R5/INDEPENDENT_REVIEW.md,638d9a0a1f7d0dc60c4b3733fa86ec372fd19d32,11053,document_or_structured_evidence,.md
incoming/mes_r1_r5_20260927_412bca18a18cded4/MES_R1_R5_HANDOFF_20260927/materials/R5/R5/KINEMATIC_OPERATOR_DERIVATION.md,bb8a780c8bdc8e8d69d842ca7af67889f7edd4b1,12909,document_or_structured_evidence,.md
incoming/mes_r1_r5_20260927_412bca18a18cded4/MES_R1_R5_HANDOFF_20260927/materials/R5/R5/MES_R5_REPORT_KO.md,52032caf652eb66d45963c655b06227eee2b47b1,22377,document_or_structured_evidence,.md
incoming/mes_r1_r5_20260927_412bca18a18cded4/MES_R1_R5_HANDOFF_20260927/materials/R5/R5/NEXT_PROMPT_KO.md,ccb69d39ba846b2fbf5601a59c152cbcea5c6af9,3665,document_or_structured_evidence,.md
incoming/mes_r1_r5_20260927_412bca18a18cded4/MES_R1_R5_HANDOFF_20260927/materials/R5/R5/PREREGISTRATION.json,94b44383ef092df7ce796c42d67dfc064d8422e7,2183,document_or_structured_evidence,.json
incoming/mes_r1_r5_20260927_412bca18a18cded4/MES_R1_R5_HANDOFF_20260927/materials/R5/R5/REGISTRATION_CHRONOLOGY.json,87777dcac7d54d3c06068ea960b7b243bbb9b90e,941,document_or_structured_evidence,.json
incoming/mes_r1_r5_20260927_412bca18a18cded4/MES_R1_R5_HANDOFF_20260927/materials/R5/R5/REPORT_CANDIDATE_V1_FROZEN.md,fc5bbf2408bbf3b1f3b6dc7fc083b8afad3fc947,21992,document_or_structured_evidence,.md
incoming/mes_r1_r5_20260927_412bca18a18cded4/MES_R1_R5_HANDOFF_20260927/materials/R5/R5/REVISION_LOG.md,4760de42dca6d44da29010aeeaf284d8562072d3,1817,document_or_structured_evidence,.md
incoming/mes_r1_r5_20260927_412bca18a18cded4/MES_R1_R5_HANDOFF_20260927/materials/R5/R5/SOURCE_PROVENANCE.json,a7e1b8fa441be24b584d0719674ed9163b5bcb55,2324,document_or_structured_evidence,.json
incoming/mes_r1_r5_20260927_412bca18a18cded4/MES_R1_R5_HANDOFF_20260927/materials/R5/R5/inputs/R3_REPORT_KO.md,adddc00caeb48bb4cf5d020c5a4c515f7a52abf5,34774,document_or_structured_evidence,.md
incoming/mes_r1_r5_20260927_412bca18a18cded4/MES_R1_R5_HANDOFF_20260927/materials/R5/R5/inputs/R4_CLOSURE_DERIVATION.md,dd0b6d461e737ce1581eb9c9befa9debdae975af,21993,document_or_structured_evidence,.md
incoming/mes_r1_r5_20260927_412bca18a18cded4/MES_R1_R5_HANDOFF_20260927/materials/R5/R5/inputs/R4_INDEPENDENT_REVIEW.md,3b9e11785db078fd221748fc1615128753862350,12317,document_or_structured_evidence,.md
incoming/mes_r1_r5_20260927_412bca18a18cded4/MES_R1_R5_HANDOFF_20260927/materials/R5/R5/inputs/R4_REPORT_KO.md,7f59db0fedd6cb5887d0e7bf38b3a0536f597853,25508,document_or_structured_evidence,.md
incoming/mes_r1_r5_20260927_412bca18a18cded4/MES_R1_R5_HANDOFF_20260927/materials/R5/R5/sources/LITERATURE_AND_REGIME_AUDIT.md,8d20c8c07daac635fad9d27228d4bbc85c124c5e,12363,document_or_structured_evidence,.md
incoming/mes_r1_r5_20260927_412bca18a18cded4/MES_R1_R5_HANDOFF_20260927/materials/R5/R5/state/CLOSEOUT.md,ed2a9d8f8f91b6fd50c3655ff0f533df7e5d2fc3,1804,document_or_structured_evidence,.md
incoming/mes_r1_r5_20260927_412bca18a18cded4/MES_R1_R5_HANDOFF_20260927/materials/R5/R5/state/DECISION_LOG.md,f53d1e00162303b151d6a90c3832d5fcdcec5dcb,755,document_or_structured_evidence,.md
incoming/mes_r1_r5_20260927_412bca18a18cded4/MES_R1_R5_HANDOFF_20260927/materials/R5/R5/state/EVIDENCE_LEDGER.md,a334ee339d10381342cade65bc8836be4f81aa5c,1578,document_or_structured_evidence,.md
incoming/mes_r1_r5_20260927_412bca18a18cded4/MES_R1_R5_HANDOFF_20260927/materials/R5/R5/state/HYPOTHESIS_GRAPH.md,1f770545cfd15c8ef18e18444f0910a7abc0eb0a,1134,document_or_structured_evidence,.md
incoming/mes_r1_r5_20260927_412bca18a18cded4/MES_R1_R5_HANDOFF_20260927/materials/R5/R5/state/NEGATIVE_RESULTS.md,aa231dd81108f07866694d9c1be15bec955f5bc9,950,document_or_structured_evidence,.md
incoming/mes_r1_r5_20260927_412bca18a18cded4/MES_R1_R5_HANDOFF_20260927/materials/R5/R5/state/RESEARCH_STATE.json,e347b480d6c6b3dbbcde177f9a468e9395acc698,3107,document_or_structured_evidence,.json
incoming/mes_r1_r5_20260927_412bca18a18cded4/MES_R1_R5_HANDOFF_20260927/materials/R5/R5/verification/CAS_KINEMATIC_AFFINE_RAW_V1.json,68e2cf6f39cfef7ebe188929b6fe7f494efe8a9c,2282,document_or_structured_evidence,.json
incoming/mes_r1_r5_20260927_412bca18a18cded4/MES_R1_R5_HANDOFF_20260927/materials/R5/R5/verification/CAS_RADIATION_AND_JOINT_DISK_RAW.json,89dc73387a09ebe34f8d4af0d0ca00c49fb2a94f,2271,document_or_structured_evidence,.json
incoming/mes_r1_r5_20260927_412bca18a18cded4/MES_R1_R5_HANDOFF_20260927/originals/MES_R3_OBSERVABLE_JET_AND_SOURCE_BOUNDS_20260927_KO.md,adddc00caeb48bb4cf5d020c5a4c515f7a52abf5,34774,document_or_structured_evidence,.md
incoming/mes_r1_r5_20260927_412bca18a18cded4/MES_R1_R5_HANDOFF_20260927/reports/R1_2026-09-20_MES_FRESH_RESEARCH_R1_KO.md,8f9ba49266c4ad2349541d0e28245aaa51c01caa,23391,document_or_structured_evidence,.md
incoming/mes_r1_r5_20260927_412bca18a18cded4/MES_R1_R5_HANDOFF_20260927/reports/R2_2026-09-20_MES_GENERALIZED_TENSOR_R2_KO.md,926abf67457d3eb5c7d64c9045ccb7b1f3649997,29396,document_or_structured_evidence,.md
incoming/mes_r1_r5_20260927_412bca18a18cded4/MES_R1_R5_HANDOFF_20260927/reports/R3_2026-09-27_MES_R3_OBSERVABLE_JET_AND_SOURCE_BOUNDS_20260927_KO.md,adddc00caeb48bb4cf5d020c5a4c515f7a52abf5,34774,document_or_structured_evidence,.md
incoming/mes_r1_r5_20260927_412bca18a18cded4/MES_R1_R5_HANDOFF_20260927/reports/R4_2026-09-27_MES_R4_REPORT_KO.md,7f59db0fedd6cb5887d0e7bf38b3a0536f597853,25508,document_or_structured_evidence,.md
incoming/mes_r1_r5_20260927_412bca18a18cded4/MES_R1_R5_HANDOFF_20260927/reports/R5_2026-09-27_MES_R5_REPORT_KO.md,52032caf652eb66d45963c655b06227eee2b47b1,22377,document_or_structured_evidence,.md
machine_readable/authorized_principals.yaml,a4979eb515e240c0587f609ba4a038cfa6e917cb,2937,document_or_structured_evidence,.yaml
machine_readable/pr_backlog.json,0ea45dc9eadeb09c9d96106bea58f358a65016e5,504195,document_or_structured_evidence,.json
machine_readable/pr_backlog.yaml,1d013d6f24d9c0ff4739a0c7e35a9c28ea0ce0a3,408037,document_or_structured_evidence,.yaml
machine_readable/pr_status.yaml,ec61515e6ca9be691c9187159e7caacfac5158f6,122916,document_or_structured_evidence,.yaml
machine_readable/research_remediation_state.yaml,853673c83a5815f6e172034c78e06807920ca127,86449,document_or_structured_evidence,.yaml
prompts/00_start_full_dag_automation_prompt.md,3c29e66ac8417ea36c0847d27e590b97653869ac,2635,document_or_structured_evidence,.md
prompts/01_single_pr_execution_template.md,e2649e6d85bc7df3bc275b32c3f4ba02aae17ed8,622,document_or_structured_evidence,.md
prompts/02_install_and_use_augmented_skillset_prompt.md,ddecffdc6bf3e2314ee6dfe489ae6ff5b3644ce7,1454,document_or_structured_evidence,.md
recombination_execution_stack/anisotropic_rt_coding_bundle/recombination_stack/00_SSOT.md,2d9df52aa2679220863039ae28b51540ef514ca3,4136,document_or_structured_evidence,.md
recombination_execution_stack/anisotropic_rt_coding_bundle/recombination_stack/01_SCOPE_AND_PHASE_MAP.md,321d8ffce2a352177d0920704674c757355adb5c,2272,document_or_structured_evidence,.md
recombination_execution_stack/anisotropic_rt_coding_bundle/recombination_stack/02_ARCHITECTURE_SPEC.md,794427afa4effa6bdf2c99807dc7ffeedf2a975d,3540,document_or_structured_evidence,.md
recombination_execution_stack/anisotropic_rt_coding_bundle/recombination_stack/03_DATA_MODEL_AND_APIS.md,e19646c42478df7e5b31a26350f27a87274ea19e,3878,document_or_structured_evidence,.md
recombination_execution_stack/anisotropic_rt_coding_bundle/recombination_stack/04_NUMERICS_AND_SOLVER_LOOP.md,3340bab46885b9daaf158c36a8b07259400fe2c4,3821,document_or_structured_evidence,.md
recombination_execution_stack/anisotropic_rt_coding_bundle/recombination_stack/05_VALIDATION_SCOREBOARD.md,734a9e6fd7dffdae5cab47880cce7eb5667ef6a8,2399,document_or_structured_evidence,.md
recombination_execution_stack/anisotropic_rt_coding_bundle/recombination_stack/06_PHASED_PR_LIST.md,5dcd39b84c73caea6240820dcca3c7fdcd1f17bd,2713,document_or_structured_evidence,.md
recombination_execution_stack/anisotropic_rt_coding_bundle/recombination_stack/07_NEXT_SESSION_PROMPT.md,63926e34d1e6b9660bf38ac3f052dbd62c9e1775,1296,document_or_structured_evidence,.md
recombination_execution_stack/anisotropic_rt_coding_bundle/recombination_stack/README.md,c185c816164cec2bac43ed62d051597180fd85b5,2413,document_or_structured_evidence,.md
reionization_execution_stack/anisotropic_rt_coding_bundle/reionization_stack/00_SSOT.md,b5b09f9fd5853e6cedc21ee685b3f21c4a3672e5,3455,document_or_structured_evidence,.md
reionization_execution_stack/anisotropic_rt_coding_bundle/reionization_stack/01_SCOPE_AND_PHASE_MAP.md,8e249356ac934cdd954bc53472ea72f23258b334,2112,document_or_structured_evidence,.md
reionization_execution_stack/anisotropic_rt_coding_bundle/reionization_stack/02_ARCHITECTURE_SPEC.md,a44c90b5924ff53f5729fde838849c374e3f5e63,3771,document_or_structured_evidence,.md
reionization_execution_stack/anisotropic_rt_coding_bundle/reionization_stack/03_DATA_MODEL_AND_APIS.md,a13fdd8409b47887e5a067e4f156465471d93c34,3999,document_or_structured_evidence,.md
reionization_execution_stack/anisotropic_rt_coding_bundle/reionization_stack/04_NUMERICS_AND_SOLVER_LOOP.md,5e960ca9421674be06c9000278405bde48b9208a,3362,document_or_structured_evidence,.md
reionization_execution_stack/anisotropic_rt_coding_bundle/reionization_stack/05_VALIDATION_SCOREBOARD.md,4bccbe1ac50de6e23957cbfa8cdee0a3dd77e886,2497,document_or_structured_evidence,.md
reionization_execution_stack/anisotropic_rt_coding_bundle/reionization_stack/06_PHASED_PR_LIST.md,f65a8ecdb82df1d48dba70883e71a4b28e45401b,2529,document_or_structured_evidence,.md
reionization_execution_stack/anisotropic_rt_coding_bundle/reionization_stack/07_NEXT_SESSION_PROMPT.md,aa952aac484562106d5667b5b21a3c1456a76b00,1322,document_or_structured_evidence,.md
reionization_execution_stack/anisotropic_rt_coding_bundle/reionization_stack/README.md,e2a66c5ff47415c11e0c8751ce4614502b70fd71,2503,document_or_structured_evidence,.md
research_gates/pr04/install_manifest.json,8066153a86b925ce600b9c172c8b1fb79b6c2bfb,6097,document_or_structured_evidence,.json
research_gates/pr04/local_tickets.json,ed00f70e947c9d8ba258af175c711f62ad9133e8,8864,document_or_structured_evidence,.json
skills-lock.json,c3044cd888d323bbee00effaa67e2a16b126e14c,1717,document_or_structured_evidence,.json
tests/fixtures/baseline_2026_04_16.json,40fb754b212a275c56892157db4e7b379574e0bc,6277,document_or_structured_evidence,.json
tests/fixtures/fb6/README.md,6f829b3155db835a3a27a261c9301527f0a32ace,772,document_or_structured_evidence,.md
tests_log/TEST_SUMMARY.txt,52f43da1fade2382b6db6b63a86f282aef8ef161,1923,document_or_structured_evidence,.txt
tests_log/dl_spectrum_mb95_oracle.csv,99abd61fa0520a4a2be88e84da0b3020525e04b6,4672,document_or_structured_evidence,.csv
v5_residual_harmonic_algebraic_audit.md,17ae7b6132cf3109c2c1b511827c03d5d14301d1,25489,document_or_structured_evidence,.md
v5_residual_harmonic_algebraic_audit_round2.md,39ba37a29d16e310fd105b91847adc709cf13a48,28785,document_or_structured_evidence,.md
v5_residual_harmonic_algebraic_audit_round3.md,64bc51d83d323c25dec562b8ee04a039789522aa,31464,document_or_structured_evidence,.md
v5_residual_harmonic_algebraic_audit_round4.md,b01437ca8244838fd231ae0ada81e7a2b105b86f,22522,document_or_structured_evidence,.md
v5_residual_harmonic_algebraic_audit_round5.md,49dfd47d396548752dc70325fba8abe1204fe6ff,22692,document_or_structured_evidence,.md
